ans,J2,J3,Energy,Sigma,gap,L,A1,A2,A3,B1,B2,phiA1
cb1,0.0,0.0,-0.4717289514886391,1.0928518941067972e-09,0.008619996355288697,0.7184696352227105,0.5166435391896422,0.0,0.0,0.17622931157144295,0.0,1.9524337703545838
A1,A2,A3,B1,B2,phiA1
3.795630476588485,0.0,0.0,-5.757228027647443,0.0,0.09137357537269962
ans,J2,J3,Energy,Sigma,gap,L,A1,A3,B1,B2,B3
3x3,0.0,0.0,-0.47142893282808385,5.867487179189689e-12,0.007655562587316667,0.7177086147401138,0.5170872090150948,0.0,0.17794542160404803,0.0,0.0
A1,A3,B1,B2,B3
3.743505505582334,-0.0,-5.670186542516831,0.0,0.0
ans,J2,J3,Energy,Sigma,gap,L,A1,A2,B1,B2,B3
q0,0.0,0.0,-0.46790146350919176,1.6014713848596152e-09,0.0026282833220137008,0.7137379418047148,0.5162065372300476,0.0,0.18036187091774092,0.0,0.0
A1,A2,B1,B2,B3
1.6481260800560449,-0.0,-7.300438031876411,0.0,0.0
