ans,J2,J3,Energy,Sigma,gap,L,A1,A2,A3,B1,B2,phiA1
cb1,-0.07500000000000001,-0.15,-0.4654675029874967,1.7476975906043966e-08,0.01604790065396978,0.6975653235091047,0.5119670228622201,0.029929989761409457,0.21483428716426226,0.16505173523903466,0.13595870387041092,2.0320286084879515
A1,A2,A3,B1,B2,phiA1
3.6617375798186913,-0.34705571749782393,-0.4409805853811122,-6.24389429049188,0.2765565554341265,0.0400635080666234
ans,J2,J3,Energy,Sigma,gap,L,A1,A3,B1,B2,B3
3x3,-0.07500000000000001,-0.15,-0.47929537050825677,2.6806085756391732e-08,0.005370999775390104,0.7399606117411663,0.519159281996312,0.2520332325184192,0.1853079098329578,0.3236884231580781,0.1363791369735968
A1,A3,B1,B2,B3
3.860578523529057,-0.37325698087897763,-5.159317417735565,0.25623947408348613,0.2793321129956894
ans,J2,J3,Energy,Sigma,gap,L,A1,A2,B1,B2,B3
q0,-0.07500000000000001,-0.15,-0.4760295992959147,1.3612696646434995e-08,0.002172223233921918,0.7368771886159672,0.5173699758206212,0.23095818768608165,0.184558847778053,0.19799799731708678,0.26983151222378304
A1,A2,B1,B2,B3
3.1282754164863036,-0.21327384303049257,-4.033440248463194,0.24280577548552174,0.09869882688917642
