ans,J2,J3,Energy,Sigma,gap,L,A1,A2,A3,B1,B2,phiA1
cb1,0.22500000000000003,-0.07500000000000001,-0.4609356544221162,3.139239292821932e-08,0.008468749686471906,0.6867997232638726,0.5097533547123404,0.03684692821313577,0.20195032294419016,0.16071002105029827,0.10187607059998385,1.8470550153341763
A1,A2,A3,B1,B2,phiA1
3.5407232701345492,0.5503375533066901,-0.19012569296705806,-6.575795463703571,-1.2828627049543684,0.043239856140075965
ans,J2,J3,Energy,Sigma,gap,L,A1,A3,B1,B2,B3
3x3,0.22500000000000003,-0.07500000000000001,-0.44217835664453026,8.111168403858223e-11,0.09333418844235916,0.6402394550208451,0.4985713445022297,0.1044737607415516,0.13789540842029155,0.19057456031040806,0.05491905968771951
A1,A3,B1,B2,B3
3.304911899704166,-0.19417800700693988,-6.789457884792682,-1.7775780847273381,0.14194201369832626
ans,J2,J3,Energy,Sigma,gap,L,A1,A2,B1,B2,B3
q0,0.22500000000000003,-0.07500000000000001,-0.4935787984774863,1.5833921962195248e-08,0.0019200989869809712,0.7998626281462454,0.5234651298162148,0.34654441748889064,0.2216048090898013,0.21391759565460114,0.3716880636835573
A1,A2,B1,B2,B3
3.3573144264664734,3.3554270473246106,-5.298428362721097,-0.9460210392830959,0.9952039192739903
