ans,J2,J3,Energy,Sigma,gap,L,A1,A2,A3,B1,B2,phiA1
cb1,0.14999999999999997,0.07500000000000001,-0.47206066613125774,1.1700533209402966e-08,0.0039659021401092995,0.7212508549819737,0.5167879807668945,0.0535642381131126,0.29177074648688783,0.17747629330392248,0.14535702410388768,1.9249356737285774
A1,A2,A3,B1,B2,phiA1
4.045708212885302,0.4664602037962595,0.13072876114961218,-5.885403275840417,-0.4909961326404755,0.10144551865209904
ans,J2,J3,Energy,Sigma,gap,L,A1,A3,B1,B2,B3
3x3,0.14999999999999997,0.07500000000000001,-0.4515179183812468,3.981361372037072e-09,0.05048587322163906,0.6628189303286446,0.5069095957989046,0.1831239023483222,0.15315216225660708,0.2424431335207019,0.06971579719906291
A1,A3,B1,B2,B3
3.556988037445308,0.11884937478612301,-6.286637876939949,-0.9063305661527465,-0.15981660439479128
ans,J2,J3,Energy,Sigma,gap,L,A1,A2,B1,B2,B3
q0,0.14999999999999997,0.07500000000000001,-0.46883324845525953,2.8760753278482515e-08,0.0025064385029360823,0.7236441171700763,0.521094059018473,0.26615437079998006,0.19712263363533983,0.19615288975296688,0.28698490621450146
A1,A2,B1,B2,B3
3.860800568133982,0.7455147610357926,-3.819944360827776,-0.5762057497804562,-0.16264767310758543
