ans,J2,J3,Energy,Sigma,gap,L,A1,A2,A3,B1,B2,phiA1
cb1,-0.3,0.0,-0.487201309327593,1.4104742745112202e-08,0.0031781785778394627,0.76127119507671,0.5196761375081772,0.028093557174771525,0.0,0.18873870638221987,0.17681401260090812,2.00509702081803
A1,A2,A3,B1,B2,phiA1
3.5941249976190193,-1.6908696665041134,0.0,-4.828804023304656,0.9362510766663945,0.1117839154574085
ans,J2,J3,Energy,Sigma,gap,L,A1,A3,B1,B2,B3
3x3,-0.3,0.0,-0.5555147877128558,1.988782676035574e-09,0.00314901214764319,0.9374798281391818,0.5224577708702276,0.0,0.21820627851685057,0.4179287060768667,0.0
A1,A3,B1,B2,B3
2.274513910549558,-0.0,-4.369948847227079,0.35926817076870066,0.0
ans,J2,J3,Energy,Sigma,gap,L,A1,A2,B1,B2,B3
q0,-0.3,0.0,-0.4711753754165353,5.304095084673455e-09,0.0032968261970543595,0.7095318974004532,0.5026640190433217,0.13035952172811674,0.14774574347449898,0.1812268221482051,0.0
A1,A2,B1,B2,B3
3.19300141882195,-3.425038030968608,-7.678024882551426,0.8651412919391532,0.0
