ans,J2,J3,Energy,Sigma,gap,L,A1,A2,A3,B1,B2,phiA1
cb1,0.07500000000000001,-0.3,-0.45657801917311064,1.4507296896618442e-08,0.04088645448757489,0.6728153264413547,0.5053521699950707,0.02373859948166469,0.15131542073883109,0.1518602832714315,0.09236332894886785,1.8935941975808293
A1,A2,A3,B1,B2,phiA1
3.4733327325398022,0.25807134207411764,-1.280420214300193,-6.574019106864171,-0.3414490912234669,0.017649215422466114
ans,J2,J3,Energy,Sigma,gap,L,A1,A3,B1,B2,B3
3x3,0.07500000000000001,-0.3,-0.4530048799142372,6.867899085085566e-09,0.01814576829904378,0.6674144656995065,0.504869659452345,0.13264317954684643,0.15178574662634936,0.22662638772046828,0.08666671394285383
A1,A3,B1,B2,B3
3.293976202911608,-1.3303247392570938,-7.263467605156393,-0.41772141301521515,0.4297673328323981
ans,J2,J3,Energy,Sigma,gap,L,A1,A2,B1,B2,B3
q0,0.07500000000000001,-0.3,-0.5039872825994111,1.904834762884592e-08,0.0016345850933151707,0.8273512923967561,0.5234635773895572,0.33726964549447597,0.21953240759037676,0.2182318966769264,0.3759052087025944
A1,A2,B1,B2,B3
3.4425795547576854,8.26338997228504,-3.3671954113856373,-0.05950795411990839,2.7480240305521875
