ans,J2,J3,Energy,Sigma,gap,L,A1,A2,A3,B1,B2,phiA1
cb1,-0.3,0.3,-0.5335907921836341,3.0644382327736684e-08,0.0021850909021895702,0.8831967922393752,0.5158032219158885,0.0286720518326786,0.447913641142399,0.20497118728485178,0.20724092714469342,1.933422552105551
A1,A2,A3,B1,B2,phiA1
6.3758998081198115,-2.5424107263916085,1.2780887459484802,-2.5740520825934254,1.9139134721513074,0.21931567673050265
ans,J2,J3,Energy,Sigma,gap,L,A1,A3,B1,B2,B3
3x3,-0.3,0.3,-0.5933003638819111,1.0620475704953594e-08,0.0034607319843245037,1.0178732194483906,0.5156257073780672,0.4251585662867474,0.21733185211503014,0.43196957347773673,0.18354665492380345
A1,A3,B1,B2,B3
4.3191006326992465,0.9761080832504376,-3.8576919436650314,1.4054313268729857,-0.46718184876226587
ans,J2,J3,Energy,Sigma,gap,L,A1,A2,B1,B2,B3
q0,-0.3,0.3,-0.46504987136689596,4.812225920265033e-09,0.005215502050326278,0.6905494894111778,0.4972810840171891,0.09517468394101293,0.1359653270337026,0.16964658801623647,0.12085933003914788
A1,A2,B1,B2,B3
2.9961033654046787,-3.869238263121133,-8.420542041420731,1.1392553567191044,-1.3261614029147495
