ans,J2,J3,Energy,Sigma,gap,L,A1,A2,A3,B1,B2,phiA1
cb1,0.07500000000000001,0.07500000000000001,-0.4749965922409687,1.7236118658374266e-08,0.0038515982612480995,0.7295385920632039,0.517820822016676,0.050681019891697876,0.3048619676012828,0.18038985668670038,0.1529898401160871,1.9363427419028836
A1,A2,A3,B1,B2,phiA1
3.5440539392084247,0.23103741142449508,0.006217248937900877,-5.642264433447508,-0.14099832412739488,0.10782708059764444
ans,J2,J3,Energy,Sigma,gap,L,A1,A3,B1,B2,B3
3x3,0.07500000000000001,0.07500000000000001,-0.46184988766395724,6.5842855858220545e-09,0.015288902736419481,0.6908762515521963,0.5129024095590596,0.2328246929515615,0.16683662488256173,0.28283952820731045,0.09295957780167106
A1,A3,B1,B2,B3
3.681055460447169,0.12617684674864904,-6.059652779555336,-0.3648747970430577,-0.16131540547803525
ans,J2,J3,Energy,Sigma,gap,L,A1,A2,B1,B2,B3
q0,0.07500000000000001,0.07500000000000001,-0.4652735944166856,9.189219678443383e-09,0.0027804323189743025,0.7085360745976315,0.5174563412826029,0.22747661503014674,0.18423906058514822,0.1894674893144062,0.2510630822703207
A1,A2,B1,B2,B3
3.9886427494195686,0.9426348590579892,-4.767353178891653,-0.5386247003968947,-0.4048983370807946
