ans,J2,J3,Converge,Energy,Sigma,gap,L,A1,A3,B1,B2,B3,phiB1,phiB2,phiA3
3x3_1,0.22500000000000003,0.07500000000000001,False,-0.4439093829893272,1.75566821750656e-08,0.09350721839527748,0.6439742014559503,0.5014502492662516,0.13897457771161933,0.14238175277802234,0.20905519308451626,-0.05601845280801266,3.141735505433111,-3.8717008284107616e-07,3.147882395896713
ans,J2,J3,Converge,Energy,Sigma,gap,L,A1,A2,B1,B2,B3,phiB1,phiA2,phiB2
q0_1,0.22500000000000003,0.07500000000000001,True,-0.47516339843489575,1.2410754910905903e-09,0.0021379791989050313,0.7476669261460062,0.5230099865357912,0.3093186881052591,0.21007593312167325,0.2034135144619412,-0.32851484616848425,3.1415486154707546,3.1538743611337146,3.1431823253121642
ans,J2,J3,Converge,Energy,Sigma,gap,L,A1,A2,A3,B1,B2,phiA1,phiB1,phiA2,phiB2
cb1,0.22500000000000003,0.07500000000000001,True,-0.4516715990516304,3.2283958576695546e-09,0.005236447471073469,0.6706799945596188,0.5107273735354633,0.12312402541011838,-0.2107026107777609,0.16577540260005205,0.2366384770693085,1.8756070913436433,3.138480362081188,4.149157260682514,5.194436559383851
