ans,J2,J3,Converge,Energy,Sigma,gap,L,A1,A3,B1,B2,B3,phiB1,phiB2,phiA3
3x3_1,0.3,0.0,True,-0.43768712429206097,3.8836322781456277e-10,0.08472047649990808,0.630397666929423,0.49542477759610687,0.0,0.1320567295068846,0.17475177190697425,0.0,3.1415193509421178,-0.00019343910030414786,-0.0
ans,J2,J3,Converge,Energy,Sigma,gap,L,A1,A2,B1,B2,B3,phiB1,phiA2,phiB2
q0_1,0.3,0.0,True,-0.4954454519888166,2.401912563262651e-09,0.0019007686747674218,0.8069330969855802,0.5215955801512581,0.365024576492221,0.22487019335715816,0.21396526211476072,0.0,3.1418405069367625,3.1533451346687107,3.142869248905748
