ans,J2,J3,Converge,Energy,Sigma,gap,L,A1,A3,B1,B2,B3,phiB1,phiB2,phiA3
3x3_1,0.07500000000000001,-0.07500000000000001,False,-0.45669728476841276,9.3787922862896e-09,0.01386376100544273,0.6765292132728631,0.5094773000919527,0.18115330952550987,0.15951987703053655,0.25382750094092577,-0.08902228889510544,3.1414922567102535,0.00011448281517522885,3.147277159796554
ans,J2,J3,Converge,Energy,Sigma,gap,L,A1,A2,B1,B2,B3,phiB1,phiA2,phiB2
q0_1,0.07500000000000001,-0.07500000000000001,True,-0.4770144090748635,2.1823256348481825e-09,0.0021290978748944958,0.7479133597932124,0.5221067138943324,0.27727924091309664,0.20089182303268524,0.2031864186368633,-0.3098226763331014,3.141566066627509,3.1566448640088542,3.144692482601522
ans,J2,J3,Converge,Energy,Sigma,gap,L,A1,A2,A3,B1,B2,phiA1,phiB1,phiA2,phiB2
cb1,0.07500000000000001,-0.07500000000000001,True,-0.45863458758446035,3.3137222697088965e-09,0.011650949019102656,0.6824263962693242,0.5111027649239402,0.09688390588816967,-0.20705805871912072,0.16319330269396662,0.24160107529052535,1.9475779567320957,3.140833876529546,4.166487171096044,5.229779327944343
