ans,J2,J3,Converge,Energy,Sigma,gap,L,A1,A3,B1,B2,B3,phiB1,phiB2,phiA3
3x3_1,-0.15,-0.07500000000000001,True,-0.5016821879746719,2.1378577820968445e-09,0.0030355300741246277,0.8012599829983569,0.5229249062894255,0.310874232900016,0.20068440301775148,0.36820353601750394,-0.15833308044588,3.1415065460554565,-0.00015157741690594777,3.1415670375437132
ans,J2,J3,Converge,Energy,Sigma,gap,L,A1,A2,B1,B2,B3,phiB1,phiA2,phiB2
q0_1,-0.15,-0.07500000000000001,True,-0.4736730066718937,3.5520189440728088e-09,0.002393665426620192,0.725461222709738,0.512769191353821,0.166833356357345,0.1719068243116587,0.19233734129228433,-0.234968554149666,3.1417088905180472,3.2156622372019967,3.1415016258379427
ans,J2,J3,Converge,Energy,Sigma,gap,L,A1,A2,A3,B1,B2,phiA1,phiB1,phiA2,phiB2
cb1,-0.15,-0.07500000000000001,True,-0.4879746848744214,4.198934396493593e-09,0.004906153107948507,0.7570383417326371,0.5171714031315949,0.09997417875885456,-0.2989190905103906,0.17984287531407941,0.3023577825095696,1.9675451515917686,3.1417555622351636,4.1473608472644585,5.274319595328612
