ans,J2,J3,Converge,Energy,Sigma,gap,L,A1,A3,B1,B2,B3,phiB1,phiB2,phiA3
3x3_1,-0.15,0.3,True,-0.5404024013564225,1.2299488625735638e-09,0.0031789206996917754,0.8923690546471973,0.5168565032234682,0.4026885096051336,0.20514739477463442,0.4052709639747988,-0.15942104325099987,3.141647902862473,-4.639941634507422e-06,3.1419089906686737
ans,J2,J3,Converge,Energy,Sigma,gap,L,A1,A2,B1,B2,B3,phiB1,phiA2,phiB2
q0_1,-0.15,0.3,False,-0.4608314091297517,1.1791105964737002e-09,0.004680833804389871,0.683499273722626,0.5020143842855882,0.10322269357155435,0.1461893256325346,0.17044866764907954,-0.14110330230341436,3.1415663057805987,3.215225997420829,3.1408712614032215
ans,J2,J3,Converge,Energy,Sigma,gap,L,A1,A2,A3,B1,B2,phiA1,phiB1,phiA2,phiB2
cb1,-0.15,0.3,True,-0.5425685046152545,3.6874762713028218e-09,0.002321971683415361,0.8988570567208574,0.5136953112432041,0.14435868794421147,-0.44814451418916,0.19967063440462207,0.36758441373875095,1.938265824207686,3.139927737150941,4.09963647684037,5.302782332677352
