ans,J2,J3,Converge,Energy,Sigma,gap,L,A1,A3,B1,B2,B3,phiB1,phiB2,phiA3
3x3_1,0.3,0.07500000000000001,False,-0.4381895608539106,1.371651980805605e-08,0.08387712646412693,0.6312093441254579,0.4966302705944422,0.10113090553775843,0.13381277439756464,0.18210964059086995,-0.04630111165327014,3.141421973810211,0.0003212934171687555,3.1359312038937244
ans,J2,J3,Converge,Energy,Sigma,gap,L,A1,A2,B1,B2,B3,phiB1,phiA2,phiB2
q0_1,0.3,0.07500000000000001,True,-0.4850198431448096,2.491793474253463e-09,0.0019931460956051686,0.7778344597082225,0.5223384819646891,0.34766691880301787,0.2202536896464411,0.2093704670812827,-0.36281946689306666,3.14185517670499,3.1535792654838035,3.143132079653755
