ans,J2,J3,Converge,Energy,Sigma,gap,L,A1,A3,B1,B2,B3,phiB1,phiB2,phiA3
3x3_1,0.07500000000000001,-0.22499999999999998,False,-0.4538752858112968,4.960629600544685e-07,0.014373140434311765,0.6695173448098657,0.5062571131930461,0.14575797100866406,0.15397066746548368,0.2335979176893178,-0.08839655745600382,3.1415749302822706,0.0016419909497363053,3.143211947152022
ans,J2,J3,Converge,Energy,Sigma,gap,L,A1,A2,B1,B2,B3,phiB1,phiA2,phiB2
q0_1,0.07500000000000001,-0.22499999999999998,True,-0.4938898994534283,3.278954134067795e-10,0.0017945869635569134,0.7993075791637727,0.5236758661206008,0.3211070651520363,0.21449324591084085,0.21420960519937052,-0.3580965791905524,3.1415584303912487,3.15370147008382,3.1417313442274644
ans,J2,J3,Converge,Energy,Sigma,gap,L,A1,A2,A3,B1,B2,phiA1,phiB1,phiA2,phiB2
cb1,0.07500000000000001,-0.22499999999999998,True,-0.453798118390417,3.2784541334368883e-09,0.04437431267168862,0.6676358856436564,0.5058293122295495,0.07971495160566433,-0.15530740284772948,0.15271905506140643,0.2129541348066675,1.9711708877700165,3.1410800246158543,4.173612263573749,5.221168155889736
