ans,J2,J3,Converge,Energy,Sigma,gap,L,A1,A3,B1,B2,B3,phiB1,phiB2,phiA3
3x3_1,0.22500000000000003,-0.22499999999999998,False,-0.4413303387620607,1.5399103022219243e-06,0.08783630423157479,0.6390021434104283,0.49661704669630713,0.08400615396562694,0.13503145751541507,0.17996119910515898,-0.05919775543917193,3.1415081796720297,-0.00017977228109702006,3.138019954166894
