ans,J2,J3,Converge,Energy,Sigma,gap,L,A1,A3,B1,B2,B3,phiB1,phiB2,phiA3
3x3_1,0.14999999999999997,0.3,True,-0.29379082280953134,2.1703058056323287e-09,0.06685092478506807,0.56659316042151,0.4008453923451974,0.18243180936219627,0.11333228483707374,0.19375698795149013,-0.04423944769552336,3.141241363236864,-0.0005982606588555695,3.1412269771087136
ans,J2,J3,Converge,Energy,Sigma,gap,L,A1,A2,B1,B2,B3,phiB1,phiA2,phiB2
q0_1,0.14999999999999997,0.3,True,-0.28992027204059484,6.28021381096516e-09,0.010426144235203098,0.5546307939562777,0.40144522994187226,0.10919871653543357,0.11834921138434303,0.11913283473672973,-0.11096081882513985,3.14215897022183,3.1653115865784494,3.1480262499686655
ans,J2,J3,Converge,Energy,Sigma,gap,L,A1,A2,A3,B1,B2,phiA1,phiB1,phiA2,phiB2
cb1,0.14999999999999997,0.3,True,-0.2997880621253018,2.884826783532013e-09,0.004651153711149905,0.6009522833478113,0.4047933021301946,0.09221366242025508,-0.24181149830110815,0.13066154821287654,0.21502845358329725,1.9367811078884654,3.139576541514392,4.185957478745823,5.260275417750463
