ans,J2,J3,Converge,Energy,Sigma,gap,L,A1,A3,B1,B2,B3,phiB1,phiB2,phiA3
3x3_1,0.07500000000000001,0.22500000000000003,True,-0.2973152431330764,3.3042054459499354e-09,0.035036782675209245,0.5798973066469157,0.4026550923231519,0.18654651680176673,0.11821095809162799,0.20296920198816373,-0.053787539786975605,3.141214621282581,-0.00022967899145613573,3.14234341793098
ans,J2,J3,Converge,Energy,Sigma,gap,L,A1,A2,B1,B2,B3,phiB1,phiA2,phiB2
q0_1,0.07500000000000001,0.22500000000000003,True,-0.291296350176506,4.1433469722823804e-09,0.011098677314792128,0.5583086077295916,0.40098208891175097,0.10238219324185244,0.11620649769292228,0.12016821335685565,-0.10908626382377845,3.1407565060777802,3.1821641544523764,3.134462047084622
ans,J2,J3,Converge,Energy,Sigma,gap,L,A1,A2,A3,B1,B2,phiA1,phiB1,phiA2,phiB2
cb1,0.07500000000000001,0.22500000000000003,True,-0.3012911392325312,2.5380404777042327e-09,0.006122347294092821,0.603219005669004,0.40515722608379223,0.08333766782018166,-0.22966251027763965,0.12886256207746702,0.211689450085203,1.9485641006296868,3.140962940080466,4.168514209908675,5.260493461715618
