ans,J2,J3,Converge,Energy,Sigma,gap,L,A1,A3,B1,B2,B3,phiB1,phiB2,phiA3
3x3_1,0.07500000000000001,-0.22499999999999998,True,-0.29040477256459135,2.164972696184597e-09,0.0660004161156324,0.5512037973357177,0.3990489412877016,0.09140755619411953,0.10758162031411873,0.15337732712523408,-0.04625029625156372,3.1418268246379064,-0.0005393841953422074,3.1361467314123703
ans,J2,J3,Converge,Energy,Sigma,gap,L,A1,A2,B1,B2,B3,phiB1,phiA2,phiB2
q0_1,0.07500000000000001,-0.22499999999999998,True,-0.30317098142140725,2.529997084608387e-09,0.0026935869832257916,0.6241373604091542,0.4077102178844525,0.19662357070277137,0.1456843391036328,0.14524858659434142,-0.2162790056986014,3.141542214932609,3.1584327043502314,3.1480583893612213
ans,J2,J3,Converge,Energy,Sigma,gap,L,A1,A2,A3,B1,B2,phiA1,phiB1,phiA2,phiB2
cb1,0.07500000000000001,-0.22499999999999998,True,-0.29051388008999496,3.4033068803553473e-09,0.08452472209703864,0.551200404328372,0.3991465680850678,0.04675461800909858,-0.09753147192459725,0.10761787051901962,0.14483372976182846,1.997062839539614,3.14107368358274,4.264404334458775,5.2204469056928415
