ans,J2,J3,Energy,Sigma,L,A1,A2,A3,B1,B2,phiA1
cb1,-0.015,-0.03,-0.47005510441116094,1.5696628251725937e-11,0.7132186546025713,0.5158010650841169,0.039511762125727046,0.2635900351188878,0.17397878710974296,0.14392585711468275,1.9604480122010564
A1,A2,A3,B1,B2,phiA1
3.760325383771664,-0.061617377866572946,-0.06517009155260169,-5.850264716936953,0.058675286849693406,0.08299975706710425
ans,J2,J3,Energy,Sigma,L,A1,A3,B1,B2,B3
3x3,-0.015,-0.03,-0.47211838542321044,1.6199694007429178e-11,0.7210168833442093,0.5172790353763057,0.2531430795906927,0.179547920062372,0.31262615902898616,0.11933852354041574
A1,A3,B1,B2,B3
3.7829184223189785,-0.0633382235617704,-5.582090345656593,0.05778710843803961,0.05861977570009077
ans,J2,J3,Energy,Sigma,L,A1,A2,B1,B2,B3
q0,-0.015,-0.03,-0.4704659055168787,1.8598405924589197e-11,0.7189327216290212,0.5170564891507311,0.22088843450897394,0.18138081518603216,0.19229929182983452,0.25309071483454154
A1,A2,B1,B2,B3
3.7419511935480942,-0.06317169009929155,-5.51653167574456,0.05972999872305613,0.05623279619715192
