ans,J2,J3,Energy,Sigma,L,A1,A3,B1,B2,B3
3x3,0.006000000000000005,-0.005999999999999998,-0.46834305235581913,1.0625174353093102e-07,0.7111024638496499,0.515388831877665,0.2665431685128002,0.17536720921019397,0.3036724523967251,0.12459557844594579
A1,A3,B1,B2,B3
3.700725836960735,-0.012203016375212102,-5.677719405727555,-0.02472300142395342,0.011930456622615422
ans,J2,J3,Energy,Sigma,L,A1,A2,B1,B2,B3
q0,0.006000000000000005,-0.005999999999999998,-0.4704762983962158,6.859180466531739e-06,0.7163403695572684,0.517830330213352,0.19473423420866864,0.1817989168227212,0.19635867783320812,0.04277555918223554
A1,A2,B1,B2,B3
3.7312036793505117,0.03258782133024479,-5.631579647047252,-0.014976353490651163,0.020917156895385976
ans,J2,J3,Energy,Sigma,L,A1,A2,A3,B1,B2,B3,phiA1,phiB2
cb1,0.006000000000000005,-0.005999999999999998,-0.4718056475833939,5.0649706415091315e-06,0.7186541013930902,0.5166948458949386,0.04012867052621297,0.10892628165970535,0.17646206868136396,0.008023629478929144,0.0517726863024601,1.9516661168353884,2.9142554412517407
A1,A2,A3,B1,B2,B3,phiA1,phiB2
3.908180446011847,-0.08592071498712388,-0.012220224832070794,-5.811374159658301,-0.024255042418986784,0.011967649093924065,-0.017453816169903394,-5.551115123335935e-07
