ans,J2,J3,Energy,Sigma,L,A1,A3,B1,B2,B3
3x3,0.006000000000000005,0.024,-0.4698855794874434,4.5854823245473005e-12,0.7154911872490987,0.515884928569177,0.2565810461562332,0.17683972911750528,0.3083547339954831,0.10852679195589998
A1,A3,B1,B2,B3
3.831706618739584,0.046026515932048546,-5.5373666762892615,-0.024316659796668867,-0.0487693219141917
ans,J2,J3,Energy,Sigma,L,A1,A2,B1,B2,B3
q0,0.006000000000000005,0.024,-0.4698682641655477,9.9351851179404e-05,0.7152121688723104,0.5176142772634466,0.1957609681539577,0.18125720449454488,0.19460148006278136,0.044289237969591146
A1,A2,B1,B2,B3
4.150829680055799,0.22453094938822712,-5.3727172710686055,0.17801871088316515,0.14753753774249426
ans,J2,J3,Energy,Sigma,L,A1,A2,A3,B1,B2,B3,phiA1,phiB2
cb1,0.006000000000000005,0.024,-0.47173045060039626,2.6599323760363476e-05,0.7186910810819982,0.5166861837176835,0.04892427647675129,0.07309978764217262,0.1764982867231793,0.006315903272387527,0.05383935625361294,1.9517565747803385,3.4091312857196083
A1,A2,A3,B1,B2,B3,phiA1,phiB2
3.889178423747134,0.023721025144128608,0.04446276680165612,-5.785512624522734,-0.02430833312416879,-0.0484912110464611,0.09196199357454626,1.4432899320673432e-05
