ans,J2,J3,Energy,Sigma,L,A1,A3,B1,B2,B3
3x3,-0.011999999999999997,-0.011999999999999997,-0.47142323108978684,3.4038650910430616e-08,0.7198106143069268,0.5164545718562471,0.2555583444628686,0.17849306564340126,0.3101220052530472,0.1205435118185321
A1,A3,B1,B2,B3
3.9079656178565774,0.002128297538190449,-5.423487214873101,0.17232215654478117,0.015123458041434178
ans,J2,J3,Energy,Sigma,L,A1,A2,B1,B2,B3
q0,-0.011999999999999997,-0.011999999999999997,-0.47019612272668715,2.396443816049284e-05,0.7147563766009299,0.5169767753174241,0.2055998648489502,0.17930383120481844,0.1865967866940331,0.04422972471869816
A1,A2,B1,B2,B3
3.761828626373224,-0.04998224056852577,-5.797693436437385,0.0478594941454473,0.02341904448145213
ans,J2,J3,Energy,Sigma,L,A1,A2,A3,B1,B2,B3,phiA1,phiB2
cb1,-0.011999999999999997,-0.011999999999999997,-0.471532457753892,1.4465860818128731e-05,0.718005630507448,0.5165416831790045,0.052067112281318495,0.09096785203755435,0.17597827822552464,0.008403852041456087,0.049414298914884705,1.9532495395601872,2.8238137434713364
A1,A2,A3,B1,B2,B3,phiA1,phiB2
3.890147648534008,-0.04911571149785549,-0.02487954287038162,-5.858384888301421,0.046984083290637066,0.023879787036616928,0.0910793662699803,7.216449660336716e-06
