ans,J2,J3,Energy,Sigma,L,A1,A3,B1,B2,B3
3x3,0.03,0.006000000000000005,-0.46466783965797204,4.950568820291425e-09,0.7008507434593623,0.5139355279927953,0.23175839056852188,0.17139456354326935,0.29181860600184834,0.10503699755615765
A1,A3,B1,B2,B3
3.746650212292091,0.011855516568436359,-5.768728272836484,-0.12911505198377798,-0.012053691378381469
ans,J2,J3,Energy,Sigma,L,A1,A2,B1,B2,B3
q0,0.03,0.006000000000000005,-0.4709688278627906,7.141607063581848e-06,0.7197174498928521,0.5191279521793957,0.23297761223011898,0.18563955860273096,0.19261453246178173,0.0412535832014431
A1,A2,B1,B2,B3
3.6463959629456153,0.1091510215542917,-5.506847200453889,-0.12078837929838943,-0.012128076321009911
ans,J2,J3,Energy,Sigma,L,A1,A2,A3,B1,B2,B3,phiA1,phiB2
cb1,0.03,0.006000000000000005,-0.4727309968572458,1.713328046706161e-05,0.7211480336329419,0.5173927805565305,0.093768048204825,-0.04731909807616482,0.17779022141640455,-0.0013881293726017716,0.23957640069093708,1.944772927594709,2.957689731130012
A1,A2,A3,B1,B2,B3,phiA1,phiB2
3.706449036652796,0.1133537708144731,0.011773915176143507,-5.692841198434434,-0.12647882741134675,-0.012032597140875413,0.09455380922549554,-1.110223024667187e-06
