ans,J2,J3,Energy,Sigma,L,A1,A3,B1,B2,B3
3x3,-0.03,-0.005999999999999998,-0.4753479056667732,2.0399503791903893e-09,0.7307605145506108,0.5175911630188654,0.2665059905683848,0.18206247591979047,0.32107469843694425,0.1153573112859591
A1,A3,B1,B2,B3
3.8045189221160247,-0.012110312752654125,-5.361106003565587,0.11334377880615099,0.011958212198263535
ans,J2,J3,Energy,Sigma,L,A1,A2,B1,B2,B3
q0,-0.03,-0.005999999999999998,-0.46976412998875594,5.491008723480813e-06,0.712486988399725,0.5158813973225563,0.20757280818280394,0.17634202576314525,0.1892779474127747,0.043839398342884715
A1,A2,B1,B2,B3
3.763313549752219,-0.0799049715281619,-5.817512582761441,0.1614697264781352,0.04137579168170301
ans,J2,J3,Energy,Sigma,L,A1,A2,A3,B1,B2,B3,phiA1,phiB2
cb1,-0.03,-0.005999999999999998,-0.4709725520368368,8.630871161764226e-06,0.7164476703357224,0.5162152272303024,0.08523618179162096,0.019942484149462494,0.17491960388512923,0.008710006887255489,0.06136416627174028,1.9644969658434643,2.8736610644477203
A1,A2,A3,B1,B2,B3,phiA1,phiB2
3.706020490482983,-0.12758571976681413,-0.012218559497516898,-5.962008664527628,0.11381118270038411,0.01196875931695953,0.08844758259014597,1.0547118734338277e-05
