ans,J2,J3,Energy,Sigma,L,A1,A3,B1,B2,B3
3x3,-0.03,-0.024,-0.4743409587188081,1.3980985655012513e-11,0.7279602292743582,0.5173423499566545,0.26150930106476283,0.18124729136275905,0.3178117857539077,0.1181130041893925
A1,A3,B1,B2,B3
3.7894898330317033,-0.04980904577695989,-5.638303157684367,0.11309397862686779,0.047353232446283186
ans,J2,J3,Energy,Sigma,L,A1,A2,B1,B2,B3
q0,-0.03,-0.024,-0.47093596777446395,1.6751509712469846e-05,0.7143981353144944,0.5162202905089174,0.2232341516478022,0.17772396261044282,0.17761601779692437,0.1724702645639196
A1,A2,B1,B2,B3
3.9095271465407437,-0.13291867606542226,-5.664677060745793,0.11908030117499585,0.04558908806009384
ans,J2,J3,Energy,Sigma,L,A1,A2,A3,B1,B2,B3,phiA1,phiB2
cb1,-0.03,-0.024,-0.4709708865132015,1.003187196922064e-05,0.7162865739742307,0.5160556696840201,0.08606124828440792,-0.006598670187501363,0.17471943905403772,0.013999883611536397,0.031126338893523106,1.970736213340257,2.8515935202259
A1,A2,A3,B1,B2,B3,phiA1,phiB2
4.001632914000045,-0.12732204179846593,-0.05146494341801354,-5.577055484084994,0.1138461547256598,0.04748867965535654,0.08801404049904353,2.331468351801093e-05
