ans,J2,J3,Energy,Sigma,L,A1,A3,B1,B2,B3
3x3,-0.018,0.012000000000000004,-0.473930618746518,6.137024848185631e-12,0.726795788572787,0.5171542389902479,0.26671873028918636,0.18070803700059443,0.3184228324792725,0.11568393293647691
A1,A3,B1,B2,B3
3.7806802133313213,0.022483126471514264,-5.438161032589542,0.0647282227812071,-0.02467803739135286
ans,J2,J3,Energy,Sigma,L,A1,A2,B1,B2,B3
q0,-0.018,0.012000000000000004,-0.46929953348937187,1.0252004062603657e-05,0.71253795361225,0.5165514375619289,0.20653152015881748,0.1775252515650947,0.17532256651712122,0.12394219839609497
A1,A2,B1,B2,B3
3.7045916334503106,0.016300849559026297,-5.7712185030807115,0.11997736137889208,0.0022204460492480926
ans,J2,J3,Energy,Sigma,L,A1,A2,A3,B1,B2,B3,phiA1,phiB2
cb1,-0.018,0.012000000000000004,-0.4712846319607967,2.2164573728069535e-05,0.7175580604345566,0.5163688367417932,0.05405309637232811,0.09248341708401853,0.17575765255089232,0.0076932358819288334,0.05766992524470321,1.9550465149720555,2.884395476726561
A1,A2,A3,B1,B2,B3,phiA1,phiB2
3.821626348787295,-0.07554790126810479,0.02312261493384501,-5.77972392167235,0.06973699395729782,-0.02412237076749728,0.09032385950173392,4.440892098668748e-06
