ans,J2,J3,Energy,Sigma,L,A1,A3,B1,B2,B3
3x3,0.006000000000000005,0.012000000000000004,-0.46924811887451,2.7651963410368174e-07,0.7137782327906832,0.5157086901781056,0.27000420811594944,0.17628616166254588,0.30900935801336754,0.12080898745988061
A1,A3,B1,B2,B3
3.8212227826329883,0.02350286631988753,-5.565186089728751,-0.024312774016352557,-0.02418953926051956
ans,J2,J3,Energy,Sigma,L,A1,A2,B1,B2,B3
q0,0.006000000000000005,0.012000000000000004,-0.47011395819715895,2.5282373216708277e-05,0.7157221347291268,0.5177215518171409,0.19799197405172575,0.18148520224932457,0.19482213014475586,0.04428034756376223
A1,A2,B1,B2,B3
3.625982847383898,0.023533952564446535,-5.601641372965269,-0.024026891587376902,-0.024550361743511533
ans,J2,J3,Energy,Sigma,L,A1,A2,A3,B1,B2,B3,phiA1,phiB2
cb1,0.006000000000000005,0.012000000000000004,-0.47168030795950555,1.061603853369527e-05,0.7186969706623982,0.5166977545842562,0.04601564464007638,0.10088702766760287,0.1764684626525349,0.007371313201697809,0.051841934939663374,1.9523260087628171,3.0969734367618
A1,A2,A3,B1,B2,B3,phiA1,phiB2
4.050845214812139,0.023721025144150292,0.023114288261224487,-5.603306152390691,-0.024264479314696098,-0.024124036102067696,0.09191314376146223,3.885780585990028e-06
