ans,J2,J3,Energy,Sigma,L,A1,A3,B1,B2,B3
3x3,-0.011999999999999997,0.006000000000000005,-0.4723907617684633,2.7050751724433155e-11,0.7224980208913472,0.5167251964007683,0.26079411353740783,0.1793307775938115,0.31423923614006377,0.11381879386504123
A1,A3,B1,B2,B3
3.7572323031347117,0.011882717032605229,-5.487016396788074,0.046828096955310865,-0.012045919817175602
ans,J2,J3,Energy,Sigma,L,A1,A2,B1,B2,B3
q0,-0.011999999999999997,0.006000000000000005,-0.4698396771734911,5.900147677159177e-06,0.7139600908492993,0.5168060583183446,0.21384387578663827,0.17887059765619795,0.18876817051490885,0.04325644612955958
A1,A2,B1,B2,B3
3.8407055314658654,-0.04998612634911094,-5.901837352150626,0.047864490149056756,-0.01214361944335467
ans,J2,J3,Energy,Sigma,L,A1,A2,A3,B1,B2,B3,phiA1,phiB2
cb1,-0.011999999999999997,0.006000000000000005,-0.47143786665574394,1.2203565876978886e-05,0.718056781891362,0.5165439208564665,0.04376164105211936,0.10473650614918989,0.17604172764299786,0.009275574061574086,0.0578799306773619,1.9514863880582438,2.8466401601172198
A1,A2,A3,B1,B2,B3,phiA1,phiB2
3.2287966745356376,-0.04943045972540501,0.01177946629126113,-5.723688190062069,0.04698630373667548,-0.012030931806338477,0.09108991338871485,7.216449660336716e-06
