ans,J2,J3,Energy,Sigma,L,A1,A3,B1,B2,B3
3x3,-0.03,-0.018,-0.47467056293518695,1.2452833723656957e-10,0.7288797409857106,0.5174290577721686,0.2633684501336804,0.18152180483623917,0.3189029739161521,0.11809357750348819
A1,A3,B1,B2,B3
3.8485203913363595,-0.03700373341047703,-5.418276938218546,0.11319278847480307,0.035635938644495435
ans,J2,J3,Energy,Sigma,L,A1,A2,B1,B2,B3
q0,-0.03,-0.018,-0.4705352141475689,1.7599933707121283e-05,0.7140998804662372,0.51580154318919,0.20824058490603797,0.17725090132534652,0.19895470455469255,0.1485118756680743
A1,A2,B1,B2,B3
3.7073571990046337,-0.13268330878420198,-5.943996961287661,0.11916911901696577,0.03467170994749665
ans,J2,J3,Energy,Sigma,L,A1,A2,A3,B1,B2,B3,phiA1,phiB2
cb1,-0.03,-0.018,-0.4709566289559566,2.4029157460867045e-05,0.7171827928566067,0.5164959422434703,0.07660935283609491,0.03859285341571922,0.17512151662440684,0.010556309172503237,0.06724167851260318,1.9432635278978512,2.896525999275778
A1,A2,A3,B1,B2,B3,phiA1,phiB2
3.683472971075921,-0.12807255256311179,-0.037974068334219194,-5.990898332962853,0.11372458530446876,0.035715874702155564,0.09023115587918376,4.996003611002342e-06
