ans,J2,J3,Energy,Sigma,L,A1,A3,B1,B2,B3
3x3,-0.011999999999999997,0.03,-0.4737676425874189,1.9967028504854378e-11,0.7263318121417335,0.5170384736242082,0.26948281919712963,0.1804354397835653,0.31884583731261446,0.11438565615382892
A1,A3,B1,B2,B3
3.9030190190835965,0.049713566596841785,-5.347771114816841,0.040545344859454685,-0.06345479697241195
ans,J2,J3,Energy,Sigma,L,A1,A2,B1,B2,B3
q0,-0.011999999999999997,0.03,-0.46804243482503366,6.0233338313203465e-05,0.7113331738923936,0.5161206419429205,0.22488787554112644,0.17709368411751217,0.312922976464411,0.15816843095705044
A1,A2,B1,B2,B3
3.5698288769409823,-0.050061066403268656,-5.947065062616199,0.04786449014928316,-0.06380507233656951
ans,J2,J3,Energy,Sigma,L,A1,A2,A3,B1,B2,B3,phiA1,phiB2
cb1,-0.011999999999999997,0.03,-0.4713976038143289,2.8255481051305098e-06,0.7176047505135884,0.5164497671480663,0.09431630700428355,0.002860965769394864,0.1757125900944949,0.012001222496565706,0.02447328580453352,1.9519595520994666,2.8928746406554233
A1,A2,A3,B1,B2,B3,phiA1,phiB2
3.528681236090895,-0.049120707501624325,0.05450417894792503,-5.891190313344493,0.046991299740289004,-0.06077971459464007,0.09070522111068476,4.9960036105586075e-06
