ans,J2,J3,Energy,Sigma,L,A1,A3,B1,B2,B3
3x3,0.018000000000000002,0.006000000000000005,-0.4667584880702237,8.720295268759616e-09,0.7067015974834135,0.5147852287603113,0.24070098657614264,0.1736849593680173,0.2982728273000347,0.11154450584735712
A1,A3,B1,B2,B3
3.906282519751212,0.016340262476400448,-5.569181227282856,-0.007295830606269135,-0.012144729666367862
ans,J2,J3,Energy,Sigma,L,A1,A2,B1,B2,B3
q0,0.018000000000000002,0.006000000000000005,-0.4704961602612052,5.070805987407338e-06,0.7176010286659076,0.518349588653997,0.22691855356355983,0.18360709416492121,0.18483287866220638,0.07879082333071352
A1,A2,B1,B2,B3
3.643165213943965,0.06793010598457845,-5.793896473693173,-0.0722882864677327,-0.012133627436116201
ans,J2,J3,Energy,Sigma,L,A1,A2,A3,B1,B2,B3,phiA1,phiB2
cb1,0.018000000000000002,0.006000000000000005,-0.4718860201355522,2.6999828969740264e-05,0.7190438781013195,0.5167872113522298,0.04375172600044722,0.11477086567039407,0.17677709380429968,0.00778158241276641,0.05229574438581201,1.95259589739978,2.9485438859900537
A1,A2,A3,B1,B2,B3,phiA1,phiB2
3.6976233186362544,0.0694416746327689,0.011775580510674946,-5.703176264570647,-0.07430334125757856,-0.012033707363900036,0.09228895425529403,-1.110223024667187e-06
