ans,J2,J3,Energy,Sigma,L,A1,A3,B1,B2,B3
3x3,0.006000000000000005,-0.018,-0.4677689692445202,8.737378835304017e-07,0.709287916159653,0.5151424162700953,0.25546516643473227,0.17471812237767562,0.3187913048158897,0.12459384781945947
A1,A3,B1,B2,B3
3.8902853161026836,-0.03660294289859447,-5.5842136470362504,-0.023979707108694556,0.03570643780656705
ans,J2,J3,Energy,Sigma,L,A1,A2,B1,B2,B3
q0,0.006000000000000005,-0.018,-0.47166753293537483,1.5887261336064722e-05,0.7197265947027948,0.5183317562901631,0.1821420549623306,0.1832547911750762,0.06186422572448852,0.19778696984234206
A1,A2,B1,B2,B3
4.178431489783076,0.035547120802369346,-5.160963323359249,-0.02557287714919028,0.10626000079814966
ans,J2,J3,Energy,Sigma,L,A1,A2,A3,B1,B2,B3,phiA1,phiB2
cb1,0.006000000000000005,-0.018,-0.47186888751272316,2.0290694625147783e-05,0.7187372675019079,0.51672286498271,0.050628173021621564,0.08588533563740591,0.17650422217609746,0.006731136933261831,0.052467229150340786,1.9532534320044452,3.2555930663623345
A1,A2,A3,B1,B2,B3,phiA1,phiB2
4.045361268182014,0.02343958360735349,-0.037989611456628984,-5.635789612756622,-0.0243527420451538,0.035723646263327934,0.09118428234580736,1.6098233857674213e-05
