ans,J2,J3,Energy,Sigma,L,A1,A3,B1,B2,B3
3x3,0.03,-0.018,-0.4636053765268952,1.7193580932703648e-06,0.6981137831031683,0.5134865832940227,0.2329724466257297,0.1702839324906298,0.2875512994613436,0.1355144880386494
A1,A3,B1,B2,B3
3.689375471786331,-0.037360115001585835,-5.831269911371056,-0.12958467632175727,0.0355271367879478
ans,J2,J3,Energy,Sigma,L,A1,A2,B1,B2,B3
q0,0.03,-0.018,-0.47237988793616914,2.449854508007579e-08,0.7242117240099744,0.5198120864388083,0.24067942056722624,0.1877534183826797,0.1945678330401584,0.26898429994194706
A1,A2,B1,B2,B3
4.150659815840865,0.10487721802100618,-5.011259185384556,-0.12234657731344759,0.03434141859744648
ans,J2,J3,Energy,Sigma,L,A1,A2,A3,B1,B2,B3,phiA1,phiB2
cb1,0.03,-0.018,-0.4719967295529582,4.285409595574221e-05,0.7202117307530973,0.5170483465592501,0.08010692974931413,0.015602108434111858,0.17766819482498164,0.00532346640162306,0.14196007113581174,1.9517092147403838,2.8871256013851396
A1,A2,A3,B1,B2,B3,phiA1,phiB2
3.7013864195782142,0.12023659845535863,-0.027536306568266566,-6.061294244285121,-0.12646383940052522,0.05669020808326631,0.11458722859308283,0.0209554595885937
