ans,J2,J3,Energy,Sigma,L,A1,A3,B1,B2,B3
3x3,-0.03,-0.011999999999999997,-0.47500625097043536,2.6238068682797917e-09,0.7298372920355672,0.5175152578887336,0.2635567947344811,0.18180073081265652,0.32001117564477066,0.1190708408774013
A1,A3,B1,B2,B3
3.667277592704236,-0.02443822921786445,-5.377102096904355,0.11321943382739387,0.023838708784736838
ans,J2,J3,Energy,Sigma,L,A1,A2,B1,B2,B3
q0,-0.03,-0.011999999999999997,-0.4698881519384978,2.160238487054191e-05,0.7126895454450319,0.5159245758172974,0.20881152289480032,0.17643990159283762,0.18937444506254908,0.04589231270328145
A1,A2,B1,B2,B3
3.793862446414181,-0.13375300866842182,-5.9402244234499895,0.11888101614208701,0.0233529862114545
ans,J2,J3,Energy,Sigma,L,A1,A2,A3,B1,B2,B3,phiA1,phiB2
cb1,-0.03,-0.011999999999999997,-0.47112001971834083,2.9481403664243024e-05,0.7169055320972221,0.516214435324621,0.06613600123095612,0.07827725154710322,0.17503993865655426,0.008756895071129929,0.04006464754450647,1.963957692411558,2.8715103412427907
A1,A2,A3,B1,B2,B3,phiA1,phiB2
3.609884058334841,-0.12732925824816935,-0.02487177130916188,-5.744751341285217,0.11377399022905645,0.023872570587000843,0.08913925153447207,1.2212453270254373e-05
