ans,J2,J3,Energy,Sigma,L,A1,A3,B1,B2,B3
3x3,0.0,-0.03,-0.4682898347108926,2.3318427576967224e-12,0.7110022903152097,0.5153548114805768,0.24139351309329926,0.17535129682091885,0.3726862549526334,0.10853915634711789
A1,A3,B1,B2,B3
3.891079125565289,-0.06336098312674326,-5.557397875211021,0.0,0.05882683229426483
ans,J2,J3,Energy,Sigma,L,A1,A2,B1,B2,B3
q0,0.0,-0.03,-0.4721944415918658,1.9047325510147902e-11,0.7221514109271207,0.5186114219689428,0.27561822005152004,0.1840991468323271,-0.5,0.2623915871487712
A1,A2,B1,B2,B3
3.8577985250676794,0.0,-5.757610499467909,0.0,0.046138093345511534
ans,J2,J3,Energy,Sigma,L,A1,A2,A3,B1,B2,B3,phiA1,phiB2
cb1,0.0,-0.03,-0.47148581336111084,2.4736198252704806e-05,0.7184487589585536,0.5166343770487049,0.038272891359196,0.02188437289902055,0.17632546907068267,0.008040076159472793,0.08038744437751474,1.95116722849838,3.939075662277573
A1,A2,A3,B1,B2,B3,phiA1,phiB2
3.777134716186057,0.0,-0.05326961094458197,-5.781678469307198,0.0,0.07148615033260444,0.10411727035949571,0.0
