ans,J2,J3,Energy,Sigma,L,A1,A3,B1,B2,B3
3x3,0.024,0.006000000000000005,-0.4657057276152672,1.2293441156764677e-07,0.7037405398833401,0.5143644024758105,0.24713737562518645,0.1725355397939529,0.2950714835858607,0.13004734293693893
A1,A3,B1,B2,B3
3.726871589108433,0.011859402349021865,-5.727613938677135,-0.10165646102713884,-0.012053136266820115
ans,J2,J3,Energy,Sigma,L,A1,A2,B1,B2,B3
q0,0.024,0.006000000000000005,-0.47075325722528627,6.5883349719171325e-06,0.7187298186947276,0.5187847770426179,0.230045532419836,0.18463860834653195,0.19142547197761872,0.04751481996823304
A1,A2,B1,B2,B3
4.154699917427468,0.2668815168854973,-5.140939340887149,-0.028924640460500462,-0.01363187340786527
ans,J2,J3,Energy,Sigma,L,A1,A2,A3,B1,B2,B3,phiA1,phiB2
cb1,0.024,0.006000000000000005,-0.4720666832299803,3.4087702988062586e-05,0.7192978899849812,0.5168247979583276,0.052554499339526065,0.06797124593318692,0.17705242882711214,0.00827433583206579,0.040792245257639845,1.9514900456926103,2.8679206949577836
A1,A2,A3,B1,B2,B3,phiA1,phiB2
4.057043034847098,0.0916849929310153,0.011778356068269198,-5.6435117690043874,-0.10010769990743525,-0.012030931806338477,0.09274414569538465,-1.1657341759005465e-05
