ans,J2,J3,Energy,Sigma,L,A1,A2,A3,B1,B2,phiA1
cb1,-0.02,0.0,-0.47221346860869945,5.550636277076623e-12,0.7194922007408654,0.5163095787056422,0.04038235302776,0.0,0.17572130072720393,0.14853526790807337,1.96505696860389
A1,A2,A3,B1,B2,phiA1
3.8110625759884824,-0.08226752612455955,0.0,-5.678568726183781,0.07849276783866296,0.08907895532299594
ans,J2,J3,Energy,Sigma,L,A1,A3,B1,B2,B3
3x3,-0.02,0.0,-0.4745504632728932,3.057095382731867e-12,0.7276702183936755,0.5178135539117159,0.0,0.18137531414645885,0.3194866282605247,0.0
A1,A3,B1,B2,B3
3.854583318546454,-0.0,-5.4262150326939915,0.07682743330390715,0.0
ans,J2,J3,Energy,Sigma,L,A1,A2,B1,B2,B3
q0,-0.02,0.0,-0.46855821805471526,3.2490058861465703e-12,0.7122692366270658,0.5156854305621591,0.209434240898924,0.17746344397037433,0.1894581009754134,0.0
A1,A2,B1,B2,B3
2.072009230968805,-0.08826273045997315,-5.82939252407462,0.07854827899425286,0.0
