ans,J2,J3,Energy,Sigma,L,A1,A2,A3,B1,B2,phiA1
cb1,-0.02,-0.0049999999999999975,-0.47183874944821064,2.7460863482598587e-11,0.7183342254187328,0.5161592691865933,0.040161728457020485,0.27205988310791784,0.1752706006134878,0.1477340239305838,1.9658229361835828
A1,A2,A3,B1,B2,phiA1
3.8070657731005055,-0.08243405957825298,-0.010325074130139498,-5.6950555384151125,0.07843725669178749,0.08763975656322107
ans,J2,J3,Energy,Sigma,L,A1,A3,B1,B2,B3
3x3,-0.02,-0.0049999999999999975,-0.47427305613767445,8.96544556605647e-12,0.7268994377117071,0.5177432749766203,0.263484187982062,0.181144865502732,0.3185572644728778,0.11986139308172727
A1,A3,B1,B2,B3
3.7994052350755205,-0.009992007221606427,-5.464961816252256,0.07593925489263958,0.010103029524068656
ans,J2,J3,Energy,Sigma,L,A1,A2,B1,B2,B3
q0,-0.02,-0.0049999999999999975,-0.4688484192587389,1.192903406710804e-11,0.7132381595014095,0.5158713484195456,0.2110140845183566,0.17797909422880148,0.18986098598977175,0.24186692103012672
A1,A2,B1,B2,B3
3.6889935544515198,-0.23159252294277236,-6.079636793817684,0.06206146707469948,-0.011046719095304856
