ans,J2,J3,Energy,Sigma,L,A1,A2,A3,B1,B2,phiA1
cb1,-0.005000000000000001,-0.04,-0.46884653866378423,1.3729073204357938e-11,0.7092153853401536,0.5148184938798268,0.038537868126808594,0.2529232491682375,0.17154295835057853,0.1404490995118359,1.967134250232361
A1,A2,A3,B1,B2,phiA1
3.765543431986523,-0.02037259250183092,-0.08759659665247466,-5.846656492107027,0.019817480990069365,0.0766864960420464
ans,J2,J3,Energy,Sigma,L,A1,A3,B1,B2,B3
3x3,-0.005000000000000001,-0.04,-0.46960156351742893,3.429287174659828e-12,0.7137885643420081,0.516179478021191,0.2426257600024096,0.17659159397569354,0.3039329050145427,0.11390241487967434
A1,A3,B1,B2,B3
3.779809797850551,-0.08615330670834857,-5.665579117110556,0.019928503291981696,0.07788214517729891
ans,J2,J3,Energy,Sigma,L,A1,A2,B1,B2,B3
q0,-0.005000000000000001,-0.04,-0.47140703201961587,3.880907312700568e-12,0.722529300357479,0.5179659030577592,0.22855664112919818,0.18405695683084375,0.1938662586155991,0.26122130685860984
A1,A2,B1,B2,B3
4.351963233494699,-0.02176037128321357,-5.415556891958531,0.019539925233906075,0.04296563105290769
