ans,J2,J3,Energy,Sigma,L,A1,A2,A3,B1,B2,phiA1
cb1,0.0,-0.0049999999999999975,-0.4714096744751565,7.387548510789381e-06,0.7172427914745674,0.5160473831049384,0.0,2.478065862765275e-08,0.17493056517539063,0.0,4.323044593331713
A1,A2,A3,B1,B2,phiA1
3.803513059422304,0.0,-0.010047518372857667,-5.710931727350641,0.0,0.08778531790417493
ans,J2,J3,Energy,Sigma,L,A1,A3,B1,B2,B3
3x3,0.0,-0.0049999999999999975,-0.4703483116374397,3.1654845660419306e-12,0.715869471512743,0.5164695185043102,0.251357188069616,0.17731645490149595,0.0,0.1133039179703001
A1,A3,B1,B2,B3
3.8097303083591574,-0.009992007221606427,-5.597744489993475,0.0,0.00993649607037526
ans,J2,J3,Energy,Sigma,L,A1,A2,B1,B2,B3
q0,0.0,-0.0049999999999999975,-0.4692506037457805,8.523804814289613e-13,0.715587548861144,0.5169767297312324,0.0,0.1810973845778686,0.0,0.25004243419682126
A1,A2,B1,B2,B3
3.7339575869412602,-0.0,-6.249722961532126,0.0,-0.0004440892098984548
