ans,J2,J3,Energy,Sigma,L,A1,A2,A3,B1,B2,phiA1
cb1,0.005000000000000001,-0.02,-0.469797680378361,1.0796912921342356e-11,0.7122997874201406,0.5153449794400294,0.03959615957871157,0.2610513391367258,0.17293559181694299,0.1423782101025504,1.9610087488348649
A1,A2,A3,B1,B2,phiA1
3.782973934310189,0.019817480989519427,-0.04196643033074698,-5.789646540115613,-0.019984014443767593,0.08178709931547766
ans,J2,J3,Energy,Sigma,L,A1,A3,B1,B2,B3
3x3,0.005000000000000001,-0.02,-0.4686904437753012,7.957050867784638e-12,0.7112100108795628,0.5158565527314096,0.24302915079248122,0.17561148220864062,0.30214410515948664,0.11130039278099482
A1,A3,B1,B2,B3
3.725242336199422,-0.04135580766605657,-5.694555938054018,-0.02003952559666883,0.03969047313026984
ans,J2,J3,Energy,Sigma,L,A1,A2,B1,B2,B3
q0,0.005000000000000001,-0.02,-0.4703481971650328,2.0303887804625386e-11,0.7195026891222606,0.5177976490179784,0.2265877329780006,0.18351347474017915,0.19263032921777448,0.258038847797991
A1,A2,B1,B2,B3
3.8473668697418937,0.019428902930362067,-6.035616450892607,-0.02009503674623308,0.03747002708518403
