ans,J2,J3,Energy,Sigma,L,A1,A2,A3,B1,B2,phiA1
cb1,0.02,-0.03,-0.4687358335605694,4.878492419834838e-12,0.7095490232829051,0.5152440704630349,0.03959396592685249,0.25751626406525385,0.172495965648703,0.13968484428662803,1.9503941743327862
A1,A2,A3,B1,B2,phiA1
3.8323788589086525,0.07782663402606793,-0.0649480469476524,-5.875744335351341,-0.0818234369124393,0.08065798584608577
ans,J2,J3,Energy,Sigma,L,A1,A3,B1,B2,B3
3x3,0.02,-0.03,-0.46562034367856914,2.5175154039417914e-11,0.7026039067503426,0.5146091113461287,0.2303346786736974,0.1722715330155905,0.2923010257987485,0.10613416415746509
A1,A3,B1,B2,B3
3.6692315854312554,-0.06367129046035813,-5.938971536601863,-0.08437694988071086,0.058841820305016
ans,J2,J3,Energy,Sigma,L,A1,A2,B1,B2,B3
q0,0.02,-0.03,-0.47153499611563265,1.9411420903318898e-11,0.7241631722433574,0.518958068677298,0.2369547332093866,0.18707169530981313,0.19473320615608497,0.2685569751365035
A1,A2,B1,B2,B3
4.2288395010235105,0.04107825190990848,-5.204503494971853,-0.09137135492393146,0.03153033389929141
