ans,J2,J3,Energy,Sigma,L,A1,A2,A3,B1,B2,phiA1
cb1,-0.02,-0.02,-0.4709387035152016,1.1420719470329614e-11,0.7159554635272954,0.5161905062832239,0.039956299215767675,0.26936789405898626,0.17508143894769965,0.14618442597507106,1.9605670227086442
A1,A2,A3,B1,B2,phiA1
3.7269076707360784,-0.08376632720780043,-0.0515698594937352,-5.858646901097843,0.06888933867976552,0.0861572868602831
ans,J2,J3,Energy,Sigma,L,A1,A3,B1,B2,B3
3x3,-0.02,-0.02,-0.47350357653328545,5.2275364748038004e-12,0.7248040038093758,0.5175801604396832,0.2587704518444007,0.18058404375301962,0.31613971983260036,0.11999217046254959
A1,A3,B1,B2,B3
3.78908016010461,-0.041300296515973216,-5.483724585367863,0.07505107647284268,0.0395239396765765
ans,J2,J3,Energy,Sigma,L,A1,A2,B1,B2,B3
q0,-0.02,-0.02,-0.4697542019277627,7.350047370513613e-12,0.7162440537464968,0.5164305666206072,0.21563476954993185,0.17954283394063866,0.19114522625670308,0.24732907296558626
A1,A2,B1,B2,B3
4.275302334606559,-0.0860977955618984,-5.285216708864181,0.07949196856520864,0.03819167204596893
