ans,J2,J3,Energy,Sigma,L,A1,A2,A3,B1,B2,phiA1
cb1,0.030000000000000002,-0.010000000000000002,-0.4697419541332861,3.5218461684796872e-12,0.7128184017363444,0.5157956072509228,0.040673157781775306,0.26600902575916396,0.1739701004478732,0.141965367074011,1.9459484065777166
A1,A2,A3,B1,B2,phiA1
3.8620218136677296,0.1147415495947804,-0.02070565941151657,-5.721645379537955,-0.12440048991245267,0.08594636669006524
ans,J2,J3,Energy,Sigma,L,A1,A3,B1,B2,B3
3x3,0.030000000000000002,-0.010000000000000002,-0.4647647977580387,3.5982624501311884e-12,0.7001873787991629,0.5142604242327846,0.23069046473701854,0.17127946534987007,0.2905245750371264,0.1034041805898476
A1,A3,B1,B2,B3
3.760880495283883,-0.02042810365249503,-5.856592988502234,-0.1298405827296524,0.019650947535825924
ans,J2,J3,Energy,Sigma,L,A1,A2,B1,B2,B3
q0,0.030000000000000002,-0.010000000000000002,-0.47046883733237677,4.91036601154475e-12,0.7210976147330307,0.518792334082562,0.23502274658671118,0.1865326451137014,0.19374145926112193,0.26528100720047487
A1,A2,B1,B2,B3
4.0827341500684735,-0.1667554982937366,-5.652145418512244,-0.12090328738479346,0.019650947538007685
