ans,J2,J3,Energy,Sigma,L,A1,A2,A3,B1,B2,phiA1
cb1,-0.015,0.0,-0.47224023510109,4.965309296292553e-12,0.7200908838584233,0.5167849223356504,0.04095580148518513,0.0,0.1767899297627551,0.1489673677153187,1.9562246521686162
A1,A2,A3,B1,B2,phiA1
3.9305225734180165,0.15537571229598005,0.0,-5.442035710794429,0.3036459972259451,0.09210038842711041
ans,J2,J3,Energy,Sigma,L,A1,A3,B1,B2,B3
3x3,-0.015,0.0,-0.47357369084744305,5.7815853757774205e-12,0.7249741000387865,0.5175728514372157,0.0,0.18056676637910413,0.317230307211875,0.0
A1,A3,B1,B2,B3
4.101385897789722,-0.0,-5.215050613416571,0.09636735853727085,0.0
ans,J2,J3,Energy,Sigma,L,A1,A2,B1,B2,B3
q0,-0.015,0.0,-0.46865023109503123,1.2752141115961558e-11,0.7128045736762679,0.5159661950264798,0.21157522878592755,0.1782273400348158,0.1897106625765595,0.0
A1,A2,B1,B2,B3
3.856637231141664,-0.1978972541335455,-5.402622793721315,0.013655743202483193,0.0
