ans,J2,J3,Energy,Sigma,gap,L,A1,A2,A3,B1,B2,phiA1
cb1,-0.3,0.03749999999999998,-0.4913784164360824,2.129503926433191e-09,0.002884236206743062,0.7737543556906024,0.5202581101659597,0.028251595681906078,0.34328624226370963,0.19190351987483842,0.18147382174400356,1.9903594817857713
A1,A2,A3,B1,B2,phiA1
4.074851567281712,-1.5412116027846423,0.06838973831690964,-5.326961094453964,1.1416423362220485,0.11985190617735955
ans,J2,J3,Energy,Sigma,gap,L,A1,A3,B1,B2,B3
3x3,-0.3,0.03749999999999998,-0.5595539709447589,5.426260409176683e-10,0.0031777869393621134,0.9466651136537623,0.5219484648466568,0.38122568102429716,0.21847217909454938,0.42035748662374056,0.18691392373905408
A1,A3,B1,B2,B3
3.8040681715756364,0.2283728761653947,-5.226263866120462,0.5018208071305708,-0.2113864638886298
ans,J2,J3,Energy,Sigma,gap,L,A1,A2,B1,B2,B3
q0,-0.3,0.03749999999999998,-0.4701662139612535,1.0870166659016231e-09,0.0034985817977091858,0.7063610904540946,0.501850896690254,0.12478214618845006,0.145870904985454,0.17951011167541608,0.16056512180982946
A1,A2,B1,B2,B3
3.1781799414432044,-3.4716118868516332,-7.76378961120372,1.0869638522592595,-0.08504308368628699
