ans,J2,J3,Energy,Sigma,gap,L,A1,A2,A3,B1,B2,phiA1
cb1,0.0,-0.1875,-0.46154570994474836,9.082980702568408e-10,0.030369441577609953,0.6866853436240171,0.5097207593506716,0.0,0.19227546907707319,0.15992748042367141,0.0,1.9926726706768672
A1,A2,A3,B1,B2,phiA1
3.5995650904396825,0.0,-0.6064593272014918,-6.350975301216977,0.0,0.037212455339386
ans,J2,J3,Energy,Sigma,gap,L,A1,A3,B1,B2,B3
3x3,0.0,-0.1875,-0.46439908310964817,7.261706278373238e-10,0.008443515575027444,0.6980967220815846,0.5130994124803563,0.19684545879459675,0.169092861668817,0.0,0.11090608424308944
A1,A3,B1,B2,B3
3.662348202482235,-0.554611911951497,-6.119826867490019,0.0,0.32573943542502093
ans,J2,J3,Energy,Sigma,gap,L,A1,A2,B1,B2,B3
q0,0.0,-0.1875,-0.4828058777566743,9.916768437798792e-11,0.0019128462959432369,0.7625142880653032,0.5216967909802659,0.0,0.20023364245746358,0.0,0.31541630797352305
A1,A2,B1,B2,B3
5.573985717433061,-0.0,-6.34714503178202,0.0,0.16464607455191071
