ans,J2,J3,Energy,Sigma,gap,L,A1,A2,A3,B1,B2,phiA1
cb1,0.1875,0.1875,-0.4821218598639144,4.4081903819994216e-09,0.003014073129975342,0.7516617326650926,0.5182659162322499,0.06858895427063708,0.3494738890545461,0.1863347181029149,0.16556145251398496,1.9451142034041822
A1,A2,A3,B1,B2,phiA1
3.852029806239443,0.8035794252236883,0.32507330161024584,-4.490186000793983,-0.7643885524544203,0.13352097205654445
ans,J2,J3,Energy,Sigma,gap,L,A1,A3,B1,B2,B3
3x3,0.1875,0.1875,-0.4507040068013149,5.147367235305144e-10,0.06905070295176957,0.6613920852780015,0.5067146593407433,0.20540952168784907,0.1526859030384156,0.24947345815302144,0.06391975927909047
A1,A3,B1,B2,B3
3.605282739016502,0.20450308113595383,-6.04616356980614,-1.1503020758141247,-0.4342082249308987
ans,J2,J3,Energy,Sigma,gap,L,A1,A2,B1,B2,B3
q0,0.1875,0.1875,-0.462507209831117,1.1377422500860224e-09,0.002991995670237971,0.7038016113955647,0.51898275107982,0.24650332887045812,0.19085980720504678,0.18864839580405515,0.26096200995428126
A1,A2,B1,B2,B3
4.247435736459693,0.22010171463193728,-5.149936033177482,-0.8195111256270593,-0.5382361223382759
