ans,J2,J3,Energy,Sigma,gap,L,A1,A2,A3,B1,B2,phiA1
cb1,-0.1875,0.2625,-0.5172540908086211,1.462125077948495e-09,0.0023309923656559,0.8434890534043544,0.51758142325468,0.030619164655608433,0.4272619193943554,0.20133157736988444,0.19974858560619116,1.9386230800856246
A1,A2,A3,B1,B2,phiA1
5.285105686425595,-1.2005951788296443,0.4234390615920347,-4.718891943866765,0.6737943536450075,0.15891510329879566
ans,J2,J3,Energy,Sigma,gap,L,A1,A3,B1,B2,B3
3x3,-0.1875,0.2625,-0.5478773600287532,1.1906682181589544e-09,0.00394039309322957,0.9118797170823898,0.5180902372330747,0.4019258361367775,0.20912768093380354,0.4112850469525295,0.1673251896294915
A1,A3,B1,B2,B3
3.2974734054391774,0.10891287871572786,-5.37048183701927,0.08137934770502397,-0.5722089468918057
ans,J2,J3,Energy,Sigma,gap,L,A1,A2,B1,B2,B3
q0,-0.1875,0.2625,-0.46159593388493386,1.4492243553661845e-09,0.005039378479617152,0.6840485890905403,0.5006139341921956,0.11260380453287751,0.1430853494276729,0.1697468925174135,0.13420382200494382
A1,A2,B1,B2,B3
3.1576963266388702,-1.688427175849938,-7.844946914303819,0.6756817327868703,-1.0557110741160614
