ans,J2,J3,Energy,Sigma,gap,L,A1,A2,A3,B1,B2,phiA1
cb1,0.3,0.1875,-0.477502016799052,4.413785970355923e-09,0.0031538111876566687,0.7392882573918095,0.5169391437772792,0.08017358533030972,0.3326575366819934,0.1827701209560394,0.15687200734708992,1.9547430845967821
A1,A2,A3,B1,B2,phiA1
3.2119862325430404,0.5510036871214652,0.5162537064506978,-5.7024385213821915,-1.3855583347321954,0.11916911901721504
ans,J2,J3,Energy,Sigma,gap,L,A1,A3,B1,B2,B3
3x3,0.3,0.1875,-0.43944917525002847,8.663986574368215e-10,0.08867670089081378,0.6338418983089281,0.49901460684924354,0.1318913901301938,0.1374622233664595,0.19857074116371812,0.04563414425603866
A1,A3,B1,B2,B3
3.44940742635913,0.13866685577568205,-6.296907439917732,-2.443878432956126,-0.4189426583423028
ans,J2,J3,Energy,Sigma,gap,L,A1,A2,B1,B2,B3
q0,0.3,0.1875,-0.4714879327636734,2.127685936387972e-09,0.002555146715148174,0.735113114037702,0.5224132301573328,0.3095225872938296,0.21031545222069062,0.19974960679440573,0.3217521400652084
A1,A2,B1,B2,B3
3.3543168242999855,0.8166800569142652,-4.577782597436908,-1.816324868286756,-0.47417625381740436
