ans,J2,J3,Energy,Sigma,gap,L,A1,A2,A3,B1,B2,phiA1
cb1,-0.15,0.14999999999999997,-0.4962031858805419,1.5986943650133214e-09,0.0026710823642205955,0.7890165017062835,0.5199715189985501,0.030677494616173653,0.3773990701692183,0.1948043108253929,0.1852245516205082,1.9523562282182594
A1,A2,A3,B1,B2,phiA1
3.2747138334343617,-0.4091171845743702,1.468825061579082,-5.6171733930909795,1.783573289060314,0.14197532038906496
ans,J2,J3,Energy,Sigma,gap,L,A1,A3,B1,B2,B3
3x3,-0.15,0.14999999999999997,-0.5219801872985131,7.973227864572087e-10,0.004111108585821002,0.8513211392714211,0.5212450713170292,0.3679928915449078,0.20541773320955756,0.3939704195606634,0.16117024596298382
A1,A3,B1,B2,B3
4.479971948967432,0.7049916206369744,-4.717670698539678,0.6001865671123596,-0.3460565167756613
ans,J2,J3,Energy,Sigma,gap,L,A1,A2,B1,B2,B3
q0,-0.15,0.14999999999999997,-0.4629201321733973,5.97501731197134e-09,0.00407345184910279,0.6897970097302286,0.5042937970472936,0.13470986204539262,0.15100300984323975,0.1748755519133383,0.1593669177904491
A1,A2,B1,B2,B3
3.4223734957095076,-1.1268763699945339,-7.299438831154248,0.5908606937055083,-0.45813353111157085
