ans,J2,J3,Energy,Sigma,gap,L,A1,A2,A3,B1,B2,phiA1
cb1,-0.2625,0.03749999999999998,-0.4890063731653165,1.946406682387721e-09,0.0029846744791340273,0.7674158161077574,0.5201071613472814,0.028549048145585607,0.33855838950532574,0.1905738484149077,0.17867764572959885,1.9871158783461835
A1,A2,A3,B1,B2,phiA1
3.698041872723934,-1.4483969579259792,0.0701660951563099,-5.128342195348523,0.5472289288377397,0.11811329692079651
ans,J2,J3,Energy,Sigma,gap,L,A1,A3,B1,B2,B3
3x3,-0.2625,0.03749999999999998,-0.5465355946631464,1.8238952003064634e-09,0.003327167336324587,0.9148942929205469,0.5224953152764062,0.37314094131658293,0.21548821504796928,0.41269715241894767,0.1811238749258541
A1,A3,B1,B2,B3
4.139466547314896,0.07749356711883593,-4.795053243356051,2.0073942508247455,-0.07571721027943568
ans,J2,J3,Energy,Sigma,gap,L,A1,A2,B1,B2,B3
q0,-0.2625,0.03749999999999998,-0.468976780035861,1.3358681785458e-09,0.0034737259941439733,0.704184677849564,0.5030970968390507,0.13116819848709382,0.14849620947618616,0.1795771763243555,0.16581109348087503
A1,A2,B1,B2,B3
3.156530592463014,-2.7321478413000477,-7.510658761589184,0.9641176745844859,-0.08459899447643693
