ans,J2,J3,Energy,Sigma,gap,L,A1,A2,A3,B1,B2,phiA1
cb1,0.1875,0.03749999999999998,-0.467912338546233,2.9259208617033848e-09,0.004651772965989915,0.7086708952267112,0.5149400507207675,0.05076363390467614,0.2638199374326664,0.17232787078039488,0.13277179575663473,1.9089644578913585
A1,A2,A3,B1,B2,phiA1
3.7090885918189542,0.5293543381412746,0.0677791156533658,-6.085187909121714,-0.9289791158550997,0.08581690913445071
ans,J2,J3,Energy,Sigma,gap,L,A1,A3,B1,B2,B3
3x3,0.1875,0.03749999999999998,-0.4466806264201224,8.380119622936644e-10,0.07400278560850772,0.6505717224369885,0.5032305024847128,0.1485036755444206,0.14593746008828418,0.21841763742272322,0.06114535371596191
A1,A3,B1,B2,B3
3.4699465523146955,0.06611378111642807,-6.431799537409688,-1.2738698984549046,-0.0769939667577546
ans,J2,J3,Energy,Sigma,gap,L,A1,A2,B1,B2,B3
q0,0.1875,0.03749999999999998,-0.47532144499396956,2.1157160515101764e-09,0.0022543173050586143,0.7454536969054126,0.5230692491969852,0.2984239413392574,0.20736140221029445,0.2027860625629431,0.32169549673465375
A1,A2,B1,B2,B3
3.0931923689081486,2.0566881531181025,-5.1415538493415625,-1.1781686737322161,-0.6318279233141766
