ans,J2,J3,Energy,Sigma,gap,L,A1,A2,A3,B1,B2,phiA1
cb1,-0.1875,-0.03749999999999998,-0.4773826665851112,1.7200755231218361e-09,0.004208318665444153,0.7333145087994384,0.5178147562155613,0.029017566866454587,0.28826194677927663,0.18070751511736372,0.1621157527805228,2.0075651663893144
A1,A2,A3,B1,B2,phiA1
4.026334821105593,-0.9687806112879116,-0.08137934770502397,-5.530798041775142,0.6553646514362299,0.09223621866283337
ans,J2,J3,Energy,Sigma,gap,L,A1,A3,B1,B2,B3
3x3,-0.1875,-0.03749999999999998,-0.515330596157632,1.917274457481065e-09,0.0037337448243552587,0.837014862314823,0.5234800378056731,0.335005967573797,0.20670462136732595,0.3860356165563657,0.1671446460338058
A1,A3,B1,B2,B3
4.938383035835159,-0.12390088954816747,-3.9067638013534634,0.6269429420058259,0.05628830734849544
ans,J2,J3,Energy,Sigma,gap,L,A1,A2,B1,B2,B3
q0,-0.1875,-0.03749999999999998,-0.46963472213860374,7.253026049590496e-10,0.0029441125451435237,0.7097776765004776,0.5080304195839003,0.16155215919883406,0.15973471383223134,0.18479499274041605,0.1970452233747404
A1,A2,B1,B2,B3
3.1512570330960443,-1.6863732632543815,-6.88910040125279,0.7044365091246618,0.06084022174945858
