ans,J2,J3,Energy,Sigma,gap,L,A1,A2,A3,B1,B2,phiA1
cb1,0.14999999999999997,-0.03749999999999998,-0.46434943369324433,5.412319923645426e-10,0.006383560412943486,0.6970769192780841,0.5127949805692344,0.041233561228426065,0.2322688124928089,0.1668075143672062,0.1212835872067843,1.9002300511993255
A1,A2,A3,B1,B2,phiA1
3.6523561952606087,0.44064751847372463,-0.08321121569565548,-6.163902721567638,-0.7267519919196275,0.06751599279652973
ans,J2,J3,Energy,Sigma,gap,L,A1,A3,B1,B2,B3
3x3,0.14999999999999997,-0.03749999999999998,-0.4490020619468652,1.2790355613191976e-09,0.05327511279119499,0.6562406010964336,0.5042949813518067,0.1482443933365024,0.1484512712190888,0.2229093667338026,0.0683924320519462
A1,A3,B1,B2,B3
3.444189378143392,-0.08432143872028064,-6.601608149026106,-0.964561763794336,0.0730526750203353
ans,J2,J3,Energy,Sigma,gap,L,A1,A2,B1,B2,B3
q0,0.14999999999999997,-0.03749999999999998,-0.4796326790608646,1.4955745852203209e-09,0.0020895833886088867,0.757967922695032,0.5234252833305459,0.30289063960738044,0.20881420783177643,0.20592522370977878,0.3300324555402111
A1,A2,B1,B2,B3
3.3020253198401406,0.7264189250122399,-4.060418667961585,-0.7014389069581739,0.0772715225139109
