ans,J2,J3,Energy,Sigma,gap,L,A1,A2,A3,B1,B2,phiA1
cb1,-0.11249999999999999,-0.1875,-0.4652130481868226,2.005223462458577e-09,0.03602957031703053,0.695909394489842,0.5104735799344244,0.029984685280173166,0.19958905450518888,0.16230339659365037,0.1398416373935658,2.0992329967123498
A1,A2,A3,B1,B2,phiA1
3.6854963525456697,-0.5518918655411653,-0.5818678872060445,-6.06648065115678,0.404343225568482,0.023213653221887395
ans,J2,J3,Energy,Sigma,gap,L,A1,A3,B1,B2,B3
3x3,-0.11249999999999999,-0.1875,-0.48571265494700755,2.363031322785779e-10,0.004673105694500341,0.7577116074196208,0.5204583955426475,0.26252742764893855,0.19040228535455725,0.3360671688157512,0.14565144933593177
A1,A3,B1,B2,B3
3.872901999102396,-0.5998535002049721,-4.909406214892442,0.37425618160114027,0.34861002973229915
ans,J2,J3,Energy,Sigma,gap,L,A1,A2,B1,B2,B3
q0,-0.11249999999999999,-0.1875,-0.47776997978866464,5.02626550220866e-10,0.0021163196106426547,0.7405095068860683,0.5165894637460657,0.2266686720675566,0.18275940392508636,0.1987661719485005,0.26833905175299627
A1,A2,B1,B2,B3
3.622879773956811,-0.7002176616310862,-5.865752328304552,0.12712053631958042,0.10236256287043943
