ans,J2,J3,Energy,Sigma,gap,L,A1,A2,A3,B1,B2,phiA1
cb1,-0.2625,-0.03749999999999998,-0.48137477157054853,2.230921458970827e-09,0.003790390555453134,0.7441735378488601,0.5184936932683655,0.028405154194222227,0.2990069313893646,0.18371715811645983,0.1690255462492326,2.0202126909565226
A1,A2,A3,B1,B2,phiA1
3.641198453863126,-1.0994538612862925,-0.015654144647214707,-5.4186655162880015,0.8999467837611519,0.09267586698058498
ans,J2,J3,Energy,Sigma,gap,L,A1,A3,B1,B2,B3
3x3,-0.2625,-0.03749999999999998,-0.5389793115186591,2.3352999834261435e-09,0.003282522726364572,0.897234018839105,0.5233193215584799,0.3584666833980024,0.2146209396374094,0.4069949365335413,0.18146609497458233
A1,A3,B1,B2,B3
3.9431791165611685,-0.48461235024888083,-4.158673405640911,0.5566658245470535,0.031086244689504383
ans,J2,J3,Energy,Sigma,gap,L,A1,A2,B1,B2,B3
q0,-0.2625,-0.03749999999999998,-0.47123041008482014,1.2155595500964875e-09,0.0030675254366629053,0.7113504370502669,0.5049136115477084,0.14377327080862573,0.15278132543890235,0.18339662564057999,0.18177974083668466
A1,A2,B1,B2,B3
3.080369292973728,-2.3910318169839684,-7.274458813100182,1.37340139261255,0.0677791156533658
