ans,J2,J3,Energy,Sigma,gap,L,A1,A2,A3,B1,B2,phiA1
cb1,0.14999999999999997,-0.07500000000000001,-0.4624780620964888,7.732394829731152e-09,0.007902850593418224,0.6911774099860276,0.511328316516949,0.03711965700205107,0.21495107500632968,0.16356597110181556,0.11359039000709428,1.889368416802172
A1,A2,A3,B1,B2,phiA1
3.604228027143108,0.43348657996489237,-0.18618440122963875,-6.3954952445044455,-0.7417955139032983,0.05661748847529679
ans,J2,J3,Energy,Sigma,gap,L,A1,A3,B1,B2,B3
3x3,0.14999999999999997,-0.07500000000000001,-0.4484062648089725,5.757045689663257e-09,0.05350269154057485,0.6548237850518175,0.50351406778421,0.13857080783624878,0.1471594606970125,0.2178212415227817,0.06830484750221691
A1,A3,B1,B2,B3
3.4043323715593488,-0.19001467066459554,-6.711076139254146,-0.9823253321883385,0.1407207683712386
ans,J2,J3,Energy,Sigma,gap,L,A1,A2,B1,B2,B3
q0,0.14999999999999997,-0.07500000000000001,-0.48388085090120525,1.0561787450241209e-09,0.0019894963378325487,0.7709194695879138,0.5237633937340243,0.3138925792579562,0.21220396569278693,0.208785776027527,0.34270408923983026
A1,A2,B1,B2,B3
3.828715122722315,0.15631940186722204,-4.744871162642994,-2.277733557320971,0.7012168623532489
