ans,J2,J3,Energy,Sigma,gap,L,A1,A2,A3,B1,B2,phiA1
cb1,0.0,0.22500000000000003,-0.497394792962765,8.095232853327439e-10,0.005060755922860596,0.792467615638084,0.518766940982523,0.0,0.39245587177135216,0.19429481457395895,0.0,1.937951259801679
A1,A2,A3,B1,B2,phiA1
4.032996159253344,0.0,0.354605234065275,-5.176081785407405,0.0,0.14698242623012447
ans,J2,J3,Energy,Sigma,gap,L,A1,A3,B1,B2,B3
3x3,0.0,0.22500000000000003,-0.48780891832351414,5.612083055691593e-09,0.0070158228739058736,0.7614645906736556,0.5172703767451642,0.33567618656825293,0.1861201075424122,0.0,0.12255910455455749
A1,A3,B1,B2,B3
3.8081759967667494,0.35271785492341223,-5.3402837707494655,0.0,-0.528355137419112
ans,J2,J3,Energy,Sigma,gap,L,A1,A2,B1,B2,B3
q0,0.0,0.22500000000000003,-0.4581094569115171,7.257338102396798e-11,0.004276546541898362,0.6808012892664677,0.507992848902749,0.0,0.16007089631834565,0.0,0.1733672509750168
A1,A2,B1,B2,B3
3.457178987531506,-0.0,-6.65034693980715,0.0,-0.6427081089555031
