ans,J2,J3,Energy,Sigma,gap,L,A1,A2,A3,B1,B2,phiA1
cb1,0.14999999999999997,0.3,-0.5004417676465185,1.5466564543638898e-09,0.0025478686554417152,0.8009593508379614,0.5169518908589186,0.07487669749408146,0.4101820686205466,0.19456177233963756,0.18672895880606064,1.954929935496175
A1,A2,A3,B1,B2,phiA1
2.236322238502453,0.6333822355486518,0.3547162563677375,-5.26589882809958,-0.005773159728050814,0.15422885191185284
ans,J2,J3,Energy,Sigma,gap,L,A1,A3,B1,B2,B3
3x3,0.14999999999999997,0.3,-0.462736071914909,1.4054341267866574e-09,0.04186509645940406,0.6946456509369954,0.5095480522763007,0.2895884649134057,0.16333589882737598,0.29798652603484943,0.07558276852794338
A1,A3,B1,B2,B3
3.605227227865271,0.3342326415634034,-5.992095708506895,-0.7894240816597176,-0.7951972413877684
ans,J2,J3,Energy,Sigma,gap,L,A1,A2,B1,B2,B3
q0,0.14999999999999997,0.3,-0.4554501069383405,1.0242498224827428e-09,0.004192060276416251,0.6784973616271239,0.5124905224680704,0.19178956005404435,0.17268432188659824,0.17545963157795666,0.199989189848951
A1,A2,B1,B2,B3
3.4766634016136777,0.2153277556260491,-5.865086194489777,-0.6376010830422274,-1.0945688799779418
