ans,J2,J3,Energy,Sigma,gap,L,A1,A2,A3,B1,B2,phiA1
cb1,0.14999999999999997,0.03749999999999998,-0.46909059893352645,1.7191417247501135e-09,0.004534454337938734,0.7120436957018531,0.5156065697766141,0.04964467444679653,0.2713165025159166,0.17385863803997217,0.13720874223032165,1.9178770126936384
A1,A2,A3,B1,B2,phiA1
3.6381453405454067,0.4522493490810575,0.06750155989720952,-5.949629677814983,-0.5561662241859722,0.09013845225780413
ans,J2,J3,Energy,Sigma,gap,L,A1,A3,B1,B2,B3
3x3,0.14999999999999997,0.03749999999999998,-0.450534159867569,8.543669894598043e-10,0.05174020829013841,0.6601755454175441,0.5060161409663996,0.16988666765951096,0.1514585790227182,0.23513962177864545,0.06950655279294958
A1,A3,B1,B2,B3
3.5211833449011465,0.06672440377997191,-6.387446127575913,-0.9269807144107745,-0.07716050021144838
ans,J2,J3,Energy,Sigma,gap,L,A1,A2,B1,B2,B3
q0,0.14999999999999997,0.03749999999999998,-0.47210303980577717,1.053167376715643e-09,0.0023460876501138284,0.7342283024031105,0.5220753422216914,0.2789138135025367,0.2012350445685555,0.19948303834709555,0.3024524643040217
A1,A2,B1,B2,B3
3.8393732637587163,0.8075762281123389,-4.885758464467926,-0.7730482920464965,-0.08870681966755001
