ans,J2,J3,Energy,Sigma,gap,L,A1,A2,A3,B1,B2,phiA1
cb1,-0.22499999999999998,0.22500000000000003,-0.513471385755982,1.1270190414108634e-09,0.0023474521638872483,0.8341424176719641,0.5185729780964818,0.029800016884901456,0.41680476361611646,0.20086751275993645,0.19801173390239393,1.9435283565928367
A1,A2,A3,B1,B2,phiA1
2.284616940073647,-1.3009593402557584,0.4014566457044566,-5.090372567906343,0.8767431225464861,0.1752520351061548
ans,J2,J3,Energy,Sigma,gap,L,A1,A3,B1,B2,B3
3x3,-0.22499999999999998,0.22500000000000003,-0.5557796650743392,8.586743756947106e-10,0.0036785445977099394,0.9323836484749627,0.5189478365533846,0.4015553248518292,0.21264564239045933,0.4167639151441517,0.1743179118302758
A1,A3,B1,B2,B3
4.970801548154213,0.4062306047103448,-4.246825113796149,0.8003597784522753,-0.982214309885876
ans,J2,J3,Energy,Sigma,gap,L,A1,A2,B1,B2,B3
q0,-0.22499999999999998,0.22500000000000003,-0.4635217329333545,2.519802734030108e-09,0.004723435751298928,0.6885822974818034,0.5003116352350451,0.1117098705081899,0.14234698678347962,0.17136318787304494,0.13631797888515823
A1,A2,B1,B2,B3
3.1493696539541816,-2.275124533213102,-7.9058426472045085,0.8201217482906031,-0.8578693311278585
