ans,J2,J3,Energy,Sigma,gap,L,A1,A2,A3,B1,B2,phiA1
cb1,0.11249999999999999,0.0,-0.4676830487365548,1.809734528909299e-09,0.005206614685078906,0.7072450366626738,0.5149219352838744,0.04466763913431961,0.0,0.17176336168397255,0.13389514556777568,1.921312521878772
A1,A2,A3,B1,B2,phiA1
3.707922857643098,0.3607669718519446,0.0,-5.862199614625752,-0.48100412541884907,0.08276657137429311
ans,J2,J3,Energy,Sigma,gap,L,A1,A3,B1,B2,B3
3x3,0.11249999999999999,0.0,-0.453941184879153,9.054547043996724e-10,0.030656892976479035,0.6689985094833815,0.5081131662255013,0.0,0.15603667490380407,0.24700635244781094,0.0
A1,A3,B1,B2,B3
3.533118242415867,-0.0,-6.474099034647907,-0.6415423747796467,0.0
ans,J2,J3,Energy,Sigma,gap,L,A1,A2,B1,B2,B3
q0,0.11249999999999999,0.0,-0.47278885817367766,1.016813277601737e-09,0.002297068020596534,0.7351316324686503,0.5216693364965129,0.2719630423498559,0.19897234232385802,0.19955673035345403,0.0
A1,A2,B1,B2,B3
5.491163079796024,0.9275913370743183,-5.997091712117708,-1.9985124666277443,0.0
