ans,J2,J3,Energy,Sigma,gap,L,A1,A2,A3,B1,B2,phiA1
cb1,0.11249999999999999,0.22500000000000003,-0.4908593852292803,2.0644939565327166e-09,0.002765301869876272,0.7755065628747728,0.518553868165881,0.06633960885590708,0.3791468742000537,0.19127291431669546,0.17778275749257647,1.9450392131583816
A1,A2,A3,B1,B2,phiA1
3.496314349149543,0.38125058665627876,0.8696376951888851,-2.579159108506701,-0.5895284260759581,0.1423094975194772
ans,J2,J3,Energy,Sigma,gap,L,A1,A3,B1,B2,B3
3x3,0.11249999999999999,0.22500000000000003,-0.46391554502366816,1.3400787988003147e-09,0.023795567826379812,0.6971271094220144,0.5119626538058732,0.27426901032922046,0.16682120274802298,0.2975433933408648,0.08527745604600287
A1,A3,B1,B2,B3
3.6494696153965833,0.2844391389089651,-6.0305649363101566,-0.5723754803454995,-0.5644373857194296
ans,J2,J3,Energy,Sigma,gap,L,A1,A2,B1,B2,B3
q0,0.11249999999999999,0.22500000000000003,-0.45813115592849685,2.331629063872946e-09,0.0036923956101933015,0.6859642364753981,0.5135108598073573,0.19728094227671336,0.17437008680039173,0.17903665649733122,0.21066497034618875
A1,A2,B1,B2,B3
3.5905167727889875,0.20844437287337314,-5.744016373654404,-0.508981745639403,-0.7914224831040428
