ans,J2,J3,Energy,Sigma,gap,L,A1,A2,A3,B1,B2,phiA1
cb1,0.11249999999999999,0.2625,-0.4965134193933841,2.128014594653571e-09,0.002636102503051562,0.7906328281566514,0.5179296485671749,0.06906078988595481,0.3971908996830456,0.19351284772300928,0.18353809730594642,1.9470317382715363
A1,A2,A3,B1,B2,phiA1
4.630074101896753,0.38979930394589246,0.5377920331284258,-6.790457085514845,-1.3071765891936593,0.14926726521480269
ans,J2,J3,Energy,Sigma,gap,L,A1,A3,B1,B2,B3
3x3,0.11249999999999999,0.2625,-0.46665377347218656,1.928350913361561e-09,0.023030266539624963,0.704776499098981,0.5117885153451249,0.2927504698125433,0.16819421555069997,0.3066715535924313,0.08610732334233999
A1,A3,B1,B2,B3
3.629208045197174,0.32573943542502093,-6.0387250755411515,-0.5634936961484982,-0.6871725410917406
ans,J2,J3,Energy,Sigma,gap,L,A1,A2,B1,B2,B3
q0,0.11249999999999999,0.2625,-0.45656675359337856,3.158605582067567e-09,0.004047501979356968,0.6806663170781108,0.5120164537520921,0.18665911788374642,0.1708112735202592,0.17610688674259167,0.19782615351020155
A1,A2,B1,B2,B3
3.718692020981962,0.21277424266941125,-6.200373547926574,-0.5199174424319608,-0.8167355680654964
