ans,J2,J3,Energy,Sigma,gap,L,A1,A2,A3,B1,B2,phiA1
cb1,0.22500000000000003,-0.15,-0.45833953731874766,1.9492561642995113e-09,0.014789425259882215,0.6786492313246915,0.5069125660561244,0.0269497259866478,0.17106013840028528,0.15531398924417888,0.08529478076060223,1.8026194660963983
A1,A2,A3,B1,B2,phiA1
3.459732500488144,0.5365707878013382,-0.4858335955759685,-6.841027744286521,-1.3679057886406554,0.017928991624671653
ans,J2,J3,Energy,Sigma,gap,L,A1,A3,B1,B2,B3
3x3,0.22500000000000003,-0.15,-0.44167738803063844,2.698136701057812e-11,0.09175993304299603,0.6393652863743305,0.4974862549531281,0.09302012086747155,0.1362944332280556,0.1844867137324283,0.05533373181300601
A1,A3,B1,B2,B3
3.2394087412512818,-0.48711035205428743,-6.96631641261547,-1.833089235958596,0.26911806116913795
ans,J2,J3,Energy,Sigma,gap,L,A1,A2,B1,B2,B3
q0,0.22500000000000003,-0.15,-0.5044425845516315,9.709346543016006e-09,0.0018047288503835945,0.8296316317626243,0.5226893885924687,0.36168463742671886,0.225942887800746,0.21792907391010244,0.3888652613702324
A1,A2,B1,B2,B3
8.729905687232531,5.990319351667495,-3.280153926255025,-1.5837331446277858,0.8134604101428522
