ans,J2,J3,Energy,Sigma,gap,L,A1,A2,A3,B1,B2,phiA1
cb1,-0.1875,0.3,-0.5243138132471218,1.1849930079847513e-09,0.002284339780736791,0.86064700052617,0.5162721778681032,0.03071109377099775,0.44032172010783754,0.20249176816878955,0.20300025651152878,1.9347669594792465
A1,A2,A3,B1,B2,phiA1
2.1160850849355484,-2.5224267119483557,2.09099404457902,-5.006439707244681,0.2006173005497658,0.1593369880481532
ans,J2,J3,Energy,Sigma,gap,L,A1,A3,B1,B2,B3
3x3,-0.1875,0.3,-0.553006411861056,3.04456239896823e-09,0.003992810062776087,0.9227253747732472,0.5167751225046547,0.40950748322156216,0.20872767183961866,0.41322752945362123,0.16659446502327568
A1,A3,B1,B2,B3
3.4920955016559674,0.2787770014833768,-2.7264857038744594,0.26767477123712524,-0.7710498906021712
ans,J2,J3,Energy,Sigma,gap,L,A1,A2,B1,B2,B3
q0,-0.1875,0.3,-0.46094865642174004,2.187699884146716e-09,0.005382063037862604,0.682023113278153,0.49989966866659563,0.10838247167169542,0.14163918832549063,0.16836765499861114,0.12859151401831714
A1,A2,B1,B2,B3
3.1536995237502197,-1.7326140522300193,-7.910838650815322,0.6813438702124586,-1.3719581026805372
