ans,J2,J3,Energy,Sigma,gap,L,A1,A3,B1,B2,B3
3x3,-0.15,-0.15,-0.49670551433923005,9.619922218949332e-11,0.001226381872173316,0.7880503837994259,0.5223625971971357,-0.2911435369385845,0.19805990344764743,0.35810199574371,-0.15654556863662739
A1,A3,B1,B2,B3
7.9577455736057345,-1.1166623181679824,-4.692579658183149,1.591948795010012,2.6593172108846375
ans,J2,J3,Energy,Sigma,gap,L,A1,A2,B1,B2,B3
q0,-0.15,-0.15,-0.4743370589397874,6.521852338303253e-12,0.0021949288268813443,0.7270508916464982,0.5128641650750011,0.19817428018785588,0.17261817963224263,0.19296617997027207,-0.2377970575778493
A1,A2,B1,B2,B3
0.6908917882242349,-0.8467671008816069,-0.45985437679973984,2.247757535656092,0.25224267119483557
