ans,J2,J3,Energy,Sigma,gap,L,A1,A3,B1,B2,B3
3x3,-0.15,-0.22499999999999998,-0.49257187500451116,3.745571476074638e-10,0.001238918416387927,0.7766596454495205,0.5214066293242461,-0.27213721224435405,0.19514545268695135,0.34777985212804435,-0.15462184527945655
A1,A3,B1,B2,B3
6.764033777528766,-3.569700091077266,-5.4216631184544894,7.930434087199956,14.95914503379936
ans,J2,J3,Energy,Sigma,gap,L,A1,A2,B1,B2,B3
q0,-0.15,-0.22499999999999998,-0.47903091548042576,4.0716088838197915e-10,0.001266219246429738,0.7424361999029127,0.5151557875758942,0.21908372385638097,0.17979248954845478,0.19836345695054267,-0.2624917199713126
A1,A2,B1,B2,B3
5.4216631184544894,-5.356937116118843,-0.6515898931525044,16.079026998738755,9.492628905150013
ans,J2,J3,Energy,Sigma,gap,L,A1,A2,A3,B1,B2,phiA1
cb1,-0.15,-0.22499999999999998,-0.465246074308247,1.830729111882373e-09,0.07625829956693027,0.6950295653890073,0.5083785659873197,0.03278083564181583,-0.17982595622733155,0.1588510183195257,0.14611078820103968,2.2015684244184515
A1,A2,A3,B1,B2,phiA1
15.6953339214283,-37.30954434288947,-12.421286221808714,-3.5217939675646903,4.113820395446055,0.00029611827878639474
