ans,J2,J3,Energy,Sigma,gap,L,A1,A3,B1,B2,B3
3x3,0.07500000000000001,-0.22499999999999998,-0.4538571412881916,8.756527426074368e-10,0.007764612672058678,0.669303833127428,0.5061805214898419,-0.14549835146352108,0.15382338422306646,0.23328301165699283,-0.0862661533870195
A1,A3,B1,B2,B3
1.6597279106633778,-9.556411217914729,-9.635958697629121,-26.239233008595875,0.47328807539770423
ans,J2,J3,Energy,Sigma,gap,L,A1,A2,B1,B2,B3
q0,0.07500000000000001,-0.22499999999999998,-0.4926225343449183,3.173638030471533e-09,5.352502914641661e-05,0.7948245668146038,0.5232720958532383,0.31660645173109475,0.21359245133301236,0.212345493135265,-0.35255730059555923
A1,A2,B1,B2,B3
22.00761795023709,17.282619779734887,-44.36195855106462,-11.417755629850035,17.095769244690473
