ans,J2,J3,Energy,Sigma,gap,L,A1,A3,B1,B2,B3
3x3,-0.15,0.22500000000000003,-0.5306146050909651,1.0553326060748857e-09,0.00124310185427449,0.8710866706306218,0.5193302218009558,-0.3858267235338152,0.20558393833630442,0.40013087108181433,-0.16050060043243197
A1,A3,B1,B2,B3
16.689538639980128,5.569211758427173,-25.38280696740003,10.070277944862482,-0.2799982468104645
ans,J2,J3,Energy,Sigma,gap,L,A1,A2,B1,B2,B3
q0,-0.15,0.22500000000000003,-0.46112306955350524,3.310152518960933e-09,0.00886664170106192,0.6837736065722247,0.5022063869456187,0.12181524650582265,0.1466263308010618,0.17096959375962795,-0.14324211027519065
A1,A2,B1,B2,B3
10.58125809194621,-51.74338735258743,-20.81773642359508,4.8757664572463,-7.97872878877115
ans,J2,J3,Energy,Sigma,gap,L,A1,A2,A3,B1,B2,phiA1
cb1,-0.15,0.22500000000000003,-0.5072046162278254,7.882607721655394e-09,-0.016879478557286835,0.8178173660214535,0.5185210822927109,0.046388203469875405,-0.4078228479645761,0.19806058373611948,0.19295390516725858,1.928143951817937
A1,A2,A3,B1,B2,phiA1
7.896461262646426,-18.339552099178036,18.032353388264255,-78.78231400582081,30.776048376424114,0.00022204791116919864
