ans,J2,J3,Energy,Sigma,gap,L,A1,A3,B1,B2,B3
3x3,0.22500000000000003,-0.07500000000000001,-0.4421908309348163,3.0672961322381165e-09,0.09214306188369217,0.6402339873725994,0.498553591440549,-0.1046768528560319,0.13786266644421438,0.19050080713739206,-0.055044628468472356
A1,A3,B1,B2,B3
35.78926044411901,-32.68474380035968,-15.992984714330305,-5.897171639901444,20.678014855946003
ans,J2,J3,Energy,Sigma,gap,L,A1,A2,B1,B2,B3
q0,0.22500000000000003,-0.07500000000000001,-0.49223327653700477,5.105137978717169e-10,0.001869090576950984,0.7958117840480572,0.5233113693557829,0.3423681592570015,0.22145431188756712,0.2122881109728614,-0.36764481661719467
A1,A2,B1,B2,B3
4.117817198334706,17.002177443714572,-6.549094599961336,-12.051359910003612,4.044431456406983
ans,J2,J3,Energy,Sigma,gap,L,A1,A2,A3,B1,B2,phiA1
cb1,0.22500000000000003,-0.07500000000000001,-0.46097585407880154,2.5160701312117314e-09,0.006953169646216729,0.6864053189784766,0.5095327847632238,0.03483468649952537,-0.1993498201223598,0.16013800561603037,0.10062796564650378,1.8439854002905411
A1,A2,A3,B1,B2,phiA1
15.272005882138728,10.55516785086752,-15.765277971979685,-6.670164420796709,-24.89919381787331,0.003547420842631155
