ans,J2,J3,Energy,Sigma,gap,L,A1,A3,B1,B2,B3
3x3,0.3,0.14999999999999997,-0.4389479132769685,2.240066722764785e-10,0.08463281163893967,0.6327149395972687,0.4981490450499392,-0.1199163705116294,0.1360910661887215,0.1921838671539183,-0.0456053262695003
A1,A3,B1,B2,B3
6.405320718272378,10.249190385280826,-7.737366303217641,-4.210631843193369,-0.5799805080641818
ans,J2,J3,Energy,Sigma,gap,L,A1,A2,B1,B2,B3
q0,0.3,0.14999999999999997,-0.4744621866677309,6.23364063329718e-09,0.0027227056918094216,0.7440686744531964,0.5229075646814138,0.31648961838087886,0.2140241466343192,0.20162042627103152,-0.3318274494035038
A1,A2,B1,B2,B3
13.780088181647443,52.36233668881596,-41.85662927369549,-30.26345840595468,-25.180968421523175
ans,J2,J3,Energy,Sigma,gap,L,A1,A2,A3,B1,B2,phiA1
cb1,0.3,0.14999999999999997,-0.47315491409412047,6.5428968577870366e-09,-0.007438901151174387,0.7246594203454076,0.5160490332479087,0.05892893005765992,-0.30389856994797126,0.1774566869941351,0.14382236875911952,1.9167875757129145
A1,A2,A3,B1,B2,phiA1
22.321589021601085,39.57290051204154,22.06146376693141,-37.93665381834899,-21.029067376332478,0.0045940281945267
