ans,J2,J3,Energy,Sigma,gap,L,A1,A3,B1,B2,B3
3x3,-0.22499999999999998,0.07500000000000001,-0.5378305632206412,2.358249058651712e-10,0.0010486835000443214,0.8928268017461198,0.5222677866428159,-0.3714986593278736,0.21241105576496197,0.40685245851043395,-0.17520608647923586
A1,A3,B1,B2,B3
5.6208371290722425,7.876366225900711,-8.241296534095,8.058109735031849,-3.056443986793056
ans,J2,J3,Energy,Sigma,gap,L,A1,A2,B1,B2,B3
q0,-0.22499999999999998,0.07500000000000001,-0.4667645602705519,4.71207655223781e-10,0.005967398363934145,0.6985723709353124,0.5031386655776513,0.13041971504778724,0.14854154511032056,0.17763488161265475,-0.16123887980136098
A1,A2,B1,B2,B3
2.2030710589149294,-8.678557872343617,-11.463496818464591,1.6073808950523016,-16.03250865400696
ans,J2,J3,Energy,Sigma,gap,L,A1,A2,A3,B1,B2,phiA1
cb1,-0.22499999999999998,0.07500000000000001,-0.4905098698852225,1.0143811390201761e-09,-0.01060991755243292,0.7719673775067228,0.5199750160770847,0.04108981998401856,-0.34927879244432913,0.19115531802736635,0.179206383810765,1.9577930799209982
A1,A2,A3,B1,B2,phiA1
11.189493775987103,-22.574164759703308,10.117462423409052,-12.751022460122385,8.427925024534488,0.0006603174507180398
