ans,J2,J3,Converge,Energy,Sigma,gap,L,A1,A3,B1,B2,B3,phiB1,phiB2,phiA3
3x3_1,0.22500000000000003,-0.15,True,-0.44168508873806944,4.07155494453394e-09,0.09155791569871632,0.6393526406889654,0.49747798398630966,0.09296213781454446,0.1362704690713185,0.18448637674968518,-0.055217483686534494,3.141492165953874,-0.00023149114031373362,3.133715577622448
ans,J2,J3,Converge,Energy,Sigma,gap,L,A1,A2,B1,B2,B3,phiB1,phiA2,phiB2
q0_1,0.22500000000000003,-0.15,True,-0.5048406172698878,1.558583874377582e-09,0.001780237212704662,0.8325257055945516,0.5221992635414298,0.36577339165794176,0.22610079007074374,0.21821446533374828,-0.39092493625399044,3.141691239211105,3.1528620985298095,3.142518000671029
ans,J2,J3,Converge,Energy,Sigma,gap,L,A1,A2,A3,B1,B2,phiA1,phiB1,phiA2,phiB2
cb1,0.22500000000000003,-0.15,False,-0.46845518868778185,1.5934193154320824e-09,0.003679048820755575,0.7101917728803697,0.5155807225722171,0.13416385983498946,-0.2374994137903177,0.1772445502113258,9.955778725692643e-05,1.9132702890867948,3.137567975114172,4.182688866713988,3.667119763329363
