ans,J2,J3,Converge,Energy,Sigma,gap,L,A1,A3,B1,B2,B3,phiB1,phiB2,phiA3
3x3_1,-0.07500000000000001,-0.3,True,-0.4738505741607062,6.794847858355176e-09,0.004211534075279456,0.7246480553117651,0.5159978410275828,0.21340859384032818,0.17856324968616658,0.300933699768525,-0.13180897144900622,3.1416801926392335,-0.0004302072072705607,3.1426071704009404
ans,J2,J3,Converge,Energy,Sigma,gap,L,A1,A2,A3,B1,B2,phiA1,phiB1,phiA2,phiB2
cb1,-0.07500000000000001,-0.3,True,-0.46522275623769405,3.6892956740315836e-09,0.0525182317163542,0.6937629070682603,0.5087969163897754,0.06866680218481382,-0.18324427775357224,0.15839911384236527,0.2370269721261469,2.029936131221539,3.1422186196543134,4.237353456443757,5.268324760501202
ans,J2,J3,Converge,Energy,Sigma,gap,L,A1,A2,B1,B2,B3,phiB1,phiA2,phiB2
q0_1,-0.07500000000000001,-0.3,False,-0.49217364101205996,1.5088562256384267e-07,0.0017588620564534172,0.7882430208052285,0.521361489839364,0.24586377103663803,0.2023142934608586,0.21140712983384113,-0.33059195627798854,3.1415125404742095,3.1915574401323945,3.1429509402405444
