ans,J2,J3,Converge,Energy,Sigma,gap,L,A1,A3,B1,B2,B3,phiB1,phiB2,phiA3
3x3_1,0.3,0.3,True,-0.44198115129645715,3.7658213242421695e-09,0.10691145852964548,0.6403752465551275,0.5018678765134594,0.18449681195506012,0.1426152989110448,0.22598955635185164,-0.046374501720817904,3.1415550256190037,0.00013393664568889702,3.14035229603793
ans,J2,J3,Converge,Energy,Sigma,gap,L,A1,A2,B1,B2,B3,phiB1,phiA2,phiB2
q0_1,0.3,0.3,True,-0.46127469871432536,1.1180115350381256e-09,0.002614363865609165,0.705290054130377,0.5197189728208876,0.2741560888642868,0.19885461880395067,0.1895058543195839,-0.2792348336476544,3.1416210631605406,3.1536112121584754,3.1438707246601187
ans,J2,J3,Converge,Energy,Sigma,gap,L,A1,A2,A3,B1,B2,phiA1,phiB1,phiA2,phiB2
cb1,0.3,0.3,True,-0.4599066857043223,2.9051402441076395e-09,0.0028477769826079588,0.7017159766419744,0.5168698685126158,0.1619586273910489,-0.31955813130218597,0.1861234142702653,0.29287340196612216,1.894377369446859,3.1334472465743186,4.185769283850496,5.250332382209057
