ans,J2,J3,Energy,Sigma,gap,L,A1,A3,B1,B2,B3
3x3,0.0,0.3,-0.49579452119875,2.955235102672833e-10,0.005263652559099332,0.7811548002493708,0.5151738112431754,-0.3619368695059171,0.186835281926101,0.0,-0.1224342363299854
A1,A3,B1,B2,B3
5.784150935994603,13.065548642998692,-4.923284002700257,0.0,-8.192668765616418
ans,J2,J3,Energy,Sigma,gap,L,A1,A2,B1,B2,B3
q0,0.0,0.3,-0.4561628214808046,2.1342153507099347e-09,0.010154302583063716,0.674246565459514,0.5057316732915047,0.0,0.15512587056456767,0.0,-0.1554645698592622
A1,A2,B1,B2,B3
12.949308292320438,-0.0,-7.4431572016919745,0.0,-43.71647488454755
ans,J2,J3,Energy,Sigma,gap,L,A1,A2,A3,B1,B2,phiA1
cb1,0.0,0.3,-0.5099787447035942,7.158761974704355e-11,0.004206512994070807,0.8246088671044769,0.5168220720270988,0.0,-0.4242492355542825,0.19776930918837338,0.0,1.9351644170751339
A1,A2,A3,B1,B2,phiA1
2.3409052474221426,0.0,7.350009489925924,-2.0761170560490427,0.0,0.27883473308065726
