ans,J2,J3,Energy,Sigma,gap,L,A1,A3,B1,B2,B3
3x3,0.14999999999999997,-0.07500000000000001,-0.44840848255339505,4.275488978745396e-09,0.051963835539022105,0.6547672338978918,0.5034685029808258,-0.1389393535485795,0.14706061219136674,0.2176152586000469,-0.06775342963381116
A1,A3,B1,B2,B3
22.43000229995573,-48.83266013777643,-36.06676068912407,-4.536093722862233,8.146650021245705
ans,J2,J3,Energy,Sigma,gap,L,A1,A2,B1,B2,B3
q0,0.14999999999999997,-0.07500000000000001,-0.48389768295240154,2.072363959084645e-09,0.004112035664170341,0.7707588633182866,0.52399077703565,0.3132983214656809,0.21265074135922837,0.20877480358500652,-0.34321781951591673
A1,A2,B1,B2,B3
3.159805750385658,30.993541066948183,-30.17031069418863,-6.159850407527756,12.393086556983235
ans,J2,J3,Energy,Sigma,gap,L,A1,A2,A3,B1,B2,phiA1
cb1,0.14999999999999997,-0.07500000000000001,-0.4625281485366171,1.341956450124779e-09,0.014347409763070012,0.6909805127581858,0.5112392435814194,0.03639207308600574,-0.21383090364091065,0.1632824952862463,0.11327815536349042,1.890024007072099
A1,A2,A3,B1,B2,phiA1
3.022415651088295,17.224666137849454,-3.889888411379161,-13.772760709684917,-2.0771162567712054,2.8757568548698482
