ans,J2,J3,Energy,Sigma,gap,L,A1,A3,B1,B2,B3
3x3,-0.15,0.14999999999999997,-0.521937979406403,2.1101130188222095e-09,0.0030602772773715174,0.8512789950882398,0.5212124574027318,-0.36808430948802273,0.2053794723176189,0.3938589946062074,-0.1611489229468746
A1,A3,B1,B2,B3
6.837752586363877,14.710010987073474,-0.5760947274779937,10.67612664940043,-41.62525879536361
ans,J2,J3,Energy,Sigma,gap,L,A1,A2,B1,B2,B3
q0,-0.15,0.14999999999999997,-0.4630707561082333,2.986749875306649e-09,0.008140543881085326,0.6901046895065636,0.5042425539999849,0.13435123294014942,0.15070741439497634,0.17523623654612758,-0.1598739790548463
A1,A2,B1,B2,B3
25.103641387858033,-15.403456288254347,-36.600278363607686,15.524470597938489,-23.209933974754904
ans,J2,J3,Energy,Sigma,gap,L,A1,A2,A3,B1,B2,phiA1
cb1,-0.15,0.14999999999999997,-0.49586482833716594,6.177488629168811e-09,0.004596005235735893,0.7877444260342541,0.5198512347848113,0.04507183597034778,-0.37653035615200847,0.19426293225368285,0.1843837750572894,1.942540019462822
A1,A2,A3,B1,B2,phiA1
15.039747225387146,-14.161560812908647,17.396750706666353,-56.17240006472457,22.83107036760157,4.20892098951242
