ans,J2,J3,Energy,Sigma,gap,L,A1,A3,B1,B2,B3
3x3,-0.07500000000000001,0.3,-0.5168571753932181,2.7880957517897085e-09,0.0038388693791300494,0.8344063451401479,0.5164911506289508,-0.3854134902229478,0.19684572960865568,0.3862409235827033,-0.1427583194162642
A1,A3,B1,B2,B3
23.293700301962872,15.574541656349083,-44.01956577027022,8.060996314895874,-0.4807265696626928
ans,J2,J3,Energy,Sigma,gap,L,A1,A2,B1,B2,B3
q0,-0.07500000000000001,0.3,-0.45776288827041883,1.8614198143438395e-09,0.01051334676761294,0.6762942964279357,0.5030924538604872,0.12591439465475168,0.14880645940554663,0.16857206389108348,-0.14210571215552664
A1,A2,B1,B2,B3
32.4613669278051,-15.896228777734223,-2.5474067300024217,18.915091715143717,-13.810119714463553
ans,J2,J3,Energy,Sigma,gap,L,A1,A2,A3,B1,B2,phiA1
cb1,-0.07500000000000001,0.3,-0.515316919033611,1.0626822824936163e-08,0.0040866165170997115,0.8380145070082095,0.5165947807358894,0.051193410047064604,-0.43097656665433987,0.1994808774599268,0.19738903223506438,1.929106863629407
A1,A2,A3,B1,B2,phiA1
10.88262813198071,-14.253598301650072,44.872883186997115,-56.4024382754269,69.5443702625198,1.6552825776727784
