ans,J2,J3,Converge,Energy,Sigma,gap,L,A1,A3,B1,B2,B3,phiB1,phiB2,phiA3
3x3_1,-0.3,0.22500000000000003,True,-0.7271546215336928,4.29607546283318e-09,0.0016069797199060993,1.3005463409692524,0.5688189427566778,0.12674212551552078,0.06164573697400397,0.44949643506795367,0.4064987959176524,3.1425785546512817,1.4690226926784738e-05,-0.00622638307190295
ans,J2,J3,Converge,Energy,Sigma,gap,L,A1,A2,B1,B2,B3,phiB1,phiA2,phiB2
q0_1,-0.3,0.22500000000000003,True,-0.49939465188248,2.4781894463516044e-09,0.007901973390946474,0.7729871745241651,0.4932812402547977,0.02981631117228493,0.04015213602554418,0.17928567709534277,0.11100765102161443,3.141947905247772,3.2281153142361356,3.141586568394307
