ans,J2,J3,Converge,Energy,Sigma,gap,L,A1,A3,B1,B2,B3,phiB1,phiB2,phiA3
3x3_1,-0.15,0.0,True,-0.7011367511844366,6.006616162670623e-10,0.001603731074631219,1.2473269195286247,0.5696614110436174,0.0,0.06138453973336797,0.44591533051770155,0.0,3.1407921812349495,4.87645432419886e-05,0.0
