ans,J2,J3,Converge,Energy,Sigma,gap,L,A1,A3,B1,B2,B3,phiB1,phiB2,phiA3
3x3_1,-0.15,-0.15,True,-0.7249738569629562,7.2139252120846185e-09,0.001544851266992155,1.303548558072875,0.5686816087128562,0.11359995724379007,0.061955881694464025,0.4520759747199485,0.42015163810485745,3.143041817604614,-0.00027467733835183524,0.014752128777548177
ans,J2,J3,Converge,Energy,Sigma,gap,L,A1,A2,B1,B2,B3,phiB1,phiA2,phiB2
q0_1,-0.15,-0.15,True,-0.49537480008329327,5.69016373389106e-09,0.004929579428328395,0.769474505464636,0.49449670623770575,0.05791590186643722,0.052305114796164315,0.18502474667049315,0.1298871999455137,3.1424320702758792,3.157935901718903,3.141229743206514
