ans,J2,J3,Converge,Energy,Sigma,gap,L,A1,A3,B1,B2,B3,phiB1,phiB2,phiA3
3x3_1,0.3,0.0,True,-0.5499913060040761,3.8057389973490956e-10,0.002484545131408091,0.8879689464980943,0.5611043084874792,0.0,0.05306158923952983,0.3513165804642572,0.0,3.1426543929866946,7.416078977623482e-05,0.0
ans,J2,J3,Converge,Energy,Sigma,gap,L,A1,A2,B1,B2,B3,phiB1,phiA2,phiB2
q0_1,0.3,0.0,True,-0.48132157363084516,2.0283825129795234e-09,0.0023897569502031105,0.7511460711741869,0.5001171073247059,0.26714334981190235,0.142610537812695,0.18735441327305097,0.0,3.139715954364658,3.14338415639715,3.143749626743646
