ans,J2,J3,Converge,Energy,Sigma,gap,L,A1,A3,B1,B2,B3,phiB1,phiB2,phiA3
3x3_1,-0.07500000000000001,0.3,True,-0.6318576861949672,2.2356367150213345e-09,0.0018838385549812932,1.0798806070674787,0.5691976883912745,0.1204982637646206,0.058644192992368095,0.4165080590237373,0.3633831834789329,3.1405667339204446,-0.000839943489973489,-0.000246935111603179
ans,J2,J3,Converge,Energy,Sigma,gap,L,A1,A2,B1,B2,B3,phiB1,phiA2,phiB2
q0_1,-0.07500000000000001,0.3,True,-0.48586548586742817,1.6129489243858157e-09,0.019795943294782507,0.7361611327219401,0.4943430576331931,0.042397485615104646,0.04688802989716429,0.1660657944788791,0.08849604743506682,3.139674655529986,3.1532383000087187,3.1393963269195577
