ans,J2,J3,Converge,Energy,Sigma,gap,L,A1,A2,B1,B2,B3,phiB1,phiA2,phiB2
q0_1,0.0,-0.15,True,-0.4870133317189401,1.6058490960894492e-09,0.005192703889151516,0.7472423090596305,0.4966476830390995,0.0,0.0658232080026141,0.0,0.12538193681167348,3.140824723006129,0.0,0.0
ans,J2,J3,Converge,Energy,Sigma,gap,L,A1,A3,B1,B2,B3,phiB1,phiB2,phiA3
3x3_1,0.0,-0.15,True,-0.665594776362638,5.032447042999426e-10,0.001645757545120077,1.1691264739298497,0.57018966471032,0.10694981303941603,0.060686917151094144,0.0,0.4037342453338294,3.1410556813622743,0.0,-0.0015149729899045631
