ans,J2,J3,Converge,Energy,Sigma,gap,L,A1,A2,B1,B2,B3,phiB1,phiA2,phiB2
q0_1,0.0,-0.15,True,-0.4870133317189401,1.6058490960894492e-09,0.005192703889151516,0.7472423090596305,0.4966476830390995,0.0,0.0658232080026141,0.0,0.12538193681167348,3.140824723006129,0.0,0.0
