ans,J2,J3,Converge,Energy,Sigma,gap,L,A1,A2,B1,B2,B3,phiB1,phiA2,phiB2
q0_1,0.0,-0.22499999999999998,True,-0.48827795036285504,3.6596932260534275e-10,0.004438884208821191,0.7524180779866773,0.49691495569804683,0.0,0.06939111736319352,0.0,0.13418065815118962,3.141166158138149,0.0,0.0
