ans,J2,J3,Converge,Energy,Sigma,gap,L,A1,A3,B1,B2,B3,phiB1,phiB2,phiA3
3x3_1,-0.22499999999999998,0.3,True,-0.6868635453160803,1.6725653768762434e-09,0.0017026519348207405,1.2074190204442248,0.5694521014151852,0.12686868278050584,0.06063993866568487,0.4381756367233409,0.3897558139170149,3.1412392050909754,4.023369611330229e-05,-0.003381834926259644
ans,J2,J3,Converge,Energy,Sigma,gap,L,A1,A2,B1,B2,B3,phiB1,phiA2,phiB2
q0_1,-0.22499999999999998,0.3,True,-0.4940633551856487,1.207307828839223e-09,0.011521428000843093,0.7572118284089462,0.49369631000633496,0.0318454566464629,0.04155442744796557,0.17286393803785172,0.09904610619619778,3.142664115522418,3.207590487533573,3.141893654284327
