ans,J2,J3,Converge,Energy,Sigma,gap,L,A1,A3,B1,B2,B3,phiB1,phiB2,phiA3
3x3_1,0.0,0.22500000000000003,True,-0.6150321662480694,1.2169307098401251e-09,0.001934971332038134,1.0420728510905595,0.5690770760231153,0.11370548390855348,0.057996767098692205,0.0,0.358101017613581,3.1436758119813115,0.0,8.12529309794356e-05
ans,J2,J3,Converge,Energy,Sigma,gap,L,A1,A2,B1,B2,B3,phiB1,phiA2,phiB2
q0_1,0.0,0.22500000000000003,True,-0.482706095378508,8.38607755120023e-10,0.017992672442881778,0.729361966057138,0.49501120294484263,0.0,0.0525969868808924,0.0,0.09034543068903185,3.1439929050762516,0.0,0.0
