ans,J2,J3,Converge,Energy,Sigma,gap,L,A1,A3,B1,B2,B3,phiB1,phiB2,phiA3
3x3_1,0.0,0.3,True,-0.60673047204595,1.3381034206317223e-10,0.002029264933156917,1.0200520269408506,0.5679257280505036,0.1158426875378807,0.05724059453188577,0.0,0.3455605929369758,3.14159982687995,0.0,-0.0003030571269916034
ans,J2,J3,Converge,Energy,Sigma,gap,L,A1,A2,B1,B2,B3,phiB1,phiA2,phiB2
q0_1,0.0,0.3,True,-0.4821291344948963,1.0499276980596533e-09,0.025992179668902066,0.727073150982888,0.4947126850950514,0.0,0.05079728049496639,0.0,0.08516785698513775,3.1421925518695937,0.0,0.0
