ans,J2,J3,Converge,Energy,Sigma,gap,L,A1,A2,B1,B2,B3,phiB1,phiA2,phiB2
q0_1,-0.22499999999999998,0.14999999999999997,True,-0.49569665712420063,4.216259220113255e-09,0.007757792649332586,0.7641096751502923,0.4938008082071394,0.0368864789109211,0.04339328755764201,0.17771050045565817,0.10972197468887604,3.1381139132123432,3.162052594127705,3.1414065473239248
ans,J2,J3,Converge,Energy,Sigma,gap,L,A1,A3,B1,B2,B3,phiB1,phiB2,phiA3
3x3_1,-0.22499999999999998,0.14999999999999997,True,-0.7082531095249776,2.0416061078440466e-09,0.0016213434885354152,1.2599845746272567,0.5694551449298333,0.12256380114544707,0.061354267722997666,0.4461239515077887,0.4050047971081621,3.1408250282685226,-0.00020005552857566445,-0.0034289685252989815
