ans,J2,J3,Converge,Energy,Sigma,gap,L,A1,A3,B1,B2,B3,phiB1,phiB2,phiA3
3x3_1,0.07500000000000001,0.3,True,-0.5836359303245808,3.607959358144011e-09,0.00224275086203298,0.9641886789503732,0.5654911315694873,0.1098766863646498,0.05547643457318293,0.38249581710876945,0.3236789845999966,3.138908846294482,-0.00012761931382091184,0.0016224003311587935
ans,J2,J3,Converge,Energy,Sigma,gap,L,A1,A2,B1,B2,B3,phiB1,phiA2,phiB2
q0_1,0.07500000000000001,0.3,True,-0.47868631077796675,3.4163822132522337e-09,0.030091188567320244,0.7191662195323845,0.4952212771281655,0.06400824213886933,0.056548497161513105,0.1607617082806288,0.08424189940269708,3.1423719301457114,3.179293944446472,3.1359559887129977
