ans,J2,J3,Converge,Energy,Sigma,gap,L,A1,A3,B1,B2,B3,phiB1,phiB2,phiA3
3x3_1,0.0,0.07500000000000001,True,-0.6336031119824078,6.763354570198723e-10,0.001790520392929344,1.0900492938022852,0.5703156033959463,0.11038879665639545,0.05928052537167278,0.0,0.3794976309928126,3.142355779362725,0.0,-0.007718227727161899
ans,J2,J3,Converge,Energy,Sigma,gap,L,A1,A2,B1,B2,B3,phiB1,phiA2,phiB2
q0_1,0.0,0.07500000000000001,True,-0.48409776578255825,2.6616706290363774e-10,0.009852334868200141,0.7351165967418339,0.4956748737606348,0.0,0.057020939951672144,0.0,0.1027019230525683,3.141217035452735,0.0,0.0
