ans,J2,J3,Converge,Energy,Sigma,gap,L,A1,A3,B1,B2,B3,phiB1,phiB2,phiA3
3x3_1,0.0,0.0,True,-0.643767993012139,8.956200518566338e-12,0.0017346750046012026,1.1156097887832617,0.5704919159889985,0.0,0.05981212800083234,0.0,0.0,3.141779261109771,0.0,0.0
ans,J2,J3,Converge,Energy,Sigma,gap,L,A1,A2,B1,B2,B3,phiB1,phiA2,phiB2
q0_1,0.0,0.0,True,-0.4849422417017928,3.232498571245745e-10,0.007736718232908925,0.7386417744510018,0.4960096297153518,0.0,0.059655057861505954,0.0,0.0,3.1411419248137284,0.0,0.0
