ans,J2,J3,Converge,Energy,Sigma,gap,L,A1,A2,B1,B2,B3,phiB1,phiA2,phiB2
q0_1,-0.15,-0.07500000000000001,True,-0.4941787112459203,1.286895202854654e-09,0.005635835102392224,0.7643743203308278,0.4945325298772447,0.05385019914294041,0.05067407648502994,0.18193129075097839,0.12262837956030746,3.1404043323581634,3.1853036008837172,3.141951563615532
ans,J2,J3,Converge,Energy,Sigma,gap,L,A1,A3,B1,B2,B3,phiB1,phiB2,phiA3
3x3_1,-0.15,-0.07500000000000001,True,-0.7128744779900178,2.3417861705321523e-09,0.0015725626365383522,1.2752063663961417,0.569225199268659,0.11486432878049398,0.061688024382160755,0.4491585360065972,0.4152202326918927,3.141008788101516,0.0001631904661854803,0.00010203469008665222
