ans,J2,J3,Energy,Sigma,gap,L,A1,A3,B1,B2,B3
3x3,0.3,-0.22499999999999998,-0.436960700128069,1.4297982835470814e-11,0.09437761966397012,0.6297426948315232,0.49304481086540236,-0.06207115862826329,0.1287110363131374,0.16197316225992958,-0.04787454193912538
A1,A3,B1,B2,B3
0.05928590951498336,-2.771005647161928,-0.8575917753717022,-2.2948309919001986,0.7837619442341293
ans,J2,J3,Energy,Sigma,gap,L,A1,A2,B1,B2,B3
q0,0.3,-0.22499999999999998,-0.530245494477348,1.703177554950402e-09,-0.001418389718480276,0.8941942171479146,0.5187249523429872,0.3932014528791092,0.23447215694676446,0.22327708898266488,-0.4174502569760858
A1,A2,B1,B2,B3
2.7406965585896614,7.956080239068797,-35.438652012942384,-11.078249428919662,15.929257912716821
