ans,J2,J3,Energy,Sigma,gap,L,A1,A3,B1,B2,B3
3x3,-0.07500000000000001,-0.07500000000000001,-0.4830223573852922,8.978744982534648e-10,0.0008164742778274738,0.7503435096293803,0.5203160936000384,-0.2737622617423904,0.18857018425009567,0.3353201995007155,-0.13820685447714084
A1,A3,B1,B2,B3
5.342615239101178,-10.154987961641382,-22.920776387991282,8.968714659829402,12.66520222031886
ans,J2,J3,Energy,Sigma,gap,L,A1,A2,B1,B2,B3
q0,-0.07500000000000001,-0.07500000000000001,-0.47100895162287615,4.9406478326986295e-09,0.0013991716945758086,0.7201302922429141,0.5146890768722131,0.20711879490398177,0.1764642375801308,0.19190444259116168,-0.24234979692173259
A1,A2,B1,B2,B3
11.218304063476126,-52.56661772534699,-5.5939142207250825,3.3750224837092446,44.820369637932345
