ans,J2,J3,Energy,Sigma,gap,L,A1,A3,B1,B2,B3
3x3,0.07500000000000001,-0.15,-0.4550728096412167,4.204970659718598e-09,0.0058767405105432016,0.6722216757334261,0.507734036331763,-0.16155945342169703,0.1564105403204815,0.24228280381004696,-0.08694082785500307
A1,A3,B1,B2,B3
28.790081429974634,-7.321698802797982,-8.049894084649623,-54.370175028850554,17.365997528884236
ans,J2,J3,Energy,Sigma,gap,L,A1,A2,B1,B2,B3
q0,0.07500000000000001,-0.15,-0.48456997847971983,4.4150802111243026e-10,0.0003722473457793897,0.7708053959517099,0.523201829931612,0.2989694469938299,0.2079695938820974,0.20835713759265104,-0.3336637699088787
A1,A2,B1,B2,B3
4.403033493360908,5.8757443355261785,-9.673595258163914,-2.678635091513115,16.936452240656763
