ans,J2,J3,Energy,Sigma,gap,L,A1,A3,B1,B2,B3
3x3,-0.15,0.0,-0.5074727030815597,3.468319804200426e-09,0.0005964911909422442,0.8162490247659814,0.5229477597477729,0.0,0.2028331072491548,0.3776994867323593,0.0
A1,A3,B1,B2,B3
30.309199594569236,-0.0,-41.74927070721424,28.40194746056568,0.0
ans,J2,J3,Energy,Sigma,gap,L,A1,A2,B1,B2,B3
q0,-0.15,0.0,-0.4676399445600433,7.423742969117729e-10,0.002285385739399786,0.7049989936665658,0.5083751408189118,0.16257557924865512,0.16033882061392093,0.1834936634268416,0.0
A1,A2,B1,B2,B3
0.9574008252855037,-15.056844659966373,-22.683133149570267,0.47389869806124807,0.0
ans,J2,J3,Energy,Sigma,gap,L,A1,A2,A3,B1,B2,phiA1
cb1,-0.15,0.0,-0.4784060830665273,1.3530680960373256e-08,-0.00015620594096739143,0.7370664084708481,0.5182904544885668,0.03943909156031532,0.0,0.18207574142472416,0.16236158605473033,1.9755595288120082
A1,A2,A3,B1,B2,phiA1
32.99116535515623,-49.71312250745541,0.0,-29.901303655321954,46.018966415317664,0.008342083785972676
