ans,J2,J3,Energy,Sigma,gap,L,A1,A3,B1,B2,B3
3x3,0.0,-0.3,-0.46192411124911925,2.5004949954544116e-09,0.001537212044339658,0.6915826763375055,0.5105345826816878,-0.17124235140937383,0.16454455880280097,0.0,-0.10896039965038394
A1,A3,B1,B2,B3
42.90140465101899,-2.7409186031945865,-25.326463148900302,0.0,3.319955421687837
ans,J2,J3,Energy,Sigma,gap,L,A1,A2,B1,B2,B3
q0,0.0,-0.3,-0.49497094512003226,3.1300249954433514e-09,-8.257861492068575e-05,0.7993533385605796,0.5228206158017488,0.0,0.2100692387058501,0.0,-0.3489141780518419
A1,A2,B1,B2,B3
53.99480862422479,-0.0,-13.845480317797865,0.0,4.784173057714725
ans,J2,J3,Energy,Sigma,gap,L,A1,A2,A3,B1,B2,phiA1
cb1,0.0,-0.3,-0.45812277708666194,3.509074176293287e-09,0.06289632104951143,0.6767504897988532,0.506324241676048,0.0,-0.1590147142101927,0.15334636146370076,0.0,2.030574607313342
A1,A2,A3,B1,B2,phiA1
14.65511045850576,0.0,-18.402279700069357,-4.238664974565154,0.0,0.00542004772563498
