ans,J2,J3,Converge,Energy,Sigma,gap,L,A1,A3,B1,B2,B3,phiB1,phiB2,phiA3
3x3_1,0.22500000000000003,0.0,True,-0.5067335879072588,2.1186689640669382e-10,0.002649194677910563,0.7977241939818761,0.5412999801443776,0.0,0.12448890260147802,0.32754323974934096,0.0,3.141579879990843,-0.00010540059277108255,-0.0
ans,J2,J3,Converge,Energy,Sigma,gap,L,A1,A2,B1,B2,B3,phiB1,phiA2,phiB2
q0_1,0.22500000000000003,0.0,True,-0.4824271430634045,2.408623761904725e-09,0.0019899671453190923,0.7610959781561957,0.5164976932034078,0.2980060548999614,0.1909703759427012,0.2006801224072576,0.0,3.1408679761469824,3.1413255629193726,3.1429390554999372
