ans,J2,J3,Converge,Energy,Sigma,gap,L,A1,A3,B1,B2,B3,phiB1,phiB2,phiA3
3x3_1,0.14999999999999997,-0.3,True,-0.5349600611035872,4.97373477785401e-09,0.0018757358042757542,0.8726268679764857,0.5465010675291624,0.18197710022936694,0.13351517626911844,0.3660958649113141,0.27951165868005445,3.1413457916300955,0.0006450964408403602,0.001225682803113289
ans,J2,J3,Converge,Energy,Sigma,gap,L,A1,A2,B1,B2,B3,phiB1,phiA2,phiB2
q0_1,0.14999999999999997,-0.3,True,-0.504207585507057,3.2352232346365806e-09,0.001591915363952072,0.8253153594256094,0.5168947525473558,0.3336672168400793,0.2051692374814649,0.21519637266341232,0.3393142863027229,3.1413520457774258,3.1410854820958187,3.1426538645684587
