ans,J2,J3,Converge,Energy,Sigma,gap,L,A1,A3,B1,B2,B3,phiB1,phiB2,phiA3
3x3_1,0.3,0.07500000000000001,True,-0.4911426825182301,6.2638570896223275e-09,0.0038910521567320565,0.7577250450013137,0.5335593418480787,0.1511857733708598,0.11571683134057098,0.2902026112450822,0.18750663870915282,3.141677601636882,0.00029730933378723743,-0.021169756079246323
ans,J2,J3,Converge,Energy,Sigma,gap,L,A1,A2,B1,B2,B3,phiB1,phiA2,phiB2
q0_1,0.3,0.07500000000000001,True,-0.48396359767893316,1.9535305547280165e-09,0.0018154668713782776,0.7668510609981463,0.5158849918574708,0.3204338443750384,0.1980903610211249,0.20165565419002726,0.30658204184440113,3.1405580061088254,3.141435080104372,3.1438231726979313
