ans,J2,J3,Converge,Energy,Sigma,gap,L,A1,A3,B1,B2,B3,phiB1,phiB2,phiA3
3x3_1,0.3,0.14999999999999997,True,-0.49044537680452704,1.7796925473708826e-09,0.0046090552177199704,0.7555428795750053,0.5327041832207905,0.1595888596327945,0.11465467796626312,0.28831375326042435,0.17823214256708814,3.1415756005904663,-6.7255234037962e-05,0.0018420358041156821
ans,J2,J3,Converge,Energy,Sigma,gap,L,A1,A2,B1,B2,B3,phiB1,phiA2,phiB2
q0_1,0.3,0.14999999999999997,True,-0.4774209287101282,4.752225310536029e-09,0.0021042623100875494,0.7462746882725227,0.5153181314663317,0.29889992591955883,0.19018340858631763,0.1953758371290885,0.2836392161680192,3.140136645058457,3.141670413638238,3.1431468068708033
