ans,J2,J3,Converge,Energy,Sigma,gap,L,A1,A3,B1,B2,B3,phiB1,phiB2,phiA3
3x3_1,-0.15,0.07500000000000001,True,-0.6195737149439069,2.3997506803917613e-09,0.0016079071221424622,1.0735277350994317,0.5517556353254668,0.27217685622733884,0.14718990283688896,0.4320843867255084,0.31677177517674476,3.1419593669580337,-0.00022055126677314343,-0.0005263984630269168
ans,J2,J3,Converge,Energy,Sigma,gap,L,A1,A2,B1,B2,B3,phiB1,phiA2,phiB2
q0_1,-0.15,0.07500000000000001,True,-0.4765483878094985,4.087695590692289e-09,0.0042739083895148005,0.7231175496056969,0.49961238501121163,0.10877923436522402,0.11620001200993414,0.1775750421729538,0.1447405869269143,3.1423359613797355,3.1481880170479433,3.1431955179879725
ans,J2,J3,Converge,Energy,Sigma,gap,L,A1,A2,A3,B1,B2,phiA1,phiB1,phiA2,phiB2
cb1,-0.15,0.07500000000000001,True,-0.5285729456231668,2.5390917587012476e-09,0.0044804035482589495,0.8538620451938514,0.5167020055320469,0.0570712361251093,0.2639247484138238,0.14071436710367063,0.3161508766895559,2.1035506941109787,3.1428425708434347,4.238912373144538,5.345017494039139
