ans,J2,J3,Converge,Energy,Sigma,gap,L,A1,A3,B1,B2,B3,phiB1,phiB2,phiA3
3x3_1,-0.3,0.22500000000000003,True,-0.6744360488197434,2.632948333857992e-09,0.0015652541903264745,1.1946998954709414,0.5492649821911405,0.2981363805436336,0.1499436691739816,0.4472706337241061,0.3267998599274557,3.141455266846443,0.0001314208237625317,9.343651907710689e-05
ans,J2,J3,Converge,Energy,Sigma,gap,L,A1,A2,B1,B2,B3,phiB1,phiA2,phiB2
q0_1,-0.3,0.22500000000000003,True,-0.4809336081636626,2.1759943580736573e-09,0.005332686641803137,0.731794993811242,0.4943848217331807,0.07228568029571307,0.10028966875996351,0.17612718643842182,0.12021384027836503,3.142630284956258,3.1566322411108283,3.1414657470201184
ans,J2,J3,Converge,Energy,Sigma,gap,L,A1,A2,A3,B1,B2,phiA1,phiB1,phiA2,phiB2
cb1,-0.3,0.22500000000000003,True,-0.5767393000487094,6.528520917326929e-09,0.002771035213387619,0.9717081385788608,0.5137683907961592,0.08507925045584812,0.3573648493153916,0.162858215364601,0.3593960338671813,2.020297858828343,3.146339429670761,4.228295107136882,5.326751661535093
