ans,J2,J3,Converge,Energy,Sigma,gap,L,A1,A3,B1,B2,B3,phiB1,phiB2,phiA3
3x3_1,0.07500000000000001,0.3,True,-0.5415701974792525,1.6681811746955033e-09,0.0024041685514406513,0.8802410616165385,0.5465157453024572,0.2574806289270713,0.13325399378587116,0.3782438629576939,0.24960116325916623,3.1414291801929015,-0.0003954995877489701,-0.0006328753724759561
ans,J2,J3,Converge,Energy,Sigma,gap,L,A1,A2,B1,B2,B3,phiB1,phiA2,phiB2
q0_1,0.07500000000000001,0.3,True,-0.4651349944013667,3.464922098245774e-09,0.006809042187356975,0.6945488371825144,0.5025474923215139,0.13161831182399733,0.12750620010828642,0.16727752120503206,0.1395769022514364,3.1420480135599416,3.151301703855559,3.1440469612848623
ans,J2,J3,Converge,Energy,Sigma,gap,L,A1,A2,A3,B1,B2,phiA1,phiB1,phiA2,phiB2
cb1,0.07500000000000001,0.3,True,-0.5062095446739984,5.279370514749586e-09,0.003320058945434576,0.8054652407203765,0.5186440011375932,0.11883780121137824,0.31335064707908594,0.15587835157095317,0.3134069732899191,2.0568411287280908,3.142617444205644,4.1296305767476476,5.32851486645186
