ans,J2,J3,Converge,Energy,Sigma,gap,L,A1,A3,B1,B2,B3,phiB1,phiB2,phiA3
3x3_1,-0.22499999999999998,-0.3,True,-0.6632645627941518,1.949223887033722e-09,0.0013864324055508329,1.1787682034019684,0.549815940087908,0.25515231690457685,0.15072982075080688,0.4444358957584896,0.3403091240924977,3.1418524783609594,-4.366245975142195e-05,0.00019098465725728522
ans,J2,J3,Converge,Energy,Sigma,gap,L,A1,A2,B1,B2,B3,phiB1,phiA2,phiB2
q0_1,-0.22499999999999998,-0.3,True,-0.49070425988007405,2.820979988786377e-09,0.0024376038706241726,0.766718962323597,0.5030137713305531,0.15222789035519121,0.13184726850977954,0.1959089665567531,0.20481905058769614,3.141910831389644,3.148113324512599,3.140895831688657
