ans,J2,J3,Converge,Energy,Sigma,gap,L,A1,A3,B1,B2,B3,phiB1,phiB2,phiA3
3x3_1,0.0,0.14999999999999997,True,-0.5654197949106768,2.052488657386521e-09,0.0018972477358606846,0.9427846831674273,0.5509377542862763,0.2559186550992643,0.14024719753707304,0.0,0.2842210391810443,3.141753451857158,0.0,0.0008912419538143752
ans,J2,J3,Converge,Energy,Sigma,gap,L,A1,A2,B1,B2,B3,phiB1,phiA2,phiB2
q0_1,0.0,0.14999999999999997,True,-0.4700565603669707,1.128290798290177e-09,0.004807379728307655,0.7078680526963678,0.5032042919516321,0.0,0.128140399790195,0.0,0.1536711770418905,3.141212980781878,0.0,0.0
ans,J2,J3,Converge,Energy,Sigma,gap,L,A1,A2,A3,B1,B2,phiA1,phiB1,phiA2,phiB2
cb1,0.0,0.14999999999999997,True,-0.5067493477757504,8.799144129891421e-10,0.011497404882124222,0.7997391746222814,0.5176319615973493,0.0,0.2447939315482914,0.13808188043060565,0.0,2.1360350313308425,3.141673832435976,0.0,0.0
