ans,J2,J3,Converge,Energy,Sigma,gap,L,A1,A3,B1,B2,B3,phiB1,phiB2,phiA3
3x3_1,-0.15,0.0,True,-0.6217559534960163,1.2162065745671467e-10,0.0015668413410707815,1.08013116225873,0.5518733105917869,0.0,0.14768187593064855,0.43300207922284606,0.0,3.141629992966502,8.575862806657096e-05,0.0
ans,J2,J3,Converge,Energy,Sigma,gap,L,A1,A2,B1,B2,B3,phiB1,phiA2,phiB2
q0_1,-0.15,0.0,True,-0.47826430013407384,2.4892937452669533e-09,0.003746780591508113,0.7288670047507144,0.5008463067710768,0.11967463830229168,0.12032640410968329,0.18094412509415878,0.0,3.1423011972182686,3.1450992777425504,3.141685078488118
ans,J2,J3,Converge,Energy,Sigma,gap,L,A1,A2,A3,B1,B2,phiA1,phiB1,phiA2,phiB2
cb1,-0.15,0.0,True,-0.5241084566892883,2.2398657021368283e-09,0.00798124011847226,0.8412200756113816,0.515184795485068,0.038025675318980004,0.0,0.1294988980841903,0.3013783416694413,2.165426360661936,3.1423205461715074,4.242651691264838,5.369492383474531
