ans,J2,J3,Converge,Energy,Sigma,gap,L,A1,A3,B1,B2,B3,phiB1,phiB2,phiA3
3x3_1,0.14999999999999997,-0.07500000000000001,True,-0.5264825285626507,1.8263444324760254e-09,0.002102656851515792,0.8491587678864976,0.5469173446759136,0.19600235560002105,0.13215868079745635,0.3608805501079631,0.2612821432230871,3.1415683454650516,0.0003095424963369459,0.0008448637134984847
ans,J2,J3,Converge,Energy,Sigma,gap,L,A1,A2,B1,B2,B3,phiB1,phiA2,phiB2
q0_1,0.14999999999999997,-0.07500000000000001,True,-0.4822744757265446,2.829293879017627e-09,0.002177539951946462,0.758079882844574,0.516064371210407,0.27510724130528996,0.18300301391766122,0.1998595076299706,0.27987984330792426,3.1412421725630244,3.1423845105316173,3.1414488827512512
