ans,J2,J3,Converge,Energy,Sigma,gap,L,A1,A3,B1,B2,B3,phiB1,phiB2,phiA3
3x3_1,-0.07500000000000001,0.07500000000000001,True,-0.5923277559284652,1.188471241832755e-09,0.0016985072369306502,1.0093650658512203,0.5520334049708642,0.2620624705007296,0.14450539710953714,0.4197513657290681,0.3048433097252886,3.141482136952562,0.0001890075302019264,-0.002420664297511022
ans,J2,J3,Converge,Energy,Sigma,gap,L,A1,A2,B1,B2,B3,phiB1,phiA2,phiB2
q0_1,-0.07500000000000001,0.07500000000000001,True,-0.4738975533775658,1.5443225129515377e-09,0.004333404562634656,0.7174541089136337,0.5020555790152857,0.1263940313685819,0.12397184845017235,0.17713208175537246,0.15457764993911172,3.141850975256512,3.1503085944928126,3.137753232341486
ans,J2,J3,Converge,Energy,Sigma,gap,L,A1,A2,A3,B1,B2,phiA1,phiB1,phiA2,phiB2
cb1,-0.07500000000000001,0.07500000000000001,True,-0.5149215450603125,2.3382469406839604e-09,0.007614983951122437,0.8187655418204204,0.5167058218958389,0.05025167068947037,0.23209991577557287,0.13380295230165112,0.2955626605947268,2.1537193700771637,3.1417108284062807,4.229514303639259,5.362822419957396
