ans,J2,J3,Converge,Energy,Sigma,gap,L,A1,A3,B1,B2,B3,phiB1,phiB2,phiA3
3x3_1,0.0,0.22500000000000003,True,-0.5645480587712761,1.5258356720594307e-09,0.0019814565622129606,0.938645952109917,0.5500394460269689,0.2638083987681385,0.1392915061274902,0.0,0.27808996467499686,3.1416299574720536,0.0,-0.0009854945407393326
ans,J2,J3,Converge,Energy,Sigma,gap,L,A1,A2,B1,B2,B3,phiB1,phiA2,phiB2
q0_1,0.0,0.22500000000000003,True,-0.46845152516638117,4.470986677826654e-10,0.0059318311630656255,0.702367016246303,0.5015560683291447,0.0,0.12312449813431883,0.0,0.13913992639157158,3.1416691443286804,0.0,0.0
ans,J2,J3,Converge,Energy,Sigma,gap,L,A1,A2,A3,B1,B2,phiA1,phiB1,phiA2,phiB2
cb1,0.0,0.22500000000000003,True,-0.5122105762458198,4.398112145041413e-10,0.0071426323330386525,0.8166347510159152,0.5186334139590126,0.0,0.2920541418591505,0.14990351523751186,0.0,2.077460827427008,3.1414294560328795,0.0,0.0
