ans,J2,J3,Converge,Energy,Sigma,gap,L,A1,A3,B1,B2,B3,phiB1,phiB2,phiA3
3x3_1,-0.07500000000000001,-0.3,True,-0.6064973447579085,2.828558456153357e-09,0.0015015084435505914,1.047386881637839,0.5511737940437827,0.23490387288614034,0.14637287374384206,0.42375879581485587,0.3234201199564925,3.141877271522602,-0.00021153029566252764,-0.000976726475884787
ans,J2,J3,Converge,Energy,Sigma,gap,L,A1,A2,B1,B2,B3,phiB1,phiA2,phiB2
q0_1,-0.07500000000000001,-0.3,True,-0.48891632673736396,3.5639728202736832e-09,0.0021089050945164818,0.7679566413592818,0.5107183908303029,0.21424160432680597,0.15865422800856865,0.20005112610754802,0.24820379098684334,3.1416279327551706,3.147324059436487,3.142000143458155
