ans,J2,J3,Converge,Energy,Sigma,gap,L,A1,A3,B1,B2,B3,phiB1,phiB2,phiA3
3x3_1,-0.22499999999999998,0.07500000000000001,True,-0.6482261341393428,3.0441098621156393e-09,0.001540741680848381,1.1396124489046846,0.55095996726744,0.28026975269103005,0.14928724613647185,0.44166692414288883,0.32608676890107124,3.141486041844242,-0.0002334580421191712,0.0004121748479883639
ans,J2,J3,Converge,Energy,Sigma,gap,L,A1,A2,B1,B2,B3,phiB1,phiA2,phiB2
q0_1,-0.22499999999999998,0.07500000000000001,True,-0.47975599427916216,1.3404714682583888e-09,0.004462473410985463,0.7308207835070573,0.4975282404088106,0.09536398086790478,0.109951470169657,0.17901080066034025,0.13932237670533013,3.1416372041988962,3.151572824897367,3.141671313598434
ans,J2,J3,Converge,Energy,Sigma,gap,L,A1,A2,A3,B1,B2,phiA1,phiB1,phiA2,phiB2
cb1,-0.22499999999999998,0.07500000000000001,True,-0.5438258959438448,1.5753073023739742e-09,0.0036792492303831304,0.8919397207298185,0.5155388450858875,0.059734489186216294,0.28461690026866066,0.14443995901908366,0.33167856790541644,2.076667704516186,3.1441875695776957,4.252733886694618,5.337918412450413
