ans,J2,J3,Converge,Energy,Sigma,gap,L,A1,A3,B1,B2,B3,phiB1,phiB2,phiA3
3x3_1,0.3,-0.3,True,-0.5007869830801756,2.570889343236217e-09,0.002466484929731829,0.7864384246128736,0.5357047294401417,0.13017213121380783,0.11957182085563545,0.3060174268722392,0.23587312996589221,3.1410205536536924,-0.00019097411655025505,0.0010144823289876066
ans,J2,J3,Converge,Energy,Sigma,gap,L,A1,A2,B1,B2,B3,phiB1,phiA2,phiB2
q0_1,0.3,-0.3,True,-0.5293800897001569,4.436418649786668e-09,0.0016007101124463532,0.8917568514494867,0.5121515136499398,0.3879507264657466,0.2222596227492238,0.22216370097077698,0.378046568308977,3.141324892368931,3.1415495965562403,3.141688158791334
