ans,J2,J3,Converge,Energy,Sigma,gap,L,A1,A3,B1,B2,B3,phiB1,phiB2,phiA3
3x3_1,0.22500000000000003,0.07500000000000001,True,-0.5053791913573694,2.0482129005271444e-09,0.0028726636701791957,0.7933970930757478,0.54068430526173,0.18140879023142234,0.12359724971522063,0.3253105558353855,0.21885507422957692,3.1415486096576513,-0.00016671214564653619,0.0006937107906324952
ans,J2,J3,Converge,Energy,Sigma,gap,L,A1,A2,B1,B2,B3,phiB1,phiA2,phiB2
q0_1,0.22500000000000003,0.07500000000000001,True,-0.4764915558910051,1.9284290924107215e-09,0.002299677786616174,0.7415906250728508,0.515429002504402,0.27458559219166156,0.1821846553365838,0.19426667921004392,0.2687723911846736,3.1407085829599266,3.1420359612099356,3.1428412246555584
