ans,J2,J3,Energy,Sigma,L,A1,A3,B1,B2,B3
3x3,0.06,-0.3,-0.4531972735386565,4.3204414175830063e-10,0.6702995143464147,0.5054446558374899,0.13997998318340796,0.15442068371180537,0.23356316647387224,0.08898216344075642
A1,A3,B1,B2,B3
2.2204460515878917,-3.3306690773816907,-11.10223025793897,-3.885780590278597,-0.5551115128969908
ans,J2,J3,Energy,Sigma,L,A1,A2,B1,B2,B3
q0,0.06,-0.3,-0.44545308764055647,4.389330098961034,0.5000000075271275,0.5235889995719902,0.22832824391696185,5.319872307224527e-05,0.0001386876850444918,-5.551115123125783e-17
A1,A2,B1,B2,B3
3.330669049708593,0.0,-3.330669073877194,-1.110223024626409,0.0
ans,J2,J3,Energy,Sigma,L,A1,A2,A3,B1,B2
0-pi,0.06,-0.3,-0.4519727873685029,3.0154226591000645e-10,0.6632113982536838,0.49970813600811215,0.08771983187675259,0.09660800994817727,0.1447388655070117,0.17466317679116242
A1,A2,A3,B1,B2
-2.7755575798922245,0.0,-3.3306690773816907,-6.661338154763381,-3.3306690773816907
ans,J2,J3,Energy,Sigma,L,A1,A2,A3,B1,B2,phiA1
cb1,0.06,-0.3,-0.4565183549375087,0.00033279713917609965,0.6724606158584095,0.5035231886324983,0.04859795903899471,0.12667250637980537,0.14849768127215834,0.11603011297531983,-1.668725707182252
A1,A2,A3,B1,B2,phiA1
0.5551115005739014,-2.7755575586515455,-2.220446051589996,-11.102230257906612,-3.3306690773633103,-2.2204460762758527
ans,J2,J3,Energy,Sigma,L,A1,A2,A3,B1,B2,phiB1
cb2,0.06,-0.3,-0.45197278739232605,3.0673919527194095e-10,0.663211623828674,0.49970806636724563,0.08771632313561663,0.09660943459704768,0.14473875169058806,0.1746531253404529,3.141592510847498
A1,A2,A3,B1,B2,phiB1
2.7755575798922245,-1.1102230257939023,-3.330669077381712,-6.10622664186656,-2.220446051587794,-3.330669114359559
