ans,J2,J3,Energy,Sigma,L,A1,A3,B1,B2,B3
3x3,0.06,0.24000000000000005,-0.4744611207387569,2.223478417075286e-11,0.7276443070666054,0.5141350218663083,0.31454310981428857,0.17682370570764577,0.3286585092998919,0.10120985080871277
A1,A3,B1,B2,B3
4.440892103175614,1.1102230319568833,-4.440892103175609,2.220446039261842,2.220446051587794
ans,J2,J3,Energy,Sigma,L,A1,A2,B1,B2,B3
q0,0.06,0.24000000000000005,-0.4576875473196557,1.272238229049186e-09,0.6806673239670269,0.5105863085907457,0.1725262548135409,0.16588151666834797,0.1751175675829962,0.18900422594024804
A1,A2,B1,B2,B3
4.996003505139023,1.6653345386908454,-1.6653345386911418,1.6653345386908032,0.5551115128969485
ans,J2,J3,Energy,Sigma,L,A1,A2,A3,B1,B2
0-pi,0.06,0.24000000000000005,-0.4627169318409651,1.4824209419667122e-10,0.6891252599481217,0.4968431460656896,0.058629600182508346,0.20773901942159947,0.1342198968003904,0.21848425479485453
A1,A2,A3,B1,B2
2.775557579892203,-1.1102230250235205,-1.110223025793897,-7.771561180557194,1.110223025793897
ans,J2,J3,Energy,Sigma,L,A1,A2,A3,B1,B2,phiA1
cb1,0.06,0.24000000000000005,-0.49072336770410074,2.0766086635197877e-09,0.7695849561980778,0.5153912005228676,0.04834917074789672,0.35472725548849343,0.1837604210435543,0.16999402202188052,1.956814134541915
A1,A2,A3,B1,B2,phiA1
8.881784206351227,4.440892093931149,6.661338117785527,-1.1102230257936427,6.661338154763381,0.0
ans,J2,J3,Energy,Sigma,L,A1,A2,A3,B1,B2,phiB1
cb2,0.06,0.24000000000000005,-0.4627169318392001,1.4697960859952652e-10,0.689125272580514,0.4968431066534142,0.05862917963154651,0.20773945348078962,0.13421987448465073,0.21848389972635196,3.1415926512253494
A1,A2,A3,B1,B2,phiB1
3.3306690588927848,3.3306690750705616,2.220446051587794,-5.5511151289695695,1.6653345386908454,0.0
