ans,J2,J3,Energy,Sigma,L,A1,A3,B1,B2,B3
3x3,-0.18,0.24000000000000005,-0.5069589337179901,4.996717456274484,0.5000000075271275,0.5199688019715653,0.18727031818452816,0.19845215783361947,0.2508632201957354,-2.3129591297799124e-08
A1,A3,B1,B2,B3
2.2204460134412036,-1.1102230252095289,-6.661338162359404,0.0,-2.2204460492503144
ans,J2,J3,Energy,Sigma,L,A1,A2,B1,B2,B3
q0,-0.18,0.24000000000000005,-0.4623116911041543,2.0956841830246468e-10,0.685423323812958,0.5014179787612045,0.11629305687913587,0.1439368060641641,0.17115773784671356,0.14099916645079066
A1,A2,B1,B2,B3
4.996003616072587,-1.6653345386908454,-7.771561180557363,3.3306690773816063,1.110223025793897
ans,J2,J3,Energy,Sigma,L,A1,A2,A3,B1,B2
0-pi,-0.18,0.24000000000000005,-0.43305928945864336,0.052560771283569556,0.5000000075271275,0.34462964707905996,3.817639549688633e-05,0.002398180070586571,0.13150113539565209,0.1797554351663004
A1,A2,A3,B1,B2
-22.204460639246214,-1.1102230246242268,0.555111512315875,-7.771561182017818,1.6653345392020722
ans,J2,J3,Energy,Sigma,L,A1,A2,A3,B1,B2,phiA1
cb1,-0.18,0.24000000000000005,-0.504889380705959,4.6285439863662987e-10,0.8056789216540783,0.5151825895377259,0.04177798021832313,0.37708786312027004,0.1893065577807719,0.18431840550365836,-1.9685352541971235
A1,A2,A3,B1,B2,phiA1
7.771561007993961,2.220446050047041,2.220446039261927,0.0,4.440892103175588,1.1102230381198634
ans,J2,J3,Energy,Sigma,L,A1,A2,A3,B1,B2,phiB1
cb2,-0.18,0.24000000000000005,-0.43306209732688633,0.05256212129496249,0.5000000075271275,0.3446269745049242,3.817811839793131e-05,0.002442160197221121,0.1315019708498835,0.17975130288665228,3.1415593207881845
A1,A2,A3,B1,B2,phiB1
-25.535129734751507,0.5551115123128657,0.0,-7.77156117924226,0.5551115126047644,0.5551115190599
