ans,J2,J3,Energy,Sigma,L,A1,A3,B1,B2,B3
3x3,-0.24,-0.15,-0.4622176535982503,4.302259067821395,0.5000000075271275,0.5185471839881823,-1.4075726584295012e-08,4.44213875064603e-05,5.3197279358374594e-05,-3.469446951953614e-17
A1,A3,B1,B2,B3
3.3306690941175146,-1.1102230246251568,-3.330669073877194,0.0,0.0
ans,J2,J3,Energy,Sigma,L,A1,A2,B1,B2,B3
q0,-0.24,-0.15,-0.4430061377473847,0.09522196039825503,0.5000000075271275,0.36470180526646756,6.61069613518972e-05,0.17093140964108128,0.0999828317379328,0.09998855191327373
A1,A2,B1,B2,B3
-898.7255443678874,-52.18048215740938,-303.6459975557885,-14.988010848308368,-6.106226641861648
ans,J2,J3,Energy,Sigma,L,A1,A2,A3,B1,B2
0-pi,-0.24,-0.15,-0.4738272826965719,3.629561350873519e-12,0.7122255068483816,0.4968964222210359,0.0548176112661838,0.17942840676172744,0.13213480856614196,0.21019208227864503
A1,A2,A3,B1,B2
2.2204460639137564,-4.440892100094118,-1.665334538690852,-6.106226641866455,-1.110223025793897
ans,J2,J3,Energy,Sigma,L,A1,A2,A3,B1,B2,phiA1
cb1,-0.24,-0.15,-0.4723177541217507,2.3908234560192247e-09,0.7138727335456637,0.5116191578064991,0.03387050045210886,0.21557140377258852,0.16652565500163097,0.15656605067789464,2.1672357087850593
A1,A2,A3,B1,B2,phiA1
8.326672508565151,0.5551115125115909,2.7755575644847634,-3.885780590278597,4.440892103175588,1.6653345571797846
ans,J2,J3,Energy,Sigma,L,A1,A2,A3,B1,B2,phiB1
cb2,-0.24,-0.15,-0.47382728269659186,3.554034082174429e-12,0.7122254848999895,0.4968964008051048,0.054817624447005074,0.1794283269552407,0.13213479915927576,0.21019208814564624,3.141592660761665
A1,A2,A3,B1,B2,phiB1
0.5551115159784364,-4.996003605672534,-2.2204460515878033,-7.7715611805573,-2.7755575644847528,-2.2204460762397065
