ans,J2,J3,Energy,Sigma,L,A1,A3,B1,B2,B3
3x3,-0.27,0.06,-0.4560914332945466,4.351268884204165,0.5000000075271275,0.5214923709373867,9.387698263196853e-08,5.319908339404544e-05,5.319772783857202e-05,-5.551115123125783e-17
A1,A3,B1,B2,B3
5.551115112453602,0.0,-4.440892098502926,2.220446049251463,0.0
ans,J2,J3,Energy,Sigma,L,A1,A2,B1,B2,B3
q0,-0.27,0.06,-0.3881391128287347,0.42980633657650397,0.507159974031531,0.3287321805899901,0.08071315533311373,0.145926209406284,0.42287362774691495,-0.1196014324862768
A1,A2,B1,B2,B3
-38.302694604555874,-53.84581675180551,-131.5614285567181,0.0,0.0
ans,J2,J3,Energy,Sigma,L,A1,A2,A3,B1,B2
0-pi,-0.27,0.06,-0.4217604394771489,0.06707282145672516,0.5000000075271275,0.33929160447615936,4.71240929349691e-05,-0.3649006692237559,0.13517252746829525,0.19801185705688804
A1,A2,A3,B1,B2
-24.424906702685114,-1.1102230246242268,1.6653345299576086,-7.216449669413053,0.5551115126047644
ans,J2,J3,Energy,Sigma,L,A1,A2,A3,B1,B2,phiA1
cb1,-0.27,0.06,-0.4887529499831461,2.9692791032657765e-09,0.7621670107870644,0.5168176269655427,0.037444209888310834,0.31315339575980505,0.1827804189224431,0.17357632066416714,2.02759935730733
A1,A2,A3,B1,B2,phiA1
5.551115128970068,1.1102230250235416,2.2204460639137458,-3.330669077381945,2.220446051587794,2.2204460762397056
ans,J2,J3,Energy,Sigma,L,A1,A2,A3,B1,B2,phiB1
cb2,-0.27,0.06,-0.4217526239908912,0.06705938869099094,0.5000000075271275,0.33930027907742943,4.722292849063032e-05,-0.36507488403774674,0.1351699850241947,0.19798075945358545,3.1415593217249005
A1,A2,A3,B1,B2,phiB1
-24.424906704072892,-1.665334536938597,-1.1102230190465532,-8.881784207227346,-1.1102230252095289,0.0
