ans,J2,J3,Energy,Sigma,L,A1,A3,B1,B2,B3
3x3,-0.3,0.3,-0.38908434659189634,0.0249215575982604,0.6081899639935175,0.44477309937064763,-0.45177484011402663,0.0900548835697817,3.801270197006142e-05,0.034946503622220244
A1,A3,B1,B2,B3
3.330669058874383,3.330669059915217,-6.661338154726621,-0.5551115123121134,0.0
ans,J2,J3,Energy,Sigma,L,A1,A2,B1,B2,B3
q0,-0.3,0.3,-0.4312366679357008,0.015255835195692711,0.5000000075271275,0.34118405030650045,0.09440934414882468,0.08858838390670452,0.08973005669105337,-0.05483905273142707
A1,A2,B1,B2,B3
-37.19247157040781,-4.440892103613673,-16.09823387525262,0.555111512908341,-1.6653345378142934
ans,J2,J3,Energy,Sigma,L,A1,A2,A3,B1,B2
0-pi,-0.3,0.3,-0.43223160352451356,0.07265425983604781,0.5000000075271275,0.33051103380730584,5.2613090143573174e-05,-0.03479802288843148,0.13183585323449812,0.19006627509890356
A1,A2,A3,B1,B2
-23.86979518699886,-2.775557561560567,-2.2204460504190577,-7.77156117924226,-3.3306690770163656
ans,J2,J3,Energy,Sigma,L,A1,A2,A3,B1,B2,phiA1
cb1,-0.3,0.3,-0.5188324068308141,0.004032758118020587,0.810631618369881,0.5148969433924957,0.038859176858740664,0.29015671075102145,0.19485555409343855,0.1649511438015425,-1.9832308226734592
A1,A2,A3,B1,B2,phiA1
6.661338154765708,1.1102230234844706,7.7715612237708696,-5.551115129170147,5.551115129170147,2.2204460762541687
ans,J2,J3,Energy,Sigma,L,A1,A2,A3,B1,B2,phiB1
cb2,-0.3,0.3,-0.432232235526997,0.07273882640953853,0.5000000075271275,0.33050388962781707,5.2580809001969556e-05,-0.03479852643699818,0.13186641582664502,0.1901519890411967,3.1416259685784014
A1,A2,A3,B1,B2,phiB1
-21.64934912355996,0.0,1.6653345341153987,-6.661338156808289,0.5551115139925432,-1.1102230381198421
