ans,J2,J3,Energy,Sigma,L,A1,A3,B1,B2,B3
3x3,-0.21,-0.09,-0.4558561793923882,4.353150828841608,0.5000000075271275,0.5216051373632092,-3.0839527043191595e-08,4.5684226260001015e-05,5.319727734648394e-05,-4.163336342344337e-17
A1,A3,B1,B2,B3
2.2204460134412036,1.110223024625157,-3.3306690738744837,1.1102230246257314,0.0
ans,J2,J3,Energy,Sigma,L,A1,A2,B1,B2,B3
q0,-0.21,-0.09,-0.472949179070349,4.862587923588893e-14,0.7177994824679379,0.5087741851236729,0.16744749797565475,0.16086185311174642,0.188096565508344,0.20860439737079595
A1,A2,B1,B2,B3
2.7755575644847537,-3.8857805902786553,-6.661338154763408,0.0,-0.5551115128969498
ans,J2,J3,Energy,Sigma,L,A1,A2,A3,B1,B2
0-pi,-0.21,-0.09,-0.47332947651205926,1.0765246118029727e-09,0.7115001519915505,0.4967927708135766,0.054131440380996244,0.1862410576570965,0.1321039034350127,0.21255136372778383
A1,A2,A3,B1,B2
4.440892078523684,-1.1102230234827766,-0.5551115128969908,-3.8857805902784275,1.110223025793897
ans,J2,J3,Energy,Sigma,L,A1,A2,A3,B1,B2,phiA1
cb1,-0.21,-0.09,-0.4740641108969757,1.228273303656916e-08,0.7200757261347074,0.5136875079307165,0.03526440186441934,0.24084269031015892,0.17058320354526824,0.156314526147899,2.0974594820219368
A1,A2,A3,B1,B2,phiA1
2.7755575028549377,-0.5551115125115909,0.0,-7.2164496676607115,0.0,-0.5551115190598153
ans,J2,J3,Energy,Sigma,L,A1,A2,A3,B1,B2,phiB1
cb2,-0.21,-0.09,-0.47332947651182977,1.0775602998898665e-09,0.7115001434824089,0.496792766055642,0.054131456536254514,0.18624103907122327,0.13210390280157014,0.2125513578946214,3.1415926532067475
A1,A2,A3,B1,B2,phiB1
4.996003588339145,-1.1102230234827766,-0.5551115128969908,-5.5511151289695695,0.5551115128969485,-0.5551115190599266
