ans,J2,J3,Energy,Sigma,L,A1,A3,B1,B2,B3
3x3,0.06,-0.21,-0.45446036710503923,4.5877746687083454e-11,0.6732065577244749,0.5072029148234565,0.15704477864909774,0.1572506543764269,0.24315903213091966,0.08945338227331563
A1,A3,B1,B2,B3
-17.208456899805483,-1.665334538690856,-27.20046413195056,0.0,-19.42890295139324
ans,J2,J3,Energy,Sigma,L,A1,A2,B1,B2,B3
q0,0.06,-0.21,-0.4914891069075179,2.3039900541002086e-09,0.7891172605849424,0.5238805523962824,0.3108900999362712,0.21136897776998662,0.21211835632616227,0.3499324963546417
A1,A2,B1,B2,B3
5.55111512896939,-1.110223019630921,-2.2204460515878046,-1.110223025793897,-1.1102230196309635
ans,J2,J3,Energy,Sigma,L,A1,A2,A3,B1,B2
0-pi,0.06,-0.21,-0.4528940551862685,4.292937905381992e-11,0.6653554888447124,0.4998737486893093,0.08596776357481035,0.10595068458198102,0.14413655382460033,0.17862631117018185
A1,A2,A3,B1,B2
3.3306690588927634,1.1102230257939023,-1.110223025793901,-4.996003616072557,-1.6653345386908454
ans,J2,J3,Energy,Sigma,L,A1,A2,A3,B1,B2,phiA1
cb1,0.06,-0.21,-0.4594669590558015,1.4846732014808765e-11,0.6805379745507109,0.5078054991598574,0.03162098361869559,0.17444038283048485,0.15582651758697696,0.10926764927865938,1.9569275413898737
A1,A2,A3,B1,B2,phiA1
6.106226506280992,1.6653345352241649,1.110223025793897,-2.7755575644847634,1.110223025793897,0.5551115190599211
ans,J2,J3,Energy,Sigma,L,A1,A2,A3,B1,B2,phiB1
cb2,0.06,-0.21,-0.45289405520661563,1.5417549916933943e-10,0.665357261163867,0.4998737263131158,0.08596710115898148,0.10594850668487264,0.14413420346579892,0.178622320839381,3.1415927047310532
A1,A2,A3,B1,B2,phiB1
1.6653345479352668,-2.775557564484753,-2.2204460515878153,-7.216449667660372,-2.220446051587794,-1.1102230381198532
