ans,J2,J3,Energy,Sigma,L,A1,A3,B1,B2,B3
3x3,-0.09,0.18,-0.4939155982607699,4.9598959993565135,0.5000000075271275,0.519682302650885,0.31914432283032906,0.19502121263494007,0.36269067466808413,3.3320450177537486e-05
A1,A3,B1,B2,B3
4.440892081081098,1.1102230190465532,-3.330669075628587,0.0,1.110223024625562
ans,J2,J3,Energy,Sigma,L,A1,A2,B1,B2,B3
q0,-0.09,0.18,-0.4613352431176165,1.067026818948749e-12,0.6859829162789556,0.5059133657695263,0.14259576471813842,0.15395408912303288,0.17454555930217538,0.16635584622457658
A1,A2,B1,B2,B3
5.551115128969506,0.5551115128969505,-6.661338154763403,0.0,-0.5551115128969512
ans,J2,J3,Energy,Sigma,L,A1,A2,A3,B1,B2
0-pi,-0.09,0.18,-0.43195255396109167,0.038147944957072584,0.5000000075271275,0.3441516744986143,6.61069613518972e-05,0.15196629734952172,0.1253429126047997,0.17767686823257658
A1,A2,A3,B1,B2
-21.09423760717982,1.1102230246257314,2.220446051589996,-5.551115128823202,2.220446051633364
ans,J2,J3,Energy,Sigma,L,A1,A2,A3,B1,B2,phiA1
cb1,-0.09,0.18,-0.4915782690068202,3.3905574507093475e-10,0.7715197907799186,0.5163571343096899,0.042643200500229954,0.34570439169405554,0.18475846535259768,0.1733231592950301,1.9740611266204144
A1,A2,A3,B1,B2,phiA1
5.5511150057098755,2.2204460469655745,4.440892127827533,-2.220446051587794,1.110223025793897,2.2204460762397056
ans,J2,J3,Energy,Sigma,L,A1,A2,A3,B1,B2,phiB1
cb2,-0.09,0.18,-0.43195161932780235,0.03813691041339269,0.5000000075271275,0.3441465888986063,6.61069613518972e-05,0.15202933500430366,0.1253344705026788,0.17759936823987726,3.1415926530306337
A1,A2,A3,B1,B2,phiB1
-22.759572154932467,2.7755575615643284,1.6653345386816552,-3.3306690784041444,2.7755575645850734,1.1102230381198532
