ans,J2,J3,Energy,Sigma,L,A1,A3,B1,B2,B3
3x3,-0.27,0.02999999999999997,-0.5185406624541427,5.186280150580696,0.5000000075271275,0.5219843553920552,-1.1102230246251565e-16,0.21779873375048697,0.24112630957425893,0.0009928508153355664
A1,A3,B1,B2,B3
2.2204460134412036,0.0,-4.4408921008381155,1.1102230252095289,0.0
ans,J2,J3,Energy,Sigma,L,A1,A2,B1,B2,B3
q0,-0.27,0.02999999999999997,-0.4357345256722181,0.23421089477722115,0.6185002283557561,0.40679775876977675,0.03871243775045845,0.16220449728055897,0.3970148213129152,0.43408898914718685
A1,A2,B1,B2,B3
4.440892125490019,0.0,-8.326672693495011,0.0,0.5551115160331971
ans,J2,J3,Energy,Sigma,L,A1,A2,A3,B1,B2
0-pi,-0.27,0.02999999999999997,-0.4094867631988657,0.0670785966184243,0.5000000075271275,0.34048802254448707,5.550226054507893e-05,-0.8143760420341192,0.13567711848321287,0.1977731123937218
A1,A2,A3,B1,B2
-24.424906702685114,-1.665334536938597,0.0,-8.326672694622582,-0.5551115126047644
ans,J2,J3,Energy,Sigma,L,A1,A2,A3,B1,B2,phiA1
cb1,-0.27,0.02999999999999997,-0.4859310025786421,6.184490770633894e-10,0.7540760732533871,0.5165417624668543,0.03694202466717143,0.30000359392537645,0.18086691313875836,0.17091284330743728,-2.04139343859113
A1,A2,A3,B1,B2,phiA1
0.0,-6.661338150141208,-4.440892127827576,-12.212453283732952,-6.661338154763403,-7.77156126683897
ans,J2,J3,Energy,Sigma,L,A1,A2,A3,B1,B2,phiB1
cb2,-0.27,0.02999999999999997,-0.4094723364273298,0.06713925431434224,0.5000000075271275,0.3405066348040112,5.5546446184375715e-05,-0.8147925829830593,0.1357111425240359,0.1977790749065282,3.1415593430214983
A1,A2,A3,B1,B2,phiB1
-24.980018219759145,-1.665334536938597,-1.1102230258213897,-8.326672691847024,0.0,0.5551115190599423
