ans,J2,J3,Energy,Sigma,L,A1,A3,B1,B2,B3
3x3,0.12,0.09000000000000002,-0.45459246542246057,2.3386418786976895e-09,0.6731790203749046,0.509101600562795,0.20989464375352698,0.15923339291922078,0.2619931779479728,0.07675760438045842
A1,A3,B1,B2,B3
3.3306690034257898,-1.6653345386908878,-6.661338154763551,-2.7755575490773454,2.220446051587794
ans,J2,J3,Energy,Sigma,L,A1,A2,B1,B2,B3
q0,0.12,0.09000000000000002,-0.466630804529771,1.627364580688549e-12,0.7133206119168712,0.5197386414126761,0.24495242341257434,0.1906184310072351,0.19187324519676505,0.2691523788019744
A1,A2,B1,B2,B3
3.8857805902786566,3.330669077381704,-3.3306690773817014,4.440892103175609,3.88578061184907
ans,J2,J3,Energy,Sigma,L,A1,A2,A3,B1,B2
0-pi,0.12,0.09000000000000002,-0.45403604385999413,3.498105076589424e-13,0.6686918224834001,0.5002843688836528,0.08350897469214276,0.13779151268248713,0.1434182815144476,0.19124244747514732
A1,A2,A3,B1,B2
3.330669003425995,0.0,-2.2204460515878046,-4.440892103175604,-1.1102230257939023
ans,J2,J3,Energy,Sigma,L,A1,A2,A3,B1,B2,phiA1
cb1,0.12,0.09000000000000002,-0.47280662535655227,9.697586084130144e-09,0.7200861436272307,0.514788861108249,0.043910269072424915,0.278999274970642,0.17290185602794117,0.14270004486063012,1.9455960732438256
A1,A2,A3,B1,B2,phiA1
-1.1102230257939458,-6.661338150141123,-3.3306690588926786,-8.326672693454354,-4.996003616072748,-3.88578063341949
ans,J2,J3,Energy,Sigma,L,A1,A2,A3,B1,B2,phiB1
cb2,0.12,0.09000000000000002,-0.4540360438605236,2.56718757867041e-13,0.6686916843129931,0.5002843943792274,0.08350969037544351,0.13778955301542659,0.14341837367413574,0.19124351370775516,3.1415926529284093
A1,A2,A3,B1,B2,phiB1
3.885780590278655,1.6653345386908507,-0.5551115128969512,-4.440892103175609,-1.1102230257939023,-1.66533455717978
