ans,J2,J3,Energy,Sigma,L,A1,A3,B1,B2,B3
3x3,0.02999999999999997,0.24000000000000005,-0.481216122548885,1.0711251978704051e-13,0.7456217141022581,0.5153888161061925,0.3296110686282347,0.18183020081042905,0.34220927844020455,0.11103420400472039
A1,A3,B1,B2,B3
5.551115005709993,1.1102230196309257,-6.661338154763408,4.44089212782751,0.0
ans,J2,J3,Energy,Sigma,L,A1,A2,B1,B2,B3
q0,0.02999999999999997,0.24000000000000005,-0.45783122187046293,5.169088611696521e-09,0.6798498064123373,0.509152564927124,0.16270734906494838,0.1622208792703099,0.1737758292393236,0.1799292063518937
A1,A2,B1,B2,B3
2.775557564484356,0.0,-4.996003616072748,-1.1102230257939816,-0.5551115128968214
ans,J2,J3,Energy,Sigma,L,A1,A2,A3,B1,B2
0-pi,0.02999999999999997,0.24000000000000005,-0.46546431572691865,5.1507991797577636e-09,0.695850465816562,0.4956942726920394,0.05274724519195233,0.22149754236469474,0.13211300477021093,0.22376026739026836
A1,A2,A3,B1,B2
6.6613381177855695,0.0,2.220446051587794,-2.220446051588641,0.0
ans,J2,J3,Energy,Sigma,L,A1,A2,A3,B1,B2,phiA1
cb1,0.02999999999999997,0.24000000000000005,-0.492340034216897,7.433163290068678e-09,0.7738022408485403,0.5154391228860687,0.047271319511979396,0.35788897677466996,0.18451263104998492,0.17210965868925332,1.9587024592279758
A1,A2,A3,B1,B2,phiA1
6.661338006852257,3.3306690750705616,4.440892078523684,-3.3306690773822836,1.1102230257939816,2.220446076239769
ans,J2,J3,Energy,Sigma,L,A1,A2,A3,B1,B2,phiB1
cb2,0.02999999999999997,0.24000000000000005,-0.4654643138796349,5.456715987536011e-09,0.6958589789242945,0.49569631543079623,0.05279308887433683,0.22153364722631386,0.13211149458006774,0.2237620185434583,3.141592311796189
A1,A2,A3,B1,B2,phiB1
2.220446039261842,-1.6653345375351114,1.1102230257939816,-2.7755575644847847,0.5551115128969908,2.2204460762397065
