ans,J2,J3,Energy,Sigma,L,A1,A3,B1,B2,B3
3x3,0.3,-0.12,-0.43596564920988556,4.353217971897357e-13,0.6285567277843366,0.4932384039193506,0.07088126931919335,0.1299115461920387,0.16564609542011507,0.04257314149698598
A1,A3,B1,B2,B3
0.5551115159784391,-1.1102230257939023,-8.881784206351208,-5.551115128969508,-1.665334535224186
ans,J2,J3,Energy,Sigma,L,A1,A2,B1,B2,B3
q0,0.3,-0.12,-0.38409345041047604,4.5438167067229775,0.5000000075271275,0.5231805865561803,0.33781335717421024,5.319856508076426e-05,3.884599904288577e-05,5.3200603868958085e-05
A1,A2,B1,B2,B3
4.440892081081098,1.1102230313725048,-6.661338147754388,-2.220446049250785,0.0
ans,J2,J3,Energy,Sigma,L,A1,A2,A3,B1,B2
0-pi,0.3,-0.12,-0.4447674146742967,4.76909866185647e-11,0.6506155123994976,0.5009072466080635,0.11899394522470517,0.06632560306305776,0.15778632304354356,0.1592767390664513
A1,A2,A3,B1,B2
-2.77555756448478,-1.6653345386908667,-4.440892103175607,-8.32667269345427,-4.996003616072494
ans,J2,J3,Energy,Sigma,L,A1,A2,A3,B1,B2,phiA1
cb1,0.3,-0.12,-0.4584251799859763,6.925483842645128e-11,0.6779475936554556,0.5056966701513604,0.027168884747749866,0.16323993568907244,0.15300784670877063,0.07584584071061794,1.7648909141284033
A1,A2,A3,B1,B2,phiA1
2.7755575028549377,0.5551115121265743,-4.440892103175588,-8.881784206351208,-4.440892103175588,1.1102230381198528
ans,J2,J3,Energy,Sigma,L,A1,A2,A3,B1,B2,phiB1
cb2,0.3,-0.12,-0.44476741467582825,3.995247684250035e-11,0.6506156417913701,0.5009071709872361,0.11899225522324267,0.06632451795184262,0.1577855679991511,0.1592766219296689,3.1415926597821255
A1,A2,A3,B1,B2,phiB1
0.5551115128969729,-2.220446051587803,-4.440892103175607,-6.661338154763407,-3.3306690773817755,-0.5551115190599266
