ans,J2,J3,Energy,Sigma,L,A1,A3,B1,B2,B3
3x3,0.06,0.06,-0.46243159972718473,5.1567467595748215e-12,0.6947343693722803,0.513313864278148,0.23846363376548516,0.169344513474592,0.28943094070469644,0.09619430904967376
A1,A3,B1,B2,B3
7.216449507422992,1.1102230257939014,-3.8857805902786606,2.220446063913754,1.110223025793897
ans,J2,J3,Energy,Sigma,L,A1,A2,B1,B2,B3
q0,0.06,0.06,-0.4664030542376897,1.5371622188512941e-09,0.7098767412656185,0.5176387382438523,0.22541438958656013,0.183664676130686,0.18979115750427974,0.2523138171294995
A1,A2,B1,B2,B3
6.106226641866363,1.1102230257938122,-4.996003616072748,0.0,1.1102230319568729
ans,J2,J3,Energy,Sigma,L,A1,A2,A3,B1,B2
0-pi,0.06,0.06,-0.4571604080137402,5.318789882863697e-11,0.6753532273059323,0.49964589211944116,0.07621613335441162,0.1492169073213274,0.14060204997405784,0.19628747771350133
A1,A2,A3,B1,B2
3.885780568708182,0.5551115128969485,0.0,-4.440892103175588,0.5551115128969485
ans,J2,J3,Energy,Sigma,L,A1,A2,A3,B1,B2,phiA1
cb1,0.06,0.06,-0.4727723982765523,1.2861021204947748e-11,0.7196706639515944,0.5149409628539284,0.04158704903249788,0.2741286477474697,0.17285493554838696,0.1447297587680451,-1.9618132778483106
A1,A2,A3,B1,B2,phiA1
2.220446002284001,-3.3306690750705616,-1.1102230319568729,-6.106226641866455,-1.665334538690852,0.0
ans,J2,J3,Energy,Sigma,L,A1,A2,A3,B1,B2,phiB1
cb2,0.06,0.06,-0.45716040803343116,3.5379579597426397e-11,0.6753524991502013,0.4996455797011914,0.07621070220286023,0.14921028122318553,0.1406019850132673,0.196287530847903,3.141592658269637
A1,A2,A3,B1,B2,phiB1
1.1102230319568729,-2.7755575644847528,-3.3306690773816907,-8.326672693454228,-2.2204460515878153,-3.33066911435956
