ans,J2,J3,Energy,Sigma,L,A1,A3,B1,B2,B3
3x3,-0.27,-0.09,-0.5378972967445692,0.04551504139290366,0.809059046061978,0.5214489869749218,-3.0839527043191595e-08,0.24460835625903982,0.282845776173134,-0.05085573335740782
A1,A3,B1,B2,B3
4.440892004569527,1.1102230225434888,-6.661338154032731,4.440892126877798,1.110223023668785
ans,J2,J3,Energy,Sigma,L,A1,A2,B1,B2,B3
q0,-0.27,-0.09,-0.4283071272431155,0.8575435674524499,0.5003110209280217,0.32191350372889654,7.980536492341317e-07,0.10983388951860712,0.1545987736716112,0.12012704408923214
A1,A2,B1,B2,B3
4.440892076186213,0.0,-4.4408921008381155,2.220446051112947,1.6653345385081828
ans,J2,J3,Energy,Sigma,L,A1,A2,A3,B1,B2
0-pi,-0.27,-0.09,-0.4349082744616979,0.05378925407554972,0.5000000075271275,0.33841939539689964,0.014142757735995957,0.30487605562550946,0.1276946690994843,0.20015929192515847
A1,A2,A3,B1,B2
-22.75957190155657,-0.5551115122195784,1.1102230320663942,-8.326672694622582,1.1102230265973076
ans,J2,J3,Energy,Sigma,L,A1,A2,A3,B1,B2,phiA1
cb1,-0.27,-0.09,-0.47695613653391156,8.689310882878014e-09,0.7273019691338644,0.51385672795114,0.03477952960463616,0.24548483098439997,0.17207829529023966,0.1618524905699216,2.119624923188741
A1,A2,A3,B1,B2,phiA1
2.220446002283916,-2.2204460469657223,0.0,-5.5511151289695695,1.1102230257936427,0.0
ans,J2,J3,Energy,Sigma,L,A1,A2,A3,B1,B2,phiB1
cb2,-0.27,-0.09,-0.43489788409312363,0.05377062217282778,0.5000000075271275,0.33841288878876563,0.014184106457372992,0.3046059965473051,0.12768328280068122,0.20013595584402605,3.14159264213967
A1,A2,A3,B1,B2,phiB1
-23.86979518699886,0.0,0.0,-7.216449666637495,0.0,0.5551115190599266
