ans,J2,J3,Energy,Sigma,L,A1,A3,B1,B2,B3
3x3,-0.09,0.06,-0.49503318300484367,3.290782569936027e-12,0.7844563353341119,0.5211448905011191,0.3233429531078729,0.19624278572286064,0.3639718568613711,0.14409472087204886
A1,A3,B1,B2,B3
0.0,1.1102230196309317,-5.5511151289695055,-2.2204460639137538,1.1102230257939023
ans,J2,J3,Energy,Sigma,L,A1,A2,B1,B2,B3
q0,-0.09,0.06,-0.46528871787041787,2.0484298740579525e-10,0.6987976544185738,0.5096545262910329,0.16758224828382198,0.1624377110365945,0.1818205915106097,0.1973980684817761
A1,A2,B1,B2,B3
4.440892004568002,1.110223025793897,-5.551115128969527,1.6653345386908878,0.0
ans,J2,J3,Energy,Sigma,L,A1,A2,A3,B1,B2
0-pi,-0.09,0.06,-0.46853521258164843,4.918725884869145e-09,0.7014236538037257,0.49699009020046736,0.05620367203555478,0.19486052667878714,0.13318892167740196,0.2148958979768869
A1,A2,A3,B1,B2
3.8857806118490124,-0.5551115125119297,0.0,-6.106226641867068,0.5551115128969908
ans,J2,J3,Energy,Sigma,L,A1,A2,A3,B1,B2,phiA1
cb1,-0.09,0.06,-0.4792541219783967,1.8983198127045004e-12,0.7372907073034297,0.5162118846887324,0.039648100407259836,0.2939424888052807,0.17773740175323363,0.15959586040054125,-1.9986595438437993
A1,A2,A3,B1,B2,phiA1
4.440892004567991,2.2204460469655745,0.0,-3.330669077381704,1.1102230257939012,0.0
ans,J2,J3,Energy,Sigma,L,A1,A2,A3,B1,B2,phiB1
cb2,-0.09,0.06,-0.46853521258879605,4.919475025395193e-09,0.7014236576281009,0.49699009873494204,0.05620372713962804,0.1948602396064333,0.13318892081918546,0.21489589432525247,3.141592647953724
A1,A2,A3,B1,B2,phiB1
3.3306690958707033,1.1102230250235205,-0.5551115128968214,-3.885780590279105,2.220446051587794,-1.1102230381198532
