ans,J2,J3,Energy,Sigma,L,A1,A3,B1,B2,B3
3x3,-0.15,-0.21,-0.49219473297979144,7.00114053383648e-14,0.7777554779930418,0.5211885010998635,0.2765774391231675,0.19599147097406924,0.35056962642583744,0.15336716338894238
A1,A3,B1,B2,B3
2.220446002283997,-3.3306690588927768,-6.661338154763408,0.0,-2.2204460515878024
ans,J2,J3,Energy,Sigma,L,A1,A2,B1,B2,B3
q0,-0.15,-0.21,-0.47959328478896346,4.070048461359223e-09,0.7423955389781532,0.5155645053045667,0.2187838490043169,0.17918844017996444,0.19878984636305166,0.26465809950042746
A1,A2,B1,B2,B3
5.5511150057098755,0.0,-5.5511151289695695,2.220446051587794,3.3306690588927634
ans,J2,J3,Energy,Sigma,L,A1,A2,A3,B1,B2
0-pi,-0.15,-0.21,-0.4653919728764913,1.079394062530835e-10,0.6925257429707264,0.49822216715589235,0.06502151501571521,0.14845839119549967,0.13576944353385004,0.19752277879629698
A1,A2,A3,B1,B2
-1.6653345294463817,-4.996003616072536,-4.440892103175609,-9.436895719248167,-2.220446051587794
ans,J2,J3,Energy,Sigma,L,A1,A2,A3,B1,B2,phiA1
cb1,-0.15,-0.21,-0.46597793399189535,6.859392089929579e-14,0.6971058705513228,0.5093920034461117,0.03355434488886836,0.1882591968606049,0.16050786301081177,0.14518547183201372,-2.16757844897098
A1,A2,A3,B1,B2,phiA1
0.0,-2.7755575587069634,-2.7755575644847528,-8.32667269345426,-1.665334538690852,-2.2204460762397056
ans,J2,J3,Energy,Sigma,L,A1,A2,A3,B1,B2,phiB1
cb2,-0.15,-0.21,-0.46539197287326795,1.053009438590312e-10,0.6925250534861898,0.49822217553701664,0.06502357590611309,0.1484648036826549,0.13576948207078618,0.1975223150434674,3.141592643377336
A1,A2,A3,B1,B2,phiB1
4.996003643805949,2.220446051587794,3.8857805902786393,0.0,4.996003616072579,2.2204460762397065
