ans,J2,J3,Energy,Sigma,L,A1,A3,B1,B2,B3
3x3,0.0,-0.02999999999999997,-0.4687782726826999,4.622231866529366e-16,0.7125797860568315,0.5160825011721841,0.24467517374679243,0.17677266035886183,0.0,0.11388575750535399
A1,A3,B1,B2,B3
4.440892103175606,0.5551115128969506,-4.440892103175606,0.0,3.330669077381704
ans,J2,J3,Energy,Sigma,L,A1,A2,B1,B2,B3
q0,0.0,-0.02999999999999997,-0.47057146800828564,1.590047762086102e-14,0.7208789051663548,0.517674279556132,0.0,0.1836180733351935,0.0,0.2600840011343813
A1,A2,B1,B2,B3
2.2204460515878024,-0.0,-4.440892103175605,0.0,1.1102230196309264
ans,J2,J3,Energy,Sigma,L,A1,A2,A3,B1,B2
0-pi,0.0,-0.02999999999999997,-0.4591334950110005,1.699730242790933e-11,0.679344234732073,0.499291121365468,0.0,0.1466477959390941,0.1392914691459762,0.0
A1,A2,A3,B1,B2
3.330669058892774,0.0,1.110223025793901,-7.771561180557363,0.0
ans,J2,J3,Energy,Sigma,L,A1,A2,A3,B1,B2,phiA1
cb1,0.0,-0.02999999999999997,-0.46896769221666756,1.0294746886849528e-08,0.7079970055155352,0.5136126789656875,0.0,0.24370825414883054,0.1685745327832867,0.0,1.9908546270946568
A1,A2,A3,B1,B2,phiA1
4.996003505139023,0.0,-1.110223025793897,-6.661338154763213,0.0,-2.2204460762399387
ans,J2,J3,Energy,Sigma,L,A1,A2,A3,B1,B2,phiB1
cb2,0.0,-0.02999999999999997,-0.45913349501101036,1.7033078502556267e-11,0.6793441630220918,0.49929107852788635,0.0,0.1466482548434644,0.13929147134858808,0.0,3.1415926572446655
A1,A2,A3,B1,B2,phiB1
3.330669095870629,0.0,-2.775557564484754,-8.32667269345427,0.0,-3.330669114359559
