ans,J2,J3,Energy,Sigma,L,A1,A3,B1,B2,B3
3x3,0.26999999999999996,0.0,-0.43839318828190565,2.3332415711336277e-09,0.6332117978950708,0.4963615054329468,0.0,0.13477931258916212,0.18264655633600027,0.0
A1,A3,B1,B2,B3
1.110223019630921,-0.0,-7.771561180557533,-3.330669077381945,0.0
ans,J2,J3,Energy,Sigma,L,A1,A2,B1,B2,B3
q0,0.26999999999999996,0.0,-0.3899143929441815,4.521898886924708,0.5000000075271275,0.5237602589360106,0.33729866866543273,5.319859401750615e-05,5.319870613409994e-05,0.0
A1,A2,B1,B2,B3
3.3306690941175146,0.0,-4.440892098502926,-2.220446049251463,0.0
ans,J2,J3,Energy,Sigma,L,A1,A2,A3,B1,B2
0-pi,0.26999999999999996,0.0,-0.4462295843826492,2.434426633219668e-09,0.653231607279568,0.5012183334866233,0.11158945884963122,0.0,0.15465632981486846,0.16706335502278774
A1,A2,A3,B1,B2
1.1102230011423817,0.0,0.0,-7.216449667660372,-2.220446051587794
ans,J2,J3,Energy,Sigma,L,A1,A2,A3,B1,B2,phiA1
cb1,0.26999999999999996,0.0,-0.4631085656266351,1.8634989993099792e-12,0.6917665751847784,0.5100142288772994,0.04006664762932689,0.0,0.16106418427439903,0.10631825855694436,1.8623487872495916
A1,A2,A3,B1,B2,phiA1
2.7755575028550012,1.1102230250235297,0.0,-4.440892103175609,0.0,-0.5551115190599264
ans,J2,J3,Energy,Sigma,L,A1,A2,A3,B1,B2,phiB1
cb2,0.26999999999999996,0.0,-0.4462295843869726,2.439987178155103e-09,0.6532316883265356,0.5012183058104228,0.11158793600772009,0.0,0.15465600186972747,0.16706259624206105,3.1415926533059557
A1,A2,A3,B1,B2,phiB1
1.1102230011423817,0.0,0.0,-5.551115128969527,-2.220446051587794,1.1102230381198532
