ans,J2,J3,Energy,Sigma,L,A1,A3,B1,B2,B3
3x3,-0.06,0.14999999999999997,-0.49511717182370896,1.1832913578315177e-14,0.7835638774483588,0.5196503192197481,0.33816793833976533,0.1940044688291678,0.3650143149382409,0.13716554192905972
A1,A3,B1,B2,B3
-1.1102230257939008,-2.220446063913754,-9.992007232145113,-5.551115159784385,-3.330669077381704
ans,J2,J3,Energy,Sigma,L,A1,A2,B1,B2,B3
q0,-0.06,0.14999999999999997,-0.46171945377646145,1.4766875255594695e-10,0.6885409767305065,0.5080716899639378,0.15612470796705102,0.15891252601590222,0.17693613334315653,0.1803988051972349
A1,A2,B1,B2,B3
4.440892004568002,1.110223025793897,-6.661338154763551,-0.5551115128969485,-2.220446051587794
ans,J2,J3,Energy,Sigma,L,A1,A2,A3,B1,B2
0-pi,-0.06,0.14999999999999997,-0.46963354903504134,2.096455171299984e-10,0.7049570521874442,0.49570708763055904,0.05057817704416778,0.21697163102905628,0.13138808243632172,0.22279821395291702
A1,A2,A3,B1,B2
6.106226675762822,0.5551115125117603,2.220446051587794,-2.7755575644847847,2.775557564484754
ans,J2,J3,Energy,Sigma,L,A1,A2,A3,B1,B2,phiA1
cb1,-0.06,0.14999999999999997,-0.48651612294360447,1.0752493380309974e-09,0.7579628342509238,0.5165034157865699,0.042541167780033466,0.32983873968986555,0.18239104402742348,0.1678160842857384,-1.975924510917089
A1,A2,A3,B1,B2,phiA1
1.110223001141704,2.220446046965553,-1.1102230319568729,-4.440892103175588,1.110223025793897,-1.1102230381198421
ans,J2,J3,Energy,Sigma,L,A1,A2,A3,B1,B2,phiB1
cb2,-0.06,0.14999999999999997,-0.4696335490352548,2.0954123957908948e-10,0.7049570433545858,0.4957070786527374,0.05057823327835996,0.2169716618849178,0.13138807992004978,0.22279824739927806,3.141592655626473
A1,A2,A3,B1,B2,phiB1
4.996003588339167,-1.1102230250235205,0.0,-4.440892103175588,1.665334538690852,2.2204460762397065
