ans,J2,J3,Energy,Sigma,L,A1,A3,B1,B2,B3
3x3,-0.15,0.3,-0.5035975098534671,4.923065384785953,0.5000000075271275,0.5163996573743773,0.3223773277703761,0.19514337360119408,0.16379889625875982,-4.1385876855426496e-05
A1,A3,B1,B2,B3
2.2204460134412036,-2.2204460627450096,-4.4408921008381155,0.0,-2.220446049251124
ans,J2,J3,Energy,Sigma,L,A1,A2,B1,B2,B3
q0,-0.15,0.3,-0.46023150621262826,7.375541315025359e-12,0.6801323906501998,0.5010429236212645,0.1134157113210696,0.1433543480177142,0.16869070961937874,0.13458417904457973
A1,A2,B1,B2,B3
6.106226506280992,1.665334538690856,-5.551115128969527,3.3306690773816907,0.0
ans,J2,J3,Energy,Sigma,L,A1,A2,A3,B1,B2
0-pi,-0.15,0.3,-0.43374303563454264,0.04881164670141164,0.5000000075271275,0.34749441917589463,4.2424238602546465e-05,0.02185185072747897,0.13048476883001023,0.16494676957631674
A1,A2,A3,B1,B2
-23.86979518699886,-1.1102230246257314,-0.5551115122195784,-8.326672694622582,1.1102230259034183
ans,J2,J3,Energy,Sigma,L,A1,A2,A3,B1,B2,phiA1
cb1,-0.15,0.3,-0.5163196763090738,0.04339510111800636,0.810505216492874,0.5117946367159015,0.2434889700762644,0.32491850904428404,0.16961229358174784,0.21669309190966796,-1.4859292056005573
A1,A2,A3,B1,B2,phiA1
2.2204460023389734,-1.1102230252095289,0.0,-3.3306690770163656,1.1102230259034183,-2.2204460766227974
ans,J2,J3,Energy,Sigma,L,A1,A2,A3,B1,B2,phiB1
cb2,-0.15,0.3,-0.43374530745345785,0.04892169806073546,0.5000000075271275,0.34753933061318865,4.18004621729753e-05,0.021650106407428513,0.13055384571382037,0.1650141857178919,3.141525996262706
A1,A2,A3,B1,B2,phiB1
-21.649349122866074,0.5551115123121134,0.0,-4.440892103613673,2.775557564411601,1.6653345571797846
