ans,J2,J3,Energy,Sigma,L,A1,A3,B1,B2,B3
3x3,0.3,0.06,-0.4368896763048224,3.697785493223493e-16,0.629874015787569,0.49563322261055837,0.09754068176575534,0.13327191683281786,0.17961996129934857,0.04182415463197699
A1,A3,B1,B2,B3
3.885780568708239,1.1102230257939014,-7.216449667660358,-1.1102230257939014,2.220446050047059
ans,J2,J3,Energy,Sigma,L,A1,A2,B1,B2,B3
q0,0.3,0.06,-0.3803536369492537,4.560535101609708,0.5000000075271275,0.5238408631098648,0.3435789232613142,5.319852724380847e-05,5.3198704340701175e-05,5.319610495996274e-05
A1,A2,B1,B2,B3
4.440892125490019,1.1102230190465532,-4.440892098502926,-1.1102230246257314,0.0
ans,J2,J3,Energy,Sigma,L,A1,A2,A3,B1,B2
0-pi,0.3,0.06,-0.4457487914730361,5.653695541645829e-09,0.65264180589198,0.5013796552117418,0.1157490494414073,0.0821325036242431,0.15628358435153467,0.16624602570993582
A1,A2,A3,B1,B2
1.6653345386900715,3.3306690773817755,1.1102230257938122,-2.7755575644847847,-1.110223025793897
ans,J2,J3,Energy,Sigma,L,A1,A2,A3,B1,B2,phiA1
cb1,0.3,0.06,-0.4655058866097102,7.703719777548943e-16,0.6990209652559619,0.5112418692769323,0.04608018177500236,0.23514256694240668,0.16419846087167458,0.11474536629585882,1.8782141182028222
A1,A2,A3,B1,B2,phiA1
6.106226641866457,1.1102230234827852,0.5551115128969508,-3.8857805902786544,0.5551115128969508,2.220446076239706
ans,J2,J3,Energy,Sigma,L,A1,A2,A3,B1,B2,phiB1
cb2,0.3,0.06,-0.4457487905415156,5.486832108447504e-09,0.652638268642764,0.5013789079939728,0.11573851252565714,0.0820531016438595,0.1562830405047483,0.166245402741443,3.141592852214688
A1,A2,A3,B1,B2,phiB1
-1.6653345386907492,-2.220446051587794,-2.7755575644847847,-7.216449667660034,-3.8857805902786393,-1.1102230381198528
