ans,J2,J3,Energy,Sigma,L,A1,A3,B1,B2,B3
3x3,0.24000000000000005,-0.06,-0.4399706196260721,1.9284259495951615e-12,0.6367593857471299,0.4971393560963836,0.10037390656374859,0.13643635467036014,0.18615524801096747,0.048919730089018475
A1,A3,B1,B2,B3
2.7755575798921925,-4.440892103175605,-8.881784206351218,-4.440892103175604,-2.7755575587069625
ans,J2,J3,Energy,Sigma,L,A1,A2,B1,B2,B3
q0,0.24000000000000005,-0.06,-0.39973597681589834,4.489632321348524,0.5000000075271275,0.5238650936946592,0.32721925722592166,5.319861984365293e-05,5.31987098323361e-05,5.319961094352177e-05
A1,A2,B1,B2,B3
4.440892081081098,0.0,-4.440892098502926,-1.1102230246257314,0.0
ans,J2,J3,Energy,Sigma,L,A1,A2,A3,B1,B2
0-pi,0.24000000000000005,-0.06,-0.44676937392120425,3.0650830246425613e-09,0.6539682927015971,0.5010197787211286,0.1077125934242934,0.08407392408219465,0.15311262067541814,0.1677522817419703
A1,A2,A3,B1,B2
3.3306690773814984,-1.1102230257939816,0.5551115128969908,-3.8857805902784275,-1.6653345386908878
ans,J2,J3,Energy,Sigma,L,A1,A2,A3,B1,B2,phiA1
cb1,0.24000000000000005,-0.06,-0.46115436715592484,1.697899838971787e-14,0.6858858827679494,0.5087330822303692,0.03506924476498091,0.19487711883514008,0.15824105483953615,0.09890599918296115,1.8496521857787716
A1,A2,A3,B1,B2,phiA1
4.440892004567993,1.1102230250235294,1.110223025793901,-4.440892103175605,-2.2204460515878024,0.5551115190599266
ans,J2,J3,Energy,Sigma,L,A1,A2,A3,B1,B2,phiB1
cb2,0.24000000000000005,-0.06,-0.44676937386529353,2.5345658074938297e-09,0.6539673125524808,0.5010197589942256,0.10771409511751884,0.08407656728403216,0.15311412952950446,0.16775293925126303,3.1415926541025736
A1,A2,A3,B1,B2,phiB1
1.110223025793607,0.0,-2.220446051587794,-7.2164496676607115,-4.996003616072579,-2.7755575952996328
