ans,J2,J3,Energy,Sigma,L,A1,A3,B1,B2,B3
3x3,-0.24,0.14999999999999997,-0.4989774618090773,5.024137995459484,0.5000000075271275,0.518605867605038,-0.07307612365199528,0.19989601689871844,0.2966278482907721,0.0
A1,A3,B1,B2,B3
4.440892125490019,1.1102230255564736,-4.4408921008381155,0.0,0.0
ans,J2,J3,Energy,Sigma,L,A1,A2,B1,B2,B3
q0,-0.24,0.14999999999999997,-0.4254403833570014,1.0407491842684966e-08,0.5000000075271275,0.33733362668492445,0.048719306215700975,0.08023721272336409,0.0907122198760338,0.055573372150582466
A1,A2,B1,B2,B3
-47.18447833431351,-3.330669075070604,-20.539125977187137,-2.220446051587963,-2.220446046965553
ans,J2,J3,Energy,Sigma,L,A1,A2,A3,B1,B2
0-pi,-0.24,0.14999999999999997,-0.43037095318620144,0.061637381395942256,0.5000000075271275,0.3397057769812529,5.576634166060716e-05,-0.07787295468071988,0.13334524121310792,0.19380651877334662
A1,A2,A3,B1,B2
-24.980018219759145,-0.5551115123128657,-2.220446051112947,-8.881784207227346,0.5551115126047644
ans,J2,J3,Energy,Sigma,L,A1,A2,A3,B1,B2,phiA1
cb1,-0.24,0.14999999999999997,-0.49682503938386435,6.412410312263095e-09,0.784618169254685,0.5166100916043329,0.03930070913658159,0.3479279067343091,0.1869703186599873,0.17980458373801106,-1.9927769142636416
A1,A2,A3,B1,B2,phiA1
5.551115005710553,0.0,1.110223019631006,-3.3306690773822836,3.3306690773816907,0.0
ans,J2,J3,Energy,Sigma,L,A1,A2,A3,B1,B2,phiB1
cb2,-0.24,0.14999999999999997,-0.430391377193973,0.061617712797611544,0.5000000075271275,0.3397001098598321,5.600098618956124e-05,-0.07758066973434238,0.13334213708404194,0.19374047749245205,3.1416259806627993
A1,A2,A3,B1,B2,phiB1
-23.31468367131261,-1.1102230246257314,0.5551115126047644,-6.661338154032731,0.0,0.5551115190599423
