ans,J2,J3,Energy,Sigma,L,A1,A3,B1,B2,B3
3x3,-0.06,0.09000000000000002,-0.48975831951911974,7.421480136802838e-11,0.7699993349973376,0.5201732064883441,0.31901125769091715,0.19249861122435163,0.35613041359541625,0.13632278864519698
A1,A3,B1,B2,B3
5.551115005710045,1.1102230196309317,-4.440892103175609,-1.110223019630921,0.0
ans,J2,J3,Energy,Sigma,L,A1,A2,B1,B2,B3
q0,-0.06,0.09000000000000002,-0.4638548052557881,3.0331886695022564e-11,0.6955343397514373,0.5100788795722184,0.16969252833118972,0.1635207015695323,0.18085404699070876,0.1971034461758223
A1,A2,B1,B2,B3
4.440892103175614,-0.5551115128969697,-6.661338154763424,-1.110223025793897,0.0
ans,J2,J3,Energy,Sigma,L,A1,A2,A3,B1,B2
0-pi,-0.06,0.09000000000000002,-0.46709841908176586,5.055456094898071e-09,0.6982619130440796,0.4971226786457908,0.057395523069996845,0.19496881117657702,0.13365549754466163,0.21471379964289486
A1,A2,A3,B1,B2
6.661338117785357,-1.6653345375354502,-0.5551115128971602,-2.7755575644847847,2.7755575644847847
ans,J2,J3,Energy,Sigma,L,A1,A2,A3,B1,B2,phiA1
cb1,-0.06,0.09000000000000002,-0.4804921381423054,1.1632035079181305e-09,0.7411174978924224,0.516342221660113,0.04089527682129443,0.3036516872605922,0.17877886451076122,0.16052915146735777,1.986378107566096
A1,A2,A3,B1,B2,phiA1
7.771561180557621,1.1102230250235205,4.4408921278274915,-2.2204460515876243,2.220446051587794,6.6613382287191385
ans,J2,J3,Energy,Sigma,L,A1,A2,A3,B1,B2,phiB1
cb2,-0.06,0.09000000000000002,-0.4670984190804914,5.052905978762428e-09,0.6982619141602218,0.4971226785325295,0.057395394333184774,0.19496868855440286,0.13365550051851727,0.21471388877612352,3.141592649891737
A1,A2,A3,B1,B2,phiB1
6.661338117785357,0.0,0.0,-3.885780590279105,0.0,0.0
