ans,J2,J3,Energy,Sigma,L,A1,A3,B1,B2,B3
3x3,-0.02999999999999997,0.14999999999999997,-0.48738169265373277,2.7802745631291937e-09,0.7629712154279564,0.5187869136503209,0.32493467281357585,0.18941518143703764,0.35290089647729456,0.12854653952020842
A1,A3,B1,B2,B3
11.10223025793878,6.661338117785527,-1.1102230257936427,4.440892078523727,6.661338154763403
ans,J2,J3,Energy,Sigma,L,A1,A2,B1,B2,B3
q0,-0.02999999999999997,0.14999999999999997,-0.46137608257499685,6.073618835595409e-11,0.6887911215235897,0.5094433301425689,0.16483355230556476,0.16223266834959224,0.1778256503044846,0.18825417558994198
A1,A2,B1,B2,B3
2.2204460515877855,-1.665334538690852,-10.547118745042063,-3.88578059027865,-2.7755575644847847
ans,J2,J3,Energy,Sigma,L,A1,A2,A3,B1,B2
0-pi,-0.02999999999999997,0.14999999999999997,-0.46687958864968093,6.614436295865273e-10,0.69828232184188,0.49659819507908104,0.05526252151928858,0.20588330502224342,0.1329964113491216,0.21853668572332857
A1,A2,A3,B1,B2
2.7755575490773454,1.1102230250235205,-0.5551115128969538,-4.440892103175588,-1.110223025793897
ans,J2,J3,Energy,Sigma,L,A1,A2,A3,B1,B2,phiA1
cb1,-0.02999999999999997,0.14999999999999997,-0.4849598434162229,1.660826211395278e-09,0.7538376389004853,0.5164044379894218,0.043136529480073356,0.3263892017407914,0.18154850832959454,0.16550256200883767,1.9721650671788027
A1,A2,A3,B1,B2,phiA1
7.771561007993961,2.2204460469655745,1.110223019630921,-3.3306690773817755,2.220446051587836,0.0
ans,J2,J3,Energy,Sigma,L,A1,A2,A3,B1,B2,phiB1
cb2,-0.02999999999999997,0.14999999999999997,-0.46687958858964584,6.545774890380726e-10,0.6982826224455784,0.4965984099409496,0.05525606679584128,0.20588187880032457,0.13299651116825298,0.21853899919254913,3.1415926325623382
A1,A2,A3,B1,B2,phiB1
1.1102230319568729,-3.3306690704483297,-1.6653345386908454,-9.992007232145157,-3.3306690773817014,-1.66533455717978
