ans,J2,J3,Energy,Sigma,L,A1,A3,B1,B2,B3
3x3,0.14999999999999997,-0.27,-0.4450891384306496,2.248384543116102e-10,0.6492775252207579,0.4995702960060602,0.10431437204157169,0.14212113959278727,0.19888880026008723,0.06529211622315552
A1,A3,B1,B2,B3
3.3306690958705336,-1.6653345386908454,-7.216449667660372,0.0,1.1102230257939023
ans,J2,J3,Energy,Sigma,L,A1,A2,B1,B2,B3
q0,0.14999999999999997,-0.27,-0.4350678679404133,4.416910374543852,0.5000000075271275,0.5243337263149267,0.22420556460336744,5.319867258216093e-05,5.441471046394031e-05,-1.027983614898531e-08
A1,A2,B1,B2,B3
2.2204460134412036,0.0,-4.440892098502926,-1.1102230246257314,1.1102230246251568
ans,J2,J3,Energy,Sigma,L,A1,A2,A3,B1,B2
0-pi,0.14999999999999997,-0.27,-0.4484746624786124,1.773013571993218e-10,0.6564541329412764,0.5002108196075199,0.09815168750910815,0.08321006294747103,0.1491311432555677,0.16818350570841703
A1,A2,A3,B1,B2
4.440892103175592,1.1102230257939816,1.1102230257939816,-4.440892103175588,0.0
ans,J2,J3,Energy,Sigma,L,A1,A2,A3,B1,B2,phiA1
cb1,0.14999999999999997,-0.27,-0.4564454391638186,1.6948183510607676e-15,0.6721378268853149,0.5044853855935906,0.0231605693076349,0.1446692898719232,0.15042669019881097,0.07787226106868286,1.8125433922070313
A1,A2,A3,B1,B2,phiA1
4.996003505138993,1.1102230242531572,0.5551115128969505,-4.440892103175605,0.5551115128969506,2.7755575952996328
ans,J2,J3,Energy,Sigma,L,A1,A2,A3,B1,B2,phiB1
cb2,0.14999999999999997,-0.27,-0.44847466242283035,6.506561724117838e-13,0.6564515641130403,0.5002106801616677,0.0981440871928321,0.08322400702027136,0.14913256776409536,0.16818264726286106,3.1415926783057158
A1,A2,A3,B1,B2,phiB1
5.551115128969506,0.0,0.5551115128969512,-4.996003616072555,-0.5551115128969538,1.1102230381198532
