ans,J2,J3,Energy,Sigma,L,A1,A3,B1,B2,B3
3x3,0.12,-0.24,-0.44786479496680454,1.814996379590531e-14,0.656021864555843,0.5020317410203847,0.12126929904657811,0.1467638036749586,0.21261582411299837,0.07219884095522115
A1,A3,B1,B2,B3
4.996003616072556,0.5551115128969508,-5.5511151289695055,0.5551115128969512,2.2204460515878024
ans,J2,J3,Energy,Sigma,L,A1,A2,B1,B2,B3
q0,0.12,-0.24,-0.433104178232676,4.4066566617844884,0.5000000075271275,0.5237564051898701,0.27578902205128897,5.3198750993688204e-05,8.653513585610284e-05,0.0
A1,A2,B1,B2,B3
4.440891982473486,0.0,-4.440892098502926,0.0,0.0
ans,J2,J3,Energy,Sigma,L,A1,A2,A3,B1,B2
0-pi,0.12,-0.24,-0.4498853754562868,6.364813280210937e-13,0.6592279122563317,0.5001438839460861,0.09379754758128497,0.0913289758151831,0.14733916449419748,0.17193620039240076
A1,A2,A3,B1,B2
7.771561180557313,2.7755575644847528,-1.1102230257939023,-2.7755575644847537,2.2204460515878046
ans,J2,J3,Energy,Sigma,L,A1,A2,A3,B1,B2,phiA1
cb1,0.12,-0.24,-0.4575253290097473,3.2617549538142226e-13,0.6751416150538079,0.5059170126819051,0.027535015854314983,0.15777348049767,0.15262001059540337,0.09130433372233054,-1.8744463415087378
A1,A2,A3,B1,B2,phiA1
4.440892004567993,3.3306690727594668,0.0,-2.7755575644847528,1.6653345386908533,2.2204460762397056
ans,J2,J3,Energy,Sigma,L,A1,A2,A3,B1,B2,phiB1
cb2,0.12,-0.24,-0.44988537545877183,3.5201069002741036e-12,0.6592277231803417,0.5001438738213553,0.09379830549105321,0.09132907432504382,0.1473391525955507,0.17193861430142227,3.141592656470098
A1,A2,A3,B1,B2,phiB1
5.551115128969506,0.0,0.5551115128969485,-3.8857805902786553,1.6653345386908667,1.1102230381198532
