ans,J2,J3,Energy,Sigma,L,A1,A3,B1,B2,B3
3x3,-0.06,-0.12,-0.47632684059465413,1.1367855422784103e-11,0.7338832621076911,0.5183380573859835,0.2527224006596969,0.18408860791395823,0.32116877148928424,0.13050160667843433
A1,A3,B1,B2,B3
2.220446051587807,-2.220446039261853,-6.661338154763403,-4.4408921278274915,-2.2204460515878046
ans,J2,J3,Energy,Sigma,L,A1,A2,B1,B2,B3
q0,-0.06,-0.12,-0.4751804647174128,1.5652849252331487e-11,0.7329647908883982,0.5175109540831806,0.22896870628396054,0.18363023284859642,0.19698811376900185,0.2680563823047883
A1,A2,B1,B2,B3
-11.102230257938992,-3.3306690773816907,-9.992007232145115,0.0,-1.110223019630921
ans,J2,J3,Energy,Sigma,L,A1,A2,A3,B1,B2
0-pi,-0.06,-0.12,-0.46119905182821164,1.9139216941467836e-10,0.6835512895941407,0.4989100566636407,0.07024803393486573,0.1443298669082836,0.13802218932776877,0.1952678832247004
A1,A2,A3,B1,B2
2.7755575490773454,-2.220446051587794,-2.220446051587794,-8.32667269345427,-1.1102230257939023
ans,J2,J3,Energy,Sigma,L,A1,A2,A3,B1,B2,phiA1
cb1,-0.06,-0.12,-0.4663435080842699,1.0748229032449428e-08,0.6995974300226702,0.5118089632543472,0.035182859470756854,0.21590741050684145,0.16444516207549642,0.13759978775759293,-2.041903458912427
A1,A2,A3,B1,B2,phiA1
3.8857805902786406,0.0,0.5551115128969485,-2.2204460515872855,0.0,1.1102230381196305
ans,J2,J3,Energy,Sigma,L,A1,A2,A3,B1,B2,phiB1
cb2,-0.06,-0.12,-0.4611990518233087,1.905828782446073e-10,0.6835513268202036,0.4989100840009991,0.07024749275037727,0.14433037508315225,0.13802221157328887,0.19526815893890284,3.141592650097365
A1,A2,A3,B1,B2,phiB1
0.5551115159784787,-1.110223025793897,0.0,-7.216449667660288,0.5551115128969485,0.5551115190599266
