ans,J2,J3,Energy,Sigma,L,A1,A3,B1,B2,B3
3x3,0.3,0.14999999999999997,-0.4377878314330181,6.89191411334248e-11,0.6316104252572663,0.4974269506510122,0.12020784776769577,0.13592004805670174,0.191653468087561,0.041925769650840286
A1,A3,B1,B2,B3
4.996003588339187,3.8857805902786606,-2.7755575644847426,-1.1102230257939023,2.7755575625588222
ans,J2,J3,Energy,Sigma,L,A1,A2,B1,B2,B3
q0,0.3,0.14999999999999997,-0.4760027356212928,6.430931533722519e-09,0.747193516152049,0.5237148485584832,0.32086109835716425,0.21500506596796537,0.2029550692168502,0.33857148334186693
A1,A2,B1,B2,B3
5.5511150057098755,3.3306690958706184,-1.1102230257936427,-2.220446051587794,4.4408921278274915
ans,J2,J3,Energy,Sigma,L,A1,A2,A3,B1,B2
0-pi,0.3,0.14999999999999997,-0.4464400409796813,1.4482993181792014e-15,0.6540127649004467,0.5015552641625588,0.11319379186937088,0.09343587990393751,0.15509833391253328,0.1710827543931284
A1,A2,A3,B1,B2
4.996003505138993,0.0,1.665334538690852,-5.551115128969506,0.0
ans,J2,J3,Energy,Sigma,L,A1,A2,A3,B1,B2,phiA1
cb1,0.3,0.14999999999999997,-0.47145658463283424,1.814062688753492e-11,0.7166973727916952,0.5133904214316288,0.05387831195910418,0.27912364650371196,0.17086096414802118,0.13368688444605656,-1.914783894778764
A1,A2,A3,B1,B2,phiA1
4.996003505139023,2.220446050047062,2.7755575490773134,-2.7755575644847426,0.0,0.5551115190599211
ans,J2,J3,Energy,Sigma,L,A1,A2,A3,B1,B2,phiB1
cb2,0.3,0.14999999999999997,-0.4464400409867892,2.076164806001084e-11,0.6540135096965075,0.5015552736179859,0.11319384408830942,0.09343664800608494,0.15509834848371828,0.1710796407521151,3.1415923584727565
A1,A2,A3,B1,B2,phiB1
2.2204460022839956,-1.1102230257939023,0.0,-7.2164496676603616,-3.885780590278597,0.0
