ans,J2,J3,Energy,Sigma,L,A1,A3,B1,B2,B3
3x3,-0.24,0.06,-0.4557708811755009,4.353833277235896,0.5000000075271275,0.5216460189217328,-3.338830946419957e-05,5.3199138039861094e-05,5.319732205766314e-05,-4.6259270858328705e-08
A1,A3,B1,B2,B3
4.440891982473486,0.0,-4.440892098502926,2.220446049250785,1.1102230246251572
ans,J2,J3,Energy,Sigma,L,A1,A2,B1,B2,B3
q0,-0.24,0.06,-0.44766655150508367,0.3164199659504456,0.502314349738048,0.3647010445424132,0.05031280920516741,0.1745339448987791,0.2040199536252238,-0.28428683584451997
A1,A2,B1,B2,B3
2.775557547616383,-2.7755575630238223,-8.881784204451789,3.8857805903150195,0.5551115163801418
ans,J2,J3,Energy,Sigma,L,A1,A2,A3,B1,B2
0-pi,-0.24,0.06,-0.4235464765468346,0.061786206900734365,0.5000000075271275,0.34326824032096104,5.4062348000382714e-05,-0.3269826991428214,0.1349834798438322,0.1943405273056402
A1,A2,A3,B1,B2
-26.09024125113165,-3.88578058619006,-0.5551115163801418,-8.326672694622582,-1.6653345392020722
ans,J2,J3,Energy,Sigma,L,A1,A2,A3,B1,B2,phiA1
cb1,-0.24,0.06,-0.48705152800946694,1.704894939789318e-09,0.7577780385007552,0.5167755675349648,0.03781154100891383,0.31029184056418274,0.182002226410771,0.1714985087609388,-2.0237356574846874
A1,A2,A3,B1,B2,phiA1
3.3306690773814984,-2.220446050047041,-3.330669058892774,-6.661338154763381,-2.2204460515878046,-3.3306691143595692
ans,J2,J3,Energy,Sigma,L,A1,A2,A3,B1,B2,phiB1
cb2,-0.24,0.06,-0.4235464561161168,0.06179422041752211,0.5000000075271275,0.34325717124957034,5.402274832742977e-05,-0.3269038195166146,0.13498133317959735,0.19438986923496512,3.141592649865169
A1,A2,A3,B1,B2,phiB1
-20.539126091493568,1.1102230246257314,2.2204460641327883,-5.551115128823202,1.6653345385081828,0.0
