ans,J2,J3,Energy,Sigma,L,A1,A3,B1,B2,B3
3x3,-0.27,0.12,-0.46040600776572715,4.316752184127045,0.5000000075271275,0.5194198692072987,-0.00029391003346346256,5.319917961046916e-05,5.319784610335887e-05,2.312961000505709e-08
A1,A3,B1,B2,B3
3.3306690941175146,1.11022302463175,-4.440892098502926,0.0,-1.1102230246251572
ans,J2,J3,Energy,Sigma,L,A1,A2,B1,B2,B3
q0,-0.27,0.12,-0.4999994595481956,5.977447113984541e-08,0.5000000075271275,5.309168388914494e-05,2.1623191023109954e-07,5.32017970782929e-05,5.320179921728442e-05,0.002139469769192608
A1,A2,B1,B2,B3
0.0,-2.2204460492503086,-3.330669073877194,0.0,-2.2204460492766867
ans,J2,J3,Energy,Sigma,L,A1,A2,A3,B1,B2
0-pi,-0.27,0.12,-0.42823865860549076,0.06700835772442024,0.5000000075271275,0.33693956248758805,5.228999481098924e-05,-0.13973973690047037,0.13411488258627433,0.1978028020452413
A1,A2,A3,B1,B2
-22.75957215423858,-1.665334536938597,0.0,-6.106226641427966,2.2204460518068365
ans,J2,J3,Energy,Sigma,L,A1,A2,A3,B1,B2,phiA1
cb1,-0.27,0.12,-0.4951311709416715,4.283332661044311e-09,0.7798256004291587,0.516824995069699,0.03835431437731649,0.3385183935952994,0.1861953736049391,0.17891815011903353,-2.0042164969752583
A1,A2,A3,B1,B2,phiA1
4.440892103175571,-1.1102230234827766,2.220446039261842,-5.5511151289695695,-1.110223025793897,1.1102230381196305
ans,J2,J3,Energy,Sigma,L,A1,A2,A3,B1,B2,phiB1
cb2,-0.27,0.12,-0.42821613222454513,0.06702685690111845,0.5000000075271275,0.3369476648977128,5.255796545737695e-05,-0.1400739938097593,0.1341184989130467,0.19784350360908037,3.1415926607044407
A1,A2,A3,B1,B2,phiB1
-22.204460639940105,-0.5551115123121134,0.0,-6.661338156808289,0.5551115139925432,0.0
