ans,J2,J3,Energy,Sigma,L,A1,A3,B1,B2,B3
3x3,-0.3,-0.21,-0.4629336384374241,4.2965311651269875,0.5000000075271275,0.5182018810112952,-3.334338761584732e-05,4.367461798041039e-05,5.3197124855741684e-05,-1.3216929141413036e-08
A1,A3,B1,B2,B3
3.3306690941175146,1.110223024625562,-5.551115123128657,2.220446049251463,1.1102230246251568
ans,J2,J3,Energy,Sigma,L,A1,A2,B1,B2,B3
q0,-0.3,-0.21,-0.5000009727707246,4.937384855001168e-08,0.5000000075271275,1.4413137406280628e-06,4.44769246453205e-07,5.3201602251820985e-05,5.320168857776353e-05,0.0021395499016030454
A1,A2,B1,B2,B3
3.3306690738755016,2.220446049250311,-1.1102230246257314,4.440892098502926,2.2204460492766867
ans,J2,J3,Energy,Sigma,L,A1,A2,A3,B1,B2
0-pi,-0.3,-0.21,-0.43316093168542963,0.05679024839036812,0.5000000075271275,0.34100791793578883,0.026186439429396538,0.20130912246847252,0.12746172810451806,0.19664922799307707
A1,A2,A3,B1,B2
-22.759571902944348,-1.1102230244391569,0.0,-7.77156117924226,2.2204460518068365
ans,J2,J3,Energy,Sigma,L,A1,A2,A3,B1,B2,phiA1
cb1,-0.3,-0.21,-0.47300063670825876,1.4592462152670614e-06,0.7134357981357771,0.5070995270091604,0.029222269383384004,0.16939205894753037,0.160081458815348,0.16603362526835477,-2.365333660056197
A1,A2,A3,B1,B2,phiA1
3.3306690034261286,-4.440892097012594,-2.220446051589996,-6.661338154763213,-1.1102230257943204,-1.1102230381162423
ans,J2,J3,Energy,Sigma,L,A1,A2,A3,B1,B2,phiB1
cb2,-0.3,-0.21,-0.43316120501293703,0.05682156376136804,0.5000000075271275,0.3410079739904467,0.026187216841683122,0.20131045091097644,0.12747533753524298,0.19667957198772978,3.14155933483385
A1,A2,A3,B1,B2,phiB1
-21.649349122866074,0.0,3.330669077710255,-4.996003616218438,1.6653345378142934,2.7755575952996265
