ans,J2,J3,Energy,Sigma,L,A1,A3,B1,B2,B3
3x3,-0.21,-0.24,-0.5380586561489717,0.09179016112117407,0.8090533430192444,0.5220544549167804,-3.334974686336478e-05,0.2658752843983328,0.3605397582068606,0.16026032071088664
A1,A3,B1,B2,B3
5.551115005717329,1.1102230246257314,-7.771561138876987,0.0,1.110223025816682
ans,J2,J3,Energy,Sigma,L,A1,A2,B1,B2,B3
q0,-0.21,-0.24,-0.4809542305316026,1.6352716786682252e-10,0.7434293053841521,0.5133119632616021,0.20479782646924163,0.17370356757201716,0.19812121317335218,0.2537090446429493
A1,A2,B1,B2,B3
3.330669077381705,-2.220446051587836,-7.771561180557194,1.110223025793897,4.440892127827513
ans,J2,J3,Energy,Sigma,L,A1,A2,A3,B1,B2
0-pi,-0.21,-0.24,-0.4689818749771268,3.5098147306512986e-14,0.7005089504468768,0.4977103312606486,0.061097325331414716,0.15563029886802587,0.1341641816533867,0.20078199958068502
A1,A2,A3,B1,B2
2.775557549077314,-2.775557558706963,-1.665334538690852,-6.661338154763408,-1.6653345386908507
ans,J2,J3,Energy,Sigma,L,A1,A2,A3,B1,B2,phiA1
cb1,-0.21,-0.24,-0.4676005755306938,1.457479686963711e-10,0.7001892743731187,0.506280671853637,0.030653584105274814,0.15905066236664636,0.15672084313716167,0.15846700683162512,2.3547348874246743
A1,A2,A3,B1,B2,phiA1
2.220446051587796,-1.1102230242531486,0.5551115128969485,-4.440892103175588,3.3306690773817755,0.5551115190599264
ans,J2,J3,Energy,Sigma,L,A1,A2,A3,B1,B2,phiB1
cb2,-0.21,-0.24,-0.46898187497711996,4.1661716556984686e-14,0.7005089453954859,0.49771034114997276,0.06109740717175892,0.15563044674655105,0.1341641803188809,0.20078199736380603,3.1415926531127902
A1,A2,A3,B1,B2,phiB1
2.7755575490773134,-1.665334537535294,-2.7755575644847537,-4.440892103175605,-0.5551115128969512,1.1102230381198532
