ans,J2,J3,Energy,Sigma,L,A1,A3,B1,B2,B3
3x3,-0.12,-0.12,-0.48988662316382847,2.848773943979379e-12,0.7714592584335535,0.5212573132308287,0.2854393783694969,0.19469854071273046,0.3501975093664461,0.14795549895910898
A1,A3,B1,B2,B3
5.551115128969506,4.4408920785237,-6.661338154763405,-1.110223031956877,3.3306690773816907
ans,J2,J3,Energy,Sigma,L,A1,A2,B1,B2,B3
q0,-0.12,-0.12,-0.47412518427415695,5.048598859849678e-11,0.72628343004359,0.5142864184569068,0.20451949107814055,0.17465916198083511,0.19359387472275863,0.2449545614750346
A1,A2,B1,B2,B3
1.1102230011420005,-1.110223025793897,-8.881784206351176,-3.3306690773817067,-1.110223025793897
ans,J2,J3,Energy,Sigma,L,A1,A2,A3,B1,B2
0-pi,-0.12,-0.12,-0.4653718603420639,5.958787188591265e-11,0.6929324755544565,0.4982446704330596,0.06421641359222181,0.1581772767903731,0.13572382657538928,0.201142851092228
A1,A2,A3,B1,B2
4.4408920785237,-1.110223025793897,0.0,-4.440892103175588,2.7755575644847847
ans,J2,J3,Energy,Sigma,L,A1,A2,A3,B1,B2,phiA1
cb1,-0.12,-0.12,-0.46858857166892326,1.4715584259094321e-08,0.7054020277577089,0.5122857218406514,0.03524763166481608,0.2213403229571245,0.16603757910961442,0.14486424258302597,-2.0769809915603124
A1,A2,A3,B1,B2,phiA1
4.9960036160725565,0.0,1.6653345386908032,-4.996003616072071,3.3306690773816063,-0.5551115190594764
ans,J2,J3,Energy,Sigma,L,A1,A2,A3,B1,B2,phiB1
cb2,-0.12,-0.12,-0.4653718603426092,5.963344709211663e-11,0.6929324475729253,0.49824466162025155,0.06421638308534115,0.1581777330383317,0.13572382848113604,0.20114290014148875,3.141592658207281
A1,A2,A3,B1,B2,phiB1
5.551115098154627,0.5551115128969485,-0.5551115128969538,-6.106226641866476,0.5551115128969061,0.5551115190599266
