ans,J2,J3,Energy,Sigma,L,A1,A3,B1,B2,B3
3x3,-0.27,-0.15,-0.5416482661706036,0.054661354786938246,0.8090500963836782,0.5195717531013221,-1.850371633693726e-08,0.2469481993751907,0.2838387988697116,0.036793908153413137
A1,A3,B1,B2,B3
698.3302677184333,-3.33066907387547,365.2633754854485,333.06690588882606,348.6100293730179
ans,J2,J3,Energy,Sigma,L,A1,A2,B1,B2,B3
q0,-0.27,-0.15,-0.4765752653850568,3.385060692573671e-11,0.72641929015811,0.50774469239447,0.16459965938009968,0.1591036716096022,0.19035844792792142,0.2106563686037689
A1,A2,B1,B2,B3
-45.519144057549966,-97.69962626986332,-55.51115128969506,-45.519144057549944,-46.62936708334386
ans,J2,J3,Energy,Sigma,L,A1,A2,A3,B1,B2
0-pi,-0.27,-0.15,-0.4330868186582307,0.05246679539428284,0.5000000075271275,0.34139427265057426,0.022254593486000417,0.221768292009598,0.12731290771389403,0.1970642505485589
A1,A2,A3,B1,B2
-23.869794921990902,-0.5551115120461061,-1.1102230259034183,-8.326672694622582,-1.1102230252095289
ans,J2,J3,Energy,Sigma,L,A1,A2,A3,B1,B2,phiA1
cb1,-0.27,-0.15,-0.4737493424358988,5.418200839914727e-10,0.7173158286294427,0.5115536126167514,0.03354930457124003,0.2160829518416077,0.16700110366591603,0.15958615893829384,2.1857253481145507
A1,A2,A3,B1,B2,phiA1
4.996003505139023,-0.5551115125117603,-1.110223025793897,-5.551115128969527,1.110223025793897,2.2204460762397056
ans,J2,J3,Energy,Sigma,L,A1,A2,A3,B1,B2,phiB1
cb2,-0.27,-0.15,-0.4330855112711177,0.05247789939343498,0.5000000075271275,0.34139626507899284,0.022254738113464557,0.22179289768781962,0.12731842974312038,0.1971095889729685,3.141659315276147
A1,A2,A3,B1,B2,phiB1
-22.204460393421073,-0.5551115122195784,1.1102230252095289,-6.661338156808289,-0.5551115126047644,0.5551115190599
