ans,J2,J3,Energy,Sigma,L,A1,A3,B1,B2,B3
3x3,-0.015,0.0049999999999999975,-0.47388404405095796,1.2644624024545189e-11,0.725869075031605,-0.5177030383960185,-0.2642697404803427,0.18092444009625638,0.31846701835225466,0.11981099411239249
A1,A3,B1,B2,B3
3.4926506133551753,0.010103029525190483,-5.68611824306665,0.05828670879917526,-0.00988098491914427
ans,J2,J3,Energy,Sigma,L,A1,A2,B1,B2,B3
q0,-0.015,0.0049999999999999975,-0.468367911284793,1.4418227944910914e-11,0.7118391654878731,-0.5157838147593765,-0.2099914296492925,0.177709717015118,0.1893762240080754,0.24034172503325396
A1,A2,B1,B2,B3
3.5008107518092704,-0.08981704269448848,-6.002309760154843,0.05123679258492638,-0.010935696792232318
ans,J2,J3,Energy,Sigma,L,A1,A2,A3,B1,B2,phiA1
cb1,-0.015,0.0049999999999999975,-0.4726266564593969,3.7290609536839847e-11,0.7213064808368668,0.5169371578878115,0.041200892557708535,0.2811265449874656,0.17725489680680195,0.149799598956867,1.9556221086920973
A1,A2,A3,B1,B2,phiA1
3.8716807531228006,-0.06578071420890888,0.009658940315291815,-5.645095501992327,0.056066262741902115,0.09354237384665728
