ans,J2,J3,Energy,Sigma,L,A1,A3,B1,B2,B3
3x3,-0.015,-0.02,-0.4725464926347968,7.2322042346778345e-12,0.7221469318711929,0.5173203260180254,0.2559408336919203,0.17975010431957633,0.3137679336726246,0.11877888248711874
A1,A3,B1,B2,B3
4.2603143237733185,-0.041633363423360235,-5.131672864269702,0.05745404152423709,0.0393018950716519
ans,J2,J3,Energy,Sigma,L,A1,A2,B1,B2,B3
q0,-0.015,-0.02,-0.4698663339305128,2.067019596993639e-12,0.7168490227779541,-0.5167107937671447,-0.21780842959874724,0.18032377577618963,0.19146566380927077,0.24942950419087673
A1,A2,B1,B2,B3
2.9256042028479188,-0.04629630012549158,-5.792588630809392,0.10386136395059292,0.036526337509080783
ans,J2,J3,Energy,Sigma,L,A1,A2,A3,B1,B2,phiA1
cb1,-0.015,-0.02,-0.47073625853653667,1.4314271697635423e-11,0.7153990889336551,0.5161134164350141,0.03999169426619213,0.26843539800644806,0.1748665344839137,0.1456163948315373,1.959325435970904
A1,A2,A3,B1,B2,phiA1
3.89416276936767,-0.06300515664735151,-0.0618949336227286,-5.871136909799284,0.04785061236257666,0.08581116928162286
