ans,J2,J3,Energy,Sigma,L,A1,A3,B1,B2,B3
3x3,-0.24,-0.06,-0.4583813173483676,4.332949773174095,0.5000000075271275,0.5203934579239905,6.61069613518972e-05,5.319911699747104e-05,5.3197454816134027e-05,5.320179974659738e-05
A1,A3,B1,B2,B3
3.330668975752885,-1.1102230246262397,-4.440892098502926,2.220446049250785,0.0
ans,J2,J3,Energy,Sigma,L,A1,A2,B1,B2,B3
q0,-0.24,-0.06,-0.472287891031034,1.5001111785811724e-09,0.7142535399522445,0.506579595946027,0.1533964379024563,0.1556731142871904,0.1856436130259546,0.19396387806621282
A1,A2,B1,B2,B3
117.12852662048081,26.090241106156707,64.39293549604687,14.432899335320744,-0.5551115128969061
ans,J2,J3,Energy,Sigma,L,A1,A2,A3,B1,B2
0-pi,-0.24,-0.06,-0.47708157814953556,1.0514961198772104e-12,0.7206247191171901,0.4959010552149465,0.04935810211992546,0.20151932164970165,0.13049727290164279,0.21847600481929472
A1,A2,A3,B1,B2
2.7755575490773134,-1.1102230250235297,-2.7755575644847528,-7.216449667660359,-1.110223025793897
ans,J2,J3,Energy,Sigma,L,A1,A2,A3,B1,B2,phiA1
cb1,-0.24,-0.06,-0.47736080767318734,6.024885104282634e-09,0.7293214764507099,0.5146674604612822,0.03557112822783445,0.2569352620112438,0.17365180518167786,0.16117893839844022,-2.086950651562429
A1,A2,A3,B1,B2,phiA1
3.330669077381668,-1.1102230250235205,-1.1102230196308365,-4.440892103174571,-2.220446051587963,1.1102230381198528
ans,J2,J3,Energy,Sigma,L,A1,A2,A3,B1,B2,phiB1
cb2,-0.24,-0.06,-0.47708157815020236,1.3164424504666736e-12,0.7206245687810164,0.49590104130629253,0.049357930733980544,0.20152301117820842,0.13049731546228036,0.21847594528994466,3.141592663263686
A1,A2,A3,B1,B2,phiB1
2.7755575798921934,-3.8857805821897498,-0.5551115128969485,-6.661338154763407,-2.2204460515878153,1.1102230381198532
