ans,J2,J3,Energy,Sigma,L,A1,A3,B1,B2,B3
3x3,0.18,-0.12,-0.4439220865944667,6.187627725327311e-13,0.6458701898145255,0.4998685185907571,0.11495228862257204,0.14173485975839062,0.2004275373870796,0.058450104568119006
A1,A3,B1,B2,B3
1.6653345479353159,-1.1102230257939023,-9.436895719248156,-3.3306690773817014,-1.6653345352241753
ans,J2,J3,Energy,Sigma,L,A1,A2,B1,B2,B3
q0,0.18,-0.12,-0.30372126460401694,4.351577279322482,0.5000000075271275,0.5062045903064792,0.6573467645879087,0.02861552472962384,0.018797985320243432,0.49999805656528584
A1,A2,B1,B2,B3
3.330668975752885,0.0,-3.3306690733174706,-1.1102230242656845,0.0
ans,J2,J3,Energy,Sigma,L,A1,A2,A3,B1,B2
0-pi,0.18,-0.12,-0.42668919722524623,0.03402638963284329,0.5000000075271275,0.3917643590918311,0.10735915168658075,0.12224452572585723,0.1479842317443726,0.17971746823577048
A1,A2,A3,B1,B2
-30.531133039045777,0.5551115126047644,1.1102230255564736,-8.881784204451789,0.5551115126047644
ans,J2,J3,Energy,Sigma,L,A1,A2,A3,B1,B2,phiA1
cb1,0.18,-0.12,-0.46003689570350126,2.727307853502809e-11,0.6824892094791813,0.508100895217974,0.03203491994589372,0.1836301124905386,0.15674298510766838,0.09831423519280534,-1.8659767553960174
A1,A2,A3,B1,B2,phiA1
3.8857805902786406,1.665334537535302,-2.220446051587794,-7.216449667660352,-3.330669077381712,0.0
ans,J2,J3,Energy,Sigma,L,A1,A2,A3,B1,B2,phiB1
cb2,0.18,-0.12,-0.42668738219985236,0.03403360268403204,0.5000000075271275,0.3917633676130431,0.10744180041755264,0.12233220055972363,0.14799275665297232,0.17967445577274468,3.1415593204476977
A1,A2,A3,B1,B2,phiB1
-31.64135641076973,-0.5551115126047644,-1.6653345388551275,-10.54711874504164,-0.5551115126047644,-1.1102230381198845
