ans,J2,J3,Energy,Sigma,L,A1,A3,B1,B2,B3
3x3,0.06,-0.06,-0.45785661451373966,1.0452869217365058e-11,0.6820394595244867,0.510643059053414,0.1960585603402603,0.16340237074252734,0.2655264219260782,0.09230726983662323
A1,A3,B1,B2,B3
1.1102230011420005,21.649349002981076,13.877787822423754,22.20446063913754,43.8538095188591
ans,J2,J3,Energy,Sigma,L,A1,A2,B1,B2,B3
q0,0.06,-0.06,-0.47555351494044906,1.0419126924739395e-12,0.7400520372685117,0.521589181115746,0.26579271336429267,0.19694683582897046,0.2005403174108352,0.2990965866758452
A1,A2,B1,B2,B3
3.330669077381705,-1.1102230319568782,-3.330669077381704,1.110223025793897,-2.2204460392618515
ans,J2,J3,Energy,Sigma,L,A1,A2,A3,B1,B2
0-pi,0.06,-0.06,-0.45490055100313104,4.1586312547802033e-11,0.6700367805075881,0.49996819362353584,0.08172755205179033,0.12625284384375188,0.1426204099349984,0.18705687731304307
A1,A2,A3,B1,B2
2.220446063913755,-2.2204460515878046,-2.7755575644847554,-7.216449667660288,-2.7755575644847634
ans,J2,J3,Energy,Sigma,L,A1,A2,A3,B1,B2,phiA1
cb1,0.06,-0.06,-0.46535547187829385,2.820239365923337e-12,0.6977206759849506,0.511997405302191,0.036797845337257495,0.22357881845004035,0.16452854038741413,0.12751292816897536,-1.9633611333953955
A1,A2,A3,B1,B2,phiA1
9.992007232145111,6.106226637629405,5.5511151289695055,-2.7755575644847528,3.88578059027865,2.775557595299632
ans,J2,J3,Energy,Sigma,L,A1,A2,A3,B1,B2,phiB1
cb2,0.06,-0.06,-0.45490055100270044,4.178722555960051e-11,0.6700368154301968,0.49996819823808114,0.08172697032031832,0.12625106820711424,0.14262038469793614,0.18705691285541073,3.1415926427342176
A1,A2,A3,B1,B2,phiB1
4.996003643805946,0.0,1.665334538690852,-7.771561180557279,0.0,0.0
