ans,J2,J3,Energy,Sigma,L,A1,A3,B1,B2,B3
3x3,-0.12,-0.27,-0.4824966707987641,1.3818128884920103e-09,0.7509654467777513,0.5188192373403574,0.24599878703284064,0.18837101249705068,0.32822886189849315,0.14373049587659298
A1,A3,B1,B2,B3
6.6613380068515795,-2.2204460515878153,-3.3306690773817755,3.3306690588926786,0.0
ans,J2,J3,Energy,Sigma,L,A1,A2,B1,B2,B3
q0,-0.12,-0.27,-0.4851538154823196,4.3191243896498356e-11,0.7617364064887755,0.5187394316768131,0.24872683025190157,0.18972404878116828,0.20489321617880898,0.29648366609516
A1,A2,B1,B2,B3
7.771561007993989,2.2204460515878046,-3.3306690773817014,2.220446051587794,0.0
ans,J2,J3,Energy,Sigma,L,A1,A2,A3,B1,B2
0-pi,-0.12,-0.27,-0.46220822719231225,7.703719777548943e-16,0.6851456215380753,0.4985531605056043,0.06946193429773465,0.13332370623981524,0.13733802790253904,0.19125102667588006
A1,A2,A3,B1,B2
5.551115159784385,0.0,-1.1102230257939012,-3.330669077381704,1.665334538690852
ans,J2,J3,Energy,Sigma,L,A1,A2,A3,B1,B2,phiA1
cb1,-0.12,-0.27,-0.4629327736851872,1.4846026354077142e-10,0.6888866860415344,0.5072299158949756,0.03290344908577272,0.16591452176089685,0.15612248540735588,0.14163182758917728,-2.2077655673921455
A1,A2,A3,B1,B2,phiA1
0.0,-1.6653345352241649,-1.110223025793897,-6.661338154763381,-1.6653345386908878,-3.885780633419469
ans,J2,J3,Energy,Sigma,L,A1,A2,A3,B1,B2,phiB1
cb2,-0.12,-0.27,-0.4622082272034985,1.0247472640656048e-10,0.6851471838597425,0.4985533810333308,0.06946085041152811,0.13332699728298392,0.1373361730584629,0.1912540788111084,3.1415925695503537
A1,A2,A3,B1,B2,phiB1
2.2204460639137564,-2.7755575644847426,-3.3306690773816907,-9.436895719248167,-2.7755575644847426,-2.2204460762397065
