ans,J2,J3,Energy,Sigma,L,A1,A3,B1,B2,B3
3x3,0.26999999999999996,-0.02999999999999997,-0.4381774715126117,2.7733391199176196e-15,0.6328254653362054,0.49588832081794587,0.09345139829993361,0.13410704400824539,0.17982935154045274,0.04518447574101438
A1,A3,B1,B2,B3
2.7755575798921934,-1.665334538690852,-6.661338154763408,-3.330669077381704,-1.665334537535294
ans,J2,J3,Energy,Sigma,L,A1,A2,B1,B2,B3
q0,0.26999999999999996,-0.02999999999999997,-0.3839839526024216,4.5336859028439696,0.5000000075271275,0.5236766624096442,0.35366225793235107,5.319848067530941e-05,5.3198638481521954e-05,5.3196413286937805e-05
A1,A2,B1,B2,B3
3.3306690201618054,0.0,-4.440892098502926,-2.220446049251463,-1.110223024625562
ans,J2,J3,Energy,Sigma,L,A1,A2,A3,B1,B2
0-pi,0.26999999999999996,-0.02999999999999997,-0.43208083050909885,0.034539473822483915,0.5000000075271275,0.39425212555599043,0.13145762026626345,0.5623669840185267,0.15452894471043482,0.16096789050477797
A1,A2,A3,B1,B2
-34.972025506275024,-2.220446051112947,-1.1102230011694867,-13.877787820670227,-2.775557564411601
ans,J2,J3,Energy,Sigma,L,A1,A2,A3,B1,B2,phiA1
cb1,0.26999999999999996,-0.02999999999999997,-0.46181655354146245,8.269198385570697e-10,0.6878966610171198,0.5090675060224117,0.0373847986059508,0.20125849628088419,0.1590949218996713,0.10010547011914196,1.8466565786352291
A1,A2,A3,B1,B2,phiA1
10.547118745041976,3.3306690750705616,4.440892103175588,-2.220446051587794,2.220446051587794,2.7755575952995843
ans,J2,J3,Energy,Sigma,L,A1,A2,A3,B1,B2,phiB1
cb2,0.26999999999999996,-0.02999999999999997,-0.4320940436513685,0.034559287592068125,0.5000000075271275,0.39425361883525145,0.1314580373111793,0.5628061436019715,0.15454708840952075,0.16090057559773424,3.141542616633775
A1,A2,A3,B1,B2,phiB1
-36.63736005472156,-1.1102230259034183,-0.5551115005847433,-13.877787820670227,-1.1102230259034183,0.5551115190599
