ans,J2,J3,Energy,Sigma,L,A1,A3,B1,B2,B3
3x3,-0.06,-0.24,-0.47163146110519427,4.6003224874820163e-11,0.7207814846112217,0.5158376681885497,0.2197106216867413,0.17858764769077226,0.3021754733109826,0.12693078647862302
A1,A3,B1,B2,B3
4.996003616072544,-0.555111512896959,-4.996003616072579,2.2204460639137666,-1.1102230257939394
ans,J2,J3,Energy,Sigma,L,A1,A2,B1,B2,B3
q0,-0.06,-0.24,-0.4852616401164407,1.3354675568293084e-11,0.7652323559993481,0.5207509366856248,0.2659787843410389,0.19605937214785654,0.20641021848573293,0.31060832474000655
A1,A2,B1,B2,B3
2.2204460022839796,-3.330669058892774,-9.992007232145115,-4.440892103175588,-3.3306690958706184
ans,J2,J3,Energy,Sigma,L,A1,A2,A3,B1,B2
0-pi,-0.06,-0.24,-0.4590193046586357,2.359329509418077e-10,0.6782629688101934,0.4990178849845619,0.07412812577804218,0.12584208912071712,0.139263887573896,0.18778034051712078
A1,A2,A3,B1,B2
3.8857806118490656,0.0,-0.5551115128969908,-5.5511151289694,0.5551115128969485
ans,J2,J3,Energy,Sigma,L,A1,A2,A3,B1,B2,phiA1
cb1,-0.06,-0.24,-0.46174107136464954,5.6329599013437874e-14,0.6862703236044694,0.5083146100882767,0.033275357796090185,0.1765573781188089,0.15724857156112865,0.13044848746926033,-2.097114189456134
A1,A2,A3,B1,B2,phiA1
5.551115128969506,1.665334537535294,1.110223025793901,-3.885780590278654,1.1102230257938996,0.5551115190599264
ans,J2,J3,Energy,Sigma,L,A1,A2,A3,B1,B2,phiB1
cb2,-0.06,-0.24,-0.4590193046612136,2.384930510982828e-10,0.6782629583585933,0.49901787658579777,0.07412845017585606,0.12584210508320107,0.1392638680518486,0.18778036211186314,3.1415926569588892
A1,A2,A3,B1,B2,phiB1
5.551115159784385,3.3306690773816907,1.6653345386908878,-2.7755575644847847,3.330669077381712,0.0
