ans,J2,J3,Energy,Sigma,L,A1,A3,B1,B2,B3
3x3,0.0,-0.15,-0.4641674595787301,1.0862700946554842e-10,0.6997827876654625,0.5134652773602253,0.20745681202110258,0.17100780161011137,0.0,0.11007046344396862
A1,A3,B1,B2,B3
5.5511151289694745,-1.110223025793897,-5.5511151289695695,0.0,-1.665334538690856
ans,J2,J3,Energy,Sigma,L,A1,A2,B1,B2,B3
q0,0.0,-0.15,-0.480180987474621,1.8908554629078793e-09,0.7521233852457704,0.5212700722351363,0.0,0.19650595845343666,0.0,0.3048234040705679
A1,A2,B1,B2,B3
435.20741644766315,0.0,182.07657623019978,0.0,-4.440892078523684
ans,J2,J3,Energy,Sigma,L,A1,A2,A3,B1,B2
0-pi,0.0,-0.15,-0.4569139568508296,5.492752201392397e-13,0.6740333197572616,0.49949602723745434,0.0,0.12613357417146853,0.14087542878874315,0.0
A1,A2,A3,B1,B2
2.2204460639137458,0.0,0.5551115128969505,-3.330669077381704,0.0
ans,J2,J3,Energy,Sigma,L,A1,A2,A3,B1,B2,phiA1
cb1,0.0,-0.15,-0.4631052983726551,1.1233101956435216e-10,0.6907029461131549,0.5102932665756068,0.0,0.19933116596883166,0.16082274063281876,0.0,-2.0096351922487736
A1,A2,A3,B1,B2,phiA1
1.1102230257939458,0.0,0.5551115128969485,-4.996003616072536,0.0,-1.1102230381198634
ans,J2,J3,Energy,Sigma,L,A1,A2,A3,B1,B2,phiB1
cb2,0.0,-0.15,-0.45691395685084113,5.989179903857651e-13,0.6740333129162716,0.49949602752382344,0.0,0.126133427692327,0.14087545111258376,0.0,3.1415926491639237
A1,A2,A3,B1,B2,phiB1
4.440892078523695,0.0,1.665334538690852,-5.551115128969507,0.0,0.0
