ans,J2,J3,Energy,Sigma,L,A1,A3,B1,B2,B3
3x3,0.09000000000000002,0.3,-0.47359406087214806,4.844876763671517e-10,0.7251829729636178,0.5116297602660353,0.32560293571237664,0.17315358037996512,0.3270405733354438,0.09194609718877111
A1,A3,B1,B2,B3
5.55111512896939,1.1102230319568729,-5.5511151289695695,1.1102230319568729,-1.110223025793897
ans,J2,J3,Energy,Sigma,L,A1,A2,B1,B2,B3
q0,0.09000000000000002,0.3,-0.4555657783739432,2.4158865222393487e-13,0.6749555779613218,0.5098575701743255,0.168197719231616,0.16473583100046932,0.17230080719749608,0.18089014993289224
A1,A2,B1,B2,B3
0.5551115128969504,-2.220446051587802,-8.32667269345426,-2.2204460515878046,-3.8857805902786553
ans,J2,J3,Energy,Sigma,L,A1,A2,A3,B1,B2
0-pi,0.09000000000000002,0.3,-0.4627695262840701,3.683968101430481e-11,0.6899774802238545,0.4955880966813691,0.05390864494007541,0.22516556683646735,0.13248789855572674,0.22452027509768385
A1,A2,A3,B1,B2
3.8857805687082347,0.5551115125117603,-0.5551115128969485,-4.996003616072557,0.0
ans,J2,J3,Energy,Sigma,L,A1,A2,A3,B1,B2,phiA1
cb1,0.09000000000000002,0.3,-0.49710677636274025,8.192320500720204e-12,0.7858878677955697,0.5140684971328726,0.05140403072300279,0.3761691110370168,0.18552055230567646,0.17504578112764518,-1.9548396792847396
A1,A2,A3,B1,B2,phiA1
5.551115128969517,3.330669070448356,1.1102230319568782,-5.5511151289695055,1.110223025793897,0.0
ans,J2,J3,Energy,Sigma,L,A1,A2,A3,B1,B2,phiB1
cb2,0.09000000000000002,0.3,-0.4627695262891368,2.6870821103123595e-11,0.6899776714841583,0.49558777189134406,0.05391638535798328,0.22516882319137757,0.1324879984031194,0.22451961389643782,3.1415926459052206
A1,A2,A3,B1,B2,phiB1
5.55111515978438,2.2204460500470593,2.2204460515878046,-5.5511151289695,1.110223025793897,1.1102230381198532
