ans,J2,J3,Energy,Sigma,L,A1,A3,B1,B2,B3
3x3,0.21000000000000002,-0.06,-0.44215932679469855,1.657245768961706e-11,0.6416354969468053,0.4989599506471426,0.11307792177927005,0.13971055035836963,0.19596763072959406,0.05327066918209264
A1,A3,B1,B2,B3
2.775557579892182,-1.110223025793897,-8.881784206351197,-2.7755575644847528,-2.2204460500470833
ans,J2,J3,Energy,Sigma,L,A1,A2,B1,B2,B3
q0,0.21000000000000002,-0.06,-0.40411829419118506,4.47745819404931,0.5000000075271275,0.5244328392399183,0.33030333027317466,5.319858316399362e-05,5.3198682831934185e-05,5.319702124800818e-05
A1,A2,B1,B2,B3
4.440892026882407,1.1102230190465532,-3.330669073877194,0.0,0.0
ans,J2,J3,Energy,Sigma,L,A1,A2,A3,B1,B2
0-pi,0.21000000000000002,-0.06,-0.4283426038812679,0.034987369252161525,0.5000000075271275,0.39191764745912017,0.13349673672552514,0.2980040057265627,0.15113113950939813,0.16950300141919794
A1,A2,A3,B1,B2
-33.30669095921627,0.5551115126047644,0.5551115163801418,-9.43689571983211,-1.1102230259034183
ans,J2,J3,Energy,Sigma,L,A1,A2,A3,B1,B2,phiA1
cb1,0.21000000000000002,-0.06,-0.4616969552625588,1.528403776636025e-08,0.6874443893048658,0.5093400327028241,0.03561469051103697,0.19980193444491354,0.15930705437327078,0.10394835156927604,1.8704343953292926
A1,A2,A3,B1,B2,phiA1
4.440892103175571,1.1102230250235205,2.7755575644847847,-3.3306690773822836,-1.110223025794998,0.0
ans,J2,J3,Energy,Sigma,L,A1,A2,A3,B1,B2,phiB1
cb2,0.21000000000000002,-0.06,-0.42834635648110353,0.03495463401822026,0.5000000075271275,0.3919238855985502,0.1334258882856857,0.29793252182801816,0.15110351994235285,0.16963115814819835,3.141707905918245
A1,A2,A3,B1,B2,phiB1
-29.420910346636944,2.220446051112947,3.8857805687446043,-10.54711874504164,0.5551115126047644,0.5551115190599847
