ans,J2,J3,Energy,Sigma,L,A1,A3,B1,B2,B3
3x3,0.3,0.18,-0.4252257258379851,0.06964061265435058,0.5000000075271275,0.3944607770578984,0.17988342118553277,0.1581263228992177,0.1039229875293014,0.07885676137687223
A1,A3,B1,B2,B3
-37.19247157040781,0.0,-11.102230257646404,-4.440892102225894,0.5551115129517091
ans,J2,J3,Energy,Sigma,L,A1,A2,B1,B2,B3
q0,0.3,0.18,-0.4726730166669505,2.2371602234002132e-13,0.7371627513105491,0.5234455747052681,0.31130230429356404,0.21220443041476247,0.20032293573841703,0.32765208866131135
A1,A2,B1,B2,B3
6.66133800685199,1.110223019630925,-2.2204460515878024,2.2204460515877993,1.1102230319568756
ans,J2,J3,Energy,Sigma,L,A1,A2,A3,B1,B2
0-pi,0.3,0.18,-0.423399377108561,0.03314999567722449,0.5000000075271275,0.3931989829404782,0.13405324853608794,4.683428331172671e-05,0.15401231591556586,0.16726635974085988
A1,A2,A3,B1,B2
-37.74758266839949,-1.1102230252095289,-1.6653345369363401,-13.322676308065462,-3.8857805903150195
ans,J2,J3,Energy,Sigma,L,A1,A2,A3,B1,B2,phiA1
cb1,0.3,0.18,-0.47392357461039225,1.0068607674860918e-10,0.7238675825248473,0.5138254137014289,0.056261654104128984,0.29434656448293794,0.17303750610675928,0.13973060024646763,-1.9247118785762984
A1,A2,A3,B1,B2,phiA1
0.0,-1.1102230234827766,-3.3306690958706398,-8.881784206351218,-4.996003616072579,0.0
ans,J2,J3,Energy,Sigma,L,A1,A2,A3,B1,B2,phiB1
cb2,0.3,0.18,-0.4234001850557779,0.03313546367900779,0.5000000075271275,0.39319877802978753,0.13405538437243147,4.6874505805661493e-05,0.15399704831700173,0.16731554162027718,3.1416259886554028
A1,A2,A3,B1,B2,phiB1
-33.86180247490252,-1.6653345392020722,0.5551115123121134,-12.767564798236256,-2.7755575651054905,-1.1102230381198845
