ans,J2,J3,Energy,Sigma,L,A1,A3,B1,B2,B3
3x3,-0.24,-0.21,-0.4964377252693565,4.385160487257583,0.5000000075271275,0.5214924096651513,0.4383213277221458,5.3198838267543014e-05,5.3196516714704156e-05,5.073948219286306e-05
A1,A3,B1,B2,B3
4.440892026882407,-1.1102230313725048,-2.220446049251463,0.0,-1.1102230246253926
ans,J2,J3,Energy,Sigma,L,A1,A2,B1,B2,B3
q0,-0.24,-0.21,-0.47917820836456926,2.689192559752859e-09,0.736165359215889,0.5108921078147842,0.18704863533982952,0.1672158537256278,0.1949592276691864,0.2352489323187053
A1,A2,B1,B2,B3
4.440892004568002,1.1102230257939816,-4.440892103175249,2.220446051587794,3.3306690773816907
ans,J2,J3,Energy,Sigma,L,A1,A2,A3,B1,B2
0-pi,-0.24,-0.21,-0.47202729330155624,5.610958077659108e-12,0.7076591168109649,0.49727406841892985,0.05757265160747537,0.16719395120940572,0.13293583243604457,0.20549796355258199
A1,A2,A3,B1,B2
1.1102230319568782,-2.220446046965569,-3.8857805902786553,-7.2164496676603305,0.0
ans,J2,J3,Energy,Sigma,L,A1,A2,A3,B1,B2,phiA1
cb1,-0.24,-0.21,-0.4699172646093356,3.330003748067484e-11,0.7062916204124722,0.5083925048598086,0.031996304364634603,0.18115404798240026,0.16065932465162247,0.1580885971069523,-2.2805206201523323
A1,A2,A3,B1,B2,phiA1
2.220446051587807,-4.996003612605927,-3.3306690773817014,-7.2164496676603616,-2.7755575644847426,-0.5551115190599317
ans,J2,J3,Energy,Sigma,L,A1,A2,A3,B1,B2,phiB1
cb2,-0.24,-0.21,-0.4720272933012705,6.693608040316726e-13,0.7076588326533596,0.49727405271075387,0.05757289576394174,0.16719327408131385,0.1329362800978921,0.20549780938966933,3.1415926345755287
A1,A2,A3,B1,B2,phiB1
-0.555111515978447,-4.440892100094113,-3.3306690773817067,-6.661338154763408,-2.2204460515878046,-2.7755575952996328
