ans,J2,J3,Energy,Sigma,L,A1,A3,B1,B2,B3
3x3,-0.24,-0.09,-0.5323384065200132,5.043258450713194,0.5000000075271275,0.518555741775769,0.7452697013651977,0.19591978858959552,0.3434476772611371,0.0004362828198133462
A1,A3,B1,B2,B3
3.330668975752885,0.0,-4.4408921008381155,0.0,0.0
ans,J2,J3,Energy,Sigma,L,A1,A2,B1,B2,B3
q0,-0.24,-0.09,-0.47346102347787195,1.2005746223375694e-09,0.7179807951362941,0.5074154269377674,0.15952357020623392,0.15776454644569085,0.18739041139583537,0.20158558002870394
A1,A2,B1,B2,B3
2.7755575028549377,-3.3306690773817755,-6.106226641866391,1.6653345386908032,0.5551115128969485
ans,J2,J3,Energy,Sigma,L,A1,A2,A3,B1,B2
0-pi,-0.24,-0.09,-0.4759112904887674,4.055993209514359e-09,0.7175673847353342,0.4963052992382078,0.05138188440061889,0.193661564659141,0.1311279091252893,0.2155159159003398
A1,A2,A3,B1,B2
6.106226607970067,0.5551115125117603,2.2204460515876243,-1.6653345386911418,4.996003616072536
ans,J2,J3,Energy,Sigma,L,A1,A2,A3,B1,B2,phiA1
cb1,-0.24,-0.09,-0.4754836963119798,9.731637727327194e-11,0.7236363773103358,0.5137903675130194,0.03502522451778633,0.2433377838548731,0.17134044163624063,0.1591641264078675,2.1089365000507168
A1,A2,A3,B1,B2,phiA1
1.6653345017130643,-2.7755575587069625,-2.220446051587794,-8.32667269345427,-2.220446051587794,-2.2204460762397056
ans,J2,J3,Energy,Sigma,L,A1,A2,A3,B1,B2,phiB1
cb2,-0.24,-0.09,-0.4759112904910724,4.008687039106122e-09,0.7175668769742032,0.4963052570039918,0.0513833268827408,0.19366333663464155,0.13112775084851708,0.21551444103585762,3.141592652868036
A1,A2,A3,B1,B2,phiB1
4.440892078523684,0.5551115117413883,-0.5551115128971602,-1.6653345386911418,3.885780590278597,0.5551115190599266
