ans,J2,J3,Energy,Sigma,L,A1,A3,B1,B2,B3
3x3,0.02999999999999997,0.12,-0.4714319189589889,6.452879123219964e-11,0.7197529765905937,0.5161286761499996,0.2816252819332927,0.17796984204768787,0.31879713430737466,0.10858213226938243
A1,A3,B1,B2,B3
1.6653345017129795,-2.220446063913751,-7.2164496676603305,-1.6653345479353092,-1.6653345386908507
ans,J2,J3,Energy,Sigma,L,A1,A2,B1,B2,B3
q0,0.02999999999999997,0.12,-0.4625485995696131,8.800122420753442e-11,0.6955098916825209,0.513620752231371,0.19365821431817057,0.17268460357786716,0.182692489551266,0.21743513945906232
A1,A2,B1,B2,B3
4.996003505139003,-0.5551115128969485,-4.996003616072579,-1.110223025793897,0.0
ans,J2,J3,Energy,Sigma,L,A1,A2,A3,B1,B2
0-pi,0.02999999999999997,0.12,-0.4608410603691932,8.214322324404887e-13,0.6838769125496154,0.4986128257335322,0.06751141411707619,0.17438314623122245,0.13740043955923475,0.20628871248309713
A1,A2,A3,B1,B2
4.996003588339164,2.2204460515878046,1.1102230257939023,-3.8857805902786526,0.0
ans,J2,J3,Energy,Sigma,L,A1,A2,A3,B1,B2,phiA1
cb1,0.02999999999999997,0.12,-0.4790725136659404,1.6251731497457483e-09,0.7376932770280628,0.5160055514753941,0.043300325656281016,0.3055684367543001,0.17790837852780506,0.15651647350293246,1.9659363753349755
A1,A2,A3,B1,B2,phiA1
3.3306690773818373,-13.322676300282247,-27.75557579892199,-31.086244722229452,-13.322676309526763,-15.54312253367796
ans,J2,J3,Energy,Sigma,L,A1,A2,A3,B1,B2,phiB1
cb2,0.02999999999999997,0.12,-0.46084106036889816,1.1048983053751797e-12,0.6838767995688736,0.49861280331535035,0.0675109840133336,0.17438266794618157,0.13740050973684248,0.20628907112289663,3.1415926478150817
A1,A2,A3,B1,B2,phiB1
3.885780568708239,2.2204460515878046,0.0,-3.3306690773817014,0.5551115128969498,-1.1102230381198532
