ans,J2,J3,Energy,Sigma,L,A1,A3,B1,B2,B3
3x3,0.14999999999999997,-0.02999999999999997,-0.447829834134304,1.8303421893874086e-12,0.6552123224262334,0.5037901402335184,0.15000932758275468,0.14867983177045418,0.2237663122376677,0.06549744149594532
A1,A3,B1,B2,B3
1.1102230011419898,-1.6653345386908533,-8.881784206351208,-4.440892103175604,-2.7755575644847528
ans,J2,J3,Energy,Sigma,L,A1,A2,B1,B2,B3
q0,0.14999999999999997,-0.02999999999999997,-0.4796393167765445,1.6862381328618082e-09,0.7560807483590519,0.5238872165398191,0.30096498114092196,0.20867923845553446,0.20526769580252835,0.33060422158691505
A1,A2,B1,B2,B3
6.661338006852003,4.440892127827513,-2.220446051587963,1.110223025793897,4.4408921278274915
ans,J2,J3,Energy,Sigma,L,A1,A2,A3,B1,B2
0-pi,0.14999999999999997,-0.02999999999999997,-0.4506486801709377,6.809157674004137e-11,0.6613382440301431,0.5006651452269703,0.0929891659690744,0.10880219948515377,0.14713248701164502,0.17912698793935433
A1,A2,A3,B1,B2
1.1102230011419978,0.0,-0.5551115128969485,-6.661338154763467,-3.3306690773817755
ans,J2,J3,Energy,Sigma,L,A1,A2,A3,B1,B2,phiA1
cb1,0.14999999999999997,-0.02999999999999997,-0.4643633516481967,1.4492799092622463e-09,0.6951922219464103,0.5113695129932083,0.03791419690756422,0.22138607014297076,0.16335819427335171,0.11884964899786778,1.9168041205936674
A1,A2,A3,B1,B2,phiA1
8.881784206351567,2.775557558706941,1.1102230257939816,-3.3306690773816063,2.2204460515878046,1.1102230381199694
ans,J2,J3,Energy,Sigma,L,A1,A2,A3,B1,B2,phiB1
cb2,0.14999999999999997,-0.02999999999999997,-0.45064868017082377,6.767079956579166e-11,0.6613382420356491,0.5006651407407459,0.09298919890134111,0.1088022385382885,0.14713248714848778,0.1791269666173334,3.1415926484325265
A1,A2,A3,B1,B2,phiB1
3.3306690773817036,-0.5551115128969485,-3.3306690773816907,-7.771561180557363,-2.7755575644847847,-2.7755575952996328
