ans,J2,J3,Energy,Sigma,L,A1,A3,B1,B2,B3
3x3,0.24000000000000005,-0.15,-0.43940173025981805,9.432526940268255e-12,0.6358057711563136,0.49589635787843966,0.08699050865707468,0.1346484682036047,0.17908356385568022,0.04930506401715199
A1,A3,B1,B2,B3
0.0,-4.440892103175605,-9.992007232145115,-5.5511151289695055,-3.3306690704483297
ans,J2,J3,Energy,Sigma,L,A1,A2,B1,B2,B3
q0,0.24000000000000005,-0.15,-0.4017938942783924,4.477898529875923,0.5000000075271275,0.5232538765131203,0.3247335187771663,5.319865646583044e-05,9.687659496288026e-05,5.319930405731088e-05
A1,A2,B1,B2,B3
4.440892081081098,0.0,-4.440892098502926,-2.220446049252818,1.1102230246257314
ans,J2,J3,Energy,Sigma,L,A1,A2,A3,B1,B2
0-pi,0.24000000000000005,-0.15,-0.4258833307373667,0.035454999166355916,0.5000000075271275,0.39394157453566603,0.1291998669949408,0.14676769701687484,0.15352345953473553,0.1608306654711121
A1,A2,A3,B1,B2
-33.86180247490252,1.6653345385081828,0.5551115126047644,-11.102230260421962,1.1102230259034183
ans,J2,J3,Energy,Sigma,L,A1,A2,A3,B1,B2,phiA1
cb1,0.24000000000000005,-0.15,-0.458270660382183,6.77927340424307e-15,0.677433308473202,0.5059746747889488,0.027025339075906114,0.16351597381222488,0.15323335828784507,0.08073994351873225,-1.7940605885958587
A1,A2,A3,B1,B2,phiA1
1.6653345017129977,0.0,-3.3306690773817036,-8.88178420635121,-2.7755575644847528,0.5551115190599264
ans,J2,J3,Energy,Sigma,L,A1,A2,A3,B1,B2,phiB1
cb2,0.24000000000000005,-0.15,-0.4258827163503036,0.03543960044983369,0.5000000075271275,0.39393888624386986,0.1291676909495963,0.14675659525456802,0.15351042992159036,0.16083730406684119,3.1415926486503585
A1,A2,A3,B1,B2,phiB1
-33.86180247490252,-0.5551115132986538,0.5551115126047644,-13.877787823445784,-2.775557564411601,0.5551115190599266
