ans,J2,J3,Energy,Sigma,L,A1,A3,B1,B2,B3
3x3,-0.21,0.24000000000000005,-0.41805154441212733,4.407759690941046,0.5000000075271275,0.5209552232416357,0.044249913004292284,2.223216450071634e-07,0.30351060616000997,5.542075863240291e-05
A1,A3,B1,B2,B3
3.330669049708593,1.1102230233218402,-4.440892098500611,0.0,0.0
ans,J2,J3,Energy,Sigma,L,A1,A2,B1,B2,B3
q0,-0.21,0.24000000000000005,-0.4632903543096831,5.361788965174065e-15,0.6873201152560766,0.5005735088265554,0.1118506655202544,0.1420628265673908,0.17129423358768806,0.13788191183799
A1,A2,B1,B2,B3
4.440892004567993,-2.2204460515878024,-9.436895719248161,-2.2204460515878024,-1.1102230257939012
ans,J2,J3,Energy,Sigma,L,A1,A2,A3,B1,B2
0-pi,-0.21,0.24000000000000005,-0.4932922040741886,4.003109052949112e-09,0.7679018879805126,0.4842072146252295,0.012530997382585276,0.3194570812998075,0.1188654095154768,0.2592513628222324
A1,A2,A3,B1,B2
6.661338117786035,-1.1102230248309497,3.3306690588930175,-1.1102230257943204,4.4408921278274915
ans,J2,J3,Energy,Sigma,L,A1,A2,A3,B1,B2,phiA1
cb1,-0.21,0.24000000000000005,-0.5068417663838454,6.718063960973741e-10,0.8105551260545684,0.5150962106923205,0.041120065495892213,0.37939047819926175,0.1899149870460552,0.18584395803583564,-1.969510356964208
A1,A2,A3,B1,B2,phiA1
3.3306690773818373,-4.440892100094167,2.2204460639137564,-6.661338154763381,1.1102230257938122,4.440892152479411
ans,J2,J3,Energy,Sigma,L,A1,A2,A3,B1,B2,phiB1
cb2,-0.21,0.24000000000000005,-0.49329220401020335,4.1963485435515665e-09,0.7679025054492233,0.48420774400526373,0.012530738505538236,0.319458724697531,0.11886534737598686,0.25924950053274876,3.141592640087956
A1,A2,A3,B1,B2,phiB1
4.440892078524024,1.1102230244457638,2.220446063913915,-1.1102230257936427,1.110223031956788,1.1102230381198532
