ans,J2,J3,Energy,Sigma,L,A1,A3,B1,B2,B3
3x3,0.14999999999999997,0.21000000000000002,-0.45577809354957355,1.3281212896494378e-14,0.6770896593927324,0.5089439930464048,0.24463641137783254,0.1597971459226825,0.2751676847513612,0.07078860575556456
A1,A3,B1,B2,B3
4.440892103175606,3.330669077381704,-3.330669077381704,1.1102230319568775,2.2204460515878033
ans,J2,J3,Energy,Sigma,L,A1,A2,B1,B2,B3
q0,0.14999999999999997,0.21000000000000002,-0.4601014147565139,5.84434997203973e-13,0.6926355398172486,0.5166663006714463,0.21877059913084668,0.18226524158000298,0.18310525532875666,0.23548357134332368
A1,A2,B1,B2,B3
1.1102230257939034,-1.1102230257939023,-7.771561180557309,-3.8857805902786553,-3.330669077381704
ans,J2,J3,Energy,Sigma,L,A1,A2,A3,B1,B2
0-pi,0.14999999999999997,0.21000000000000002,-0.454767765530835,1.584453628932437e-10,0.6706406786523614,0.49993357631694896,0.08026553494745356,0.15808393598625972,0.14212517884377837,0.19900757879636516
A1,A2,A3,B1,B2
3.3306690588927634,2.7755575644847528,1.110223025793897,-3.3306690773816907,1.6653345386908032
ans,J2,J3,Energy,Sigma,L,A1,A2,A3,B1,B2,phiA1
cb1,0.14999999999999997,0.21000000000000002,-0.482750551998785,1.3320286163206104e-10,0.7483475875545083,0.5153654773318569,0.05050936227675593,0.3307643703023327,0.17973339818522463,0.15897519174601515,1.9486891454262643
A1,A2,A3,B1,B2,phiA1
2.220446002284001,3.330669070448372,0.0,-6.661338154763381,0.0,1.1102230381198634
ans,J2,J3,Energy,Sigma,L,A1,A2,A3,B1,B2,phiB1
cb2,0.14999999999999997,0.21000000000000002,-0.4547677655098964,2.85135807974156e-10,0.6706389807827504,0.4999329937311122,0.08026193653333266,0.15809049663786204,0.14212638789397466,0.19900963111416523,3.141592655459811
A1,A2,A3,B1,B2,phiB1
4.440892127827502,2.7755575644847634,1.1102230257938122,-3.885780590278597,0.5551115128969908,2.7755575952996328
