ans,J2,J3,Energy,Sigma,L,A1,A3,B1,B2,B3
3x3,0.06,0.06,-0.4624315997155981,5.277972493994332e-13,0.694734622173971,0.5133139047230615,0.23846386467750622,0.16934444672169544,0.28943332841767133,0.09618114093986598
A1,A3,B1,B2,B3
4.440892103175603,3.330669077381704,-1.6653345386908507,2.7755575798921925,3.8857805902786553
ans,J2,J3,Energy,Sigma,L,A1,A2,B1,B2,B3
q0,0.06,0.06,-0.4664030545402785,8.172105940023919e-14,0.7098935264472331,0.5176429134447363,0.22548706346894531,0.18366249583940303,0.1898182203245685,0.2522896199338163
A1,A2,B1,B2,B3
2.220446002283997,-1.1102230257939016,-6.106226641866457,-4.996003616072557,-3.3306690588927768
ans,J2,J3,Energy,Sigma,L,A1,A2,A3,B1,B2
0-pi,0.06,0.06,-0.45716040804238234,1.2921942220948605e-11,0.6753506149918419,0.4996445107117569,0.07620736383198554,0.14920071882146382,0.1406019721549717,0.1962868848247122
A1,A2,A3,B1,B2
4.440892078523703,-1.665334538690852,-2.220446051587802,-7.2164496676603305,0.0
ans,J2,J3,Energy,Sigma,L,A1,A2,A3,B1,B2,phiA1
cb1,0.06,0.06,-0.472772398760394,7.115578952168299e-09,0.7196653464903142,0.5149398963540088,0.041676986430936376,0.27422929670375434,0.172873196728863,0.14461328487165948,-1.9617592046040442
A1,A2,A3,B1,B2,phiA1
6.661338154763399,1.6653345352243343,1.110223019631006,-2.220446051588641,-0.5551115128968214,1.1102230381198845
ans,J2,J3,Energy,Sigma,L,A1,A2,A3,B1,B2,phiB1
cb2,0.06,0.06,-0.45716040804449587,4.817721459604448e-12,0.6753501773039671,0.499644530309399,0.07620754834470603,0.14920033778739958,0.14060259538920175,0.19628846254481835,3.1415926595332047
A1,A2,A3,B1,B2,phiB1
4.996003588339161,0.5551115128969508,1.1102230257939023,-3.3306690773817014,2.220446051587794,1.1102230381198532
