ans,J2,J3,Energy,Sigma,L,A1,A3,B1,B2,B3
3x3,0.18,0.14999999999999997,-0.44909682894201614,2.1456400324429315e-11,0.6588570239609504,0.505721575434973,0.19484478211521986,0.15183140858468253,0.2440253661245355,0.061281683202427314
A1,A3,B1,B2,B3
2.7755575028550012,-2.2204460515877993,-9.992007232145115,-1.110223025793897,-2.7755575625588436
ans,J2,J3,Energy,Sigma,L,A1,A2,B1,B2,B3
q0,0.18,0.14999999999999997,-0.46528543943383494,1.3821151208263228e-11,0.7111271067237586,0.5205809457543774,0.25545655895625824,0.19446929194522514,0.19149761741382362,0.2754243493524295
A1,A2,B1,B2,B3
13.32267601370398,21.094237372987585,16.098233874011573,21.09423749008417,8.881784157047404
ans,J2,J3,Energy,Sigma,L,A1,A2,A3,B1,B2
0-pi,0.18,0.14999999999999997,-0.45170849417490255,4.3140830754274083e-16,0.6639961256771174,0.5007832153419279,0.09024172686508626,0.13167362606949023,0.14600401906427632,0.18824632909416494
A1,A2,A3,B1,B2
3.330669003425995,-1.1102230257939012,0.0,-5.551115128969506,-0.5551115128969506
ans,J2,J3,Energy,Sigma,L,A1,A2,A3,B1,B2,phiA1
cb1,0.18,0.14999999999999997,-0.47554989322286456,4.6089937944636255e-11,0.7282516595813363,0.5149431603341282,0.04856540825115557,0.29819722662005194,0.17499012374538198,0.1464724525145822,1.9380488915206875
A1,A2,A3,B1,B2,phiA1
0.0,-2.220446050047041,-1.110223019630921,-8.881784206351261,-4.440892103175609,-2.2204460762397162
ans,J2,J3,Energy,Sigma,L,A1,A2,A3,B1,B2,phiB1
cb2,0.18,0.14999999999999997,-0.45170849419705195,4.054692667541513e-11,0.6639976348505974,0.5007831200679123,0.09024189155148123,0.13167596477812074,0.14600332741076047,0.18823899182826362,3.1415926534240475
A1,A2,A3,B1,B2,phiB1
6.6613381547634045,0.0,2.7755575644847528,-3.3306690773816907,-1.6653345386908032,-0.5551115190599266
