ans,J2,J3,Energy,Sigma,L,A1,A3,B1,B2,B3
3x3,0.09000000000000002,-0.21,-0.4511225389969071,1.1980824998044117e-12,0.6643021713971046,0.5048092832985076,0.1410393869530805,0.15217085911634967,0.22865848193848523,0.080419195786332
A1,A3,B1,B2,B3
4.996003616072555,0.5551115128969512,-6.106226641866455,0.5551115128969485,1.665334538690856
ans,J2,J3,Energy,Sigma,L,A1,A2,B1,B2,B3
q0,0.09000000000000002,-0.21,-0.4948074250236306,1.8913218769180914e-09,0.7996620054463693,0.5242175154872172,0.3236577216432083,0.21540631291406767,0.21397230743672718,0.36129176263918467
A1,A2,B1,B2,B3
0.0,-4.4408921278274915,-12.212453283732952,-3.3306690773816907,-6.661338117785559
ans,J2,J3,Energy,Sigma,L,A1,A2,A3,B1,B2
0-pi,0.09000000000000002,-0.21,-0.45147041343428357,1.7268433304736207e-10,0.6624567303842592,0.5000482201901336,0.08950586114781012,0.10004881830840653,0.14559370791545287,0.17589122284459088
A1,A2,A3,B1,B2
3.3306690034260016,0.0,-1.110223025793897,-6.106226641866391,0.5551115128969061
ans,J2,J3,Energy,Sigma,L,A1,A2,A3,B1,B2,phiA1
cb1,0.09000000000000002,-0.21,-0.4588500445768568,9.902460009674564e-11,0.6788629155106105,0.5072916990551363,0.030535931086836363,0.17039201284431485,0.15493018936296948,0.10275067651697234,-1.9228472395205198
A1,A2,A3,B1,B2,phiA1
-0.5551115005710214,-1.6653345363797227,-2.220446051587794,-8.881784206351261,-3.885780590278597,-1.1102230381198421
ans,J2,J3,Energy,Sigma,L,A1,A2,A3,B1,B2,phiB1
cb2,0.09000000000000002,-0.21,-0.45147041343771643,1.7964606135081662e-10,0.6624568009819173,0.5000482180903953,0.08950633517686361,0.10004889202771965,0.14559363951497392,0.17589108829824895,3.1415926588514567
A1,A2,A3,B1,B2,phiB1
3.8857805902786513,-0.5551115128969908,0.5551115128969061,-7.216449667660372,0.0,1.1102230381198532
