ans,J2,J3,Energy,Sigma,L,A1,A3,B1,B2,B3
3x3,-0.27,0.21000000000000002,-0.4570164650632417,4.342670306905987,0.5000000075271275,0.5209684210831005,0.02823061371834932,5.319888996827005e-05,5.3198420872119234e-05,5.319824786173544e-05
A1,A3,B1,B2,B3
4.440892125490019,0.0,-3.330669073877194,1.1102230246257314,-1.1102230246257314
ans,J2,J3,Energy,Sigma,L,A1,A2,B1,B2,B3
q0,-0.27,0.21000000000000002,-0.4659712531175821,2.2987899816206047e-14,0.6933370182696766,0.4995246031228348,0.10725275299029628,0.13974464292604066,0.17288083694999987,0.1371298241692266
A1,A2,B1,B2,B3
3.3306690588927768,-3.885780590278654,-7.216449667660359,0.0,-0.5551115128969498
ans,J2,J3,Energy,Sigma,L,A1,A2,A3,B1,B2
0-pi,-0.27,0.21000000000000002,-0.49829481787825425,3.0032279788409953e-09,0.7795380037340848,0.48384833308161757,0.011494274024295103,0.32130429486079837,0.11853456809999996,0.2603164293993222
A1,A2,A3,B1,B2
1.1102230319572963,-1.1102230244457638,0.0,-4.440892103175588,0.0
ans,J2,J3,Energy,Sigma,L,A1,A2,A3,B1,B2,phiA1
cb1,-0.27,0.21000000000000002,-0.5065559167249585,5.248074665686456e-10,0.8097191243046449,0.5155865567697397,0.039556802756441176,0.3731375660080418,0.19009464316282032,0.1864359706470106,1.9782436065922158
A1,A2,A3,B1,B2,phiA1
4.440892103175614,0.0,-3.3306690958706398,-5.551115128969485,-1.1102230257939816,-2.220446076239727
ans,J2,J3,Energy,Sigma,L,A1,A2,A3,B1,B2,phiB1
cb2,-0.27,0.21000000000000002,-0.498294817840508,3.194601443624054e-09,0.7795385493609017,0.4838490414105866,0.011494518567433665,0.3213059503219612,0.11853441726391525,0.26031393571552897,3.141592679442492
A1,A2,A3,B1,B2,phiB1
3.3306690958705336,-2.220446048891443,0.0,-2.220446051587963,0.0,-2.2204460762397065
