ans,J2,J3,Energy,Sigma,L,A1,A3,B1,B2,B3
3x3,0.14999999999999997,0.0,-0.44841409960111056,2.8164799506718937e-14,0.6566759104124692,0.504474721691781,0.0,0.1498466531022346,0.2285270190635027,0.0
A1,A3,B1,B2,B3
6.66133800685199,-0.0,-8.88178420635121,-3.330669077381704,0.0
ans,J2,J3,Energy,Sigma,L,A1,A2,B1,B2,B3
q0,0.14999999999999997,0.0,-0.5383935409726577,3.661943267940139,0.5781682718322775,0.3173087142016022,0.45815592665822163,0.25761217935635355,0.20981300391224458,0.0
A1,A2,B1,B2,B3
4.440892136592249,4.440892076186213,179068774.55780998,5.551115128823202,0.0
ans,J2,J3,Energy,Sigma,L,A1,A2,A3,B1,B2
0-pi,0.14999999999999997,0.0,-0.45101826682880264,1.7000413806253084e-09,0.6621837696506281,0.5006950244094045,0.09201785251749944,0.0,0.14674876734428108,0.18093556367444893
A1,A2,A3,B1,B2
2.2204460022840857,2.220446051587794,0.0,-3.8857805902786815,-0.5551115128969485
ans,J2,J3,Energy,Sigma,L,A1,A2,A3,B1,B2,phiA1
cb1,0.14999999999999997,0.0,-0.4659200262012435,1.4182651648461415e-09,0.6998276864979001,0.5122294634896504,0.03954994045913934,0.0,0.165400911525098,0.12391024525457366,1.9227867189908117
A1,A2,A3,B1,B2,phiA1
8.881784009136004,3.885780587582322,0.0,-2.220446051587963,2.7755575644847847,1.6653345571797846
ans,J2,J3,Energy,Sigma,L,A1,A2,A3,B1,B2,phiB1
cb2,0.14999999999999997,0.0,-0.45101826709618303,7.895231169730898e-11,0.6621655604388246,0.5006846956764536,0.09201899820431027,0.0,0.14674978103737732,0.18094980495265586,3.1415926517855537
A1,A2,A3,B1,B2,phiB1
6.106226506280992,1.665334538690856,0.0,-3.3306690773816907,1.6653345386909726,1.66533455717978
