ans,J2,J3,Energy,Sigma,L,A1,A3,B1,B2,B3
3x3,0.26999999999999996,0.3,-0.4442356180764591,1.1055614415736311e-10,0.6479624632563444,0.5028753326281263,0.21080538389526612,0.14627780297451357,0.24123639060581475,0.04631600760287403
A1,A3,B1,B2,B3
4.996003616072544,1.110223025793897,-2.7755575644847847,0.0,3.3306690704483297
ans,J2,J3,Energy,Sigma,L,A1,A2,B1,B2,B3
q0,0.26999999999999996,0.3,-0.45963437082835357,3.4512356454628163e-12,0.6951179553501337,0.5194151624816893,0.2508811801487309,0.1935632422037057,0.18531238918220394,0.26115513347257907
A1,A2,B1,B2,B3
-42.18847404339594,-89.92806459010497,-5.5511151289695055,-46.629367083343865,0.0
ans,J2,J3,Energy,Sigma,L,A1,A2,A3,B1,B2
0-pi,0.26999999999999996,0.3,-0.40032062309385297,0.15281186013589207,0.561011718170233,0.39230971191817954,0.13633043397340827,0.5381421401578729,0.12641413413968963,0.2127073000871623
A1,A2,A3,B1,B2
3.3306690941175146,-1.1102230265973076,-3.33066900350846,-3.8857805903150195,-1.6653345385081828
ans,J2,J3,Energy,Sigma,L,A1,A2,A3,B1,B2,phiA1
cb1,0.26999999999999996,0.3,-0.48792207105953056,4.0270042660658384e-10,0.7621786712270452,0.5136575195137291,0.06190147830606431,0.35701119215983035,0.18122007097927517,0.1632326104942336,1.9543471564412462
A1,A2,A3,B1,B2,phiA1
2.220446002283916,0.0,-3.3306690958706606,-8.881784206351261,-3.3306690773816063,-1.1102230381198421
ans,J2,J3,Energy,Sigma,L,A1,A2,A3,B1,B2,phiB1
cb2,0.26999999999999996,0.3,-0.449580118493161,4.812028441503719e-09,0.6600680314742907,0.501228003835748,0.098598848443087,0.134551989969772,0.14894982686609073,0.18847837217104624,3.141602447008058
A1,A2,A3,B1,B2,phiB1
0.5551115128968035,0.0,1.110223025793897,-3.8857805902784275,-2.220446051587794,-1.1102230381198634
