ans,J2,J3,Energy,Sigma,L,A1,A3,B1,B2,B3
3x3,0.21000000000000002,-0.24,-0.44091919479105535,9.169241531662832e-11,0.6394473566023878,0.49644416366730176,0.08638679212564992,0.1360462049420488,0.18185747545418224,0.054120748498012156
A1,A3,B1,B2,B3
2.775557549077303,-0.5551115128969485,-6.106226641866391,0.0,1.6653345375352808
ans,J2,J3,Energy,Sigma,L,A1,A2,B1,B2,B3
q0,0.21000000000000002,-0.24,-0.42437393357156195,4.444307563567304,0.5000000075271275,0.5244991218881399,0.2460518680197208,5.3198658513664565e-05,0.0001573340741870266,5.319755128685433e-05
A1,A2,B1,B2,B3
4.440892125490019,1.1102230279850864,-4.440892098502926,0.0,2.220446049251124
ans,J2,J3,Energy,Sigma,L,A1,A2,A3,B1,B2
0-pi,0.21000000000000002,-0.24,-0.4256284028582456,0.036373274282588436,0.5000000075271275,0.3933555516612508,0.12811291193805552,0.10929291428938248,0.15235603460980582,0.16168835992847136
A1,A2,A3,B1,B2
-35.527137023349056,-0.5551115126047644,-3.330669077710255,-12.212453282855932,-1.6653345392020722
ans,J2,J3,Energy,Sigma,L,A1,A2,A3,B1,B2,phiA1
cb1,0.21000000000000002,-0.24,-0.4564792683705904,3.5038674589830302e-12,0.6723198950156244,0.50401949980344,0.020241779970944004,0.14171867335071234,0.14998060155519347,0.06825167939022007,1.7542991068248353
A1,A2,A3,B1,B2,phiA1
4.996003616072544,2.7755575606328953,1.1102230257939016,-3.3306690773817067,1.665334538690856,0.5551115190599317
ans,J2,J3,Energy,Sigma,L,A1,A2,A3,B1,B2,phiB1
cb2,0.21000000000000002,-0.24,-0.42562668343275606,0.03639187427331082,0.5000000075271275,0.3933546594493273,0.12814935744128086,0.10928724664925525,0.15237168821423008,0.16164004809410704,3.1415926501518823
A1,A2,A3,B1,B2,phiB1
-32.75157907991444,1.1102230259034183,1.1102230252095289,-9.43689571983211,0.0,0.5551115190599266
