ans,J2,J3,Energy,Sigma,L,A1,A3,B1,B2,B3
3x3,-0.27,-0.18,-0.5121678646171913,4.374618596110401,0.5000000075271275,0.5205555416861932,0.5483510368554194,5.319889173580061e-05,6.593085362655016e-05,0.00015848687855025273
A1,A3,B1,B2,B3
3.330668975752885,0.0,-4.440892098502926,1.1102230246270866,0.0
ans,J2,J3,Energy,Sigma,L,A1,A2,B1,B2,B3
q0,-0.27,-0.18,-0.47795814569902173,1.0647896587253488e-11,0.7307850989810769,0.5085778259343516,0.1711830726982118,0.16136464374128767,0.19216838315085955,0.21876177855568674
A1,A2,B1,B2,B3
9.992007232145111,1.1102230257939076,-4.440892103175609,5.551115128969485,2.2204460515878046
ans,J2,J3,Energy,Sigma,L,A1,A2,A3,B1,B2
0-pi,-0.27,-0.18,-0.4753376458811202,3.3874937121686956e-09,0.7155207277284199,0.4967222716001562,0.0538439420842194,0.1796552742337475,0.13168475445163463,0.2104672788424853
A1,A2,A3,B1,B2
3.3306690588927634,-0.5551115125117603,0.0,-3.8857805902784275,1.110223025793897
ans,J2,J3,Energy,Sigma,L,A1,A2,A3,B1,B2,phiA1
cb1,-0.27,-0.18,-0.47245389664340787,4.672521749237205e-11,0.7131589468538936,0.5099788892300335,0.03265349390720602,0.19878844895815348,0.16404139402446952,0.15990431920539303,2.23885131392882
A1,A2,A3,B1,B2,phiA1
2.7755575028549377,-1.1102230234827766,0.5551115128969485,-6.106226641866465,-1.110223025793897,2.2204460762397056
ans,J2,J3,Energy,Sigma,L,A1,A2,A3,B1,B2,phiB1
cb2,-0.27,-0.18,-0.47533764588375294,3.391309333759637e-09,0.7155206087771527,0.49672231410739215,0.05384402467960949,0.1796556870536104,0.1316847596393018,0.21046677538034525,3.1415926481153638
A1,A2,A3,B1,B2,phiB1
5.551115098154606,0.0,1.1102230257938122,-1.1102230257936427,2.7755575644847847,1.1102230381198532
