ans,J2,J3,Energy,Sigma,L,A1,A3,B1,B2,B3
3x3,-0.06,0.06,-0.4873520095340468,7.098145773275376e-12,0.7637533674753642,0.5202337741357042,0.30933954435104905,0.1915530399997536,0.3513779297903852,0.13570620605796865
A1,A3,B1,B2,B3
0.0,0.0,-7.771561180557311,-4.440892127827513,-3.330669077381712
ans,J2,J3,Energy,Sigma,L,A1,A2,B1,B2,B3
q0,-0.06,0.06,-0.46507422097944534,7.202392509305168e-12,0.6995549385774601,0.5111312900221332,0.17710377336915864,0.16603891419164857,0.18294540497484107,0.20616072915971145
A1,A2,B1,B2,B3
2.775557564484753,-1.665334538690852,-8.881784206351208,-1.6653345386908454,-2.7755575644847528
ans,J2,J3,Energy,Sigma,L,A1,A2,A3,B1,B2
0-pi,-0.06,0.06,-0.4660146851177794,8.900631311947167e-12,0.6954869063388747,0.49762014834033147,0.059956600251380034,0.18545406987709415,0.13457418008038843,0.21118817115057584
A1,A2,A3,B1,B2
4.4408920785237,0.5551115117413936,0.5551115128969485,-8.881784206351208,-2.220446051587794
ans,J2,J3,Energy,Sigma,L,A1,A2,A3,B1,B2,phiA1
cb1,-0.06,0.06,-0.4778467439431504,6.849666914082402e-11,0.7335198537355129,0.5160213215470056,0.040039182240947116,0.29027035645380195,0.17680936320926527,0.15687032604472242,1.9923175451965747
A1,A2,A3,B1,B2,phiA1
4.440892004568002,1.1102230250236051,2.2204460639137458,-4.440892103175609,1.110223025793918,2.2204460762397056
ans,J2,J3,Energy,Sigma,L,A1,A2,A3,B1,B2,phiB1
cb2,-0.06,0.06,-0.4660146851217446,7.89360106262597e-12,0.6954867667403009,0.49762021453705246,0.059957021509225446,0.1854454691166863,0.13457417629548865,0.21118786469368253,3.141592649374333
A1,A2,A3,B1,B2,phiB1
-0.5551115098154605,-5.55111511741393,-3.3306690773817027,-10.547118745042068,-2.220446051587794,-3.330669114359559
