ans,J2,J3,Energy,Sigma,L,A1,A3,B1,B2,B3
3x3,0.14999999999999997,-0.09,-0.4468674797083484,3.187799243949753e-13,0.652912412740422,0.5025225192449925,0.13520091068975892,0.14660577312013942,0.2155447824291795,0.0649200453166263
A1,A3,B1,B2,B3
3.885780590278654,0.5551115128969485,-6.661338154763408,-2.2204460515878046,-1.1102230257939023
ans,J2,J3,Energy,Sigma,L,A1,A2,B1,B2,B3
q0,0.14999999999999997,-0.09,-0.4865975763684095,1.0497184711311014e-09,0.7770664132349567,0.5243923813116358,0.31847664352958693,0.21401552759812908,0.20987018982121644,0.3501209754089217
A1,A2,B1,B2,B3
2.220446051587553,-2.2204460639137458,-9.992007232145157,-2.220446051587794,-1.110223019630921
ans,J2,J3,Energy,Sigma,L,A1,A2,A3,B1,B2
0-pi,0.14999999999999997,-0.09,-0.4499887211822503,7.068117289880072e-10,0.6598484080757072,0.5005822290167745,0.09465129752086812,0.1010621416130656,0.1477858859353485,0.17584467298564263
A1,A2,A3,B1,B2
7.771561180557281,1.110223025793897,1.1102230257939023,-4.440892103175588,0.5551115128969485
ans,J2,J3,Energy,Sigma,L,A1,A2,A3,B1,B2,phiA1
cb1,0.14999999999999997,-0.09,-0.461713216223445,4.844835471733509e-11,0.6873427239979791,0.5095885044586369,0.03457875556245643,0.19891365770951977,0.15951678148911172,0.10886781065461108,-1.9009622488748934
A1,A2,A3,B1,B2,phiA1
4.996003505139003,1.1102230250235205,3.8857805902786815,-2.220446051587836,2.220446051587794,1.1102230381198528
ans,J2,J3,Energy,Sigma,L,A1,A2,A3,B1,B2,phiB1
cb2,0.14999999999999997,-0.09,-0.44998872118325006,7.108337794541073e-10,0.6598484599850977,0.5005822266595665,0.09465149871244184,0.10106251886434572,0.14778583088510322,0.17584458164647745,3.1415926495647493
A1,A2,A3,B1,B2,phiB1
5.5511151289697285,0.5551115128969908,0.0,-4.996003616072494,-2.220446051587794,-1.1102230381198532
