ans,J2,J3,Energy,Sigma,L,A1,A3,B1,B2,B3
3x3,-0.02999999999999997,0.18,-0.4901528619803781,1.836566794967668e-14,0.7700080548197585,0.5184301996413322,0.33516857125589306,0.19011530073217872,0.35757235486453465,0.12891661951629174
A1,A3,B1,B2,B3
4.440892004567993,-1.1102230319568769,-5.551115128969506,0.0,-2.2204460515878024
ans,J2,J3,Energy,Sigma,L,A1,A2,B1,B2,B3
q0,-0.02999999999999997,0.18,-0.4603592261064045,4.2606192601712184e-12,0.6854593271596905,0.5084309053451675,0.1581076699912721,0.159952138911094,0.17587577474865584,0.17999723211532273
A1,A2,B1,B2,B3
3.3306690034259963,0.0,-7.771561180557311,2.7755575644847426,4.440892103175605
ans,J2,J3,Energy,Sigma,L,A1,A2,A3,B1,B2
0-pi,-0.02999999999999997,0.18,-0.4682280944656397,2.700893339129549e-12,0.701887704005205,0.49571932020665843,0.05121096005972201,0.21834884047069433,0.13163790380570606,0.2230525679513069
A1,A2,A3,B1,B2
6.106226675762825,4.440892093931138,2.220446051587802,-2.2204460515878046,4.440892103175609
ans,J2,J3,Energy,Sigma,L,A1,A2,A3,B1,B2,phiA1
cb1,-0.02999999999999997,0.18,-0.4882843004621481,2.0488482784865107e-09,0.7629110063091333,0.5162637756406537,0.04403766769675551,0.3393090450742139,0.18318128891748436,0.1690695548383734,-1.9685402551408724
A1,A2,A3,B1,B2,phiA1
7.771561007993961,3.330669070448414,2.2204460639137458,-4.440892103175588,3.3306690773816907,2.2204460762396843
ans,J2,J3,Energy,Sigma,L,A1,A2,A3,B1,B2,phiB1
cb2,-0.02999999999999997,0.18,-0.46822809446502844,2.454898159192856e-12,0.7018877280330902,0.4957193164114629,0.051207717662429694,0.21834932518111158,0.131637978548497,0.22305258221964622,3.1415926731138724
A1,A2,A3,B1,B2,phiB1
6.10622660797009,2.775557562558823,5.551115128969506,-2.2204460515878024,4.440892103175609,2.2204460762397065
