ans,J2,J3,Energy,Sigma,L,A1,A3,B1,B2,B3
3x3,0.24000000000000005,0.24000000000000005,-0.4453206350801517,4.543053034655718e-11,0.64996076696762,0.5035716720017415,0.19759594309362202,0.14738601193966253,0.2378629250958709,0.05065214472136166
A1,A3,B1,B2,B3
2.77555750285498,1.6653345386908533,-3.8857805902786815,-1.110223025793897,1.6653345375352808
ans,J2,J3,Energy,Sigma,L,A1,A2,B1,B2,B3
q0,0.24000000000000005,0.24000000000000005,-0.46210840846168744,1.7506324171466918e-10,0.70249059970752,0.5202162836955183,0.25595539297338477,0.19500737874140076,0.188350154444457,0.2700442962388515
A1,A2,B1,B2,B3
2.7755575028550012,-0.5551115159784787,-4.996003616072556,-3.885780590278597,-2.2204460639137564
ans,J2,J3,Energy,Sigma,L,A1,A2,A3,B1,B2
0-pi,0.24000000000000005,0.24000000000000005,-0.4500712642325095,2.142290609158049e-09,0.6609081185916569,0.501147459047077,0.0963481154459035,0.13103768745459562,0.14824174952692726,0.18739036269493015
A1,A2,A3,B1,B2
6.6613381547634205,2.7755575644847847,2.7755575644847847,-1.6653345386904643,-0.5551115128968214
ans,J2,J3,Energy,Sigma,L,A1,A2,A3,B1,B2,phiA1
cb1,0.24000000000000005,0.24000000000000005,-0.48209885467750113,2.134249620528639e-10,0.7466671937168707,0.5146079321806749,0.0564781381355013,0.3328583251601662,0.178835814660709,0.15614187774873328,-1.9446849468836684
A1,A2,A3,B1,B2,phiA1
8.881784206351227,4.440892100094119,6.661338191741258,-2.220446051587794,0.0,0.0
ans,J2,J3,Energy,Sigma,L,A1,A2,A3,B1,B2,phiB1
cb2,0.24000000000000005,0.24000000000000005,-0.45007126409980547,1.6264184406403496e-09,0.6609074529855692,0.501147372098396,0.09634204363240031,0.13103447426282205,0.14824018279015524,0.18739310560094985,3.1415926515087356
A1,A2,A3,B1,B2,phiB1
5.5511150057100025,2.7755575644847426,2.220446051587794,-2.7755575644847847,0.0,1.1102230381198532
