ans,J2,J3,Energy,Sigma,L,A1,A3,B1,B2,B3
3x3,0.12,0.09000000000000002,-0.45459246556618327,1.509929076399593e-15,0.673154221077433,0.5090897022332982,0.20985170943596265,0.15923456485851922,0.2620005484327235,0.07671662578806832
A1,A3,B1,B2,B3
5.551115005709991,0.5551115128969508,-6.661338154763407,0.0,0.0
ans,J2,J3,Energy,Sigma,L,A1,A2,B1,B2,B3
q0,0.12,0.09000000000000002,-0.4666308045299562,1.6875152247116512e-12,0.7133205287433106,0.5197385644284364,0.24495292861364423,0.1906183468405725,0.19187330108305312,0.26915384804728315
A1,A2,B1,B2,B3
7.771561007993988,2.2204460515878046,-1.1102230257939012,1.6653345386908454,2.2204460639137564
ans,J2,J3,Energy,Sigma,L,A1,A2,A3,B1,B2
0-pi,0.12,0.09000000000000002,-0.4540360438563444,1.3542091663041295e-11,0.6686923382796482,0.5002844418983291,0.08350564867525746,0.13779456980304225,0.14341738618676012,0.19124285390845647
A1,A2,A3,B1,B2
5.551115005709992,1.6653345386908667,2.2204460515878046,-4.4408921031756305,2.220446051587802
ans,J2,J3,Energy,Sigma,L,A1,A2,A3,B1,B2,phiA1
cb1,0.12,0.09000000000000002,-0.47280662560064113,1.0326419436489998e-08,0.7200677659401096,0.5147816933344099,0.04390553972308129,0.2788953931042427,0.17289993547699498,0.1426965981904446,1.9455638425391115
A1,A2,A3,B1,B2,phiA1
4.996003505138854,4.996003605672494,3.3306690958706184,-1.6653345386911418,1.1102230257936427,-0.5551115190599
ans,J2,J3,Energy,Sigma,L,A1,A2,A3,B1,B2,phiB1
cb2,0.12,0.09000000000000002,-0.45403604385622537,1.5075440047564636e-11,0.6686923712302262,0.500284444071075,0.08350556535370224,0.13779472836059187,0.14341733578307655,0.19124286680493904,3.141592657077294
A1,A2,A3,B1,B2,phiB1
7.216449667660356,2.2204460515878153,1.665334538690856,-5.551115128969527,0.5551115128969512,0.5551115190599266
