ans,J2,J3,Energy,Sigma,L,A1,A3,B1,B2,B3
3x3,-0.09,-0.24,-0.4773984021327087,8.628166150854817e-16,0.7368739329229844,0.5177624429541404,0.23696741482849135,0.18423903840618264,0.31771042700898233,0.13598741638761408
A1,A3,B1,B2,B3
5.551115005709992,0.0,-6.661338154763408,0.0,2.2204460515878024
ans,J2,J3,Energy,Sigma,L,A1,A2,B1,B2,B3
q0,-0.09,-0.24,-0.4837580768413019,2.4719202984133285e-11,0.7589536771692048,0.5194249545162944,0.252726836586697,0.1913549610391452,0.2044910791594142,0.29830387848976503
A1,A2,B1,B2,B3
2.220446002284001,0.0,-4.440892103175609,3.3306690773816907,-2.2204460639137458
ans,J2,J3,Energy,Sigma,L,A1,A2,A3,B1,B2
0-pi,-0.09,-0.24,-0.4608474445884438,1.0710780511053665e-10,0.682266479107905,0.4987847429521603,0.07129869372661782,0.1317296664828738,0.1381466365098855,0.1903961471990945
A1,A2,A3,B1,B2
2.22044603926185,-2.2204460515878046,-0.5551115128969908,-6.10622664186656,-0.5551115128969485
ans,J2,J3,Energy,Sigma,L,A1,A2,A3,B1,B2,phiA1
cb1,-0.09,-0.24,-0.4627373430568723,5.208942326851473e-09,0.6887648281590052,0.5084134882897641,0.033325565554905776,0.17739841567010226,0.15775304699724005,0.1356565819845941,-2.1317374545831393
A1,A2,A3,B1,B2,phiA1
2.2204460022840857,0.0,-0.5551115128968214,-3.3306690773816063,1.1102230257939816,1.6653345571797846
ans,J2,J3,Energy,Sigma,L,A1,A2,A3,B1,B2,phiB1
cb2,-0.09,-0.24,-0.4608474445895689,1.148206152774231e-10,0.6822665472877802,0.49878476971679675,0.07129860010609243,0.13172983748615516,0.13814657585527912,0.19039613517623086,3.1415926551175413
A1,A2,A3,B1,B2,phiB1
3.8857806118490683,-1.6653345386908667,2.220446051587836,-4.996003616072579,0.5551115128969485,0.0
