ans,J2,J3,Energy,Sigma,L,A1,A3,B1,B2,B3
3x3,0.14999999999999997,0.06,-0.4498476016694991,6.34019219180189e-12,0.6604274900114553,0.5059126852650639,0.1783400025020286,0.1524415875779296,0.23950234457452155,0.0670071385091433
A1,A3,B1,B2,B3
1.1102230257939034,-3.3306690773817027,-8.32667269345427,-3.3306690773817027,-2.2204460515878046
ans,J2,J3,Energy,Sigma,L,A1,A2,B1,B2,B3
q0,0.14999999999999997,0.06,-0.47076051179977285,1.484680966830412e-09,0.7280504291037584,0.5220706096182097,0.2712543213997773,0.19932366995175535,0.1973780816044554,0.2966184459044715
A1,A2,B1,B2,B3
4.440892103175614,1.1102230196309635,-7.771561180556855,-2.220446051587794,1.1102230319568729
ans,J2,J3,Energy,Sigma,L,A1,A2,A3,B1,B2
0-pi,0.14999999999999997,0.06,-0.45185405626944364,6.029806240476533e-10,0.6640519330718332,0.5006733233471178,0.08970190687949604,0.12305872061064597,0.14583392665486833,0.18500166652410258
A1,A2,A3,B1,B2
0.5551115005711909,0.0,-0.5551115128969485,-6.661338154763381,-2.220446051587794
ans,J2,J3,Energy,Sigma,L,A1,A2,A3,B1,B2,phiA1
cb1,0.14999999999999997,0.06,-0.4695849573022535,1.1491814560240204e-08,0.7107081365917797,0.5137718478952465,0.042790547050516846,0.2599553767776053,0.16964503025140876,0.13425376092555952,1.9328863101711395
A1,A2,A3,B1,B2,phiA1
5.5511150057098755,-0.5551115117413883,-0.5551115159783093,-7.2164496676607115,-1.1102230257936427,1.6653345571796152
ans,J2,J3,Energy,Sigma,L,A1,A2,A3,B1,B2,phiB1
cb2,0.14999999999999997,0.06,-0.45185405624744684,6.123146666342852e-10,0.6640517856421126,0.5006733425734478,0.08970187044361105,0.12304636557471776,0.14583393865911495,0.18500134534788046,3.141592624635825
A1,A2,A3,B1,B2,phiB1
-0.5551115128968035,-1.6653345386908454,-1.6653345386908454,-7.771561180557279,-3.885780590278597,-1.1102230381198532
