ans,J2,J3,Energy,Sigma,L,A1,A3,B1,B2,B3
3x3,0.09000000000000002,0.14999999999999997,-0.4620716178147044,8.892249664829194e-13,0.6938910617871815,0.5124737713312789,0.256330252607619,0.1679436068434283,0.29299067379780525,0.0887264301693051
A1,A3,B1,B2,B3
4.440892004568002,-2.7755575798921925,-8.881784206351213,-1.6653345294463817,-1.665334538690852
ans,J2,J3,Energy,Sigma,L,A1,A2,B1,B2,B3
q0,0.09000000000000002,0.14999999999999997,-0.4618930512539495,1.6455145444844543e-14,0.6960990427856202,0.5157559639687155,0.21008306858907266,0.178819058797514,0.18399612824956027,0.23113192916014738
A1,A2,B1,B2,B3
2.775557564484753,1.1102230257939023,-4.996003616072556,1.1102230257939016,1.665334538690852
ans,J2,J3,Energy,Sigma,L,A1,A2,A3,B1,B2
0-pi,0.09000000000000002,0.14999999999999997,-0.4573136801358251,1.0745548939153699e-11,0.6760414888107803,0.49942864159669176,0.0745929610418658,0.16253193857201753,0.1400320409683172,0.2012487874465958
A1,A2,A3,B1,B2
4.996003643805946,1.6653345386908667,3.8857805902786606,-3.8857805902786606,2.7755575644847426
ans,J2,J3,Energy,Sigma,L,A1,A2,A3,B1,B2,phiA1
cb1,0.09000000000000002,0.14999999999999997,-0.4792504349623623,2.7306624845022614e-09,0.7384555516900705,0.5157448132716137,0.04588772411106717,0.31112435231784646,0.1779241959890755,0.15526620324071375,1.9543923248202852
A1,A2,A3,B1,B2,phiA1
4.440892004567494,0.0,0.0,-4.440892103175588,-1.1102230257938122,1.1102230381198528
ans,J2,J3,Energy,Sigma,L,A1,A2,A3,B1,B2,phiB1
cb2,0.09000000000000002,0.14999999999999997,-0.45731368013594004,1.0618714896736132e-11,0.6760414880045125,0.49942864336437226,0.07459300211088897,0.1625318688788981,0.14003204614377154,0.2012487668797159,3.141592654034117
A1,A2,A3,B1,B2,phiB1
3.3306690588927794,0.0,1.110223025793897,-6.661338154763403,-0.5551115128969485,-0.5551115190599266
