ans,J2,J3,Energy,Sigma,L,A1,A3,B1,B2,B3
3x3,0.18,0.12,-0.4481439125853027,1.2674591186331064e-11,0.6562350862372349,0.5050159855964732,0.18202047581462405,0.15038546101295935,0.23711336597217983,0.06069336421343284
A1,A3,B1,B2,B3
0.0,-2.2204460515878046,-11.657341770835961,-4.996003616072557,-4.440892100094124
ans,J2,J3,Energy,Sigma,L,A1,A2,B1,B2,B3
q0,0.18,0.12,-0.4676660356322062,2.0461079729169994e-14,0.7189655775907751,0.5215577290537512,0.2662365112113693,0.19791823189499685,0.19441615123126885,0.2878943018714324
A1,A2,B1,B2,B3
294.2091018353839,0.0,-5.551115128969506,-1.1102230257939016,-2.220446063913755
ans,J2,J3,Energy,Sigma,L,A1,A2,A3,B1,B2
0-pi,0.18,0.12,-0.45121307296058083,1.7109613417802257e-10,0.6629072601986723,0.5008607491668233,0.0918577193100866,0.125416847877678,0.14665953556320968,0.18569104780343773
A1,A2,A3,B1,B2
1.1102230257939034,0.0,-2.220446051587794,-6.106226641866476,-2.7755575644847847
ans,J2,J3,Energy,Sigma,L,A1,A2,A3,B1,B2,phiA1
cb1,0.18,0.12,-0.4730092715747138,7.994996621151212e-09,0.7209219367021068,0.5145582627760121,0.04683138869837548,0.28368560072195836,0.17288305067295884,0.14124230204270743,1.9334097190517994
A1,A2,A3,B1,B2,phiA1
4.996003616072587,2.220446046965553,2.220446063913915,-6.106226641867068,0.5551115128971602,2.775557595299754
ans,J2,J3,Energy,Sigma,L,A1,A2,A3,B1,B2,phiB1
cb2,0.18,0.12,-0.4512130729598202,1.7109662721608833e-10,0.6629071788660955,0.5008606885924246,0.09185678096693078,0.125419311360623,0.14665945721278162,0.18569124840522472,3.1415926426275673
A1,A2,A3,B1,B2,phiB1
4.996003505138981,-0.5551115128969485,0.0,-5.551115128969485,-1.1102230257938122,0.0
