ans,J2,J3,Energy,Sigma,L,A1,A3,B1,B2,B3
3x3,0.18,-0.18,-0.4434030498150521,2.8516705426157373e-12,0.6448605742268733,0.49893207712564885,0.10504696850640777,0.1403396759999992,0.19511459897244252,0.05861198702928076
A1,A3,B1,B2,B3
7.216449627601019,2.7755575644847528,-3.330669077381712,1.110223025793897,4.4408921000941035
ans,J2,J3,Energy,Sigma,L,A1,A2,B1,B2,B3
q0,0.18,-0.18,-0.31539800170295795,4.390413460014039,0.5000000075271275,0.51116593082152,0.5725136821049245,0.021458124168694654,0.01241669407221399,0.4999961710168793
A1,A2,B1,B2,B3
3.3306690941175146,1.1102230011694867,-4.440892096368849,-1.1102230244391569,-1.1102230313725048
ans,J2,J3,Energy,Sigma,L,A1,A2,A3,B1,B2
0-pi,0.18,-0.18,-0.4264941854120023,0.034482908507262204,0.5000000075271275,0.3924169665205594,0.10756115963775566,0.10299115453571273,0.14857690456705008,0.17701156594418252
A1,A2,A3,B1,B2
-29.97602153091028,2.220446051112947,1.6653345385081828,-9.992007232436876,0.5551115126047644
ans,J2,J3,Energy,Sigma,L,A1,A2,A3,B1,B2,phiA1
cb1,0.18,-0.18,-0.4582200773365281,6.613489354630217e-13,0.677211366054334,0.5063320677775629,0.027817486486107466,0.16456112050261207,0.15358222587122908,0.0874542962414375,-1.8346900221868943
A1,A2,A3,B1,B2,phiA1
4.9960036160725565,2.220446048506308,0.0,-3.8857805902786544,-0.5551115128969512,1.6653345571797793
ans,J2,J3,Energy,Sigma,L,A1,A2,A3,B1,B2,phiB1
cb2,0.18,-0.18,-0.4264943573955992,0.034493256355471416,0.5000000075271275,0.3924167983174535,0.10759685552765313,0.1030777442002839,0.148586074635101,0.1769647558931995,3.1415593192100566
A1,A2,A3,B1,B2,phiB1
-30.531133040433556,2.2204460518068365,1.1102230259034183,-9.436895717056553,-1.6653345385081828,1.1102230381198845
