ans,J2,J3,Energy,Sigma,L,A1,A3,B1,B2,B3
3x3,0.21000000000000002,0.06,-0.427750485548818,0.06952274571864049,0.5000000075271275,0.39407375138424877,0.18967062088389375,0.1586255222606995,0.10471908679116983,0.10621009796340035
A1,A3,B1,B2,B3
-37.192471157488434,2.220446051633364,-13.877787823445784,-1.6653345392020722,0.0
ans,J2,J3,Energy,Sigma,L,A1,A2,B1,B2,B3
q0,0.21000000000000002,0.06,-0.47586138782952614,4.088570545635262e-09,0.745818522741204,0.5238080270051365,0.3028930355739969,0.2094716149188235,0.2027284919094621,0.3269102990754007
A1,A2,B1,B2,B3
1.110223001141704,-2.220446039261842,-8.881784206351176,-3.3306690773816907,-3.3306690958707033
ans,J2,J3,Energy,Sigma,L,A1,A2,A3,B1,B2
0-pi,0.21000000000000002,0.06,-0.44898483584989785,1.0544877824156238e-09,0.6583319549832964,0.5011042983047794,0.0995397893431191,0.10621767659272077,0.14974019885420972,0.17749743310957375
A1,A2,A3,B1,B2
1.1102230011420429,-1.1102230257939816,-3.3306690773816907,-7.216449667660372,-2.220446051587794
ans,J2,J3,Energy,Sigma,L,A1,A2,A3,B1,B2,phiA1
cb1,0.21000000000000002,0.06,-0.4677677893189178,3.8247427951574994e-13,0.7055516282030274,0.5128478832556199,0.04384946481727806,0.2505680399345067,0.16748147544374853,0.12660963992172886,1.9116218516570722
A1,A2,A3,B1,B2,phiA1
3.8857805039969944,-2.775557558706964,-2.220446063913754,-10.547118745042063,-3.8857805902786606,-1.1102230381198528
ans,J2,J3,Energy,Sigma,L,A1,A2,A3,B1,B2,phiB1
cb2,0.21000000000000002,0.06,-0.4489848361526309,2.479673321997454e-13,0.65834175828907,0.5011086718219208,0.09952029478385213,0.10627890122047044,0.1497337012959107,0.17749605822741765,3.141592654078079
A1,A2,A3,B1,B2,phiB1
2.220446002283998,-2.7755575644847528,-0.5551115128969505,-4.996003616072556,-3.330669077381712,0.0
