ans,J2,J3,Energy,Sigma,L,A1,A3,B1,B2,B3
3x3,-0.09,0.14999999999999997,-0.5033579086487893,1.8119136590843472e-10,0.8051545753397806,0.5202341993570139,0.3499259515168521,0.1982229727198417,0.3759759210200517,0.14508420452099396
A1,A3,B1,B2,B3
2.220446051587807,2.220446039261853,-8.881784206351176,-1.110223019630921,-1.110223025793897
ans,J2,J3,Energy,Sigma,L,A1,A2,B1,B2,B3
q0,-0.09,0.14999999999999997,-0.4622010463572212,2.499050642428318e-10,0.688770320196103,0.5067954264372513,0.14826044012077153,0.15587499813364097,0.17622660521152878,0.17346754742409262
A1,A2,B1,B2,B3
1.6653345017128949,-3.3306690773816907,-12.212453283732867,-3.885780590278654,-1.6653345386908454
ans,J2,J3,Energy,Sigma,L,A1,A2,A3,B1,B2
0-pi,-0.09,0.14999999999999997,-0.47252873094041287,8.372618358393964e-12,0.7120726604837156,0.4947479490817063,0.04602208428194643,0.22802460217262804,0.12983892082429782,0.22701986529749554
A1,A2,A3,B1,B2
3.330669095870629,-1.1102230250235283,-1.665334538690856,-7.216449667660352,-1.110223025793897
ans,J2,J3,Energy,Sigma,L,A1,A2,A3,B1,B2,phiA1
cb1,-0.09,0.14999999999999997,-0.48812103933877526,3.00395644258316e-10,0.7621918241554351,0.5165801592260785,0.04194657958702501,0.33315649943009223,0.1832104383679708,0.17002826675542113,1.979341641667971
A1,A2,A3,B1,B2,phiA1
7.771561007993961,3.3306690750705825,4.440892078523727,-2.2204460515878046,3.3306690773816907,1.1102230381198421
ans,J2,J3,Energy,Sigma,L,A1,A2,A3,B1,B2,phiB1
cb2,-0.09,0.14999999999999997,-0.47252873095143894,3.619956353054871e-11,0.7120738327678489,0.494748115287878,0.04601084681282972,0.22802925886985564,0.1298386010511408,0.22702153667167418,3.14159265561031
A1,A2,A3,B1,B2,phiB1
0.0,-2.775557558706941,-3.3306690773816907,-8.32667269345427,-3.3306690773816907,-2.7755575952996328
