ans,J2,J3,Energy,Sigma,L,A1,A3,B1,B2,B3
3x3,-0.18,-0.15,-0.567146899410806,0.807025021974742,0.8090184625536293,0.47073760044583696,0.47157895096045577,5.2316302112414694e-05,0.1267178761520648,0.12450534206222533
A1,A3,B1,B2,B3
1334.4880695961729,5.551115159638082,75.49516567454974,-2.2204460504190577,2.220446051633364
ans,J2,J3,Energy,Sigma,L,A1,A2,B1,B2,B3
q0,-0.18,-0.15,-0.4756396040528864,1.032822919434014e-09,0.7280054600785684,0.5121141043309163,0.19126284288689668,0.16940450112719743,0.19309956330207267,0.23478678485853696
A1,A2,B1,B2,B3
0.0,-5.5511151289695695,-8.881784206351176,-3.3306690773816907,-2.220446051587794
ans,J2,J3,Energy,Sigma,L,A1,A2,A3,B1,B2
0-pi,-0.18,-0.15,-0.46906098050857264,1.818512357297004e-11,0.7011968636019453,0.4976732361960147,0.06000342285032298,0.1658999767183723,0.13404992618306805,0.20458726693411103
A1,A2,A3,B1,B2
4.4408920785237,1.1102230250235416,0.0,-4.4408921031756305,0.5551115128969512
ans,J2,J3,Energy,Sigma,L,A1,A2,A3,B1,B2,phiA1
cb1,-0.18,-0.15,-0.4696325800508287,3.1288956780842404e-10,0.7073481381572492,0.5116026697006544,0.03433408573486035,0.21339102539716034,0.1653771583722081,0.15014370702138577,2.13102630923411
A1,A2,A3,B1,B2,phiA1
3.330669077381668,-2.7755575625588014,-2.220446051587794,-8.881784206351261,-3.3306690773816907,-0.5551115190599423
ans,J2,J3,Energy,Sigma,L,A1,A2,A3,B1,B2,phiB1
cb2,-0.18,-0.15,-0.469060980506765,1.654432370498945e-11,0.7011968461927847,0.49767323880644787,0.0600039281080864,0.1659004086277464,0.13404988646283125,0.20458737001823205,3.1415926607168534
A1,A2,A3,B1,B2,phiB1
5.55111515978439,-0.5551115125117603,-2.7755575644847426,-4.440892103175588,0.5551115128969512,-0.5551115190599266
