ans,J2,J3,Energy,Sigma,L,A1,A3,B1,B2,B3
3x3,-0.09,-0.27,-0.47631842242799927,2.8585007222002706e-09,0.7338213800594195,0.517113052943965,0.2294256422400896,0.18291023269869586,0.31330270426278006,0.13516284133627396
A1,A3,B1,B2,B3
5.5511150057098755,3.3306690773816063,-4.440892103175588,0.0,2.2204460515878046
ans,J2,J3,Energy,Sigma,L,A1,A2,B1,B2,B3
q0,-0.09,-0.27,-0.4865198109684735,2.9295705570063126e-11,0.7676186153661151,0.5201034811623189,0.26165004901483085,0.1943595067206343,0.20672416017682885,0.308443755089995
A1,A2,B1,B2,B3
2.2204460515878015,-1.1102230196309264,-4.440892103175605,-2.220446051587794,0.0
ans,J2,J3,Energy,Sigma,L,A1,A2,A3,B1,B2
0-pi,-0.09,-0.27,-0.4603431876351779,1.5800945561335087e-12,0.6810391208923292,0.4987840761711776,0.07210287192123686,0.12760220753726292,0.13839350936444053,0.1887092212269948
A1,A2,A3,B1,B2
1.1102230319568729,-2.7755575644847528,-1.6653345386908454,-7.216449667660356,-1.6653345386908507
ans,J2,J3,Energy,Sigma,L,A1,A2,A3,B1,B2,phiA1
cb1,-0.09,-0.27,-0.46184414181114336,1.1995924288808113e-12,0.6862412744572638,0.5074383165794828,0.0330767304294779,0.16770224909186138,0.15599549651411856,0.13574493113292244,-2.159614507997728
A1,A2,A3,B1,B2,phiA1
3.8857805039969913,-0.5551115117413927,-0.5551115128969498,-6.1062266418664555,1.1102230257939023,2.7755575952996265
ans,J2,J3,Energy,Sigma,L,A1,A2,A3,B1,B2,phiB1
cb2,-0.09,-0.27,-0.46034318765256926,1.3907882767006787e-10,0.6810404952065278,0.49878405753645466,0.07210170226890512,0.12760510847124423,0.13839133038424115,0.18871249464237386,3.1415926541640116
A1,A2,A3,B1,B2,phiB1
3.88578056870824,-0.555111512896959,0.5551115128969485,-5.5511151289695695,0.5551115128969485,-1.1102230381198532
