ans,J2,J3,Energy,Sigma,L,A1,A3,B1,B2,B3
3x3,-0.3,0.02999999999999997,-0.4563838813270057,4.348929269240648,0.5000000075271275,0.5213521543271789,6.610696135189609e-05,5.3198826951150746e-05,5.319905983780515e-05,5.31943901791454e-05
A1,A3,B1,B2,B3
3.330669049708593,1.1102230246263243,-4.440892098502926,0.0,1.110223024625562
ans,J2,J3,Energy,Sigma,L,A1,A2,B1,B2,B3
q0,-0.3,0.02999999999999997,-0.4711073884000591,1.8488927466117464e-16,0.7079768778325947,0.5021437662902589,0.12602086969875556,0.14559723442335698,0.1805017974554838,0.16452148398579686
A1,A2,B1,B2,B3
2.7755575028549964,-4.9960036160725565,-8.32667269345426,1.665334538690852,-1.665334538690852
ans,J2,J3,Energy,Sigma,L,A1,A2,A3,B1,B2
0-pi,-0.3,0.02999999999999997,-0.48753476320512723,1.0395361257374447e-09,0.7472363966037425,0.4924263127077652,0.035219078698849875,0.24719619828398065,0.12597701626190624,0.23533440510034404
A1,A2,A3,B1,B2
-1.1102230196308365,-6.661338140896712,-3.3306690773816907,-8.881784206351176,-5.551115128969485
ans,J2,J3,Energy,Sigma,L,A1,A2,A3,B1,B2,phiA1
cb1,-0.3,0.02999999999999997,-0.4876243549012065,9.91006512183896e-13,0.7584097712619148,0.5165770954398551,0.036617297224996556,0.30291342892229195,0.18164343777793798,0.17301638320608925,2.0457332942829916
A1,A2,A3,B1,B2,phiA1
5.551115005709991,4.440892100094119,5.551115098154629,-1.110223025793901,5.5511151289695055,3.3306691143595586
ans,J2,J3,Energy,Sigma,L,A1,A2,A3,B1,B2,phiB1
cb2,-0.3,0.02999999999999997,-0.4875347633433853,1.0478801787029035e-09,0.7472352502041971,0.49242636993485206,0.03522183123794949,0.2471548762970516,0.1259769002857205,0.23533308551320672,3.1415933692389006
A1,A2,A3,B1,B2,phiB1
2.220446039261842,0.0,-2.2204460515878153,-7.771561180557194,1.110223025793897,-1.1102230381198528
