ans,J2,J3,Energy,Sigma,L,A1,A3,B1,B2,B3
3x3,0.0,-0.12,-0.46514611787323895,4.6593607143692406e-11,0.702477053991865,0.5141601529590768,0.21607205226016934,0.17240875528548716,0.0,0.11094148198560544
A1,A3,B1,B2,B3
2.77555750285498,0.0,-6.106226641866476,0.0,1.6653345386908507
ans,J2,J3,Energy,Sigma,L,A1,A2,B1,B2,B3
q0,0.0,-0.12,-0.4774905000994848,6.532754371361504e-14,0.7435418706961028,0.5205232726797474,0.0,0.1933500603333889,0.0,0.29396869222296634
A1,A2,B1,B2,B3
1.1102230011419978,-0.0,-5.5511151289695055,0.0,0.0
ans,J2,J3,Energy,Sigma,L,A1,A2,A3,B1,B2
0-pi,0.0,-0.12,-0.45740853553213057,4.295902296752393e-13,0.6752123408404768,0.499482030006893,0.0,0.13070163561750742,0.1405449693719746,0.0
A1,A2,A3,B1,B2
2.7755575490773134,0.0,-1.6653345386908533,-4.440892103175605,0.0
ans,J2,J3,Energy,Sigma,L,A1,A2,A3,B1,B2,phiA1
cb1,0.0,-0.12,-0.464358051854457,1.8031405243347184e-08,0.6943563175839581,0.5111423117615488,0.0,0.20925001373714863,0.16267534389982646,0.0,-2.00319037132864
A1,A2,A3,B1,B2,phiA1
1.110223025793861,0.0,0.555111512897499,-6.106226641867068,0.0,1.6653345571797846
ans,J2,J3,Energy,Sigma,L,A1,A2,A3,B1,B2,phiB1
cb2,0.0,-0.12,-0.4574085355321376,4.4721634052627126e-13,0.675212345255261,0.49948203169330563,0.0,0.13070157535542654,0.14054497005442473,0.0,3.141592653848166
A1,A2,A3,B1,B2,phiB1
3.8857806118490656,0.0,-2.220446051587802,-5.5511151289695055,0.0,-2.2204460762397065
