ans,J2,J3,Energy,Sigma,L,A1,A3,B1,B2,B3
3x3,-0.27,-0.24,-0.504099858259214,4.371477474086524,0.5000000075271275,0.5201058811312184,0.4335901333528705,5.3198911783236547e-05,6.593085479755789e-05,8.735091339412415e-05
A1,A3,B1,B2,B3
2.2204460134412036,-2.2204460380931064,-6.661338147754388,0.0,-1.110223024626409
ans,J2,J3,Energy,Sigma,L,A1,A2,B1,B2,B3
q0,-0.27,-0.24,-0.48105601577762125,5.020881738906673e-09,0.7405348654555216,0.5102559849913169,0.1851540482410921,0.1661926228574203,0.19592204221047116,0.23573681175956712
A1,A2,B1,B2,B3
2.2204460515878917,955.9020252085487,950.3509100795792,480.7265701687592,-1.1102230257938122
ans,J2,J3,Energy,Sigma,L,A1,A2,A3,B1,B2
0-pi,-0.27,-0.24,-0.47352974588725505,5.95771791228614e-12,0.7109366892434977,0.49707922106377117,0.056471668370865154,0.1677404053668487,0.13241324797876144,0.20591194008994143
A1,A2,A3,B1,B2
0.0,-2.775557558706964,-1.6653345386908454,-7.216449667660372,0.5551115128969538
ans,J2,J3,Energy,Sigma,L,A1,A2,A3,B1,B2,phiA1
cb1,-0.27,-0.24,-0.47060989485962185,4.3976093494244575e-06,0.70751082383339,0.5064574621006451,0.028806031427332755,0.16009475241358978,0.1582117829699315,0.16301209406913178,-2.3665616399128577
A1,A2,A3,B1,B2,phiA1
2.7755575028552766,-0.5551115121267437,-0.555111512897499,-6.106226641866391,0.5551115128961438,-1.1102230380945584
ans,J2,J3,Energy,Sigma,L,A1,A2,A3,B1,B2,phiB1
cb2,-0.27,-0.24,-0.4735297458861484,6.472973505887724e-13,0.7109368720200231,0.4970790021609535,0.056471829576793184,0.16773940946460172,0.13241274719389892,0.20591252315299083,3.1415926480235847
A1,A2,A3,B1,B2,phiB1
3.3306690588927768,-0.5551115125117642,-1.665334538690852,-5.551115128969506,1.1102230257939076,0.5551115190599266
