ans,J2,J3,Energy,Sigma,L,A1,A3,B1,B2,B3
3x3,0.14999999999999997,-0.18,-0.4458134447372053,2.85992893021727e-13,0.650618637799264,0.5008950723002503,0.11766034781895546,0.14407808565040967,0.20594546469084363,0.06474348809048505
A1,A3,B1,B2,B3
4.9960036160725565,1.6653345386908514,-4.996003616072552,2.7755575644847528,2.7755575644847528
ans,J2,J3,Energy,Sigma,L,A1,A2,B1,B2,B3
q0,0.14999999999999997,-0.18,-0.33545002238640487,4.401499553232485,0.5000000075271275,0.5159428540117865,0.540868784629442,0.016951140019682825,0.010022315964083466,0.49999466186791985
A1,A2,B1,B2,B3
3.3306690941175146,0.0,-3.3306690733174706,-1.110223024525893,-1.1102230313725048
ans,J2,J3,Energy,Sigma,L,A1,A2,A3,B1,B2
0-pi,0.14999999999999997,-0.18,-0.4491584136912347,1.000820404068032e-09,0.6579804476769732,0.500408920525443,0.09661547113133512,0.09129347946963906,0.1485502266342275,0.17166755774143244
A1,A2,A3,B1,B2
7.771561180557281,1.6653345386908032,1.110223025793897,-3.3306690773817755,1.665334538690856
ans,J2,J3,Energy,Sigma,L,A1,A2,A3,B1,B2,phiA1
cb1,0.14999999999999997,-0.18,-0.4586652553309998,4.2858289127712695e-11,0.6784505144811462,0.5069526496283927,0.02939324667949473,0.1696309848385894,0.1545321030653323,0.09404464772328038,-1.8670294176832454
A1,A2,A3,B1,B2,phiA1
2.77555756448478,-2.220446048506297,-1.110223025793897,-8.881784206351218,-2.7755575644847528,-0.5551115190599423
ans,J2,J3,Energy,Sigma,L,A1,A2,A3,B1,B2,phiB1
cb2,0.14999999999999997,-0.18,-0.4491584136914361,1.0014435733682776e-09,0.6579804500321775,0.5004089217890145,0.0966154708650685,0.09129352290708906,0.14855022949793426,0.17166752235536792,3.1415926556642146
A1,A2,A3,B1,B2,phiB1
3.8857805039969806,2.220446051587794,1.110223025793897,-4.440892103175672,2.2204460515877993,1.66533455717978
