ans,J2,J3,Energy,Sigma,L,A1,A3,B1,B2,B3
3x3,-0.21,0.18,-0.4562213253511259,4.347146877277059,0.5000000075271275,0.52122702608712,0.04850367895262752,5.319896579183969e-05,5.3197917530778405e-05,5.319849975074509e-05
A1,A3,B1,B2,B3
4.440892026882407,1.110223023668785,-4.440892098502926,0.0,0.0
ans,J2,J3,Energy,Sigma,L,A1,A2,B1,B2,B3
q0,-0.21,0.18,-0.46451369635029727,1.0528273226547707e-11,0.691088302126865,0.5017891174524621,0.11945738074731893,0.144606418084149,0.1737386055454212,0.1478268149805885
A1,A2,B1,B2,B3
4.996003505138992,1.110223025793897,-4.440892103175609,3.3306690773817333,1.6653345386908507
ans,J2,J3,Energy,Sigma,L,A1,A2,A3,B1,B2
0-pi,-0.21,0.18,-0.48778982644607893,2.0418924974547244e-11,0.7515267579165857,0.48859972456716266,0.024025213942347922,0.28629185242760374,0.12259175525910872,0.24820901852834823
A1,A2,A3,B1,B2
9.992007176678333,0.0,2.220446039261842,-2.2204460515878046,3.330669077381704
ans,J2,J3,Energy,Sigma,L,A1,A2,A3,B1,B2,phiA1
cb1,-0.21,0.18,-0.4986974481153057,2.064894202336772e-09,0.7897739346680908,0.5163000737351428,0.04028656162929591,0.35707131204153514,0.18764236157944475,0.18074298257829127,-1.9827529972736069
A1,A2,A3,B1,B2,phiA1
4.440892004568002,3.3306690704483297,4.440892078523684,0.0,6.661338154763424,3.3306691143595266
ans,J2,J3,Energy,Sigma,L,A1,A2,A3,B1,B2,phiB1
cb2,-0.21,0.18,-0.48778982644941105,2.6569205066392998e-11,0.7515268320911286,0.48859959056997926,0.024025728468278162,0.28629272628760843,0.12259154998545761,0.24820929996476757,3.1415938309619946
A1,A2,A3,B1,B2,phiB1
8.881784255655026,1.1102230242532332,2.2204460392618635,-1.1102230257939076,2.2204460515877993,3.3306691143595586
