ans,J2,J3,Energy,Sigma,L,A1,A3,B1,B2,B3
3x3,0.0,-0.24,-0.46178795338762985,1.1414404687316755e-09,0.6933717927525481,0.511376469974697,0.18450504767282483,0.16711177876298505,0.0,0.10795411105260354
A1,A3,B1,B2,B3
7.771561180557281,-1.1102230257939816,-4.440892103175588,0.0,-1.1102230257938122
ans,J2,J3,Energy,Sigma,L,A1,A2,B1,B2,B3
q0,0.0,-0.24,-0.48942694842184464,2.785665071561698e-14,0.7807983557854107,0.5228509329096709,0.0,0.20529126609098108,0.0,0.33522182197222655
A1,A2,B1,B2,B3
5.551115128969506,-0.0,-2.220446051587802,0.0,4.440892078523703
ans,J2,J3,Energy,Sigma,L,A1,A2,A3,B1,B2
0-pi,0.0,-0.24,-0.4556180468828005,1.2330265727153737e-12,0.6709512092327204,0.49944568585496635,0.0,0.11415249822624923,0.14167916350023005,0.0
A1,A2,A3,B1,B2
2.2204460392618635,0.0,-0.5551115128969485,-6.106226641866458,0.0
ans,J2,J3,Energy,Sigma,L,A1,A2,A3,B1,B2,phiA1
cb1,0.0,-0.24,-0.45303982444939106,0.002729094356491819,0.6860121890642717,0.5078408472450434,0.0,0.04033297040095061,0.1360084499774376,0.0,-1.0767869147992317
A1,A2,A3,B1,B2,phiA1
1.1102230011694867,0.0,-0.5551115116609201,-8.326672693581749,0.0,-1.6653345571743634
ans,J2,J3,Energy,Sigma,L,A1,A2,A3,B1,B2,phiB1
cb2,0.0,-0.24,-0.45561804688276725,1.2090217818885312e-12,0.6709511817945949,0.49944568347824764,0.0,0.11415261778768601,0.14167918816925668,0.0,3.1415926620516914
A1,A2,A3,B1,B2,phiB1
2.2204460392618635,0.0,-1.1102230257939023,-5.551115128969506,0.0,-1.66533455717978
