ans,J2,J3,Energy,Sigma,L,A1,A3,B1,B2,B3
3x3,-0.18,0.0,-0.514196999418273,0.0018976167304851704,0.8090496561992591,0.5187613465370928,0.0,0.20740988391734796,0.3274878722026518,0.0
A1,A3,B1,B2,B3
15.543122360979037,0.0,15.543122360913133,15.543122274978417,0.0
ans,J2,J3,Energy,Sigma,L,A1,A2,B1,B2,B3
q0,-0.18,0.0,-0.4688474840203672,2.9878299347425384e-08,0.7060919623581586,0.5074570811459502,0.15597954338801023,0.15728304270768326,0.18320268622291294,0.0
A1,A2,B1,B2,B3
4.440892103175783,-0.555111512897499,49.960036160726126,57.73159734128298,0.0
ans,J2,J3,Energy,Sigma,L,A1,A2,A3,B1,B2
0-pi,-0.18,0.0,-0.4741051377261053,1.756448109281159e-15,0.7141117156622943,0.49611712071076264,0.0507864526726195,0.0,0.13118051401867056,0.2184918152878894
A1,A2,A3,B1,B2
4.440892127827508,-2.220446050047059,0.0,-5.5511151289695055,-0.5551115128969508
ans,J2,J3,Energy,Sigma,L,A1,A2,A3,B1,B2,phiA1
cb1,-0.18,0.0,-0.4787037172153733,4.0281209972847915e-11,0.7345071033827144,0.515775475341725,0.03727671638651369,0.0,0.17633071601392772,0.1610650360457499,2.0384557827132253
A1,A2,A3,B1,B2,phiA1
2.220446051587807,1.1102230234827766,0.0,-5.5511151289695055,1.1102230257939394,0.0
ans,J2,J3,Energy,Sigma,L,A1,A2,A3,B1,B2,phiB1
cb2,-0.18,0.0,-0.474105137726046,1.6455145444844543e-13,0.7141118722167011,0.49611718835129565,0.050786454350822456,0.0,0.13118053791976655,0.218492194723923,3.1415926587793375
A1,A2,A3,B1,B2,phiB1
2.7755575490773134,-2.220446046965571,0.0,-5.551115128969507,0.5551115128969538,-1.1102230381198532
