ans,J2,J3,Energy,Sigma,L,A1,A3,B1,B2,B3
3x3,0.0,-0.21,-0.46249725681882337,2.3781290508656257e-11,0.6952579446499265,0.5120642002346598,0.19167519915142175,0.16835030894901165,0.0,0.10858836943356912
A1,A3,B1,B2,B3
4.440892103175614,0.0,-9.436895719248167,0.0,0.0
ans,J2,J3,Energy,Sigma,L,A1,A2,B1,B2,B3
q0,0.0,-0.21,-0.486150934658668,2.581126997384698e-10,0.7708084322215806,0.5224425517815584,0.0,0.20249759813741167,0.0,0.32559432715828035
A1,A2,B1,B2,B3
6.6613380068520875,-0.0,-4.440892103175588,0.0,-2.220446039261842
ans,J2,J3,Energy,Sigma,L,A1,A2,A3,B1,B2
0-pi,0.0,-0.21,-0.45602176673127526,1.4483301330583116e-12,0.6719103939697917,0.49947495041901846,0.0,0.11788933457702724,0.14143855036423542,0.0
A1,A2,A3,B1,B2
3.3306690958706398,0.0,-0.5551115128969485,-6.106226641866457,0.0
ans,J2,J3,Energy,Sigma,L,A1,A2,A3,B1,B2,phiA1
cb1,0.0,-0.21,-0.46093827361224154,2.8805998592731803e-09,0.6844525141132338,0.508638901852336,0.0,0.18105880030888558,0.15749202400301981,0.0,-2.021162625006578
A1,A2,A3,B1,B2,phiA1
6.106226506280897,0.0,1.6653345386909726,-2.220446051587963,0.0,1.1102230381198845
ans,J2,J3,Energy,Sigma,L,A1,A2,A3,B1,B2,phiB1
cb2,0.0,-0.21,-0.4560217667312293,1.4491313199151766e-12,0.6719104237868111,0.4994749489750355,0.0,0.11788925349165029,0.14143850741937275,0.0,3.141592642318402
A1,A2,A3,B1,B2,phiB1
5.551115159784385,0.0,1.6653345386908454,-3.8857805902786553,0.0,1.6653345571797795
