ans,J2,J3,Energy,Sigma,L,A1,A3,B1,B2,B3
3x3,-0.02999999999999997,-0.15,-0.46928220720999764,4.347578849020191e-12,0.714131613008893,0.5157356794007587,0.22595292156816832,0.17690448733438358,0.3001436359703109,0.11996443286427769
A1,A3,B1,B2,B3
4.996003505138992,0.5551115128969512,-3.8857805902786606,1.6653345479353199,2.2204460515878153
ans,J2,J3,Energy,Sigma,L,A1,A2,B1,B2,B3
q0,-0.02999999999999997,-0.15,-0.47861930020916654,3.327144127286058e-12,0.745689948025675,0.5199324638492682,0.2518862625913446,0.1916163265416903,0.2014305849819812,0.29173485893096845
A1,A2,B1,B2,B3
1.1102230257939008,-6.6613381917412635,-8.881784206351213,-4.440892103175609,-1.1102230196309264
ans,J2,J3,Energy,Sigma,L,A1,A2,A3,B1,B2
0-pi,-0.02999999999999997,-0.15,-0.45870811033424586,7.708831965993324e-11,0.677928419152092,0.49924140706400894,0.07447643455075104,0.1326594309520536,0.1395997139452194,0.19033478210066926
A1,A2,A3,B1,B2
3.88578056870824,1.110223025793897,-1.1102230257938996,-3.8857805902787663,0.0
ans,J2,J3,Energy,Sigma,L,A1,A2,A3,B1,B2,phiA1
cb1,-0.02999999999999997,-0.15,-0.46402477938075803,1.4391140190140345e-10,0.6931163258410789,0.5106339331995813,0.034612408769540484,0.20243989734058043,0.1616815032897279,0.13075659070720974,-2.032174032924696
A1,A2,A3,B1,B2,phiA1
4.996003616072587,1.1102230250235205,-1.110223025793897,-4.9960036160725565,-0.5551115128969485,1.6653345571797846
ans,J2,J3,Energy,Sigma,L,A1,A2,A3,B1,B2,phiB1
cb2,-0.02999999999999997,-0.15,-0.45870811026743225,6.625383897966752e-12,0.677927455970704,0.49924152724353826,0.07444756241214545,0.1326634666726699,0.13960170880870298,0.19032929250644331,3.1415926446024005
A1,A2,A3,B1,B2,phiB1
7.216449627601008,5.5511151289695055,3.330669077381712,-1.665334538690856,4.996003616072557,2.7755575952996328
