ans,J2,J3,Energy,Sigma,L,A1,A3,B1,B2,B3
3x3,0.14999999999999997,-0.21,-0.44554118897772504,3.360670715757951e-13,0.6500837746725998,0.5004222812571917,0.11281312252744155,0.14336942198252192,0.2033443457129674,0.06485115629874286
A1,A3,B1,B2,B3
4.440892103175603,-1.110223025793901,-8.32667269345426,-1.665334538690856,0.5551115128969512
ans,J2,J3,Energy,Sigma,L,A1,A2,B1,B2,B3
q0,0.14999999999999997,-0.21,-0.3492887570971873,4.316950777102529,0.5000000075271275,0.5109738771124213,0.5049262370258659,0.014868716258978771,0.008026614705190368,0.4999951701328894
A1,A2,B1,B2,B3
4.440892125490019,1.1102230011694867,-5.551115124121715,0.0,1.1102230313725048
ans,J2,J3,Energy,Sigma,L,A1,A2,A3,B1,B2
0-pi,0.14999999999999997,-0.21,-0.4489162409289601,1.0905194664847802e-09,0.6574349741562615,0.500342333839824,0.09716188860902228,0.08843317385116617,0.1487606067957681,0.17043909563436
A1,A2,A3,B1,B2
4.4408920045681715,0.5551115128969061,1.110223025793897,-4.440892103175588,0.5551115128969512
ans,J2,J3,Energy,Sigma,L,A1,A2,A3,B1,B2,phiA1
cb1,0.14999999999999997,-0.21,-0.4578458757749034,1.829442394917391e-11,0.676098486751066,0.5061102416065146,0.0274765411967625,0.16093855321611752,0.15307327757679426,0.08890809693300084,1.8516355188083025
A1,A2,A3,B1,B2,phiA1
2.220446051587807,-1.110223024253154,-2.2204460515878046,-8.881784206351218,-3.3306690773817014,-1.6653345571797793
ans,J2,J3,Energy,Sigma,L,A1,A2,A3,B1,B2,phiB1
cb2,0.14999999999999997,-0.21,-0.4489162409318951,1.0871936473972958e-09,0.6574349936122764,0.5003423376155327,0.0971622847127498,0.08843329972754047,0.14876063015983587,0.17043908975811034,3.141592654741256
A1,A2,A3,B1,B2,phiB1
5.55111512896939,0.5551115128969908,-1.110223025793918,-6.106226641866476,-1.1102230257939023,0.0
