ans,J2,J3,Energy,Sigma,L,A1,A3,B1,B2,B3
3x3,0.18,-0.02999999999999997,-0.4449997914070593,7.811571854434629e-14,0.6482304799302758,0.5015484221222749,0.1339559438493564,0.14434314234650583,0.21079920653304413,0.05872841048861977
A1,A3,B1,B2,B3
14.43289901484598,11.657341770835963,-4.440892103175605,0.0,2.775557558706963
ans,J2,J3,Energy,Sigma,L,A1,A2,B1,B2,B3
q0,0.18,-0.02999999999999997,-0.48278497822392574,9.001864352799983e-11,0.766298879752744,0.5243262642915262,0.3154766561399574,0.21320414617184397,0.20760095423901423,0.3439342814944812
A1,A2,B1,B2,B3
-2.220446002284001,-4.440892078523684,-8.881784206351218,-5.5511151289694,-2.2204460392618635
ans,J2,J3,Energy,Sigma,L,A1,A2,A3,B1,B2
0-pi,0.18,-0.02999999999999997,-0.4493035157468931,5.608814902816994e-10,0.658690666140633,0.5008355774375297,0.09749605324663653,0.10153967208819381,0.14894448560277596,0.17577826347737743
A1,A2,A3,B1,B2
5.55111512896939,-1.110223025793897,0.0,-5.551115128969485,0.0
ans,J2,J3,Energy,Sigma,L,A1,A2,A3,B1,B2,phiA1
cb1,0.18,-0.02999999999999997,-0.4636341068936326,1.3291217871443878e-09,0.6931134390238888,0.5108211923075323,0.03779696981928563,0.21660161610613868,0.1622755045355328,0.11425912561156745,-1.8996290761668753
A1,A2,A3,B1,B2,phiA1
8.881784206350888,3.885780582189739,1.110223025793897,-4.440892103175588,2.220446051587794,3.3306691143595692
ans,J2,J3,Energy,Sigma,L,A1,A2,A3,B1,B2,phiB1
cb2,0.18,-0.02999999999999997,-0.44930351584234307,1.6717873104138073e-11,0.6586990452929951,0.5008411866365194,0.09748864823554933,0.1015188339816897,0.14894399370568778,0.1757781559207685,3.14159264757248
A1,A2,A3,B1,B2,phiB1
1.110223025793898,-1.6653345386908507,-2.7755575644847634,-9.436895719248167,-1.1102230257939076,-1.1102230381198532
