ans,J2,J3,Energy,Sigma,L,A1,A3,B1,B2,B3
3x3,-0.27,-0.02999999999999997,-0.4591356128679388,4.326915516228689,0.5000000075271275,0.5200309692848076,0.0006270876558528427,5.319893921643115e-05,5.3198306501717196e-05,5.320180202835125e-05
A1,A3,B1,B2,B3
4.440892026882407,0.0,-4.440892098502926,0.0,1.110223024625562
ans,J2,J3,Energy,Sigma,L,A1,A2,B1,B2,B3
q0,-0.27,-0.02999999999999997,-0.4719777786678964,4.3775617263944116e-13,0.7119364533504027,0.5045916799835637,0.14117380984872493,0.15111553999795543,0.18358686345953154,0.18127753955643244
A1,A2,B1,B2,B3
8.32667269345426,0.0,-3.330669077381704,3.88578059027865,1.6653345386908507
ans,J2,J3,Energy,Sigma,L,A1,A2,A3,B1,B2
0-pi,-0.27,-0.02999999999999997,-0.4812167104784746,3.6347690654431423e-12,0.730864506568908,0.4947663576118692,0.04413969191220164,0.21815608396516328,0.12879106230293835,0.22477790453573523
A1,A2,A3,B1,B2
-0.5551115098154659,-3.330669075070593,-2.7755575644847528,-6.106226641866457,-2.220446051587794
ans,J2,J3,Energy,Sigma,L,A1,A2,A3,B1,B2,phiA1
cb1,-0.27,-0.02999999999999997,-0.48099613242490225,1.8234898230899161e-09,0.7395656322630302,0.5155075244946574,0.0358936898168769,0.27312055211165537,0.1766611269383473,0.1658846530038819,-2.074816748799654
A1,A2,A3,B1,B2,phiA1
4.440892103175614,-1.1102230234827766,1.1102230196309424,-4.440892103175926,3.3306690773817755,1.1102230381198528
ans,J2,J3,Energy,Sigma,L,A1,A2,A3,B1,B2,phiB1
cb2,-0.27,-0.02999999999999997,-0.4812167104780329,3.5332648536541574e-12,0.7308647576224043,0.4947665734555038,0.04413940399119391,0.21815740683558388,0.12879121182765046,0.22477792985657136,3.1415926400051815
A1,A2,A3,B1,B2,phiB1
1.6653345479353145,-2.2204460500470566,0.5551115128969512,-6.106226641866455,1.110223025793897,-1.6653345571797795
