ans,J2,J3,Energy,Sigma,L,A1,A3,B1,B2,B3
3x3,-0.24,0.18,-0.4564857567171503,4.343188086162131,0.5000000075271275,0.5209786889080288,0.06131315590562787,5.319892694508055e-05,5.31983316104101e-05,5.3198291583844703e-05
A1,A3,B1,B2,B3
3.330669049708593,1.1102230252095289,-4.440892098502926,0.0,0.0
ans,J2,J3,Energy,Sigma,L,A1,A2,B1,B2,B3
q0,-0.24,0.18,-0.46550227957290347,2.5680904546283386e-11,0.692997407974509,0.5009039713876692,0.11488656080036976,0.1426819455652479,0.17383035786942908,0.1445508496509219
A1,A2,B1,B2,B3
-0.5551115005709989,-4.440892103175609,-7.771561180557321,3.885780590278597,-0.5551115128969485
ans,J2,J3,Energy,Sigma,L,A1,A2,A3,B1,B2
0-pi,-0.24,0.18,-0.4915110936597402,4.542081133368582e-10,0.7610938087730784,0.48731173714301357,0.020278340154499103,0.2962786563587682,0.12137748256794464,0.251793019107154
A1,A2,A3,B1,B2
5.551115159784449,2.220446048506297,2.220446039261851,-2.220446051587794,1.1102230319568729
ans,J2,J3,Energy,Sigma,L,A1,A2,A3,B1,B2,phiA1
cb1,-0.24,0.18,-0.5005799580325689,2.1902217669443986e-10,0.7945305717161141,0.5162411646560046,0.039722987965551654,0.3595844438823261,0.1883002204388034,0.1824122597626461,1.9844906403117475
A1,A2,A3,B1,B2,phiA1
-2.2204460515878917,-3.3306690750705825,-4.440892078523706,-12.212453283732867,-2.220446051587794,-4.440892152479411
ans,J2,J3,Energy,Sigma,L,A1,A2,A3,B1,B2,phiB1
cb2,-0.24,0.18,-0.4915110936270056,2.5711935129547354e-13,0.7610906059402607,0.487308546687107,0.0202684778595218,0.29627623901023165,0.12137600201843067,0.2517968878301346,3.1415925973922465
A1,A2,A3,B1,B2,phiB1
7.77156122369814,2.2204460485063153,2.22044603926185,-3.3306690773817036,4.4408920785237,3.33066911435956
