ans,J2,J3,Energy,Sigma,L,A1,A3,B1,B2,B3
3x3,0.26999999999999996,0.18,-0.44067785149553707,3.889854634717343e-11,0.638176881052374,0.5001343567497462,0.14869041649367945,0.1406196159037793,0.20927172030677216,0.0456646009446562
A1,A3,B1,B2,B3
1.6653345017129795,0.5551115128969485,-7.771561180557321,-1.6653345386908454,-2.7755575625588014
ans,J2,J3,Energy,Sigma,L,A1,A2,B1,B2,B3
q0,0.26999999999999996,0.18,-0.46953191114543313,9.459825225374397e-10,0.7271233842667566,0.5229893619069667,0.2948234699841702,0.20722249921323088,0.1973926633014595,0.3118407360172494
A1,A2,B1,B2,B3
2.2204460022840857,-1.1102230319568729,-7.771561180557363,-2.220446051587794,-2.2204460639137458
ans,J2,J3,Energy,Sigma,L,A1,A2,A3,B1,B2
0-pi,0.26999999999999996,0.18,-0.4012780288199589,0.08690748938651008,0.5000000075271275,0.39223040843577006,0.13333480062500586,0.5891115704681109,0.13894969798708873,0.33517801151271953
A1,A2,A3,B1,B2
-31.64135641076973,1.1102230252095289,3.3306690774641687,-8.326672693234803,0.5551115156862524
ans,J2,J3,Energy,Sigma,L,A1,A2,A3,B1,B2,phiA1
cb1,0.26999999999999996,0.18,-0.47493710257619537,8.410241846673315e-09,0.726704830140303,0.5142103310642783,0.05437117830158733,0.29897867267451317,0.17401862305115648,0.1427770515024321,1.9286144303325228
A1,A2,A3,B1,B2,phiA1
5.551115128969506,2.220446050047041,2.220446063913915,-5.5511151289695695,1.1102230257936427,0.0
ans,J2,J3,Energy,Sigma,L,A1,A2,A3,B1,B2,phiB1
cb2,0.26999999999999996,0.18,-0.4012864621060074,0.08689182308578498,0.5000000075271275,0.3922308924583098,0.13333368257328584,0.5890278712150941,0.1389528469008225,0.335151411752136,3.141625986158906
A1,A2,A3,B1,B2,phiB1
-31.64135641076973,0.0,1.1102230011694867,-9.43689571983211,-2.7755575503919405,0.5551115190599423
