ans,J2,J3,Energy,Sigma,L,A1,A3,B1,B2,B3
3x3,0.09000000000000002,-0.09,-0.4531914184268214,1.5750184210976861e-10,0.6693562692692319,0.5073618979353256,0.16862066978615248,0.1564367575851028,0.2442514898074789,0.08175980943736853
A1,A3,B1,B2,B3
4.440892103175614,1.6653345386908454,-7.216449667660372,0.5551115128969061,0.5551115128969485
ans,J2,J3,Energy,Sigma,L,A1,A2,B1,B2,B3
q0,0.09000000000000002,-0.09,-0.4806391542044407,5.594418499445501e-09,0.7573328250506385,0.5232908201725621,0.2902113275387677,0.20498103214247354,0.20542678363449823,0.3239771807361383
A1,A2,B1,B2,B3
6.6613381547636745,2.2204460392618848,-4.440892103175926,1.1102230257938122,0.0
ans,J2,J3,Energy,Sigma,L,A1,A2,A3,B1,B2
0-pi,0.09000000000000002,-0.09,-0.4528473391291932,7.687914826053324e-11,0.6656311669576367,0.5002073530260231,0.0865394414214255,0.11467502531763196,0.1445083594759253,0.18204287643348632
A1,A2,A3,B1,B2
6.6613381547634045,1.6653345386908878,1.1102230257939076,-2.7755575644847847,3.3306690773816907
ans,J2,J3,Energy,Sigma,L,A1,A2,A3,B1,B2,phiA1
cb1,0.09000000000000002,-0.09,-0.4631243145258638,6.649388688793594e-12,0.6912863988479218,0.5106635680426629,0.035421555402685274,0.20813733492949593,0.16157814234015339,0.11885761599835792,-1.9433026819971508
A1,A2,A3,B1,B2,phiA1
4.4408920045679805,3.3306690704483506,1.6653345386908667,-2.220446051587794,2.2204460515878046,0.0
ans,J2,J3,Energy,Sigma,L,A1,A2,A3,B1,B2,phiB1
cb2,0.09000000000000002,-0.09,-0.4528473391304878,7.662677440062073e-11,0.6656311810769694,0.5002073498773205,0.08653977333160424,0.11467492586584473,0.1445083545481151,0.18204291145733148,3.1415926527823683
A1,A2,A3,B1,B2,phiB1
3.330669077381705,-3.8857805902786815,-1.110223025793897,-7.216449667660372,-3.3306690773817333,-2.7755575952996328
