ans,J2,J3,Energy,Sigma,L,A1,A3,B1,B2,B3
3x3,0.02999999999999997,-0.09,-0.4613423013901255,2.5043252252856105e-13,0.6917777296246842,0.5124493071054075,0.20605158329423362,0.16788373787022007,0.2770557874611474,0.10167463225787193
A1,A3,B1,B2,B3
2.775557564484753,-1.110223025793901,-6.10622664186646,1.6653345294463924,-0.5551115128969505
ans,J2,J3,Energy,Sigma,L,A1,A2,B1,B2,B3
q0,0.02999999999999997,-0.09,-0.47646735774448545,5.101464866451131e-12,0.7416608458504148,0.5210771896012982,0.26094211836757353,0.19512818722681133,0.20078985847628633,0.2964206448022846
A1,A2,B1,B2,B3
4.440892103175614,1.1102230319568833,-3.3306690773816907,1.110223025793918,3.3306690958706318
ans,J2,J3,Energy,Sigma,L,A1,A2,A3,B1,B2
0-pi,0.02999999999999997,-0.09,-0.45613835214655923,5.6231669327625674e-11,0.67258000624671,0.49972461926364975,0.07911598414694593,0.128567288869278,0.1415479321422887,0.18822795873967962
A1,A2,A3,B1,B2
3.3306690958706318,-0.5551115128969512,-0.5551115128969485,-7.216449667660372,0.5551115128969697
ans,J2,J3,Energy,Sigma,L,A1,A2,A3,B1,B2,phiA1
cb1,0.02999999999999997,-0.09,-0.46480313037528775,2.2026331004555156e-08,0.6958607251231397,0.5115727413439594,0.03569328927580814,0.21681140616435973,0.16354302848674593,0.12842843783225122,1.9825579208845259
A1,A2,A3,B1,B2,phiA1
2.7755575028552766,0.0,-0.5551115128961438,-4.996003616072071,0.0,0.0
ans,J2,J3,Energy,Sigma,L,A1,A2,A3,B1,B2,phiB1
cb2,0.02999999999999997,-0.09,-0.45613835214541015,4.9961611800678586e-11,0.6725798221403843,0.4997245837405418,0.07911361114559126,0.1285702040903664,0.1415480091771782,0.1882266217123383,3.1415926533210463
A1,A2,A3,B1,B2,phiB1
5.551115098154629,-0.5551115128969512,-1.1102230257939023,-8.881784206351176,-2.2204460515878153,0.5551115190599266
