ans,J2,J3,Energy,Sigma,L,A1,A3,B1,B2,B3
3x3,0.02999999999999997,0.09000000000000002,-0.4695026631712213,1.3474066553995495e-08,0.7144815754712195,0.5158923540380519,0.2698784360901616,0.17667781716035547,0.311951119043197,0.10784099841281995
A1,A3,B1,B2,B3
1.1102230011420429,1.1102230319569575,-6.106226641867068,-1.110223019630667,0.0
ans,J2,J3,Energy,Sigma,L,A1,A2,B1,B2,B3
q0,0.02999999999999997,0.09000000000000002,-0.46403688339658317,1.4432302705655741e-11,0.7005061438616648,0.514799170418093,0.20254366270589427,0.1756750980008338,0.18516193725598534,0.22805872278594783
A1,A2,B1,B2,B3
3.3306690773817103,-1.1102230257939023,-4.996003616072579,-1.110223025793897,-1.1102230257939012
ans,J2,J3,Energy,Sigma,L,A1,A2,A3,B1,B2
0-pi,0.02999999999999997,0.09000000000000002,-0.4599735774374904,1.4853696177487669e-12,0.6817519290949656,0.49895399899283527,0.06990533802332106,0.16582852852985985,0.13826054313757882,0.20300971399775114
A1,A2,A3,B1,B2
7.77156113741648,3.8857805902786606,3.8857805902786553,-1.110223025793901,2.2204460515878024
ans,J2,J3,Energy,Sigma,L,A1,A2,A3,B1,B2,phiA1
cb1,0.02999999999999997,0.09000000000000002,-0.47639480630931463,3.851583047900546e-09,0.7300120471188171,0.5157077292979274,0.042373728023060164,0.2918933673382873,0.17594682437676057,0.1520509487582415,-1.9679600590363706
A1,A2,A3,B1,B2,phiA1
4.440892004568002,0.0,1.1102230319568729,-3.3306690773822836,0.0,0.0
ans,J2,J3,Energy,Sigma,L,A1,A2,A3,B1,B2,phiB1
cb2,0.02999999999999997,0.09000000000000002,-0.4599735774424261,2.515726730556383e-13,0.6817519331304638,0.49895397673521485,0.06991266749499297,0.16582850877256314,0.1382606279198305,0.2030099060639614,3.1415926544887056
A1,A2,A3,B1,B2,phiB1
7.216449627601016,4.440892103175607,4.996003616072557,1.1102230257939016,4.440892103175606,1.1102230381198532
