ans,J2,J3,Energy,Sigma,L,A1,A3,B1,B2,B3
3x3,0.12,0.12,-0.45581568972585257,6.309346497812585e-13,0.6765931980258932,0.5097271117867681,0.22256194024444134,0.1607595042612738,0.2689597886326043,0.07763220083438843
A1,A3,B1,B2,B3
3.885780590278654,1.6653345386908507,-4.440892103175609,0.5551115159784391,2.2204460515878046
ans,J2,J3,Energy,Sigma,L,A1,A2,B1,B2,B3
q0,0.12,0.12,-0.4645546133363584,2.547831982729318e-09,0.7063680297444116,0.5186217317121328,0.2344926646735751,0.1872012588984056,0.1890147586136277,0.2569570213407309
A1,A2,B1,B2,B3
4.996003505139003,1.110223025793897,-4.440892103175249,1.6653345386908032,0.0
ans,J2,J3,Energy,Sigma,L,A1,A2,A3,B1,B2
0-pi,0.12,0.12,-0.4546335291000857,1.3197550499710196e-11,0.6700651886561291,0.500148725477699,0.08173482237966086,0.14455505482336437,0.14273604480240928,0.1939441824595473
A1,A2,A3,B1,B2
3.3306690034259936,-1.110223025793897,-2.2204460515878153,-5.551115128969527,-3.330669077381712
ans,J2,J3,Energy,Sigma,L,A1,A2,A3,B1,B2,phiA1
cb1,0.12,0.12,-0.475259560681525,7.471876762251915e-09,0.7271871318136429,0.5152255804080731,0.04536631961703519,0.29288784717697514,0.17498252711234044,0.1475911445852071,-1.9475843468797114
A1,A2,A3,B1,B2,phiA1
7.7715610079943,1.1102230250235205,0.0,-3.3306690773822836,1.1102230257939816,0.0
ans,J2,J3,Energy,Sigma,L,A1,A2,A3,B1,B2,phiB1
cb2,0.12,0.12,-0.45463352910049304,1.3354675568293084e-11,0.670065217041415,0.5001487328013147,0.08173492870470636,0.14455486699562856,0.1427360265279536,0.19394411810507328,3.1415926477458127
A1,A2,A3,B1,B2,phiB1
4.440892004567994,2.2204460515878153,0.0,-4.996003616072536,2.7755575644847426,0.5551115190599266
