ans,J2,J3,Energy,Sigma,L,A1,A3,B1,B2,B3
3x3,0.06,0.02999999999999997,-0.46108182580348367,8.301855070005309e-11,0.6909513889472874,0.5127130101772089,0.22692736476214082,0.16782830803101514,0.2830411439470562,0.0951258187102565
A1,A3,B1,B2,B3
7.21644950742294,-1.110223025793897,-5.551115128969527,3.3306690588927848,-0.5551115128969485
ans,J2,J3,Energy,Sigma,L,A1,A2,B1,B2,B3
q0,0.06,0.02999999999999997,-0.4684028240263524,3.022046009216009e-12,0.7165828998577085,0.5187583946594531,0.23551929470455868,0.1869944112932159,0.19252193269293782,0.2640712409717522
A1,A2,B1,B2,B3
1.1102230011420005,-1.1102230257939023,40.523140441477395,21.64934900298108,45.51914380486794
ans,J2,J3,Energy,Sigma,L,A1,A2,A3,B1,B2
0-pi,0.06,0.02999999999999997,-0.4565217363024465,1.8976511298278092e-11,0.6738413907119521,0.4997821969709235,0.077851767004073,0.14271639167017475,0.14120562983531845,0.19370260380319299
A1,A2,A3,B1,B2
3.8857806118490683,0.0,0.0,-6.106226641866476,1.110223025793897
ans,J2,J3,Energy,Sigma,L,A1,A2,A3,B1,B2,phiA1
cb1,0.06,0.02999999999999997,-0.470626364589402,9.335624899859501e-09,0.7133481047499216,0.5143234779998347,0.040464453148739817,0.2610291752762151,0.17076076421261893,0.14014399945166212,1.9623859731298763
A1,A2,A3,B1,B2,phiA1
3.330669077381668,0.5551115117415577,1.1102230196308365,-3.8857805902784275,-1.1102230257943204,-1.6653345571797846
ans,J2,J3,Energy,Sigma,L,A1,A2,A3,B1,B2,phiB1
cb2,0.06,0.02999999999999997,-0.4565217363031364,1.9231134644365638e-11,0.6738413934432229,0.49978219869605994,0.07785187804357488,0.1427159556036782,0.14120562661555414,0.193702621248339,3.141592650176627
A1,A2,A3,B1,B2,phiB1
5.551115098154626,1.6653345386908507,1.110223025793897,-3.8857805902786815,2.220446051587794,1.1102230381198532
