ans,J2,J3,Energy,Sigma,L,A1,A3,B1,B2,B3
3x3,-0.18,0.24000000000000005,-0.45643954423967414,4.344473873259294,0.5000000075271275,0.5210522331192288,0.04871760557334821,5.319885750099118e-05,5.319690474042682e-05,6.593218020506386e-05
A1,A3,B1,B2,B3
3.3306690201618054,0.0,-4.440892098502926,0.0,-1.110223024626409
ans,J2,J3,Energy,Sigma,L,A1,A2,B1,B2,B3
q0,-0.18,0.24000000000000005,-0.4623116911316788,8.859493448335056e-12,0.6854230346625857,0.5014181525880785,0.11629351039664014,0.1439368370347314,0.17116634706073122,0.14100741534442118
A1,A2,B1,B2,B3
4.440892103175603,0.0,-4.996003616072557,0.5551115128969485,0.0
ans,J2,J3,Energy,Sigma,L,A1,A2,A3,B1,B2
0-pi,-0.18,0.24000000000000005,-0.489324980664251,6.659987774612339e-09,0.7576612296227722,0.48565422537754055,0.01631218738596826,0.30953956271526994,0.12005105285314478,0.25577976389111634
A1,A2,A3,B1,B2
0.0,-3.3306690727594455,0.0,-7.771561180556855,-4.4408921278274915
ans,J2,J3,Energy,Sigma,L,A1,A2,A3,B1,B2,phiA1
cb1,-0.18,0.24000000000000005,-0.5048893807223138,3.476044088336853e-10,0.8056810967080403,0.5151840745374362,0.04177694434581374,0.3770855312139341,0.1893065734883368,0.18431834879169662,-1.9685242902883124
A1,A2,A3,B1,B2,phiA1
8.881784009136004,1.1102230234827766,1.110223019630921,-2.220446051587794,1.110223025793897,2.220446076239711
ans,J2,J3,Energy,Sigma,L,A1,A2,A3,B1,B2,phiB1
cb2,-0.18,0.24000000000000005,-0.48932497966932287,7.617438116040395e-14,0.7576421565816596,0.48564683678337656,0.016276140471453482,0.30954346066658595,0.12006871641904789,0.2557755845170658,3.141592652670639
A1,A2,A3,B1,B2,phiB1
1.1102230196309255,-1.1102230242531574,-1.1102230196309264,-5.5511151289695055,-1.1102230196309255,-1.1102230381198532
