ans,J2,J3,Energy,Sigma,L,A1,A3,B1,B2,B3
3x3,-0.18,-0.18,-0.5016612589330891,9.719752428454392e-12,0.8033764387893445,0.5224210074344345,0.2980101255589879,0.20169470874487808,0.36695111546836645,0.16137094648414635
A1,A3,B1,B2,B3
-4.440892004568002,-5.551115098154627,-9.992007232145115,-4.440892127827513,-3.3306690773816907
ans,J2,J3,Energy,Sigma,L,A1,A2,B1,B2,B3
q0,-0.18,-0.18,-0.4773608594752611,2.1139069931947686e-09,0.7335695125074548,0.5130650596599807,0.19924073046796656,0.17213931608104824,0.19521269180716763,0.24434020741352142
A1,A2,B1,B2,B3
1.1102230011423817,-3.3306690773817755,-8.881784206351176,-1.110223025793897,0.0
ans,J2,J3,Energy,Sigma,L,A1,A2,A3,B1,B2
0-pi,-0.18,-0.18,-0.46826412793925465,1.0620194010933421e-11,0.6991996206420602,0.49781641384100905,0.06129886033120106,0.16010203099339973,0.1344394180204179,0.2023274002226311
A1,A2,A3,B1,B2
2.2204460639137666,-2.2204460500470593,-1.110223025793897,-7.771561180557321,0.0
ans,J2,J3,Energy,Sigma,L,A1,A2,A3,B1,B2,phiA1
cb1,-0.18,-0.18,-0.4683455088568177,2.957397841142137e-09,0.7034717207158651,0.5105104955002422,0.03380623195679443,0.20088257754425728,0.16316776728609775,0.1492946268734045,-2.1594017614768584
A1,A2,A3,B1,B2,phiA1
-0.5551115128969729,-1.1102230250235205,-2.220446051587794,-8.881784206351345,-1.1102230257939816,-1.1102230381203082
ans,J2,J3,Energy,Sigma,L,A1,A2,A3,B1,B2,phiB1
cb2,-0.18,-0.18,-0.4682641279485788,1.699622390714047e-11,0.6991995083217989,0.4978162089411178,0.0612969554461891,0.1600919486925426,0.1344404062589775,0.20232709901898166,3.1415926544830306
A1,A2,A3,B1,B2,phiB1
1.1102230319568833,-1.110223025023531,-1.110223025793897,-3.3306690773816907,1.110223025793897,-1.1102230381198532
