ans,J2,J3,Energy,Sigma,L,A1,A3,B1,B2,B3
3x3,0.24000000000000005,0.18,-0.4434732623705902,4.837104018564761e-11,0.6448717589419262,0.5021770396577039,0.16815332368134742,0.14451310618888574,0.22249293630718436,0.05001809357069382
A1,A3,B1,B2,B3
3.3306690773817103,1.110223025793897,-5.551115128969527,0.0,-1.1102230234828612
ans,J2,J3,Energy,Sigma,L,A1,A2,B1,B2,B3
q0,0.24000000000000005,0.18,-0.4669109238668794,5.694589659564179e-14,0.7181836645530462,0.5221256521056339,0.2779674489676068,0.201934120633947,0.19438740353615258,0.29547218684442655
A1,A2,B1,B2,B3
2.220446051587804,2.220446039261851,-5.551115128969507,-3.330669077381704,0.0
ans,J2,J3,Energy,Sigma,L,A1,A2,A3,B1,B2
0-pi,0.24000000000000005,0.18,-0.44914549104949414,6.168127453528797e-10,0.6589808057676709,0.5013070210823214,0.09994855682986732,0.11779353473488946,0.14976290043052617,0.18197010810491376
A1,A2,A3,B1,B2
4.440892103175444,-1.6653345386908032,-2.220446051587794,-7.216449667660352,-2.7755575644847634
ans,J2,J3,Energy,Sigma,L,A1,A2,A3,B1,B2,phiA1
cb1,0.24000000000000005,0.18,-0.4760133927422643,1.680448756634101e-10,0.7297213684111679,0.5145617493799655,0.05282437896237448,0.3036746394418176,0.17503306141782973,0.14574274453269354,1.9331329273140923
A1,A2,A3,B1,B2,phiA1
0.0,-2.220446050047041,-2.2204460639137458,-8.881784206351218,-2.220446051587794,-2.2204460762397056
ans,J2,J3,Energy,Sigma,L,A1,A2,A3,B1,B2,phiB1
cb2,0.24000000000000005,0.18,-0.4491454912592717,5.658621608220386e-10,0.6589808009350422,0.5013074374765967,0.09995345038748021,0.11775744254519159,0.14976328054103163,0.18196697424075603,3.1415926496510655
A1,A2,A3,B1,B2,phiB1
2.220446051587553,1.1102230257939816,-3.3306690773816907,-5.551115128969485,-1.6653345386908454,-0.5551115190599266
