ans,J2,J3,Energy,Sigma,L,A1,A3,B1,B2,B3
3x3,0.06,-0.09,-0.45700982975004656,1.0477058897466563e-15,0.6797578799239726,0.5099238479047956,0.18703673362602524,0.16202869587141963,0.2603508313878468,0.0915371727039575
A1,A3,B1,B2,B3
4.440892103175605,1.665334538690852,-4.440892103175605,1.6653345294463884,1.1102230257939012
ans,J2,J3,Energy,Sigma,L,A1,A2,B1,B2,B3
q0,0.06,-0.09,-0.4783392845283019,2.2578801481139087e-11,0.7489592334149514,0.5223063232743622,0.27558490636092847,0.20012012695312206,0.20308554111804675,0.31025312965712193
A1,A2,B1,B2,B3
1.1102230011420005,-3.3306690958706184,-12.21245328373291,-4.440892103175609,-3.3306690958706184
ans,J2,J3,Energy,Sigma,L,A1,A2,A3,B1,B2
0-pi,0.06,-0.09,-0.4544400184725127,6.156298237735975e-11,0.6689608645202803,0.4999782312184564,0.08275265682978164,0.12158951896226526,0.14299112218335597,0.18514322627272906
A1,A2,A3,B1,B2
4.440892127827508,-0.5551115128969485,-0.5551115128969485,-8.326672693454354,-1.6653345386908667
ans,J2,J3,Energy,Sigma,L,A1,A2,A3,B1,B2,phiA1
cb1,0.06,-0.09,-0.46393024265285226,1.9074410169211184e-13,0.693509023664638,0.5111459619772113,0.03569079743234449,0.2124082026812107,0.16258942918073757,0.12355017305832942,1.963072529876066
A1,A2,A3,B1,B2,phiA1
-1.6653345017129981,0.0,-2.2204460515878033,-8.326672693454261,-4.440892103175604,-1.6653345571797793
ans,J2,J3,Energy,Sigma,L,A1,A2,A3,B1,B2,phiB1
cb2,0.06,-0.09,-0.4544400184642345,1.6362700807513956e-13,0.6689595239715056,0.4999781404759367,0.0827554489987271,0.12159202050253493,0.14299283270286076,0.18514600996185324,3.1415926502521976
A1,A2,A3,B1,B2,phiB1
-0.5551115159784386,-2.775557564484753,-3.8857805902786544,-8.32667269345426,-4.440892103175604,-2.2204460762397065
