ans,J2,J3,Energy,Sigma,L,A1,A3,B1,B2,B3
3x3,0.26999999999999996,-0.21,-0.4373615301827634,6.064038489680049e-11,0.6317168272562425,0.49377401521279024,0.07091707516276234,0.13113757156897018,0.16813156869121487,0.04631582083950277
A1,A3,B1,B2,B3
4.996003588339167,2.7755575644847426,-4.440892103175588,0.0,3.330669070448414
ans,J2,J3,Energy,Sigma,L,A1,A2,B1,B2,B3
q0,0.26999999999999996,-0.21,-0.40431320892013456,4.492157551029758,0.5000000075271275,0.5238714112761097,0.2944055580927065,5.319858775768016e-05,5.319859505789615e-05,5.319903584105612e-05
A1,A2,B1,B2,B3
3.330668975752885,0.0,-4.440892098502926,-2.220446049251463,1.1102230246257314
ans,J2,J3,Energy,Sigma,L,A1,A2,A3,B1,B2
0-pi,0.26999999999999996,-0.21,-0.4251308115889309,0.03565864762411884,0.5000000075271275,0.3953466066508665,0.1261323484011801,0.11189749236479053,0.15555477776875817,0.1544352616130265
A1,A2,A3,B1,B2
-34.416913990588775,-1.1102230259034183,-0.5551115132986538,-16.098233873864842,-2.775557564411601
ans,J2,J3,Energy,Sigma,L,A1,A2,A3,B1,B2,phiA1
cb1,0.26999999999999996,-0.21,-0.45661521054190324,5.854827030937197e-15,0.6727841087630675,0.5036920811460861,0.018096036528174098,0.13987001256785472,0.1497115994942392,0.06142695785431696,-1.7129370623810876
A1,A2,A3,B1,B2,phiA1
4.440892103175605,-1.665334536379736,-1.665334538690852,-7.216449667660358,-2.2204460469655705,1.1102230381198528
ans,J2,J3,Energy,Sigma,L,A1,A2,A3,B1,B2,phiB1
cb2,0.26999999999999996,-0.21,-0.42513031053441586,0.03566608002079055,0.5000000075271275,0.39534584400494055,0.1261615819496287,0.11190669693741247,0.1555614708127618,0.15442829623521523,3.1416259959817485
A1,A2,A3,B1,B2,phiB1
-33.30669095921627,1.6653345392020722,1.6653345385081828,-9.992007232436876,0.0,-0.5551115190599
