ans,J2,J3,Energy,Sigma,L,A1,A3,B1,B2,B3
3x3,-0.24,-0.27,-0.4913720455536741,4.363524182571049,0.5000000075271275,0.5201259059021023,0.3465915696021836,5.3198861625608496e-05,5.3196546581035786e-05,6.593282253108956e-05
A1,A3,B1,B2,B3
4.440891982473486,-1.1102230313725048,-4.440892098502926,0.0,0.0
ans,J2,J3,Energy,Sigma,L,A1,A2,B1,B2,B3
q0,-0.24,-0.27,-0.48276254393869766,3.694100033681914e-10,0.7475252411903491,0.5126272128761674,0.20234138899439674,0.17250317025553152,0.19892495866682428,0.2535448967027388
A1,A2,B1,B2,B3
8.881784009135986,-1.1102230257939816,0.0,2.220446051587794,2.220446039261842
ans,J2,J3,Energy,Sigma,L,A1,A2,A3,B1,B2
0-pi,-0.24,-0.27,-0.47045729272076164,3.46620859522246e-11,0.7037101964334501,0.4975006998875193,0.059819827421551404,0.1565067713726869,0.13356889770979855,0.20132836264577178
A1,A2,A3,B1,B2
3.8857806118490705,-0.5551115117413936,-1.6653345386908032,-4.440892103175588,2.7755575644847426
ans,J2,J3,Energy,Sigma,L,A1,A2,A3,B1,B2,phiA1
cb1,-0.24,-0.27,-0.4683597337661895,7.2316425867598805e-06,0.7019421725813495,0.5058165204270371,0.028547227394057264,0.15174546645180503,0.15641524296961834,0.15995368267138066,-2.3668865183206416
A1,A2,A3,B1,B2,phiA1
1.110223025793607,-3.3306690727591066,-2.220446051584575,-6.106226641866391,-2.2204460515872855,-3.330669114327043
ans,J2,J3,Energy,Sigma,L,A1,A2,A3,B1,B2,phiB1
cb2,-0.24,-0.27,-0.47045729270839665,1.2113298163338846e-11,0.7037111625532624,0.4975008315661748,0.05981902170242585,0.156500036772634,0.13356884985159545,0.20132821560122266,3.1415926081541663
A1,A2,A3,B1,B2,phiB1
3.3306690588927848,0.0,-0.5551115128969485,-6.661338154763381,-0.555111512896959,0.0
