ans,J2,J3,Energy,Sigma,L,A1,A3,B1,B2,B3
3x3,-0.09,0.18,-0.4944082701415389,0.2630511067656909,0.8090767708086036,0.47274745947191843,0.7909122485901953,0.09305504689937802,0.027220574542139775,0.49935290817038286
A1,A3,B1,B2,B3
5.551115159638082,-193.17880220071513,-198.72992161242576,-390.79850453596987,3.330669059915217
ans,J2,J3,Energy,Sigma,L,A1,A2,B1,B2,B3
q0,-0.09,0.18,-0.4613352431175889,1.3082580185750056e-11,0.6859842640952211,0.5059142795814232,0.14259551982345225,0.1539539405106601,0.17454350396494492,0.16635716428923497
A1,A2,B1,B2,B3
0.5551115005710214,-2.775557564484758,-8.881784206351218,-3.330669077381704,-1.6653345386908533
ans,J2,J3,Energy,Sigma,L,A1,A2,A3,B1,B2
0-pi,-0.09,0.18,-0.47418378614550816,3.2187774419192324e-11,0.7167161870145223,0.49355917001889615,0.04143621305478478,0.24194809833710695,0.12831884749621303,0.23196879477220742
A1,A2,A3,B1,B2
3.330669095870629,-1.665334535224186,-1.6653345386908507,-2.7755575644847847,0.5551115128969485
ans,J2,J3,Energy,Sigma,L,A1,A2,A3,B1,B2,phiA1
cb1,-0.09,0.18,-0.49157826895688295,8.463859982844088e-10,0.7715134222049207,0.5163543872056602,0.04264185790097078,0.34569436893545435,0.1847585264596843,0.17332209852940195,-1.9740617084083893
A1,A2,A3,B1,B2,phiA1
5.55111512896939,6.6613381408967225,3.3306690958706398,-2.220446051587794,4.4408921031756305,4.440892152479411
ans,J2,J3,Energy,Sigma,L,A1,A2,A3,B1,B2,phiB1
cb2,-0.09,0.18,-0.4741837861367179,1.1962490144973551e-11,0.716717156001851,0.4935594359132756,0.041440714871893415,0.24194812868946908,0.12831780460652528,0.2319699177558586,3.1415926601521127
A1,A2,A3,B1,B2,phiB1
1.1102230196309264,-2.220446046965572,-0.5551115128969485,-6.661338154763408,-3.3306690773817333,-2.2204460762397065
