ans,J2,J3,Energy,Sigma,L,A1,A3,B1,B2,B3
3x3,0.06,0.0,-0.45987916381216515,9.308663452196913e-11,0.6875986262689153,0.5120534173109519,0.0,0.16631741598551208,0.2769035164505367,0.0
A1,A3,B1,B2,B3
4.996003616072587,-0.0,-6.106226641866433,-2.7755575798922245,0.0
ans,J2,J3,Energy,Sigma,L,A1,A2,B1,B2,B3
q0,0.06,0.0,-0.47058954197215364,6.652981703697844e-11,0.7238416162014509,0.5198002339279023,0.24565584072990798,0.1903477850121186,0.19522953204837884,0.0
A1,A2,B1,B2,B3
4.440892004567994,2.220446051587802,-2.220446051587794,1.1102230257938996,0.0
ans,J2,J3,Energy,Sigma,L,A1,A2,A3,B1,B2
0-pi,0.06,0.0,-0.455936372459708,2.344158728134546e-11,0.6724637444941308,0.49987640442061354,0.07929860175471774,0.0,0.1417360214662352,0.1913181990092605
A1,A2,A3,B1,B2
2.7755575798921925,-1.1102230257939076,0.0,-6.661338154763467,-2.2204460515878046
ans,J2,J3,Energy,Sigma,L,A1,A2,A3,B1,B2,phiA1
cb1,0.06,0.0,-0.4686863032179237,8.007931967844574e-09,0.7076036846103285,0.513605048769095,0.03900555655469791,0.0,0.16860893178745445,0.13604309764099198,1.9629261350183902
A1,A2,A3,B1,B2,phiA1
4.996003505139023,4.440892100094082,0.0,-4.440892103175926,0.0,1.6653345571797846
ans,J2,J3,Energy,Sigma,L,A1,A2,A3,B1,B2,phiB1
cb2,0.06,0.0,-0.455936372460009,2.0243834831443116e-11,0.6724637370355042,0.4998764229925098,0.07929952127702336,0.0,0.1417361105901026,0.19131834875030507,3.141592660363364
A1,A2,A3,B1,B2,phiB1
4.996003643805944,0.5551115128969485,0.0,-6.661338154763467,1.665334538690856,0.0
