ans,J2,J3,Energy,Sigma,L,A1,A3,B1,B2,B3
3x3,-0.15,0.14999999999999997,-0.4543678210973212,4.345044778536543,0.5000000075271275,0.5210219483266979,0.13427479808695733,5.126046619122193e-05,5.319659946956268e-05,8.653513585610284e-05
A1,A3,B1,B2,B3
4.440891982473486,-1.1102230259034183,-3.330669073877194,0.0,-1.110223024626409
ans,J2,J3,Energy,Sigma,L,A1,A2,B1,B2,B3
q0,-0.15,0.14999999999999997,-0.46350990354983396,4.3217867952049573e-13,0.6903603052575505,0.5044765501667682,0.13475466776832373,0.15053739567234237,0.17535656316090642,0.16202333234935004
A1,A2,B1,B2,B3
6.106226506280992,-1.1102230257939016,-3.3306690773817067,4.996003616072547,0.5551115128969512
ans,J2,J3,Energy,Sigma,L,A1,A2,A3,B1,B2
0-pi,-0.15,0.14999999999999997,-0.47873206666672047,7.667781924786677e-10,0.7275832926134276,0.4926434330946212,0.03729453783918548,0.24989116719242102,0.12692046764806653,0.2352111244506332
A1,A2,A3,B1,B2
8.326672739676503,1.6653345352241649,2.7755575644847634,-0.5551115128971602,4.996003616072579
ans,J2,J3,Energy,Sigma,L,A1,A2,A3,B1,B2,phiA1
cb1,-0.15,0.14999999999999997,-0.4914709779538132,6.699920036894142e-09,0.7709250564491172,0.5166577171726401,0.04084319125763666,0.3393888207422617,0.18476241364068358,0.17416812903533696,1.9855833304262136
A1,A2,A3,B1,B2,phiA1
4.440892103175783,0.0,1.1102230196309237,-7.771561180556855,0.0,-3.3306691143595692
ans,J2,J3,Energy,Sigma,L,A1,A2,A3,B1,B2,phiB1
cb2,-0.15,0.14999999999999997,-0.4787320665663322,2.1262266586035084e-14,0.7275901823035418,0.4926454403935664,0.03730536723648178,0.24989571256327267,0.12691421160888805,0.23521477661884224,3.1415926454263006
A1,A2,A3,B1,B2,phiB1
3.88578061184907,-2.775557558706963,0.5551115128969512,-4.9960036160725565,-1.110223025793901,0.0
