ans,J2,J3,Energy,Sigma,L,A1,A3,B1,B2,B3
3x3,-0.12,0.14999999999999997,-0.448261313941948,4.330062192642814,0.5000000075271275,0.5198114766503519,0.2748425489022152,5.319889575350345e-05,5.3196615414419224e-05,5.319885304516658e-05
A1,A3,B1,B2,B3
4.440892125490019,1.1102230190465532,-3.330669073877194,0.0,1.1102230246257314
ans,J2,J3,Energy,Sigma,L,A1,A2,B1,B2,B3
q0,-0.12,0.14999999999999997,-0.46280281727882877,2.9430973860597305e-08,0.689373822587743,0.5055801635875051,0.14127319306077601,0.15307166691714305,0.17559986218558066,0.16719556029695895
A1,A2,B1,B2,B3
2.775557502854599,-2.220446051587963,-8.881784206351853,-0.5551115128968214,-2.7755575644847847
ans,J2,J3,Energy,Sigma,L,A1,A2,A3,B1,B2
0-pi,-0.12,0.14999999999999997,-0.4755626058022529,8.807304752776446e-10,0.7196268898262673,0.4937253300625353,0.0415998916426995,0.23902432550990066,0.12833894508238383,0.23116637925425781
A1,A2,A3,B1,B2
0.5551115159784364,-2.7755575587069625,0.0,-6.106226641866391,-1.6653345386908032
ans,J2,J3,Energy,Sigma,L,A1,A2,A3,B1,B2,phiA1
cb1,-0.12,0.14999999999999997,-0.489773136898938,2.198011768383456e-10,0.7665075361410606,0.516630250617696,0.0413823311919843,0.33634063043674217,0.18400633150420473,0.17213492154275375,-1.9824886758515932
A1,A2,A3,B1,B2,phiA1
4.440892004568002,2.2204460500470833,4.440892078523684,-4.440892103175609,4.440892103175588,1.1102230381198634
ans,J2,J3,Energy,Sigma,L,A1,A2,A3,B1,B2,phiB1
cb2,-0.12,0.14999999999999997,-0.4755626057210864,2.033782021272921e-15,0.7196222212888507,0.493725014760615,0.04159867758269666,0.23902528607377693,0.12834544098460265,0.2311589868537142,3.141592660658621
A1,A2,A3,B1,B2,phiB1
3.3306690588927768,-2.2204460469655705,-2.775557564484753,-3.8857805902786553,-1.110223025793901,-0.5551115190599266
