ans,J2,J3,Energy,Sigma,L,A1,A3,B1,B2,B3
3x3,-0.12,-0.02999999999999997,-0.4958811893935018,3.708426117499276e-09,0.7874155649837348,0.5219170976213602,0.3105148469231333,0.19798526921442566,0.36324303296234134,0.15018731697979662
A1,A3,B1,B2,B3
8.881784009135664,0.0,-2.220446051587794,2.2204460392618635,3.3306690773817014
ans,J2,J3,Energy,Sigma,L,A1,A2,B1,B2,B3
q0,-0.12,-0.02999999999999997,-0.4693541163827395,8.053754617527807e-10,0.7106337284802117,0.5112191189302705,0.18017566080751218,0.1663513242938624,0.18696703743682905,0.21559378898534615
A1,A2,B1,B2,B3
3.8857805039969806,-1.6653345386908454,-8.32667269345427,0.5551115128969061,-0.5551115128969908
ans,J2,J3,Energy,Sigma,L,A1,A2,A3,B1,B2
0-pi,-0.12,-0.02999999999999997,-0.46790718490407024,4.1792476415000887e-10,0.6992763297411384,0.497617586955152,0.05939990879237062,0.17814587283209535,0.13418504941888867,0.2088379629407511
A1,A2,A3,B1,B2
4.996003643805949,2.220446046965553,1.6653345386908454,-1.6653345386908032,2.7755575644847634
ans,J2,J3,Energy,Sigma,L,A1,A2,A3,B1,B2,phiA1
cb1,-0.12,-0.02999999999999997,-0.47376044741274737,7.3284035479314595e-09,0.7208028743962621,0.51476590749001,0.03705781988861999,0.25828797551526833,0.17244064554632754,0.15262116613976423,-2.0345360713874823
A1,A2,A3,B1,B2,phiA1
1.6653345017130643,-1.1102230250235205,-3.3306690588927634,-6.106226641867068,-1.1102230257939816,1.1102230381198845
ans,J2,J3,Energy,Sigma,L,A1,A2,A3,B1,B2,phiB1
cb2,-0.12,-0.02999999999999997,-0.46790718489110866,4.1382570730101246e-10,0.6992762183991512,0.4976175337513466,0.059400111207856356,0.1781420713782702,0.1341850117230066,0.20883717139888494,3.1415926596754145
A1,A2,A3,B1,B2,phiB1
6.106226607970087,-0.5551115117413883,0.0,-1.1102230257939816,1.6653345386908454,1.1102230381198532
