ans,J2,J3,Energy,Sigma,L,A1,A3,B1,B2,B3
3x3,-0.3,0.06,-0.5142939175067891,5.0702276034541764,0.5000000075271275,0.5208497290383174,6.610696135189609e-05,0.20406294845073186,0.2098435578345101,9.927189490743782e-05
A1,A3,B1,B2,B3
2.2204460627450096,-1.1102230246262397,-6.661338151257174,-1.1102230252095289,-2.2204460492526485
ans,J2,J3,Energy,Sigma,L,A1,A2,B1,B2,B3
q0,-0.3,0.06,-0.47032286662953,1.3971435373683652e-11,0.7055538051704819,0.5015171419246199,0.1217364467118591,0.14416183966843735,0.1791461755665985,0.15893317231477636
A1,A2,B1,B2,B3
3.3306690034260016,0.0,-6.661338154763403,2.220446051587836,0.0
ans,J2,J3,Energy,Sigma,L,A1,A2,A3,B1,B2
0-pi,-0.3,0.06,-0.4894547506036764,1.3693681146740827e-09,0.7525948856785344,0.49133279506156413,0.0316125963874478,0.2589076838575749,0.12489227415791525,0.23946585298944847
A1,A2,A3,B1,B2
4.4408921278274915,-1.1102230250235205,1.1102230319568729,-3.330669077381945,1.110223025793897
ans,J2,J3,Energy,Sigma,L,A1,A2,A3,B1,B2,phiA1
cb1,-0.3,0.06,-0.490498400161122,4.221145400031058e-12,0.766617069995874,0.516821862695882,0.03708512339449135,0.3160183818615472,0.1835394766639229,0.17557072401550855,-2.0311502259625978
A1,A2,A3,B1,B2,phiA1
3.3306690773817036,-2.2204460469655745,1.1102230319568756,-3.330669077381704,0.0,-1.1102230381198421
ans,J2,J3,Energy,Sigma,L,A1,A2,A3,B1,B2,phiB1
cb2,-0.3,0.06,-0.4894547506629616,1.326577217686984e-09,0.75259576307156,0.4913334570349746,0.03161216038511605,0.2589186968472172,0.12489226802390324,0.2394642444530226,3.1415926044959894
A1,A2,A3,B1,B2,phiB1
3.3306690588927634,-4.440892100094082,-4.440892078523684,-6.661338154763213,-2.220446051587794,-1.1102230381198532
