ans,J2,J3,Energy,Sigma,L,A1,A3,B1,B2,B3
3x3,0.0,0.18,-0.48274687377920933,2.1677159350969925e-09,0.7502534221532454,0.5174176791939372,0.32119279463033756,0.18532362810145536,0.0,0.11979874269241038
A1,A3,B1,B2,B3
-5.551115005710214,182.07657724092783,-294.2091018353838,-0.0,74.38494272819139
ans,J2,J3,Energy,Sigma,L,A1,A2,B1,B2,B3
q0,0.0,0.18,-0.46007880531778084,5.938489427721378e-12,0.6858922663224469,0.5098259064998026,0.0,0.16338087473824234,0.0,0.18826007192656394
A1,A2,B1,B2,B3
2.2204460022839902,-0.0,-6.661338154763403,0.0,-0.5551115128969485
ans,J2,J3,Energy,Sigma,L,A1,A2,A3,B1,B2
0-pi,0.0,0.18,-0.4654761428615375,3.620649995983642e-10,0.6951991230253826,0.4966830781710828,0.0,0.20652300969597898,0.1333906093256575,0.0
A1,A2,A3,B1,B2
2.775557579892182,0.0,-1.1102230257939023,-7.216449667660372,0.0
ans,J2,J3,Energy,Sigma,L,A1,A2,A3,B1,B2,phiA1
cb1,0.0,0.18,-0.4867087187108601,1.6768752167334498e-09,0.7587470607533625,0.5161844242318496,0.0,0.3358950434086674,0.18236779691671495,0.0,1.9653564610999341
A1,A2,A3,B1,B2,phiA1
5.55111512896939,0.0,2.2204460639137458,-2.220446051587794,0.0,0.0
ans,J2,J3,Energy,Sigma,L,A1,A2,A3,B1,B2,phiB1
cb2,0.0,0.18,-0.46547614286168254,3.5993772523387094e-10,0.6951988958584768,0.49668284348825925,0.0,0.20652428599292713,0.1333905683155903,0.0,3.141592647569072
A1,A2,A3,B1,B2,phiB1
2.7755575490773134,0.0,0.0,-8.326672693454354,0.0,-1.1102230381198532
