ans,J2,J3,Energy,Sigma,L,A1,A3,B1,B2,B3
3x3,-0.15,-0.06,-0.5017352632320292,1.549866392321571e-10,0.803289254857612,0.5225300707401254,0.31549770003191996,0.20139687911286203,0.3709275482442584,0.15695885256998454
A1,A3,B1,B2,B3
0.0,-2.220446039261842,-4.440892103175672,-3.3306690588927848,-3.3306690773817333
ans,J2,J3,Energy,Sigma,L,A1,A2,B1,B2,B3
q0,-0.15,-0.06,-0.47093496586920097,4.064954022285209e-09,0.7142765107550753,0.5107132669688961,0.17810090691604313,0.1652714521244223,0.18798640393766416,0.21618380383292554
A1,A2,B1,B2,B3
5.55111512896939,-2.7755575644847847,-4.440892103175249,-0.5551115128968214,0.5551115128968214
ans,J2,J3,Energy,Sigma,L,A1,A2,A3,B1,B2
0-pi,-0.15,-0.06,-0.4693676991520819,8.659902394850407e-11,0.7024698119101372,0.49743302705065584,0.058135167834647936,0.17854847410034022,0.13363777257826187,0.20921849461295333
A1,A2,A3,B1,B2
4.44089212782751,-0.5551115125117603,-1.110223025793897,-2.7755575644847847,1.110223025793897
ans,J2,J3,Energy,Sigma,L,A1,A2,A3,B1,B2,phiA1
cb1,-0.15,-0.06,-0.4731510913748997,9.818117312804266e-09,0.718510250786452,0.5142225028403774,0.036198523892951695,0.24865803687881038,0.17118243261074645,0.15284232210918783,-2.057872165202704
A1,A2,A3,B1,B2,phiA1
2.7755575028549377,-2.220446050047041,1.1102230257939816,-3.8857805902784275,-0.5551115128968214,-1.1102230381198421
ans,J2,J3,Energy,Sigma,L,A1,A2,A3,B1,B2,phiB1
cb2,-0.15,-0.06,-0.4693676991526173,8.734807202991471e-11,0.702469792212254,0.4974330368800493,0.05813461479339651,0.17854822077052723,0.1336377958184397,0.2092180804656908,3.141592657836564
A1,A2,A3,B1,B2,phiB1
7.216449627601016,1.1102230234827766,1.110223025793897,-1.1102230257938122,1.665334538690856,1.1102230381198532
