ans,J2,J3,Energy,Sigma,L,A1,A3,B1,B2,B3
3x3,0.21000000000000002,0.14999999999999997,-0.44573569397731216,3.19401768655419e-11,0.65030070894992,0.5035395802960652,0.1749204163920938,0.14729983771836272,0.22944739609037917,0.05488582939611504
A1,A3,B1,B2,B3
4.440892103175592,-0.5551115128969485,-7.771561180557321,-0.5551115128969485,0.0
ans,J2,J3,Energy,Sigma,L,A1,A2,B1,B2,B3
q0,0.21000000000000002,0.14999999999999997,-0.4672257164491981,1.2602052960905664e-12,0.7184356065412137,0.5218738924508353,0.2719889351731435,0.19991302284199192,0.1943705895251018,0.2915623755205591
A1,A2,B1,B2,B3
2.220446051587796,-1.1102230319568729,-8.881784206351208,-2.2204460515878046,-1.1102230319568729
ans,J2,J3,Energy,Sigma,L,A1,A2,A3,B1,B2
0-pi,0.21000000000000002,0.14999999999999997,-0.45014946326214994,3.519368267621833e-10,0.6608509182432447,0.5010917181260715,0.09572384007674142,0.1217895483182193,0.14815198557008674,0.18394086561703668
A1,A2,A3,B1,B2
1.1102230257939458,-1.110223025793897,-1.110223025793918,-6.661338154763381,-4.440892103175588
ans,J2,J3,Energy,Sigma,L,A1,A2,A3,B1,B2,phiA1
cb1,0.21000000000000002,0.14999999999999997,-0.47443422422991033,1.2781950225150984e-10,0.7251280280467587,0.514606627636558,0.04964022648238959,0.29359778824841865,0.17397462502740244,0.14335927443173224,1.932221965701719
A1,A2,A3,B1,B2,phiA1
1.110223025793861,-1.1102230234827872,-1.1102230319568729,-8.881784206351176,-3.3306690773816063,-1.1102230381198528
ans,J2,J3,Energy,Sigma,L,A1,A2,A3,B1,B2,phiB1
cb2,0.21000000000000002,0.14999999999999997,-0.45014946319474497,1.7111043228192973e-10,0.6608535256025859,0.5010917255478042,0.09572016821094306,0.12179692160049026,0.1481482657999643,0.18393900089929138,3.1415926466481716
A1,A2,A3,B1,B2,phiB1
2.2204460515878917,1.110223025793897,-0.5551115128969485,-6.106226641866455,-0.5551115128969061,-1.1102230381198532
