ans,J2,J3,Energy,Sigma,L,A1,A3,B1,B2,B3
3x3,-0.12,-0.18,-0.486572274113814,4.930380657631324e-16,0.7623674213028345,0.5204377214709305,0.2691387358257854,0.1922371788124741,0.34131259427120964,0.14627771319892255
A1,A3,B1,B2,B3
2.220446002283997,0.0,-7.771561180557309,-2.2204460639137547,-2.2204460515878024
ans,J2,J3,Energy,Sigma,L,A1,A2,B1,B2,B3
q0,-0.12,-0.18,-0.47803531472149463,1.503282923273106e-10,0.7390099065757552,0.5162311972253679,0.2219804349332648,0.1806157379455746,0.19815557847648238,0.2655540261756674
A1,A2,B1,B2,B3
3.330669077381705,-2.2204460515878046,-8.881784206351176,0.0,-3.3306690588927848
ans,J2,J3,Energy,Sigma,L,A1,A2,A3,B1,B2
0-pi,-0.12,-0.18,-0.46397471606006063,8.48848538533621e-11,0.6894824926007402,0.49844644089593365,0.06663869866501876,0.1472165308000034,0.13647977848425585,0.19684279325763915
A1,A2,A3,B1,B2
1.665334529446387,-5.5511151289695055,-2.220446051587794,-6.106226641866476,-3.3306690773817755
ans,J2,J3,Energy,Sigma,L,A1,A2,A3,B1,B2,phiA1
cb1,-0.12,-0.18,-0.46594073726587687,8.140332625728757e-09,0.6975682867366044,0.510411895054783,0.034072947157030985,0.19888730361821316,0.16204721016085608,0.14173814625758793,2.113797856495675
A1,A2,A3,B1,B2,phiA1
2.220446002283747,-2.775557558707111,-2.775557564484446,-5.5511151289695695,-1.1102230257936427,0.5551115190599847
ans,J2,J3,Energy,Sigma,L,A1,A2,A3,B1,B2,phiB1
cb2,-0.12,-0.18,-0.4639747160573113,6.851907155793712e-11,0.6894826277655868,0.4984463984520056,0.06663776752349292,0.14721255161352123,0.13647989633234975,0.19684250826143385,3.141592658298771
A1,A2,A3,B1,B2,phiB1
-0.5551115098154632,-3.3306690773817014,-2.2204460515878046,-7.771561180557279,-4.440892103175588,-2.2204460762397065
