ans,J2,J3,Energy,Sigma,L,A1,A3,B1,B2,B3
3x3,0.26999999999999996,-0.09,-0.4378272866788763,1.633188592840376e-14,0.6322737012064304,0.49506324702341375,0.084411459394826,0.13293412955605696,0.1750626050232095,0.04541645479738829
A1,A3,B1,B2,B3
4.440892127827509,0.0,-5.5511151289695055,-3.885780590278654,2.220446050047059
ans,J2,J3,Energy,Sigma,L,A1,A2,B1,B2,B3
q0,0.26999999999999996,-0.09,-0.3951145916758535,4.49281009620255,0.5000000075271275,0.5222987741607019,0.331364772397691,5.3198636306234226e-05,4.0465292918845375e-05,5.320101092311236e-05
A1,A2,B1,B2,B3
4.440892081081098,0.0,-4.440892098502926,-1.1102230246257314,1.110223024625562
ans,J2,J3,Energy,Sigma,L,A1,A2,A3,B1,B2
0-pi,0.26999999999999996,-0.09,-0.4266589663473599,0.03492596429699513,0.5000000075271275,0.394603797638736,0.1302011457067655,0.21454604924486256,0.1549544362991428,0.15863887145524877
A1,A2,A3,B1,B2
-35.527137023349056,-3.330669077710255,-0.5551115132986538,-14.43289933327499,-3.330669077710255
ans,J2,J3,Energy,Sigma,L,A1,A2,A3,B1,B2,phiA1
cb1,0.26999999999999996,-0.09,-0.4596516546570533,1.4482993181792014e-15,0.6814907713040119,0.5071917267663727,0.031651501291480776,0.17871196624390748,0.15549260388811645,0.08762181517350716,-1.8104334071205355
A1,A2,A3,B1,B2,phiA1
1.6653345017129975,1.665334535224178,-1.1102230257939012,-6.661338154763408,-3.330669077381704,-0.5551115190599264
ans,J2,J3,Energy,Sigma,L,A1,A2,A3,B1,B2,phiB1
cb2,0.26999999999999996,-0.09,-0.42666236782665884,0.034905629094214845,0.5000000075271275,0.39460417286554705,0.13020283150091091,0.2146104625668154,0.15493538178358018,0.15871318060573003,3.1416259783618155
A1,A2,A3,B1,B2,phiB1
-36.082248539035305,0.0,-1.6653345385081828,-11.102230257646404,-3.8857805903150195,-0.5551115190599847
