ans,J2,J3,Energy,Sigma,L,A1,A3,B1,B2,B3
3x3,-0.3,-0.06,-0.4574995463343321,4.340003937661514,0.5000000075271275,0.520816892320405,6.61069613518972e-05,4.206120998292984e-05,5.319816623775009e-05,5.320180202835125e-05
A1,A3,B1,B2,B3
4.440892026882407,-1.1102230246262397,-4.440892098502926,0.0,0.0
ans,J2,J3,Energy,Sigma,L,A1,A2,B1,B2,B3
q0,-0.3,-0.06,-0.4738207433481771,9.990491956316572e-13,0.7164049573772049,0.5041774398715269,0.14038622678846946,0.15044177189683897,0.18489623083539058,0.18301844469016562
A1,A2,B1,B2,B3
-36.08224833830179,-42.18847498016825,-85.4871729861304,0.5551115128969485,-37.747582876992645
ans,J2,J3,Energy,Sigma,L,A1,A2,A3,B1,B2
0-pi,-0.3,-0.06,-0.4827092721312026,1.5075994715388622e-11,0.7341029711709984,0.4947218040395242,0.043806732489636006,0.216875567561476,0.12857443222069734,0.22452161731729278
A1,A2,A3,B1,B2
3.3306690588928056,-1.1102230234827766,-1.1102230257939023,-4.440892103175607,0.0
ans,J2,J3,Energy,Sigma,L,A1,A2,A3,B1,B2,phiA1
cb1,-0.3,-0.06,-0.48042577472433035,3.4135290802693833e-09,0.737068684349075,0.5148241860796485,0.035083480267919756,0.2618529039740965,0.17517574811584088,0.16611635446095802,-2.103289896463898
A1,A2,A3,B1,B2,phiA1
4.440892103175614,-1.1102230250235283,1.110223019630921,-3.3306690773822836,3.3306690773816063,0.0
ans,J2,J3,Energy,Sigma,L,A1,A2,A3,B1,B2,phiB1
cb2,-0.3,-0.06,-0.4827092721315748,8.80800178534192e-12,0.7341037179017494,0.4947224931035962,0.04380612881455525,0.2168779463169413,0.12857474591455484,0.22452130801781392,3.1415926213782
A1,A2,A3,B1,B2,phiB1
1.1102230319568729,-3.3306690704483533,-2.2204460515878033,-5.5511151289695055,-2.220446051587836,-2.2204460762397065
