ans,J2,J3,Energy,Sigma,L,A1,A3,B1,B2,B3
3x3,0.09000000000000002,-0.02999999999999997,-0.45466937425446713,7.290526145048239e-11,0.6732518034371635,0.5087888784477612,0.186270154529784,0.15904400045866676,0.25428844582663174,0.08306717552128562
A1,A3,B1,B2,B3
4.996003616072501,0.5551115128969485,-5.551115128969485,0.0,1.110223025793897
ans,J2,J3,Energy,Sigma,L,A1,A2,B1,B2,B3
q0,0.09000000000000002,-0.02999999999999997,-0.47475280431910294,1.3065508742723008e-14,0.7387175150732651,0.5220544554935478,0.2708415430134357,0.19880156664480558,0.2003418333295356,0.3019892861303357
A1,A2,B1,B2,B3
5.5511151289695055,4.440892078523702,-3.330669077381704,0.0,1.110223031956877
ans,J2,J3,Energy,Sigma,L,A1,A2,A3,B1,B2
0-pi,0.09000000000000002,-0.02999999999999997,-0.4536985813582686,4.550950888171661e-11,0.667595681493254,0.5002113496914358,0.08454798730219064,0.12370282993198972,0.14376737632013017,0.18577924854995037
A1,A2,A3,B1,B2
4.440892103175603,-1.110223025793897,1.6653345386908454,-4.440892103175672,0.5551115128969485
ans,J2,J3,Energy,Sigma,L,A1,A2,A3,B1,B2,phiA1
cb1,0.09000000000000002,-0.02999999999999997,-0.46601374116361555,7.809891426632112e-09,0.6998389858426958,0.5123704019811258,0.03801209504396157,0.231149080536962,0.16547785297167333,0.12764431593697328,1.948755907235434
A1,A2,A3,B1,B2,phiA1
4.440892004567832,-0.5551115117413883,-1.1102230257939816,-7.2164496676607115,-3.3306690773816063,-1.1102230381196305
ans,J2,J3,Energy,Sigma,L,A1,A2,A3,B1,B2,phiB1
cb2,0.09000000000000002,-0.02999999999999997,-0.45369858135906616,4.97074814926568e-11,0.6675957309168667,0.5002113479481098,0.08454795057269283,0.1237024811137931,0.143767304770179,0.18577917626163462,3.1415926463976183
A1,A2,A3,B1,B2,phiB1
3.8857805902786566,1.110223025793897,0.5551115128969485,-4.996003616072579,-1.110223025793897,1.66533455717978
