ans,J2,J3,Energy,Sigma,L,A1,A3,B1,B2,B3
3x3,0.26999999999999996,0.24000000000000005,-0.44212630728260793,1.8858706015439813e-14,0.6419642116306566,0.5016460384586051,0.17610143972980705,0.14336062849924025,0.22360708411971458,0.04606748909281238
A1,A3,B1,B2,B3
2.7755575028549955,-2.220446051587802,-8.32667269345426,-4.9960036160725565,-2.220446046965571
ans,J2,J3,Energy,Sigma,L,A1,A2,B1,B2,B3
q0,0.26999999999999996,0.24000000000000005,-0.4641451203442367,8.464847291570779e-14,0.709893043203044,0.5214722699219259,0.27318078163830395,0.2005777800675057,0.19144612629588864,0.2869797712963388
A1,A2,B1,B2,B3
2.775557564484753,-1.6653345479353159,-4.9960036160725565,-3.885780590278654,-1.1102230319568782
ans,J2,J3,Energy,Sigma,L,A1,A2,A3,B1,B2
0-pi,0.26999999999999996,0.24000000000000005,-0.3940400551936215,0.16873148860623735,0.5459743867554449,0.3922716635244944,0.13452925309168953,0.572756317424517,0.13195983551880952,0.19988431297289583
A1,A2,A3,B1,B2
6.106226678099891,1.1102230252095289,1.66533450175423,-2.7755575647585458,0.0
ans,J2,J3,Energy,Sigma,L,A1,A2,A3,B1,B2,phiA1
cb1,0.26999999999999996,0.24000000000000005,-0.4808570846785042,2.62542770018868e-14,0.7433035916804747,0.5143726086353272,0.05841173929314656,0.32877104699534243,0.17795960301610356,0.1536357667261099,-1.9429793427567565
A1,A2,A3,B1,B2,phiA1
5.551115005709993,3.330669070448356,1.1102230319568775,-5.551115128969506,-4.440892103175604,2.2204460762397056
ans,J2,J3,Energy,Sigma,L,A1,A2,A3,B1,B2,phiB1
cb2,0.26999999999999996,0.24000000000000005,-0.3940667459276816,0.16874011209572168,0.5459304147048792,0.39227158392286626,0.13451727786983012,0.5725557753496603,0.13197814648268819,0.19989798281303758,3.141843558190547
A1,A2,A3,B1,B2,phiB1
-1.1102230190465532,-3.885780591008909,-5.551115003071876,-8.881784206186513,-4.440892102919784,-2.2204460762399387
