ans,J2,J3,Energy,Sigma,L,A1,A3,B1,B2,B3
3x3,-0.15,0.06,-0.5117933817664873,0.0006095054174539146,0.8090626671760169,0.5180814519216065,0.23977517124929631,0.20313102242759531,0.36687210012945687,0.2572071421051584
A1,A3,B1,B2,B3
-3.33066900350846,4.440892103093256,-3.3306690773633103,3.330669058874383,3.330669095852238
ans,J2,J3,Energy,Sigma,L,A1,A2,B1,B2,B3
q0,-0.15,0.06,-0.4661789036137613,4.08926739331146e-09,0.6988513203224275,0.5069507595582629,0.15120651065144772,0.15610787353204034,0.18029072593092274,0.18273044339689357
A1,A2,B1,B2,B3
3.8857805039976583,-2.7755575644847847,-4.996003616072748,2.220446051587794,2.220446051587794
ans,J2,J3,Energy,Sigma,L,A1,A2,A3,B1,B2
0-pi,-0.15,0.06,-0.47393518563305703,1.209792153866286e-13,0.7143350230357209,0.4955978681930209,0.04872029300206533,0.21325894668922568,0.13061243749819712,0.22213649430051685
A1,A2,A3,B1,B2
2.2204460639137564,-1.1102230250235294,-2.2204460515877993,-7.216449667660359,-1.665334538690852
ans,J2,J3,Energy,Sigma,L,A1,A2,A3,B1,B2,phiA1
cb1,-0.15,0.06,-0.48222538037641416,3.3409861709823576e-11,0.7451733282185453,0.5165119381951075,0.03890347387070095,0.3008675603351247,0.179518570132687,0.16467802121289965,-2.009927798499564
A1,A2,A3,B1,B2,phiA1
1.110223025793861,0.0,0.0,-2.2204460515878046,-1.1102230257938996,-1.1102230381198528
ans,J2,J3,Energy,Sigma,L,A1,A2,A3,B1,B2,phiB1
cb2,-0.15,0.06,-0.47393518563300113,1.2745033999976972e-13,0.7143350486677083,0.49559786661661487,0.048720289220586105,0.21325909708522928,0.13061242787021068,0.22213661491135522,3.141592651476531
A1,A2,A3,B1,B2,phiB1
3.330669095870629,0.0,-1.6653345386908507,-4.9960036160725565,-1.1102230257939023,-0.5551115190599266
