ans,J2,J3,Energy,Sigma,L,A1,A3,B1,B2,B3
3x3,-0.12,0.0,-0.4981752088816057,2.880591662515337e-09,0.7933685205699528,0.5219636781091533,0.0,0.1989292597386652,0.36741938191638873,0.0
A1,A3,B1,B2,B3
238.69794524553006,0.0,273.11486434529985,3.3306690588927634,0.0
ans,J2,J3,Energy,Sigma,L,A1,A2,B1,B2,B3
q0,-0.12,0.0,-0.4680170495720876,2.214611558870844e-09,0.7062532513713472,0.5102058542851654,0.17272827646614095,0.16381558051967862,0.18489767874531635,0.0
A1,A2,B1,B2,B3
6.661338006852257,0.0,-5.551115128969527,2.220446051587794,0.0
ans,J2,J3,Energy,Sigma,L,A1,A2,A3,B1,B2
0-pi,-0.12,0.0,-0.46890064597458986,3.4826759125445536e-09,0.7017966728477617,0.4972812288123663,0.05739844528364312,0.0,0.1335287688850477,0.21179667330882657
A1,A2,A3,B1,B2
3.885780568708224,-0.5551115117412189,0.0,-3.8857805902784275,1.6653345386908878
ans,J2,J3,Energy,Sigma,L,A1,A2,A3,B1,B2,phiA1
cb1,-0.12,0.0,-0.47586187432843363,3.754349285318167e-11,0.7270333234110998,0.515425736171769,0.037811613120133036,0.0,0.17454631998906833,0.15563898112026697,2.023498085136352
A1,A2,A3,B1,B2,phiA1
3.3306690034260438,0.0,0.0,-4.440892103175609,0.0,-2.2204460762397056
ans,J2,J3,Energy,Sigma,L,A1,A2,A3,B1,B2,phiB1
cb2,-0.12,0.0,-0.4689006459303811,3.4457790082997414e-09,0.7017968422386414,0.49728172647861424,0.05739818369914752,0.0,0.13352873107129828,0.211791258439491,3.1415926466535953
A1,A2,A3,B1,B2,phiB1
7.77156122369811,0.5551115125119297,0.0,-4.440892103175926,1.1102230257938122,1.1102230381198532
