ans,J2,J3,Energy,Sigma,L,A1,A3,B1,B2,B3
3x3,-0.18,0.12,-0.45586571289579625,4.351524041357731,0.5000000075271275,0.5215017313387803,0.04145233817612605,5.319881923496195e-05,5.3196979939607036e-05,5.3198238693735744e-05
A1,A3,B1,B2,B3
3.3306690201618054,-1.1102230250360565,-4.440892098502926,0.0,-2.220446049251124
ans,J2,J3,Energy,Sigma,L,A1,A2,B1,B2,B3
q0,-0.18,0.12,-0.46508165046444916,1.0137151367507264e-09,0.6940704131701768,0.5041662323868116,0.1337049463372139,0.1497901316378111,0.17663057713434818,0.1634242835219273
A1,A2,B1,B2,B3
2.220446002283916,0.5551115128968214,-7.216449667660372,-0.5551115128969908,-1.6653345386908454
ans,J2,J3,Energy,Sigma,L,A1,A2,A3,B1,B2
0-pi,-0.18,0.12,-0.48010530440284294,2.017573394860958e-11,0.7304360067827707,0.49285785698626616,0.037701604704868844,0.24662387780565737,0.12700421267634585,0.23429184013270551
A1,A2,A3,B1,B2
1.1102230319568769,-3.330669075070588,-2.2204460515878024,-6.661338154763467,-1.1102230257939076
ans,J2,J3,Energy,Sigma,L,A1,A2,A3,B1,B2,phiA1
cb1,-0.18,0.12,-0.4898228607285995,1.1093356479670479e-15,0.7661986461403039,0.5168241445007913,0.03973713368075328,0.3299052583092336,0.183953553289504,0.17315880054801366,1.9960476820479702
A1,A2,A3,B1,B2,phiA1
5.551115128969506,-1.1102230250235292,2.220446039261851,0.0,4.440892103175605,1.1102230381198528
ans,J2,J3,Energy,Sigma,L,A1,A2,A3,B1,B2,phiB1
cb2,-0.18,0.12,-0.48010530440303834,2.0129141851394962e-11,0.7304360818763308,0.4928579178655823,0.03770206602989626,0.24662389428871237,0.1270041848373887,0.2342917516892635,3.1415926606713267
A1,A2,A3,B1,B2,phiB1
2.2204460639137564,-3.330669075070588,-2.2204460515878024,-8.881784206351261,1.1102230257939076,0.0
