ans,J2,J3,Energy,Sigma,L,A1,A3,B1,B2,B3
3x3,-0.09,-0.18,-0.47987206706244645,6.421660569193425e-11,0.7437987648376055,0.5189529598809659,0.2528369096832957,0.1869261794733776,0.3267939765055849,0.13774348432635866
A1,A3,B1,B2,B3
6.6613381547634205,-1.110223019630921,-6.661338154763424,0.0,0.0
ans,J2,J3,Energy,Sigma,L,A1,A2,B1,B2,B3
q0,-0.09,-0.18,-0.47878362930452134,1.5560281355484458e-12,0.7430643781995048,0.5178025457983507,0.23450969125340204,0.18519483110896143,0.19990494760984573,0.27733423385737693
A1,A2,B1,B2,B3
9.992007010277986,5.5511151289695055,-1.1102230257939023,6.661338154763403,5.551115098154629
ans,J2,J3,Energy,Sigma,L,A1,A2,A3,B1,B2
0-pi,-0.09,-0.18,-0.4619604239656932,5.675345767559861e-11,0.6849797772522398,0.49873379629851383,0.0694461472594266,0.14081607592990752,0.13756996622680034,0.1940705296205496
A1,A2,A3,B1,B2
2.775557549077314,-3.3306690773817014,-1.6653345386908454,-5.551115128969485,-1.110223025793897
ans,J2,J3,Energy,Sigma,L,A1,A2,A3,B1,B2,phiA1
cb1,-0.09,-0.18,-0.4648410533484913,1.0662974307602108e-10,0.69481449676391,0.5102617150610869,0.03417313626416875,0.19719234297259902,0.1613764364466202,0.1375272696053423,-2.0904489996238023
A1,A2,A3,B1,B2,phiA1
3.330669077381668,-1.1102230250235205,-2.2204460515878046,-6.661338154763467,-1.1102230257939394,1.1102230381198634
ans,J2,J3,Energy,Sigma,L,A1,A2,A3,B1,B2,phiB1
cb2,-0.09,-0.18,-0.4619604239666132,5.824539086259786e-11,0.6849796800425512,0.4987337224039789,0.06944878339447763,0.14081551808149953,0.1375698387716723,0.1940707107726922,3.141592644693981
A1,A2,A3,B1,B2,phiB1
0.0,-4.440892103175599,-7.2164496676603616,-9.992007232145072,-4.996003616072557,-4.440892152479413
