ans,J2,J3,Energy,Sigma,L,A1,A3,B1,B2,B3
3x3,-0.18,-0.21,-0.4998396563038072,1.4255000054231498e-10,0.7984549361887784,0.5221085011904749,0.2906945076395336,0.20062332392514431,0.36310248143334845,0.16065573179415962
A1,A3,B1,B2,B3
5.55111512896956,3.3306690588927848,0.0,2.2204460639137458,5.5511151289695055
ans,J2,J3,Energy,Sigma,L,A1,A2,B1,B2,B3
q0,-0.18,-0.21,-0.4792234278844698,7.489542809186275e-10,0.7395530297656071,0.5139885298041804,0.20742396233806898,0.17495279599547267,0.19734303804496262,0.2540508268732883
A1,A2,B1,B2,B3
0.0,-2.220446051587794,-7.771561180557311,-1.110223025793897,0.0
ans,J2,J3,Energy,Sigma,L,A1,A2,A3,B1,B2
0-pi,-0.18,-0.21,-0.46752120202799285,4.561184509524157e-11,0.697345241060893,0.4979237018413617,0.062464111411094835,0.15468802600768755,0.13478531760216955,0.20020320829984978
A1,A2,A3,B1,B2
6.6613381917412635,1.110223023482786,0.5551115128969908,-3.3306690773816907,2.220446051587794
ans,J2,J3,Energy,Sigma,L,A1,A2,A3,B1,B2,phiA1
cb1,-0.18,-0.21,-0.46721274982561994,2.8581428998240427e-10,0.7000535602289372,0.5092637358603903,0.03326494538055194,0.18767498054265663,0.16082078571449668,0.1493787687480031,2.198601953972838
A1,A2,A3,B1,B2,phiA1
4.440892004568002,1.6653345375354502,1.6653345386908032,-2.7755575644847426,3.3306690773816907,1.1102230381198
ans,J2,J3,Energy,Sigma,L,A1,A2,A3,B1,B2,phiB1
cb2,-0.18,-0.21,-0.467521202024046,5.336724142505831e-11,0.6973454370824996,0.4979236301214526,0.06246316696096162,0.15468667214940654,0.13478511081149686,0.20020323053181938,3.141592654868279
A1,A2,A3,B1,B2,phiB1
4.44089212782751,-4.440892093931138,-0.5551115128969485,-6.661338154763381,0.0,-1.66533455717978
