ans,J2,J3,Energy,Sigma,L,A1,A2,A3,B1,B2,phiA1
cb1,-0.005000000000000001,-0.010000000000000002,-0.4600608377654843,8.012626874001475e-12,0.681375603061884,0.49927469703591654,0.07241571967419125,-0.15089665771488214,0.1389243344481873,-0.1975967180740854,6.28310655397732
A1,A2,A3,B1,B2,phiA1
3.9394598698581627,-0.02009503674567533,-0.02037259250126536,-4.776457007551453,0.019928503291428597,0.02775897844932878
ans,J2,J3,Energy,Sigma,L,A1,A3,B1,B2,B3
3x3,-0.005000000000000001,-0.010000000000000002,-0.47243083779317935,1.273008517826767e-11,0.7194863391624378,0.5174704775483411,-0.25314257088390196,0.17830631107003536,0.31030956875882454,-0.11892411185443763
A1,A3,B1,B2,B3
3.5572655933918162,-0.020428103653062003,-5.724198892494516,0.019817480991719604,0.019761969838288224
ans,J2,J3,Energy,Sigma,L,A1,A2,B1,B2,B3
q0,-0.005000000000000001,-0.010000000000000002,-0.46793359374710536,4.643056700498993e-12,0.7142076208251098,0.5159270972845851,0.21574084666426185,0.18017759470046157,0.19080598034076135,-0.2453400466130351
A1,A2,B1,B2,B3
3.780586953967658,-0.019040324871754912,-5.155043058937366,0.02053912595495424,0.021316282072168655
