ans,J2,J3,Energy,Sigma,L,A1,A2,A3,B1,B2,phiA1
cb1,-0.005000000000000001,-0.04,-0.46903795057936754,1.524280273329282e-11,0.7098483165617044,0.5151740319158801,0.038928163118361815,-0.25551729407963414,0.1722528008386572,0.14104788962671747,1.961389022681324
A1,A2,A3,B1,B2,phiA1
3.7615466299337768,-0.020261570199368594,-0.08798517470136767,-5.902611732874131,0.01965094753637156,0.07830582293718819
ans,J2,J3,Energy,Sigma,L,A1,A3,B1,B2,B3
3x3,-0.005000000000000001,-0.04,-0.47100549263106467,2.2551759840835106e-11,0.7154853167015189,0.5169354940516155,-0.2430720636568934,0.17686212927870695,0.30471157355744377,-0.11799470517376474
A1,A3,B1,B2,B3
3.6059488722235535,-0.05712097461843554,-6.107836458981377,0.08210099267086582,0.07560618797682195
ans,J2,J3,Energy,Sigma,L,A1,A2,B1,B2,B3
q0,-0.005000000000000001,-0.04,-0.4698212504915319,1.080412838179478e-11,0.720575012505513,0.5169908124296108,0.22525802435726203,0.18335214578347467,0.19329202468897003,-0.25638116754806217
A1,A2,B1,B2,B3
4.466538249616705,-0.02076117056102515,-4.843125900447057,0.019761969838836622,0.16076029398324912
