ans,J2,J3,Energy,Sigma,gap,L,A1,A3,B1,B2,B3
3x3,0.3,0.3,-0.4412328573203106,1.1528662826279828e-11,0.10547992846814959,0.6396365007515101,0.5015261921553121,0.1841884498584521,0.14268044465566102,0.2261065407933148,0.04519212419620215
A1,A3,B1,B2,B3
3.559375016948252,0.12012613126444194,-5.996370067151702,-2.1929680293908405,-0.7244760347191459
ans,J2,J3,Energy,Sigma,gap,L,A1,A2,B1,B2,B3
q0,0.3,0.3,-0.4621104457675549,6.447231982311255e-12,0.0024337108388288865,0.7026740240541812,0.5208857141603797,0.2682869293617991,0.19909833615523997,0.18846246331381794,0.27766081210997057
A1,A2,B1,B2,B3
3.8271052993366084,0.43665071558507407,-5.3581583614459305,-1.1347589534693725,-0.7453482275820988
ans,J2,J3,Energy,Sigma,gap,L,A1,A2,A3,B1,B2,phiA1
cb1,0.3,0.3,-0.49114213495347114,2.1790296827095697e-11,-0.0016121641314248997,0.7760951763616657,0.5163212033557024,0.07182348612857561,0.38834404264882055,0.18957927822434922,0.1755654200568771,1.9610291305516114
A1,A2,A3,B1,B2,phiA1
2.8704816301683422,4.368172490387678,0.8926193117986259,-7.6313400043659385,-2.793543174561819,0.14446323859829135
