ans,J2,J3,Energy,Sigma,L,A1,A3,B1,B2,B3
3x3,0.09000000000000002,0.14999999999999997,-0.46207161781798267,4.038827691742875e-12,0.6938904402992878,0.5124731782485188,0.2563267489057997,0.16794282224441437,0.29298891902061386,0.08872961470044344
A1,A3,B1,B2,B3
3.6763925231241483,0.21654900095270369,-6.018907594372496,-0.4455880109818856,-0.34805491821929035
ans,J2,J3,Energy,Sigma,L,A1,A2,B1,B2,B3
q0,0.09000000000000002,0.14999999999999997,-0.46189305127130065,1.6645692047813463e-11,0.6960996507777667,0.5157554997638207,0.21008849122529027,0.1788188089204907,0.18398582947797545,0.23113597871010766
A1,A2,B1,B2,B3
3.767486322279289,0.24180657475616396,-5.7677196353787,-0.3689826222436738,-0.4031219802293992
ans,J2,J3,Energy,Sigma,L,A1,A2,A3,B1,B2,phiA1
cb1,0.09000000000000002,0.14999999999999997,-0.4792504351039535,4.245018155263889e-12,0.7384722519140533,0.515754100701033,0.045919488864435504,0.31115857047960893,0.1779318090029117,0.1552343101237721,1.9544137908948425
A1,A2,A3,B1,B2,phiA1
3.8635761259022887,0.32096547641849077,0.24091839636992443,-5.341838083121522,-0.37947422980558687,0.10458300896011927
