ans,J2,J3,Energy,Sigma,L,A1,A3,B1,B2,B3
3x3,-0.12,0.18,-0.5153522264818824,1.3498469984587435e-11,0.8353252379616521,0.5199538211085826,0.368230161809565,0.20233703320378604,0.3888935051365199,0.15230438662925888
A1,A3,B1,B2,B3
3.934075287096218,0.3171907181699883,-4.751088411439523,0.4335420911633894,-0.38646863486051736
ans,J2,J3,Energy,Sigma,L,A1,A2,B1,B2,B3
q0,-0.12,0.18,-0.461995503232901,5.195204542217154e-12,0.6868169103800029,0.5047791770053233,0.13595161359893632,0.1513245888044169,0.17413656584867568,0.16076659292935622
A1,A2,B1,B2,B3
3.347211397121497,-0.81729067955349,-7.233991183637342,0.459243754148024,-0.5884182030664878
ans,J2,J3,Energy,Sigma,L,A1,A2,A3,B1,B2,phiA1
cb1,-0.12,0.18,-0.4932937568418284,8.94109877937531e-12,0.7759646800553708,0.5163736857580883,0.042017145248517906,0.34871056328272004,0.18550960686424162,0.1752914505755084,1.976524875685862
A1,A2,A3,B1,B2,phiA1
3.879119247386535,-0.5467848396267959,0.29742874829648475,-5.139777492349224,0.458855176089395,0.12279066651648039
