ans,J2,J3,Energy,Sigma,L,A1,A3,B1,B2,B3
3x3,0.09000000000000002,-0.27,-0.4504069156278722,2.4409315475803486e-11,0.6627485386558851,0.503721788210549,0.13036914331236804,0.15047525775021894,0.22278379431260625,0.0803798708339159
A1,A3,B1,B2,B3
3.276046101239216,-1.1446399383544767,-7.2692407650716655,-0.5324074514431516,0.39562797482438333
ans,J2,J3,Energy,Sigma,L,A1,A2,B1,B2,B3
q0,0.09000000000000002,-0.27,-0.5029788866266838,3.6040723429054065e-12,0.8227135656153386,0.5240093871265857,0.3373791831492218,0.21956679832427625,0.21743470178048904,0.3763675401356779
A1,A2,B1,B2,B3
4.133360320900638,0.31996627573185354,-4.291123012589212,-0.3635980405741032,0.6071809721662836
ans,J2,J3,Energy,Sigma,L,A1,A2,A3,B1,B2,phiA1
cb1,0.09000000000000002,-0.27,-0.4508550028553089,4.518695228881938e-11,0.6653491189924601,0.4970055860638036,7.105439713775889e-05,0.0002266273311040461,0.13796562086176628,0.16839830550638113,3.1402536095038203
A1,A2,A3,B1,B2,phiA1
3.8882230768344463,0.3079203558797889,-0.7813749647312108,-5.155709192752122,-0.37425618159000434,-0.02520206265194555
