ans,J2,J3,Energy,Sigma,L,A1,A3,B1,B2,B3
3x3,0.21000000000000002,0.12,-0.4449702389984731,2.0143372809680517e-12,0.6482753646216707,0.5028056154310464,0.1628971317826349,0.14594527681390349,0.2229932298801901,0.054487082150303505
A1,A3,B1,B2,B3
3.509137425271741,0.1516564651677024,-6.290801213444316,-1.4500622924197692,-0.26301183453317334
ans,J2,J3,Energy,Sigma,L,A1,A2,B1,B2,B3
q0,0.21000000000000002,0.12,-0.4698852272695968,2.517684027582514e-11,0.727020139559879,0.5226730923093895,0.2826572817285552,0.20325439451085836,0.19726448377751704,0.30383310422518284
A1,A2,B1,B2,B3
3.9618308635868726,0.47473136538147315,-4.847677814579037,-0.8718581412121925,-0.2767786000692268
ans,J2,J3,Energy,Sigma,L,A1,A2,A3,B1,B2,phiA1
cb1,0.21000000000000002,0.12,-0.47197485596350447,1.2742959024625304e-11,0.7179805871072139,0.5141597916467692,0.047765351652808895,0.27900578495971434,0.17184510365327113,0.137878093686293,1.9261704554421208
A1,A2,A3,B1,B2,phiA1
3.822164807081554,0.6210032488228392,0.19145796059622527,-5.539735337266053,-0.9915956944144527,0.0863198401596414
