ans,J2,J3,Energy,Sigma,L,A1,A3,B1,B2,B3
3x3,0.12,0.18,-0.4587951068407446,5.972291719998158e-12,0.6850381071166671,0.5106900693951232,0.25016588159212294,0.16374314455006658,0.2837199984158671,0.07946394386460705
A1,A3,B1,B2,B3
3.6237679525704225,0.23309132404546376,-6.1750604631241615,-0.642874642407911,-0.4363176486768137
ans,J2,J3,Energy,Sigma,L,A1,A2,B1,B2,B3
q0,0.12,0.18,-0.46095169037244754,4.332435391289966e-12,0.6942455747031594,0.5162171335102413,0.21427445611852317,0.18050284025379829,0.18351388392523005,0.23314352213493147
A1,A2,B1,B2,B3
3.778533042211451,0.2777222896171357,-5.697220473313188,-0.49654724774882614,-0.5048739204612932
ans,J2,J3,Energy,Sigma,L,A1,A2,A3,B1,B2,phiA1
cb1,0.12,0.18,-0.480917013706575,1.222785824497637e-11,0.7432320144870603,0.5156177552216955,0.048082103837008,0.3209349416494072,0.17886124062545813,0.157027726289882,1.9505896789408455
A1,A2,A3,B1,B2,phiA1
3.8589131891986135,0.41233683134495847,0.27955415760005514,-5.334177544251411,-0.5133671265998945,0.10835776724530394
