ans,J2,J3,Energy,Sigma,L,A1,A3,B1,B2,B3
3x3,-0.21,0.21000000000000002,-0.5480796848578241,7.725973642292841e-12,0.9154848459159819,0.5189794438091284,0.3971561826096722,0.21151688019885598,0.41347341636875495,0.16971866939956431
A1,A3,B1,B2,B3
4.051314838476876,0.37381209243204405,-4.397149311443646,0.8846257060195551,-0.44719783430570637
ans,J2,J3,Energy,Sigma,L,A1,A2,B1,B2,B3
q0,-0.21,0.21000000000000002,-0.4638807305166146,6.208386162476919e-12,0.6891335271075514,0.5011660339789205,0.1155401726272646,0.1432938538451621,0.17248510256674174,0.14271310671049717
A1,A2,B1,B2,B3
3.1886160380453066,-2.006061983191183,-7.803258039930119,0.7733813589738027,-0.7633893517519191
ans,J2,J3,Energy,Sigma,L,A1,A2,A3,B1,B2,phiA1
cb1,-0.21,0.21000000000000002,-0.469700237630385,2.885438355816132e-11,0.7101471508414912,0.4999175651744089,2.908510798094709e-06,3.202440556942118e-05,0.14927731915036738,0.18536851828084952,3.141477853522271
A1,A2,A3,B1,B2,phiA1
3.956834860195441,-1.134536908864448,0.28083091407893496,-4.845346346496364,0.7883138586553957,-0.0040523140387495795
