ans,J2,J3,Energy,Sigma,L,A1,A3,B1,B2,B3
3x3,0.02999999999999997,0.14999999999999997,-0.4735577590098625,5.678657430291884e-12,0.7255192678683297,0.5162155397077992,0.2936602081969805,0.17916887151051458,0.32495930502896064,0.10940741074788396
A1,A3,B1,B2,B3
3.7935210522023617,0.2392530618062428,-5.5560001042688105,-0.1265654248210664,-0.33673064336813646
ans,J2,J3,Energy,Sigma,L,A1,A2,B1,B2,B3
q0,0.02999999999999997,0.14999999999999997,-0.46119603245346263,1.3750503888590618e-11,0.6909853433428116,0.5124545125996144,0.18524793326439304,0.16983267868807106,0.18035944826671335,0.20727755116080654
A1,A2,B1,B2,B3
3.6595171339652652,0.10480505352149642,-6.18582962611992,-0.12095879852931153,-0.41855408027122964
ans,J2,J3,Energy,Sigma,L,A1,A2,A3,B1,B2,phiA1
cb1,0.02999999999999997,0.14999999999999997,-0.45433267015852646,5.650886244643479e-12,0.6735528013872765,0.4977530013688591,2.8904715197468694e-06,9.783052571775656e-07,0.1403714040921746,0.17205253860530564,3.1416142968642804
A1,A2,A3,B1,B2,phiA1
3.906486245589493,0.11413092693146634,0.2260969189649127,-5.087874566231976,-0.12145839889712047,-0.020983215159549456
