ans,J2,J3,Energy,Sigma,L,A1,A3,B1,B2,B3
3x3,0.06,0.14999999999999997,-0.46751755748330437,1.2565468371623609e-11,0.7089104178883631,0.5144763229919376,0.275672245367994,0.1736275440203967,0.3093839108796153,0.09914493383687525
A1,A3,B1,B2,B3
3.737510300619462,0.22837287616493776,-5.784206446973721,-0.27250424139369966,-0.34294789230602485
ans,J2,J3,Energy,Sigma,L,A1,A2,B1,B2,B3
q0,0.06,0.14999999999999997,-0.46141717506477786,4.735338887949887e-12,0.6931225930572859,0.5140795825102324,0.19707049612961947,0.1741510167496718,0.18204081328036587,0.21857644554266037
A1,A2,B1,B2,B3
3.717304241574689,0.18379742172122565,-5.9768301420722345,-0.24419355425903708,-0.41017189643555907
ans,J2,J3,Energy,Sigma,L,A1,A2,A3,B1,B2,phiA1
cb1,0.06,0.14999999999999997,-0.4525752620996832,1.815998655473784e-10,0.6693996002866645,0.4973890867622671,3.153355784417363e-05,1.1549267858459104e-05,0.13917481861584602,0.17025761685030147,3.1416870399585752
A1,A2,A3,B1,B2,phiA1
3.8976599729764687,0.21682655670929368,0.226096918964913,-5.1213477901409945,-0.2463584891706672,-0.023259172359394786
