ans,J2,J3,Energy,Sigma,L,A1,A3,B1,B2,B3
3x3,-0.02999999999999997,0.24000000000000005,-0.4963053150201695,5.193579994116417e-12,0.7851319013104946,0.5171963844972959,0.3551427777517243,0.19103316035405632,0.3661391410674743,0.12919391831686258
A1,A3,B1,B2,B3
3.8211656063593384,0.38757885793889674,-5.191402862992758,0.11601830607309684,-0.5548894677219447
ans,J2,J3,Energy,Sigma,L,A1,A2,B1,B2,B3
q0,-0.02999999999999997,0.24000000000000005,-0.4585769082706636,3.6255751319488483e-12,0.679683509478219,0.5065369309654527,0.14593745711280284,0.15581973145544512,0.17233243554205505,0.16491579644413054
A1,A2,B1,B2,B3
3.4358627056425597,-0.13977707880390725,-6.934230967382397,0.1184607967305552,-0.8754108549394825
ans,J2,J3,Energy,Sigma,L,A1,A2,A3,B1,B2,phiA1
cb1,-0.02999999999999997,0.24000000000000005,-0.49571262967789653,9.410370561475912e-12,0.7824848396640748,0.5154442918282504,0.04553987783228434,0.36398533503670294,0.18598609150249898,0.17584893524086004,1.9620272439769648
A1,A2,A3,B1,B2,phiA1
3.8560266093344335,-0.12378986724545736,0.3794742298582495,-5.170863737324844,0.11879386363135695,0.12922996005893583
