ans,J2,J3,Energy,Sigma,L,A1,A3,B1,B2,B3
3x3,-0.011999999999999997,-0.005999999999999998,-0.4724002217664126,3.725236740588707e-10,0.7225796708359522,0.5174833588366723,0.26118934405315436,0.18065044981523365,0.31710012377076924,0.12077083905514378
A1,A3,B1,B2,B3
3.781895907543283,-0.0121425092203684,-5.547650117054831,0.046244119644362446,0.011947109968017264
ans,J2,J3,Energy,Sigma,L,A1,A2,B1,B2,B3
q0,-0.011999999999999997,-0.005999999999999998,-0.4703439280538811,6.276572934614947e-06,0.7148401522464095,0.5170734858295228,0.2047055906966862,0.17930807935171028,0.18641864385305867,0.044192759141934705
A1,A2,B1,B2,B3
3.760729505662352,-0.049961146331052496,-5.753954535047827,0.04786671059510736,0.011857181903001269
ans,J2,J3,Energy,Sigma,L,A1,A2,A3,B1,B2,B3,phiA1,phiB2
cb1,-0.011999999999999997,-0.005999999999999998,-0.4701918732953502,4.969448519833244e-06,0.712383264028292,0.5138196177494828,0.05737604978044045,0.1071235737790509,0.16993202695019738,0.00899773259083191,0.04244434758100283,1.9925030603460363,2.885705237989745
A1,A2,A3,B1,B2,B3,phiA1,phiB2
3.8311326334358413,-0.04894251670601414,-0.012187473252810468,-5.523518864503139,0.047171155870276926,0.011962097978817544,0.07580325256285082,3.885780586335155e-06
