ans,J2,J3,Energy,Sigma,L,A1,A3,B1,B2,B3
3x3,-0.27,0.12,-0.5577102883931596,1.3660825620054294e-11,0.94160403174238,0.5204661366195563,0.39126472249143934,0.21657581765929404,0.42004179640319456,0.18014123710137572
A1,A3,B1,B2,B3
3.7699843249213796,0.2268185639304658,-4.4404480094051415,0.9540146450584887,-0.24591439996080577
ans,J2,J3,Energy,Sigma,L,A1,A2,B1,B2,B3
q0,-0.27,0.12,-0.46784327285641397,4.597095756719799e-12,0.6990689483585592,0.5012209788866125,0.11818615029428328,0.14338149329185987,0.17645560455554443,0.15157770812510163
A1,A2,B1,B2,B3
3.1764590959250105,-2.998323811447932,-7.869926932560578,0.9816591983443537,-0.34722225094118586
ans,J2,J3,Energy,Sigma,L,A1,A2,A3,B1,B2,phiA1
cb1,-0.27,0.12,-0.4951311751343088,9.479879992433573e-12,0.7798304576095062,0.5168251068600315,0.03837698722031848,0.3384542190714642,0.18617949323207628,0.17892934969471727,2.0044657730833157
A1,A2,A3,B1,B2,phiA1
3.89366316987124,-1.4379608614916266,0.21116441930672647,-5.08693087637864,0.9844347559604807,0.11801670748466161
