ans,J2,J3,Energy,Sigma,L,A1,A3,B1,B2,B3
3x3,0.06,-0.02999999999999997,-0.4588087570642548,5.650437361217992e-12,0.6846443262959442,0.5113586572112988,0.20568231664527883,0.1648363172458446,0.2710468413449364,0.0931974651549259
A1,A3,B1,B2,B3
3.6320391141043222,-0.06467049118608086,-6.211697822937736,-0.2883804306778242,0.058397731095166425
ans,J2,J3,Energy,Sigma,L,A1,A2,B1,B2,B3
q0,0.06,-0.02999999999999997,-0.47297124530338,2.4872221933096886e-11,0.7316736560499868,0.5207494281927365,0.2558009529768009,0.19367693699174648,0.1978945510733641,0.28758396444380085
A1,A2,B1,B2,B3
3.8811176488305232,0.20494717034539378,-5.186739926289471,-0.2420286193745179,0.057731597286802196
ans,J2,J3,Energy,Sigma,L,A1,A2,A3,B1,B2,phiA1
cb1,0.06,-0.02999999999999997,-0.4669351346856312,9.046533626210027e-12,0.7024064713240054,0.5128253796290355,0.03795316682470245,0.23537664067483302,0.1665474420060869,0.13163123732947696,1.9632987376609936
A1,A2,A3,B1,B2,phiA1
3.79152265160026,0.21954660311918564,-0.06383782391759056,-5.6485927045197935,-0.2536859611192997,0.06689093722981876
