ans,J2,J3,Energy,Sigma,L,A1,A3,B1,B2,B3
3x3,-0.15,0.06,-0.5119229727614378,8.901478782752457e-12,0.8288726004196978,0.5221039243766039,0.3469166609684304,0.20438609980286535,0.3854694326506699,0.15872348571553943
A1,A3,B1,B2,B3
3.9622749519169447,0.11457501614108688,-4.701794509408635,0.5265787806371203,-0.12223555501437823
ans,J2,J3,Energy,Sigma,L,A1,A2,B1,B2,B3
q0,-0.15,0.06,-0.46617890383457367,3.2209663460419465e-12,0.6988788611503466,0.5069658208882359,0.15119523222174125,0.15610477952983823,0.18027806756714235,0.18277474229943091
A1,A2,B1,B2,B3
3.446853912821582,-1.0738077093854996,-6.969647081868851,0.5726530361164047,-0.14210854714779142
ans,J2,J3,Energy,Sigma,L,A1,A2,A3,B1,B2,phiA1
cb1,-0.15,0.06,-0.46564533270797687,3.470990902374099e-11,0.700469089782214,0.499501240688035,9.292154150254287e-06,8.099988044733173e-05,0.14717787724057377,0.18224333568609155,3.141266206928881
A1,A2,A3,B1,B2,phiA1
3.9471204082906928,-0.7494560527732108,0.10863532295957208,-4.901301586938914,0.5710987238818896,-0.008548717287224467
