ans,J2,J3,Energy,Sigma,L,A1,A3,B1,B2,B3
3x3,-0.15,0.21000000000000002,-0.5282129099584026,2.288753328975381e-12,0.8667716261849835,0.5192692805603524,0.38391240002033056,0.20577782090568358,0.3997768824142513,0.15854480277786467
A1,A3,B1,B2,B3
3.873346088519513,0.35205172114701855,-4.784839191387123,0.5033751193640392,-0.4609645998362372
ans,J2,J3,Energy,Sigma,L,A1,A2,B1,B2,B3
q0,-0.15,0.21000000000000002,-0.46205043583128047,9.256335014243027e-12,0.6857691771833437,0.5029981643756823,0.1253978302775427,0.14738044639177497,0.17247030721981302,0.15005826197767494
A1,A2,B1,B2,B3
3.274991389365766,-1.1573519919860566,-7.504052934785935,0.5656586310610864,-0.7488454301289547
ans,J2,J3,Energy,Sigma,L,A1,A2,A3,B1,B2,phiA1
cb1,-0.15,0.21000000000000002,-0.49888790491274326,1.759312368318189e-11,0.7904871226613011,0.5158998647041348,0.04195424517076385,0.3633515550702984,0.18753873812825872,0.18004793726998702,1.9728337278465777
A1,A2,A3,B1,B2,phiA1
3.8687941732592614,-0.7015499292592332,0.34428015993557254,-5.109024314568023,0.5717648576649423,0.129229960058936
