ans,J2,J3,Energy,Sigma,L,A1,A3,B1,B2,B3
3x3,0.02999999999999997,0.0,-0.46476979706421556,2.8668295834303275e-13,0.7012858820727462,0.5144554468182486,0.0,0.17229868463813627,0.2939978391738268,0.0
A1,A3,B1,B2,B3
3.744338173051166,-0.0,-5.839551065073798,-0.12967404929035564,0.0
ans,J2,J3,Energy,Sigma,L,A1,A2,B1,B2,B3
q0,0.02999999999999997,0.0,-0.4694392573546186,7.276984315311671e-12,0.7186045489616263,0.5182272512410415,0.23121516314257132,0.1852748894679011,0.19294860368454028,0.0
A1,A2,B1,B2,B3
3.8417602426141944,0.10935696792839456,-5.495659482882228,-0.1206812427798627,0.0
ans,J2,J3,Energy,Sigma,L,A1,A2,A3,B1,B2,phiA1
cb1,0.02999999999999997,0.0,-0.45433267012430767,1.146292670808409e-11,0.673553095016264,0.4977530272497935,2.6369358517267182e-05,0.0,0.14037140044623492,0.17204289500136458,3.1416344184260763
A1,A2,A3,B1,B2,phiA1
3.9063752232870312,0.11418643808269725,0.0,-5.087874565949543,-0.12151391004835302,-0.02114974861319671
