ans,J2,J3,Energy,Sigma,L,A1,A3,B1,B2,B3
3x3,-0.3,0.18,-0.5760917106278609,2.4882928193065172e-11,0.9835274431865243,0.5185981356422426,0.4069134145144367,0.21855810703294323,0.42817205213773324,0.18352009877170095
A1,A3,B1,B2,B3
3.4370284398184783,0.01643130076441954,-4.755973393011738,0.8510969707704334,-0.42432723999910865
ans,J2,J3,Energy,Sigma,L,A1,A2,B1,B2,B3
q0,-0.3,0.18,-0.46766438175432695,2.1114308210593357e-11,0.6974162540085839,0.49926332926679423,0.10681854378215164,0.13920015007877964,0.17427892469970105,0.1392106066883614
A1,A2,B1,B2,B3
3.075428800507995,-3.749833776815197,-8.193001832734819,1.0711986853371713,-0.6201705815715852
ans,J2,J3,Energy,Sigma,L,A1,A2,A3,B1,B2,phiA1
cb1,-0.3,0.18,-0.5044592631602955,9.075722971143353e-12,0.8042478994736876,0.5160755344056305,0.03868562910560331,0.36440984028357004,0.1895754987444039,0.18557926884161413,1.987463641235927
A1,A2,A3,B1,B2,phiA1
3.876232667522995,-1.614375300104211,0.30631053252747537,-5.041744799557613,1.1036727087470275,0.12956302696630442
