ans,J2,J3,Energy,Sigma,L,A1,A3,B1,B2,B3
3x3,-0.24,-0.02999999999999997,-0.5313665377781602,1.519263629280623e-11,0.8797003354489333,0.5229558777871157,0.35428318038594253,0.2127573441871304,0.40252206048911565,0.17554232923611296
A1,A3,B1,B2,B3
3.98170385484461,-0.0609512440585661,-4.505729123254782,0.8176792577255729,0.05995204332797435
ans,J2,J3,Energy,Sigma,L,A1,A2,B1,B2,B3
q0,-0.24,-0.02999999999999997,-0.47120191841976056,6.39045450443739e-12,0.7108198693225055,0.5057726186241561,0.14756950060461618,0.15368873021508087,0.1839317333729325,0.18665162639170152
A1,A2,B1,B2,B3
3.384348357297196,-2.2137292000083466,-7.1830319472073025,0.8974487819290411,0.05462297280993235
ans,J2,J3,Energy,Sigma,L,A1,A2,A3,B1,B2,phiA1
cb1,-0.24,-0.02999999999999997,-0.47175591598511984,1.5795087651244682e-09,0.7144076908699198,0.5003305195855625,0.0054616491436746675,0.04510065748485148,0.1505756397720727,0.1854820493570167,2.963561068163408
A1,A2,A3,B1,B2,phiA1
3.9566128144923103,-1.362909785030663,-0.06283862319365664,-4.84606799146239,0.8935630013925738,-0.010824674487067731
