ans,J2,J3,Energy,Sigma,L,A1,A3,B1,B2,B3
3x3,0.06,0.26999999999999996,-0.4772433727879104,5.72509674733587e-12,0.7348960644494651,0.5135904768883086,0.32732873222686426,0.17751441869838366,0.33452229857059884,0.10157131699056662
A1,A3,B1,B2,B3
3.683942039690326,0.38025138593335545,-5.767386568471305,-0.26523228058241943,-0.6907807659203908
ans,J2,J3,Energy,Sigma,L,A1,A2,B1,B2,B3
q0,0.06,0.26999999999999996,-0.45666511363984286,1.1781039585872456e-11,0.67730327770902,0.5094987825349232,0.1653128405631064,0.1634372192291192,0.17310386237765224,0.18026468234380244
A1,A2,B1,B2,B3
3.5578207049041595,0.16969758930890558,-6.509848215847131,-0.24569235534223646,-1.001698723938241
ans,J2,J3,Energy,Sigma,L,A1,A2,A3,B1,B2,phiA1
cb1,0.06,0.26999999999999996,-0.4946330272138074,2.7717847422269964e-11,0.7796851388202978,0.5148120278832484,0.04926637043956418,0.36712519367525404,0.18506762265348028,0.173499440676578,1.956022435577018
A1,A2,A3,B1,B2,phiA1
3.8399283746238715,0.22459811788122008,0.4126698982523453,-5.220601728829332,-0.2453592884484791,0.12911893775647992
