ans,J2,J3,Energy,Sigma,L,A1,A3,B1,B2,B3
3x3,-0.02999999999999997,-0.06,-0.4731187016637186,7.752593186545749e-12,0.7248188559959811,0.5175585984980172,0.2533583713533441,0.1811795231245259,0.31575893615986556,0.12288759469767585
A1,A3,B1,B2,B3
3.83615361719258,-0.1322275622325917,-5.480726983201465,0.11224354778937884,0.1155742168632477
ans,J2,J3,Energy,Sigma,L,A1,A2,B1,B2,B3
q0,-0.02999999999999997,-0.06,-0.47179642912672193,7.461265387459382e-12,0.7234020700190865,0.5171003098147525,0.2232940561801633,0.18202431487413281,0.19397116428123348,0.2585173982057995
A1,A2,B1,B2,B3
3.8559155870319652,-0.12601031329120577,-5.557221349904349,0.1184607967305552,0.11657341758540828
ans,J2,J3,Energy,Sigma,L,A1,A2,A3,B1,B2,phiA1
cb1,-0.02999999999999997,-0.06,-0.4579583322266058,3.010364598839733e-11,0.6821533826920773,0.4984195474021212,1.6108643618506502e-05,1.1307622303502463e-06,0.14271643739474435,0.1755931466870269,3.141450423782502
A1,A2,A3,B1,B2,phiA1
3.9220848790854457,-0.12617684674864918,-0.13178347302300694,-5.022371407777405,0.11829426327029063,-0.016819878818369133
