ans,J2,J3,Energy,Sigma,L,A1,A3,B1,B2,B3
3x3,-0.18,-0.06,-0.510236194391722,1.184801967300448e-11,0.8257429511050386,0.5229771190700856,0.3275815489001093,0.20540660107702416,0.3816582741991336,0.16373515383257672
A1,A3,B1,B2,B3
3.7950753644365744,-0.22748469774523947,-4.810707388127168,0.6029621246727165,0.019095836024044553
ans,J2,J3,Energy,Sigma,L,A1,A2,B1,B2,B3
q0,-0.18,-0.06,-0.47123698963612304,2.7955373345305885e-11,0.7137673943687408,0.5092670572643877,0.16906526906108285,0.16180052439987685,0.18699637267623695,0.20781009342802742
A1,A2,B1,B2,B3
3.579858631944148,-1.326438958705069,-6.618927628013307,0.6876166303193004,0.10147438444772054
ans,J2,J3,Energy,Sigma,L,A1,A2,A3,B1,B2,phiA1
cb1,-0.18,-0.06,-0.4676409140437933,4.705449798433578e-10,0.704663114353104,0.49992975110509486,0.005604992808072574,0.040847686315929485,0.14848758231938572,0.18251048439226322,2.972311299174203
A1,A2,A3,B1,B2,phiA1
3.9492298324759285,-0.9438561043840076,-0.13172796187151095,-4.894973315698387,0.6792344464831647,-0.013600232047856096
