ans,J2,J3,Energy,Sigma,L,A1,A3,B1,B2,B3
3x3,-0.18,0.0,-0.5153517937697479,6.048203955900484e-14,0.8385179222605815,0.5227792379528756,0.0,0.20681979349395793,0.38838557918294286,0.0
A1,A3,B1,B2,B3
3.94762000887091,-0.0,-4.640066109237885,0.618283202412513,0.0
ans,J2,J3,Energy,Sigma,L,A1,A2,B1,B2,B3
q0,-0.18,0.0,-0.46884748039851376,8.403386022946386e-12,0.7060682758023653,0.5074487807729117,0.15591637966087363,0.1573183808690959,0.18323789229550094,0.0
A1,A2,B1,B2,B3
3.4618419244201784,-1.3823941990708797,-6.919631534224083,0.684008405489176,0.0
ans,J2,J3,Energy,Sigma,L,A1,A2,A3,B1,B2,phiA1
cb1,-0.18,0.0,-0.478703717205873,2.061477189696049e-12,0.734508408436975,0.515775596884212,0.0372689320088962,0.0,0.17633067008804837,0.1610658695055637,2.038430710291342
A1,A2,A3,B1,B2,phiA1
3.877009824500971,-0.9046097204627681,0.0,-5.302203120847051,0.6518119377742172,0.08637535129169052
