ans,J2,J3,Energy,Sigma,L,A1,A3,B1,B2,B3
3x3,-0.09,0.21000000000000002,-0.5098065748349352,3.078808452510357e-11,0.8204817855488168,0.518973217671507,0.36697161762758557,0.19887380222720202,0.3828414940974713,0.14511543785811803
A1,A3,B1,B2,B3
3.9026559755046217,0.29110047708845277,-4.922728891041464,0.2646771690701084,-0.4827249710926544
ans,J2,J3,Energy,Sigma,L,A1,A2,B1,B2,B3
q0,-0.09,0.21000000000000002,-0.46053823791968707,8.003281851593938e-12,0.6834391622529247,0.5050760679332703,0.13728972659804725,0.15215586808055448,0.17294439731577882,0.1596730361374019
A1,A2,B1,B2,B3
3.3737457274114577,-0.5462297281296453,-7.167322291010586,0.3476663401510227,-0.7309708393914527
ans,J2,J3,Energy,Sigma,L,A1,A2,A3,B1,B2,phiA1
cb1,-0.09,0.21000000000000002,-0.4952916747869691,2.5335612079221724e-11,0.781315703953208,0.5159614228947277,0.04331481359909228,0.3578493113089892,0.1861450444718394,0.17645848622142418,1.9693135816057348
A1,A2,A3,B1,B2,phiA1
3.869016218723243,-0.3962385974879261,0.3400613124797598,-5.144329407035619,0.3487210520243854,0.12656542479998895
