ans,J2,J3,Energy,Sigma,L,A1,A3,B1,B2,B3
3x3,0.3,0.12,-0.4374379660550773,9.022511502013685e-12,0.6308965611530257,0.49677559516681963,0.11161608212292765,0.13493882456803552,0.18709353240249416,0.0418649534062794
A1,A3,B1,B2,B3
3.3976710334048015,0.13394840792075713,-6.396883023094883,-2.5371926781003737,-0.256739074444054
ans,J2,J3,Energy,Sigma,L,A1,A2,B1,B2,B3
q0,0.3,0.12,-0.4795453842020658,4.978945930162979e-12,0.7577416746252437,0.52385433762331,0.329840158774501,0.21756568222470243,0.20544324951481244,0.34862049226122077
A1,A2,B1,B2,B3
4.002131958494271,0.720423720757806,-4.4325654259301,-1.2432277430072702,-0.26456614676764567
ans,J2,J3,Energy,Sigma,L,A1,A2,A3,B1,B2,phiA1
cb1,0.3,0.12,-0.4692434200299317,7.402987815077787e-11,0.710175675366732,0.5127932908284962,0.051383040527245245,0.26407033894919185,0.16863241235899318,0.12747493274523508,1.9038161048939246
A1,A2,A3,B1,B2,phiA1
3.7838621118897504,0.7553402348022142,0.1857403120400385,-5.672462499548524,-1.5731305146958054,0.07621681063613331
