ans,J2,J3,Energy,Sigma,L,A1,A3,B1,B2,B3
3x3,-0.3,-0.15,-0.5402053877297177,7.477508810032838e-12,0.9028379620140751,0.52307625360319,0.3466541667954306,0.21632818014707703,0.40726654451653216,0.1842029574867962
A1,A3,B1,B2,B3
4.385714014411439,-0.3281819261149755,-4.087286065262783,1.0675904604774151,0.2925437669962633
ans,J2,J3,Energy,Sigma,L,A1,A2,B1,B2,B3
q0,-0.3,-0.15,-0.4771900765332633,1.4729004527214288e-11,0.7269367039448381,0.5064212172102245,0.15718720213826476,0.15616610068905415,0.18978212983504678,0.2042128239052596
A1,A2,B1,B2,B3
3.379796442145524,-3.059330566566049,-7.1009309545341575,1.1188827641839398,0.17924550733034797
ans,J2,J3,Energy,Sigma,L,A1,A2,A3,B1,B2,phiA1
cb1,-0.3,-0.15,-0.4752389059016587,1.485509715932638e-10,0.7208594822814813,0.5114272391058222,0.03317378826921167,0.21614827212001106,0.16740748009061868,0.16249610901251732,2.204582062253239
A1,A2,A3,B1,B2,phiA1
3.8181124930414554,-1.8652857036689947,-0.39468428526440885,-5.467293284603899,1.0196288257854038,0.025590640710456677
