ans,J2,J3,Energy,Sigma,L,A1,A3,B1,B2,B3
3x3,-0.21,-0.21,-0.5080050547459457,1.1565869987053474e-11,0.8202351235748604,0.5227313221445186,0.3035500654740982,0.20483728744995863,0.3744748005407346,0.16727901324753924
A1,A3,B1,B2,B3
3.9678260679201696,-0.5053735208083604,-4.724554081414036,0.6646905248417515,0.39868108813103065
ans,J2,J3,Energy,Sigma,L,A1,A2,B1,B2,B3
q0,-0.21,-0.21,-0.4790945035899289,8.701963546196369e-12,0.7375002725843622,0.5124177576597653,0.19683090694532399,0.17095243101375365,0.1960605755437333,0.2442374551682461
A1,A2,B1,B2,B3
3.702260719593554,-1.5261125696890456,-6.161737786828317,0.8032463582923995,0.24003021793014084
ans,J2,J3,Energy,Sigma,L,A1,A2,A3,B1,B2,phiA1
cb1,-0.21,-0.21,-0.46970022778258047,7.492447995035809e-10,0.7101478276058488,0.49991795994759,2.3475779205571073e-05,0.000165755983694483,0.14927690135786728,0.18536753993175664,3.1405488253945384
A1,A2,A3,B1,B2,phiA1
3.956168725941369,-1.1349254869230685,-0.559774449016024,-4.845901458008691,0.7880363028554874,-0.004607425550906638
