ans,J2,J3,Energy,Sigma,L,A1,A3,B1,B2,B3
3x3,0.12,0.21000000000000002,-0.4605924416548093,3.599660817019257e-12,0.6901217973870309,0.5109379267632155,0.2647846682893447,0.16511678822606563,0.29129545904740684,0.0803045849806449
A1,A3,B1,B2,B3
3.6240455075218936,0.26312285683563597,-6.147360398317804,-0.6322720125929583,-0.526745314032352
ans,J2,J3,Energy,Sigma,L,A1,A2,B1,B2,B3
q0,0.12,0.21000000000000002,-0.45939969707107947,9.290868568252995e-13,0.689016437514314,0.5149779487825431,0.2047025332853053,0.1773146525427451,0.18087120649003194,0.22178550347708986
A1,A2,B1,B2,B3
3.7409519928258783,0.2628453010721847,-5.837330618700454,-0.4977684931035091,-0.6340483693445603
ans,J2,J3,Energy,Sigma,L,A1,A2,A3,B1,B2,phiA1
cb1,0.12,0.21000000000000002,-0.4841411922992085,1.8082767144884388e-12,0.7520889096570875,0.5155262244915648,0.049372113258438155,0.33463475187941805,0.1806084369516914,0.16145286086670135,1.9517880235366085
A1,A2,A3,B1,B2,phiA1
3.8555825192684483,0.41400216588189276,0.3205213872442267,-5.302203121141384,-0.5101474798000797,0.11490808309312463
