ans,J2,J3,Energy,Sigma,L,A1,A3,B1,B2,B3
3x3,-0.21,-0.18,-0.5099903597326613,1.1920772394640392e-11,0.825493239847055,0.522952978113761,0.3104844593418864,0.20579300025358924,0.37799631062201644,0.1678890670560534
A1,A3,B1,B2,B3
3.9299674619057976,-0.4205524817738591,-4.764078021091711,0.6664668817551412,0.34361402611126163
ans,J2,J3,Energy,Sigma,L,A1,A2,B1,B2,B3
q0,-0.21,-0.18,-0.477372359604628,1.4117721074346449e-11,0.7319878392002129,0.5115073765899777,0.18907528098765064,0.16828252381687628,0.1940086822907599,0.23494458810675128
A1,A2,B1,B2,B3
3.6906033786564327,-1.5507595207502747,-6.2914118361078755,0.8053557820391241,0.2218225603135057
ans,J2,J3,Energy,Sigma,L,A1,A2,A3,B1,B2,phiA1
cb1,-0.21,-0.18,-0.46964848045559127,1.7156916392984867e-09,0.7065863822939111,0.5104248107860896,0.03357400653680356,0.20093376357243453,0.1635635839161517,0.15294265433568818,2.1847547323719367
A1,A2,A3,B1,B2,phiA1
3.7883030039875027,-1.163236174048679,-0.5057065877017112,-5.575540029811137,0.7310818617344942,0.026423307978692266
