ans,J2,J3,Energy,Sigma,L,A1,A3,B1,B2,B3
3x3,0.0,0.14999999999999997,-0.48018566184805955,6.325496921080884e-12,0.7435951927617852,0.5176587613981092,0.31010571288297006,0.18445383890049155,0.0,0.11926422020867204
A1,A3,B1,B2,B3
3.8404834861360913,0.24757973451840168,-5.351941112348778,0.0,-0.331623617454871
ans,J2,J3,Energy,Sigma,L,A1,A2,B1,B2,B3
q0,0.0,0.14999999999999997,-0.4611928162930226,2.369094208429202e-12,0.6895734632375984,0.5109048048299153,0.0,0.16586387129463112,0.0,0.19719932636517912
A1,A2,B1,B2,B3
3.5941805089625785,-0.0,-6.396660978845051,0.0,-0.42621461914091524
ans,J2,J3,Energy,Sigma,L,A1,A2,A3,B1,B2,phiA1
cb1,0.0,0.14999999999999997,-0.48345366902946063,8.343307800052168e-12,0.7498392404003765,0.5162911722164836,0.0,0.3227971808424777,0.1806779484077751,0.0,1.968217994473903
A1,A2,A3,B1,B2,phiA1
3.877120845942547,0.0,0.24646951146629173,-5.2549076202911325,0.0,0.11102230250543454
