ans,J2,J3,Energy,Sigma,L,A1,A3,B1,B2,B3
3x3,-0.024,0.018000000000000002,-0.47626677851612487,6.506144090034534e-11,0.7332857916661153,0.5185322198454738,0.27591004508443884,0.18403420086642416,0.3279017043532001,0.12408042559525342
A1,A3,B1,B2,B3
4.071731840574371,0.03814615290280769,-5.163952598853046,0.104302122493672,-0.03526068326207338
ans,J2,J3,Energy,Sigma,L,A1,A2,B1,B2,B3
q0,-0.024,0.018000000000000002,-0.4692280511148667,2.2962322445354513e-05,0.7100525658329203,0.5155683291788867,0.23087213146713553,0.17578788783981347,0.18274274125794815,0.12587642918454603
A1,A2,B1,B2,B3
3.662664061006738,-0.10480893930496604,-5.979337025495949,0.042937875477291616,-0.08440859122754256
ans,J2,J3,Energy,Sigma,L,A1,A2,A3,B1,B2,B3,phiA1,phiB2
cb1,-0.024,0.018000000000000002,-0.46992004189628006,3.073185093664227e-05,0.71216292049891,0.5137581204234982,0.048712896951944584,0.08682024595197911,0.1696396914795223,0.008485683031038365,0.05582952927860879,1.99561180167162,2.8812358638438345
A1,A2,A3,B1,B2,B3,phiA1,phiB2
3.8291264603452797,-0.09979683746043089,0.0342958994537566,-5.530205737780444,0.0927047327792344,-0.036343705822580466,0.07553457859089668,8.326672684264346e-06
