ans,J2,J3,Energy,Sigma,L,A1,A3,B1,B2,B3
3x3,0.24000000000000005,-0.21,-0.4391315009078477,6.47398342040973e-12,0.6354398167030112,0.4952182125412872,0.07997869534209784,0.1336932905405581,0.1754748543894215,0.04977715965468454
A1,A3,B1,B2,B3
3.188116437861175,-0.8076317392619548,-7.047529227048312,-2.0692336732347947,0.3589906150118262
ans,J2,J3,Energy,Sigma,L,A1,A2,B1,B2,B3
q0,0.24000000000000005,-0.21,-0.517749882672728,2.339323220326719e-12,0.8622836861842024,0.5218634114301013,0.37683488637958745,0.23050379105633242,0.22120321185665665,0.40623038111932674
A1,A2,B1,B2,B3
3.886335697045382,0.6949996134139578,-4.2529313405411235,-0.97366559256729,0.3906874824081861
ans,J2,J3,Energy,Sigma,L,A1,A2,A3,B1,B2,phiA1
cb1,0.24000000000000005,-0.21,-0.442810554507854,3.8853167691518814e-10,0.6466249770118462,0.49481114704066775,3.981947421475571e-05,8.23351293019666e-05,0.13177976300375055,0.1590040118263512,3.1412292814358698
A1,A2,A3,B1,B2,phiA1
3.8313241472478827,0.595246074652781,-0.5695999227839399,-5.332456698267187,-1.08352216085068,-0.03641531519752526
