ans,J2,J3,Energy,Sigma,L,A1,A3,B1,B2,B3
3x3,0.14999999999999997,0.12,-0.45173776598916837,4.116500455644476e-12,0.6656103308414129,0.5073385187464469,0.20202162246485028,0.15533155446437336,0.252496874028807,0.06842719098899157
A1,A3,B1,B2,B3
3.552436123234439,0.16470158569824112,-6.362688153937446,-0.9084955010489484,-0.27022828419322265
ans,J2,J3,Energy,Sigma,L,A1,A2,B1,B2,B3
q0,0.14999999999999997,0.12,-0.4659027219293329,1.6154893481123055e-11,0.7120897855522895,0.5201793225508149,0.2500700660380382,0.192517615919385,0.19164251916232677,0.2721320198567191
A1,A2,B1,B2,B3
3.8885561430942586,0.35987879343152457,-5.2177706598268205,-0.619837514629781,-0.28782531916545107
ans,J2,J3,Energy,Sigma,L,A1,A2,A3,B1,B2,phiA1
cb1,0.14999999999999997,0.12,-0.47410448731064253,2.1990817873271663e-12,0.7239850846209012,0.5149074875537755,0.04606017382240184,0.28842709289664986,0.17394265997903563,0.14448685229675737,1.9407090252596204
A1,A2,A3,B1,B2,phiA1
3.842759444189453,0.4880540416242426,0.19523271887994328,-5.459910301490362,-0.6680211939341619,0.09220402223076325
