ans,J2,J3,Energy,Sigma,L,A1,A3,B1,B2,B3
3x3,-0.24,-0.21,-0.516655616624473,1.6572418751935815e-11,0.8429390064286109,0.5230797391174747,0.3151550868144632,0.20864154381470298,0.3847256576477635,0.17327771021074176
A1,A3,B1,B2,B3
3.928635195148804,-0.4997113833827834,-4.691136368371958,0.7364109322323934,0.39945824427041965
ans,J2,J3,Energy,Sigma,L,A1,A2,B1,B2,B3
q0,-0.24,-0.21,-0.47917820830336444,3.159723722543387e-11,0.7361798008247664,0.5108933064019063,0.18704957914397927,0.16721236775082987,0.1949604829507931,0.2352916939010085
A1,A2,B1,B2,B3
3.5522695889919738,-1.9475532298476095,-6.402656182822762,0.8638645354351293,0.16364687383396262
ans,J2,J3,Energy,Sigma,L,A1,A2,A3,B1,B2,phiA1
cb1,-0.24,-0.21,-0.46981871785988694,1.1145734438429318e-09,0.7056574860806731,0.5046951840410544,0.02710467088448274,0.1437374154698761,0.15549313913691798,0.16723998655871583,2.4734455463692844
A1,A2,A3,B1,B2,phiA1
3.8442027341215423,-1.4686030169712192,-0.6225575610745908,-5.327127627749144,0.8629208459121303,-0.05445643934264068
