ans,J2,J3,Energy,Sigma,L,A1,A3,B1,B2,B3
3x3,-0.24,-0.09,-0.5259516317954431,1.1575902744697978e-11,0.8665416091460348,0.5232687653403646,0.34135179054624276,0.21165012977408848,0.3969965963554233,0.1750785641313705
A1,A3,B1,B2,B3
4.006905918389065,-0.19229062788604087,-4.676370401884474,0.7325251517275398,0.17585932710515423
ans,J2,J3,Energy,Sigma,L,A1,A2,B1,B2,B3
q0,-0.24,-0.09,-0.4734610234184979,9.371163185328808e-12,0.7179842194479321,0.5074139584225452,0.15952140851518767,0.15775993683284675,0.18739293197202125,0.20158401594021633
A1,A2,B1,B2,B3
3.4606761894758344,-2.1124213490086916,-6.933786878172536,0.9038325643706187,0.13594680936885178
ans,J2,J3,Energy,Sigma,L,A1,A2,A3,B1,B2,phiA1
cb1,-0.24,-0.09,-0.47144598150663813,1.1848109628150869e-08,0.711872611430565,0.5012856037195198,0.013526228451209706,0.09019830211704537,0.15168350615841203,0.18087577345960654,2.771859846431582
A1,A2,A3,B1,B2,phiA1
3.9375724904975145,-1.4193646258316537,-0.20988766280497265,-4.954703314149718,0.8875122858589415,-0.04063416268992077
