ans,J2,J3,Energy,Sigma,L,A1,A3,B1,B2,B3
3x3,-0.02999999999999997,-0.09,-0.4717140050493913,3.7717898690265414e-12,0.7209073944101821,0.5169964160567714,0.24387458552495722,0.179753471482264,0.3104012374265812,0.12188290781095935
A1,A3,B1,B2,B3
3.8679059956985578,-0.1855737785605731,-5.507427846942906,0.1572075803040613,0.2206568261438085
ans,J2,J3,Energy,Sigma,L,A1,A2,B1,B2,B3
q0,-0.02999999999999997,-0.09,-0.4738885863933018,6.862375327680044e-12,0.7303023032982322,0.5181191459153012,0.23277686943538645,0.1852213802071798,0.19646441924541488,0.2696274112725225
A1,A2,B1,B2,B3
3.842925976789854,-0.13045120538957425,-5.487943433165956,0.11934897515027824,0.15354384430535206
ans,J2,J3,Energy,Sigma,L,A1,A2,A3,B1,B2,phiA1
cb1,-0.02999999999999997,-0.09,-0.4579583344040419,2.1787432306388266e-10,0.682152933182277,0.4984193249573383,0.00013463266244899617,0.00017513918195406528,0.1427168090708537,0.17559890187188476,3.140883964055064
A1,A2,A3,B1,B2,phiA1
3.9225844798820204,-0.12589929099249653,-0.2063904602778232,-5.022371407498607,0.11851630787520887,-0.016708856515937384
