ans,J2,J3,Energy,Sigma,L,A1,A3,B1,B2,B3
3x3,0.0,0.018000000000000002,-0.47130188799340456,2.688939963860753e-12,0.7194814636723929,0.5170840052627174,0.26132778978190274,0.1794936546815997,0.3190911117124395,0.11625885321539789
A1,A3,B1,B2,B3
3.7915526274956424,0.03482492072466662,-5.6380494717232414,0.0,-0.03644029522573688
ans,J2,J3,Energy,Sigma,L,A1,A2,B1,B2,B3
q0,0.0,0.018000000000000002,-0.46937672600611785,1.9977371509782258e-12,0.71231542309165,0.5170049097924723,0.036698210845203263,0.17906791486963403,-0.47947969720084754,0.2449886133974782
A1,A2,B1,B2,B3
3.780707413795424,0.0,-5.686283666139498,0.0,-0.04555356092330369
ans,J2,J3,Energy,Sigma,L,A1,A2,A3,B1,B2,B3,phiA1,phiB2
cb1,0.0,0.018000000000000002,-0.4703352420475995,1.7737725393527563e-06,0.7128349456201474,0.5139315216783924,0.05137898137365412,0.0023704409770917067,0.17024796888533286,0.011041642002299616,0.036525731804398484,1.9907960101976945,3.970687077280891
A1,A2,A3,B1,B2,B3,phiA1,phiB2
3.833866002437395,0.0,0.03428812789252473,-5.512983958222493,0.0,-0.03633926493046028,0.07615741370770189,0.0
