ans,J2,J3,Energy,Sigma,L,A1,A3,B1,B2,B3
3x3,0.12,-0.12,-0.4493358179233329,5.032333367659806e-12,0.6592643941610519,0.504228380405163,0.14410377321437984,0.15020651461010157,0.22518893324410066,0.07245907817915287
A1,A3,B1,B2,B3
3.357925048564094,-0.34849900741946677,-6.985301226516469,-0.7577827254353522,0.21016521856112177
ans,J2,J3,Energy,Sigma,L,A1,A2,B1,B2,B3
q0,0.12,-0.12,-0.48690094687195706,1.3390257558505435e-11,0.7772607629072718,0.5242322034640037,0.3131124103638799,0.21229509442183894,0.2098900820121425,0.3469376124606809
A1,A2,B1,B2,B3
4.030331623314996,0.3954614413706897,-4.554134847129685,-0.48572257325905305,0.2177147351527289
ans,J2,J3,Energy,Sigma,L,A1,A2,A3,B1,B2,phiA1
cb1,0.12,-0.12,-0.44917194627475854,2.571215222745811e-10,0.66139606352519,0.4966019570340142,5.5985741219987616e-05,0.00013008587772819048,0.13674403057610304,0.1665664001379042,3.1410619183924005
A1,A2,A3,B1,B2,phiA1
3.8777869808335117,0.38702374638433235,-0.28826940834391573,-5.190792240617379,-0.5069833441799917,-0.027811086759084912
