ans,J2,J3,Energy,Sigma,L,A1,A3,B1,B2,B3
3x3,0.3,0.26999999999999996,-0.44004562048549273,9.613059206727403e-13,0.6371179841078114,0.5004518740110838,0.1701515806898382,0.14096865357869193,0.21774331475569766,0.042359289431755785
A1,A3,B1,B2,B3
3.5592084836850146,0.123012711124807,-5.986711126659324,-2.225331030615978,-0.633049168639998
ans,J2,J3,Energy,Sigma,L,A1,A2,B1,B2,B3
q0,0.3,0.26999999999999996,-0.4640192199537294,1.5927895399905372e-11,0.7100341177247111,0.5216362280334772,0.2795752178320798,0.20266911025980028,0.19156305812451568,0.2913571472106869
A1,A2,B1,B2,B3
3.9509506770676763,0.395017352160841,-4.879985304594668,-1.2811973703793074,-0.7547296121386715
ans,J2,J3,Energy,Sigma,L,A1,A2,A3,B1,B2,phiA1
cb1,0.3,0.26999999999999996,-0.4398495426643892,1.3883200982530357e-11,0.6398634761215821,0.49382275975576223,2.6377471847860434e-06,6.608355980930458e-06,0.12928122492459143,0.15516097156638822,3.1415583297076743
A1,A2,A3,B1,B2,phiA1
3.805011861138957,0.6352696146905147,0.2904898543931725,-5.403510971841083,-1.4058199049678117,-0.040689673841137065
