ans,J2,J3,Energy,Sigma,L,A1,A3,B1,B2,B3
3x3,0.0,-0.24,-0.46178795340833856,2.4664406949208527e-12,0.6933777347402122,0.5113751599143614,0.18449704988503782,0.16710820181611194,0.0,0.10797917405834749
A1,A3,B1,B2,B3
3.5947911308279505,-0.8041345367567116,-6.284195386447625,0.0,0.3978484208736291
ans,J2,J3,Energy,Sigma,L,A1,A2,B1,B2,B3
q0,0.0,-0.24,-0.4894269484220003,1.3789925874963285e-13,0.7807982409819522,0.5228504735289964,0.0,0.20529082974780383,0.0,0.33522282277584525
A1,A2,B1,B2,B3
4.168998479993013,-0.0,-4.642064510424576,0.0,0.3766986722963841
ans,J2,J3,Energy,Sigma,L,A1,A2,A3,B1,B2,phiA1
cb1,0.0,-0.24,-0.45999943673073523,2.9647678727567775e-12,0.6818011386652826,0.5078477741741965,0.0,0.172830873077943,0.15596615203648911,0.0,2.0273792305632243
A1,A2,A3,B1,B2,phiA1
3.6619596238064527,0.0,-0.7933098622663375,-5.937694780123582,0.0,0.03380629109038526
