ans,J2,J3,Energy,Sigma,L,A1,A3,B1,B2,B3
3x3,0.24000000000000005,-0.02999999999999997,-0.44021759770641056,2.468372639929642e-12,0.6372242314452571,0.497625695941657,0.1058156920431297,0.13715045396164902,0.18907733070815447,0.048880993129489354
A1,A3,B1,B2,B3
3.332112363800817,-0.06700195953599407,-6.66661170728961,-1.9284573937165141,0.05878630915378449
ans,J2,J3,Energy,Sigma,L,A1,A2,B1,B2,B3
q0,0.24000000000000005,-0.02999999999999997,-0.4905125710022177,5.192343799774129e-12,0.7893208262750202,0.5241816695078325,0.3423258195163621,0.2211263171305074,0.21186960269164465,0.36833818723478057
A1,A2,B1,B2,B3
3.9384051568915264,0.698330282565357,-4.404254738556944,-0.9856560012876,0.05884182030501568
ans,J2,J3,Energy,Sigma,L,A1,A2,A3,B1,B2,phiA1
cb1,0.24000000000000005,-0.02999999999999997,-0.4623626455076992,2.228166000706024e-10,0.6894736919279686,0.5096681835709778,0.03748294530464409,0.20665120583463845,0.1601316896090081,0.10482540172405513,1.864263825055178
A1,A2,A3,B1,B2,phiA1
3.6979308497982464,0.6413203301734383,-0.06467049118608044,-5.930145263556355,-1.2925771564172528,0.04241051955707506
