ans,J2,J3,Energy,Sigma,L,A1,A3,B1,B2,B3
3x3,-0.02999999999999997,0.21000000000000002,-0.4931261821319556,5.095581677405461e-12,0.77739271453502,0.5178966531660671,0.3452562799547401,0.19065778660990623,0.3620182848473969,0.12913740619050984
A1,A3,B1,B2,B3
3.8457015343509493,0.34328095921341173,-5.169198402500916,0.11557421686324769,-0.4766187444573976
ans,J2,J3,Energy,Sigma,L,A1,A2,B1,B2,B3
q0,-0.02999999999999997,0.21000000000000002,-0.45942908234086083,8.951193810809008e-12,0.6824337100913336,0.5074608583183595,0.1518208629520167,0.15781527114959476,0.17404582488390238,0.17222031257529624
A1,A2,B1,B2,B3
3.4726110869885436,-0.1390554338301632,-6.822042930362436,0.11868284133548586,-0.7092104681094468
ans,J2,J3,Energy,Sigma,L,A1,A2,A3,B1,B2,phiA1
cb1,-0.02999999999999997,0.21000000000000002,-0.4579583322026014,5.494163887395664e-11,0.6821535090393799,0.4984198376336625,4.7605520805515944e-05,2.0307521276907714e-05,0.14271657386063816,0.17558430727955246,3.141570540312078
A1,A2,A3,B1,B2,phiA1
3.9223069241258335,-0.12612133559741814,0.276501044282896,-5.022648963533569,0.11840528557932256,-0.016597834213506055
