ans,J2,J3,Energy,Sigma,L,A1,A3,B1,B2,B3
3x3,0.12,0.0,-0.4517551210942495,3.2920738397117484e-12,0.665388849047824,0.5069451487615095,0.0,0.15490532494259732,0.2435923545923858,0.0
A1,A3,B1,B2,B3
3.493705324452867,-0.0,-6.60838050964652,-0.7137623825498963,0.0
ans,J2,J3,Energy,Sigma,L,A1,A2,B1,B2,B3
q0,0.12,0.0,-0.4740692436081959,2.866384499479436e-12,0.737659093413121,0.5224663795003213,0.27609390631873565,0.2006862987701036,0.2001999173828091,0.0
A1,A2,B1,B2,B3
3.999245378630731,0.33828495564016575,-4.910849504950936,-0.49582560281036503,0.0
ans,J2,J3,Energy,Sigma,L,A1,A2,A3,B1,B2,phiA1
cb1,0.12,0.0,-0.4491719439493933,1.3343211632077235e-12,0.6613967999064206,0.49660186503292736,2.1087601429887103e-06,0.0,0.13674425920914046,0.16655635917298303,3.1415669956668117
A1,A2,A3,B1,B2,phiA1
3.8779535142872232,0.3873568132917172,0.0,-5.190514684573084,-0.5066502773007391,-0.02758904215422247
