ans,J2,J3,Energy,Sigma,L,A1,A3,B1,B2,B3
3x3,0.12,-0.24,-0.4478647949673874,1.8662387871895218e-12,0.6560215915744282,0.5020312162920407,0.12126884828177148,0.14676320242556629,0.2126162851894255,0.07219947925298842
A1,A3,B1,B2,B3
3.227085265850627,-0.9779954623903442,-7.3554495825277195,-0.7964739978423875,0.3617106614221525
ans,J2,J3,Energy,Sigma,L,A1,A2,B1,B2,B3
q0,0.12,-0.24,-0.5027914325162663,7.529071408877686e-12,0.8226855074945605,0.5240528921525875,0.3422276466596041,0.22104490049749775,0.21736029067206133,0.3790378111697172
A1,A2,B1,B2,B3
4.376943251544555,0.7686073999464585,-4.1596726062393,-0.2525757381087283,0.800914889962986
ans,J2,J3,Energy,Sigma,L,A1,A2,A3,B1,B2,phiA1
cb1,0.12,-0.24,-0.44917194537613564,3.8746399283027546e-10,0.6613982860569777,0.4966028332270218,3.068725485788271e-06,7.930170960859838e-05,0.13674509564137763,0.1665511175473829,3.141011508073771
A1,A2,A3,B1,B2,phiA1
3.878064536589698,0.38730130214048597,-0.671629418746992,-5.190459173709983,-0.5067612995750735,-0.027589042154222258
