ans,J2,J3,Energy,Sigma,L,A1,A3,B1,B2,B3
3x3,-0.12,0.26999999999999996,-0.5262543003975089,5.020950603998508e-12,0.8599484255315509,0.5173550308061524,0.39093203920928443,0.20239185659141493,0.39681213931569165,0.15139116595641264
A1,A3,B1,B2,B3
3.8055114617112857,0.46052051066472177,-4.845679413403761,0.4396483177506828,-0.6039613254116405
ans,J2,J3,Energy,Sigma,L,A1,A2,B1,B2,B3
q0,-0.12,0.26999999999999996,-0.4599216703921083,3.961402624002538e-12,0.6802994176725854,0.502563171536268,0.12217261189312033,0.1466738965942223,0.16990142939213385,0.14319654247856067
A1,A2,B1,B2,B3
3.2598368443549925,-0.8448242105868231,-7.515377209220215,0.4561906408302263,-1.1085576900552327
ans,J2,J3,Energy,Sigma,L,A1,A2,A3,B1,B2,phiA1
cb1,-0.12,0.26999999999999996,-0.5053779805077621,3.878697244918882e-12,0.8068732980659753,0.5145698274407168,0.04367698356472029,0.38317508226981895,0.18904911335023655,0.1838016097049713,1.9618729805473571
A1,A2,A3,B1,B2,phiA1
3.840039397778976,-0.5414557691086058,0.4320988011832467,-5.1162407642278716,0.46351811279294075,0.13644640971858454
