ans,J2,J3,Energy,Sigma,L,A1,A3,B1,B2,B3
3x3,0.18,0.24000000000000005,-0.4529869930304425,2.2046432505459986e-12,0.6699546317966405,0.5073094351200473,0.23994208001441314,0.1562233869277165,0.2676457859919567,0.06313050485693757
A1,A3,B1,B2,B3
3.5870750808081064,0.24302782008321525,-6.135758568051419,-1.0706990849463593,-0.6062927937465854
ans,J2,J3,Energy,Sigma,L,A1,A2,B1,B2,B3
q0,0.18,0.24000000000000005,-0.4593457266378368,1.2096368388637021e-11,0.6912681757696276,0.5170971256062933,0.22356991041708024,0.1841022799022839,0.18277855853968233,0.23816489773126268
A1,A2,B1,B2,B3
3.791411628455929,0.2804978471631991,-5.567046823363502,-0.7629452624997054,-0.7376876887311847
ans,J2,J3,Energy,Sigma,L,A1,A2,A3,B1,B2,phiA1
cb1,0.18,0.24000000000000005,-0.4847575469562636,1.0857673807176803e-11,0.7538153077689332,0.514981668158396,0.05322957851315852,0.34066915930441427,0.18054688373649996,0.1610235962481723,1.9485996379009194
A1,A2,A3,B1,B2,phiA1
3.8407055315937866,0.5755396159645298,0.35349501103994285,-5.330291763369232,-0.7887024366702428,0.11657341757893715
