ans,J2,J3,Energy,Sigma,L,A1,A3,B1,B2,B3
3x3,0.12,0.09000000000000002,-0.45459246556213245,4.614973911711537e-12,0.6731543475306921,0.5090893029486172,0.20986211328193385,0.15923435342741069,0.2620024013784138,0.07671055589136234
A1,A3,B1,B2,B3
3.578304318915046,0.13888890038418422,-6.352085524405203,-0.677735645456315,-0.19789725413903825
ans,J2,J3,Energy,Sigma,L,A1,A2,B1,B2,B3
q0,0.12,0.09000000000000002,-0.46663080452985417,5.0314316010375254e-12,0.7133193963903716,0.519738058799461,0.2449483208214087,0.19061740414416808,0.1918725342837214,0.26915757168649995
A1,A2,B1,B2,B3
3.8526404291091456,0.320687920671236,-5.352440713006966,-0.4923284002827058,-0.20738966099956452
ans,J2,J3,Energy,Sigma,L,A1,A2,A3,B1,B2,phiA1
cb1,0.12,0.09000000000000002,-0.4728066238298266,8.747560159496868e-12,0.7200876397267381,0.514786170952325,0.04387991162407323,0.27893801889544784,0.17288061969151086,0.1427700905934146,1.9455865720148626
A1,A2,A3,B1,B2,phiA1
3.840650020442552,0.40628611586076335,0.15321077739796515,-5.4781734702449025,-0.5250799794808437,0.08826273045262374
