ans,J2,J3,Energy,Sigma,L,A1,A3,B1,B2,B3
3x3,0.0,-0.018,-0.4694397018740138,7.772383292662976e-10,0.714334467389282,0.5164823573995948,0.24924547424187166,0.17773239858140702,0.3046509338088555,0.11481192776965085
A1,A3,B1,B2,B3
3.841899021217362,-0.011662337762151604,-5.573776995493283,0.0,0.08456124689354788
ans,J2,J3,Energy,Sigma,L,A1,A2,B1,B2,B3
q0,0.0,-0.018,-0.47165831263720015,7.534859777994943e-12,0.719824216655715,0.5183478551392207,-0.18322798089595063,0.18291365021150283,-0.3494450510375385,0.2584742943282048
A1,A2,B1,B2,B3
3.96390420486543,0.0,-5.493621668673068,0.0,0.03482047983256815
ans,J2,J3,Energy,Sigma,L,A1,A2,A3,B1,B2,B3,phiA1,phiB2
cb1,0.0,-0.018,-0.4702853875242039,1.8808982672645091e-06,0.7128355466778304,0.5139455925516245,0.05624462125512104,-0.0034361495503592108,0.1702662172201136,0.011704753423263107,0.03812005154927586,1.991901115357075,3.629178004073408
A1,A2,A3,B1,B2,B3,phiA1,phiB2
3.8338099361746516,0.0,-0.03770928014290729,-5.513332013140713,0.0,0.035660918662436675,0.07612244168242643,0.0
