ans,J2,J3,Energy,Sigma,L,A1,A3,B1,B2,B3
3x3,0.02999999999999997,-0.24,-0.45765374799250225,1.1065007179156576e-11,0.6820088605220727,0.5089832995839378,0.16732727217945148,0.16154108073554135,0.25467222437105597,0.09846766579854097
A1,A3,B1,B2,B3
3.512301560112204,-0.848876524603136,-6.585176848065706,-0.1346145417504761,0.3872457909884798
ans,J2,J3,Energy,Sigma,L,A1,A2,B1,B2,B3
q0,0.02999999999999997,-0.24,-0.49212713166121946,1.7784190170139253e-11,0.7900216335708031,0.5235506775773362,0.3058683151596663,0.20965505077964786,0.2121778554531151,0.3470901583496142
A1,A2,B1,B2,B3
3.8289371666819347,0.1147970607587565,-4.83169060302491,-0.1206812427798627,0.3903544155007625
ans,J2,J3,Energy,Sigma,L,A1,A2,A3,B1,B2,phiA1
cb1,0.02999999999999997,-0.24,-0.4543324269412132,9.32247832425726e-11,0.673457690863136,0.4977778681862958,0.0031360308217471522,0.013049555857678021,0.14039903398513442,0.17169431619669223,3.068934155925938
A1,A2,A3,B1,B2,phiA1
3.9057646006234887,0.11413092693143591,-0.6700195953634295,-5.0909831904184015,-0.1214028877391483,-0.022093438183864157
