ans,J2,J3,Energy,Sigma,L,A1,A3,B1,B2,B3
3x3,-0.15,0.12,-0.5179513320781376,1.2674011053090984e-11,0.8432818390021587,0.5212890755671469,0.3620815519453739,0.20527814274862766,0.3917612011290595,0.15897612440288758
A1,A3,B1,B2,B3
3.936073688540207,0.22060131499257762,-4.6911363681115485,0.5330180741214714,-0.25046631436188616
ans,J2,J3,Energy,Sigma,L,A1,A2,B1,B2,B3
q0,-0.15,0.12,-0.46432928900694853,8.635413767280704e-12,0.6929611086898331,0.5052702361916235,0.13989833180012162,0.1522765706366029,0.17691481571370052,0.1685422290223586
A1,A2,B1,B2,B3
3.3728575482427856,-1.1095013796261362,-7.195521956234657,0.5696554339498396,-0.3358979760903463
ans,J2,J3,Energy,Sigma,L,A1,A2,A3,B1,B2,phiA1
cb1,-0.15,0.12,-0.4881412009162851,8.782020750036079e-12,0.7618252384573089,0.5167821184495349,0.04021357227164506,0.32681773135733916,0.18316388461763733,0.17106283906865122,1.9926951406297613
A1,A2,A3,B1,B2,phiA1
3.8909986337480222,-0.7115419364808395,0.20783375023248776,-5.164868532705007,0.563216140375583,0.11268763704301586
