ans,J2,J3,Energy,Sigma,L,A1,A3,B1,B2,B3
3x3,0.21000000000000002,0.21000000000000002,-0.4476877014200572,6.846086853753331e-12,0.6557088692293992,0.5049079520473349,0.20297528655928626,0.1501896183606705,0.24427139301325565,0.05579645761345777
A1,A3,B1,B2,B3
3.5822456114472194,0.20061730054379615,-6.086020576546931,-1.3497536422227974,-0.4977684930896933
ans,J2,J3,Energy,Sigma,L,A1,A2,B1,B2,B3
q0,0.21000000000000002,0.21000000000000002,-0.46255290547066413,3.765281390616943e-12,0.7030588758502473,0.5198771776163934,0.2501660036527802,0.19296924872331514,0.18842046410790808,0.2662966240960311
A1,A2,B1,B2,B3
3.8870573428743675,0.3554934125237317,-5.206224340660066,-0.8835709941216394,-0.576261260930535
ans,J2,J3,Energy,Sigma,L,A1,A2,A3,B1,B2,phiA1
cb1,0.21000000000000002,0.21000000000000002,-0.4801366670611805,2.9516781620080016e-12,0.7412424899014921,0.5149464101663006,0.0531491726881355,0.32265965798620094,0.17793250309518754,0.1537865771239767,1.9423572195699297
A1,A2,A3,B1,B2,phiA1
3.8407055307409785,0.6381561945532636,0.30941915696241223,-5.390243806697207,-0.9502398867483963,0.10857981180209562
