ans,J2,J3,Energy,Sigma,L,A1,A3,B1,B2,B3
3x3,-0.18,0.3,-0.5500087550693034,7.281544285714959e-12,0.9165719154336911,0.5162159733157372,0.4098745100173366,0.20808808622274894,0.41230377259441175,0.16273103824903806
A1,A3,B1,B2,B3
3.7776448629528976,0.5245803791343372,-4.6912473904140075,0.6561418076250015,-0.6612488334470675
ans,J2,J3,Energy,Sigma,L,A1,A2,B1,B2,B3
q0,-0.18,0.3,-0.46119807510909056,2.1426610748791758e-12,0.6820072343128851,0.5002357647503468,0.1090866136939428,0.14152500070656251,0.16884458507362896,0.13159055943616127
A1,A2,B1,B2,B3
3.1524227667406115,-1.605993116268308,-7.886469255627918,0.6658007478848543,-1.3453682612007323
ans,J2,J3,Energy,Sigma,L,A1,A2,A3,B1,B2,phiA1
cb1,-0.18,0.3,-0.5139070518556066,4.113031286971966e-11,0.8277333717012821,0.5134164735582403,0.04254661531271812,0.39786897265516113,0.1910305625778984,0.1890276588885606,1.9584693915418814
A1,A2,A3,B1,B2,phiA1
3.8180569810424423,-0.8574252419162933,0.48083759196419323,-5.090927679267171,0.6867839630126861,0.14233059181196683
