ans,J2,J3,Energy,Sigma,L,A1,A3,B1,B2,B3
3x3,0.09000000000000002,-0.3,-0.4501094798281418,1.9759703020707366e-11,0.6621533323667886,0.5032232916458231,0.12566718778136482,0.14972123041158147,0.22022832043964585,0.0804856782877052
A1,A3,B1,B2,B3
3.244793323094346,-1.3686274335659372,-7.360723141894533,-0.5372369216001276,0.4219957716591781
ans,J2,J3,Energy,Sigma,L,A1,A2,B1,B2,B3
q0,0.09000000000000002,-0.3,-0.5073059429757394,1.602828219638509e-11,0.8346236352135602,0.5237860765298806,0.3435847629811969,0.22140879604811492,0.21897921724284364,0.38310292498960036
A1,A2,B1,B2,B3
4.3535175466955875,0.39468428529727245,-3.9639402870037093,-0.34117153545715884,0.6732392421313483
ans,J2,J3,Energy,Sigma,L,A1,A2,A3,B1,B2,phiA1
cb1,0.09000000000000002,-0.3,-0.45085500418403784,4.997199860680108e-10,0.665350144361016,0.4970048621009951,0.00013202698402035471,0.0003522440315291823,0.13796701046130375,0.16835798481723,3.1394983251632715
A1,A2,A3,B1,B2,phiA1
3.8881120545319847,0.30769831127485636,-0.8980594046192453,-5.155653681887087,-0.3744227150644792,-0.02520206265194555
