ans,J2,J3,Energy,Sigma,L,A1,A3,B1,B2,B3
3x3,-0.18,0.24000000000000005,-0.5418320531198266,2.7782394634636895e-11,0.8992292044321757,0.518290855441681,0.39737962464255266,0.20865320971067372,0.4089370737415113,0.1639475674910383
A1,A3,B1,B2,B3
3.8938852136115614,0.4244382623133477,-4.637179529373786,0.6500355809167291,-0.5181410856059055
ans,J2,J3,Energy,Sigma,L,A1,A2,B1,B2,B3
q0,-0.18,0.24000000000000005,-0.4623116911389151,3.935948415277404e-12,0.6854241018217747,0.5014178703055793,0.11629479116049257,0.1439363371896744,0.17117179056146148,0.14100539857610264
A1,A2,B1,B2,B3
3.2054359168692783,-1.5699108679680627,-7.732869899737812,0.6689648834679826,-0.9325873407091507
ans,J2,J3,Energy,Sigma,L,A1,A2,A3,B1,B2,phiA1
cb1,-0.18,0.24000000000000005,-0.5048893807127379,9.131980783814414e-12,0.8056855687937601,0.5151851801183523,0.04177046248719982,0.37707466489295477,0.18930355274607846,0.1843283293172448,1.968521013696641
A1,A2,A3,B1,B2,phiA1
3.854361274797407,-0.8619771563172474,0.3919087276918963,-5.087263943286017,0.6837863608462873,0.13467005293909187
