ans,J2,J3,Energy,Sigma,L,A1,A3,B1,B2,B3
3x3,-0.21,0.0,-0.524613852355728,4.1254529977017723e-13,0.8622493694357811,0.5228270745396874,0.0,0.21018199471334245,0.39722182749259377,0.0
A1,A3,B1,B2,B3
3.9023229094637797,-0.0,-4.603539771726777,0.592192961333874,0.0
ans,J2,J3,Energy,Sigma,L,A1,A2,B1,B2,B3
q0,-0.21,0.0,-0.46946510764834704,1.2503179692680228e-12,0.7066616477147128,0.5061827951382863,0.14865518897417707,0.15445623646913298,0.18268754533852097,0.0
A1,A2,B1,B2,B3
3.405831172824842,-1.7891244041302032,-7.110589894453928,0.7902567489485398,0.0
ans,J2,J3,Energy,Sigma,L,A1,A2,A3,B1,B2,phiA1
cb1,-0.21,0.0,-0.4802023608881638,1.0347522464106741e-11,0.7384128304191125,0.5159096050039064,0.03698913354650995,0.0,0.17718625703232682,0.1635954948490521,2.0451056257636573
A1,A2,A3,B1,B2,phiA1
3.880895605087368,-1.091349233204346,0.0,-5.275002656744545,0.7528422330177083,0.08748557431600522
