ans,J2,J3,Energy,Sigma,L,A1,A3,B1,B2,B3
3x3,0.02999999999999997,0.26999999999999996,-0.4842218908282484,1.8767757945854045e-11,0.753220307979804,0.5147099884302585,0.34127743112453096,0.18234235666127724,0.34735711382076073,0.11124071887011183
A1,A3,B1,B2,B3
3.7319036751746992,0.40079051188887993,-5.553890680522085,-0.1251221348888963,-0.6703526622673287
ans,J2,J3,Energy,Sigma,L,A1,A2,B1,B2,B3
q0,0.02999999999999997,0.26999999999999996,-0.4569033360098105,5.128691956860575e-12,0.6768084562490336,0.5081250334364107,0.15612978457841822,0.1599828322850223,0.17210217319858817,0.17187385775068129
A1,A2,B1,B2,B3
3.5002001291458296,0.08570921750326957,-6.695533016710164,-0.12140288773914851,-1.0179079801537914
ans,J2,J3,Energy,Sigma,L,A1,A2,A3,B1,B2,phiA1
cb1,0.02999999999999997,0.26999999999999996,-0.4963165476228668,1.5775533035896927e-11,0.7840036509588537,0.5148143886752288,0.04816730464579316,0.3700763634545329,0.18577384794040874,0.1753852104905594,1.9571495926036102
A1,A2,A3,B1,B2,phiA1
3.840816553043423,0.1164623952829464,0.41677772348972175,-5.200839758701791,-0.12090328738479346,0.1308952946539072
