ans,J2,J3,Energy,Sigma,L,A1,A3,B1,B2,B3
3x3,-0.15,0.3,-0.5399623024215515,1.2013197667900946e-11,0.8923347200828847,0.5162915116230085,0.40436447418199006,0.2052462578693984,0.40598080984042184,0.1570434070342939
A1,A3,B1,B2,B3
3.830935568125923,0.5156985949946078,-4.760303262807888,0.5474509735023487,-0.6712408407056579
ans,J2,J3,Energy,Sigma,L,A1,A2,B1,B2,B3
q0,-0.15,0.3,-0.4602315062158367,4.422421565179848e-12,0.6801327717793856,0.5010422924593129,0.1134155608334873,0.14335372703585386,0.16869689621970727,0.13458452971585175
A1,A2,B1,B2,B3
3.194722264681072,-1.1983192216267657,-7.743250485017748,0.5623279619871248,-1.332600696491897
ans,J2,J3,Energy,Sigma,L,A1,A2,A3,B1,B2,phiA1
cb1,-0.15,0.3,-0.5118888743844113,1.2750604886385836e-11,0.8227921756597953,0.5135393434981659,0.043322959121719615,0.39581103689376307,0.1904765052330178,0.18768492073316279,1.9581785697830825
A1,A2,A3,B1,B2,phiA1
3.8219427616279753,-0.6936673457844104,0.48105963662252615,-5.104250355562276,0.5779821066026581,0.1416644579969344
