ans,J2,J3,Energy,Sigma,L,A1,A3,B1,B2,B3
3x3,0.18,-0.27,-0.44283501199359326,9.530820238572472e-12,0.6439251097208838,0.4977597270721911,0.09319689849563179,0.13864931274281087,0.18895226620539174,0.05935681978797097
A1,A3,B1,B2,B3
3.145983473722782,-1.2077006061848297,-7.3656081236116115,-1.4251377855176761,0.4117262086814159
ans,J2,J3,Energy,Sigma,L,A1,A2,B1,B2,B3
q0,0.18,-0.27,-0.5167770620843699,3.4260998499650165e-12,0.8603476525521943,0.5226505474305747,0.36806740577057084,0.22833726818233804,0.22144838442710318,0.40189143603703664
A1,A2,B1,B2,B3
3.82471831918907,0.6205036485306485,-4.4489967266949755,-0.7274181257127575,0.4879430193217803
ans,J2,J3,Energy,Sigma,L,A1,A2,A3,B1,B2,phiA1
cb1,0.18,-0.27,-0.44591734799842075,5.3028019843552466e-11,0.6538041247789598,0.4957404226119106,2.492761275910532e-05,6.843159101299187e-05,0.1342744772800355,0.16279886800430338,3.1412208570250235
A1,A2,A3,B1,B2,phiA1
3.8554714976080695,0.5130340596792824,-0.7852052341661467,-5.261346913542061,-0.7850387006890888,-0.03202993425148127
