ans,J2,J3,Energy,Sigma,L,A1,A3,B1,B2,B3
3x3,0.3,0.21000000000000002,-0.4387038785520109,4.886096487009984e-12,0.6336842252183744,0.49889065221664414,0.1415672392132464,0.13821951567252205,0.20291984532408208,0.04215206508936202
A1,A3,B1,B2,B3
3.494093903093304,0.13244960684119236,-6.159628362739547,-2.3707702467140153,-0.47373216460660683
ans,J2,J3,Energy,Sigma,L,A1,A2,B1,B2,B3
q0,0.3,0.21000000000000002,-0.46956339283566995,5.305609163450957e-12,0.7275724345999723,0.523004797294617,0.3011717690938258,0.20920466398929247,0.19752604054652972,0.3161131105391827
A1,A2,B1,B2,B3
3.9708236692051178,0.5437872375206865,-4.669153952483814,-1.2648770919178034,-0.5216937993282372
ans,J2,J3,Energy,Sigma,L,A1,A2,A3,B1,B2,phiA1
cb1,0.3,0.21000000000000002,-0.4766596002134309,1.6439717975618023e-11,0.7316674689880612,0.5140654630042835,0.058507429901083985,0.30955264974882835,0.17512021609860146,0.14554821773198823,1.9336189653945395
A1,A2,A3,B1,B2,phiA1
3.8169467588655364,0.7892575482044453,0.2957634137923866,-5.493827614891652,-1.4688250615353762,0.10091927293262264
