ans,J2,J3,Energy,Sigma,L,A1,A3,B1,B2,B3
3x3,0.012000000000000004,0.012000000000000004,-0.4686577140158421,6.221924283546975e-10,0.7121092265948608,0.5161783126667125,0.25188156263336836,0.1768719848158376,0.3078045951442375,0.11154173537166082
A1,A3,B1,B2,B3
3.7546604714147453,0.02348510275123093,-5.653696955032277,-0.04933498054489558,-0.024202861936813695
ans,J2,J3,Energy,Sigma,L,A1,A2,B1,B2,B3
q0,0.012000000000000004,0.012000000000000004,-0.47003022483397694,9.75995616070354e-07,0.715086442011453,0.5179454107051822,0.23049031658025293,0.18172883256559616,0.20882051174152522,0.23970025670743966
A1,A2,B1,B2,B3
3.721838948137817,0.046124770669469524,-5.7205784553701,-0.04813205389799522,-0.02455535774710066
ans,J2,J3,Energy,Sigma,L,A1,A2,A3,B1,B2,B3,phiA1,phiB2
cb1,0.012000000000000004,0.012000000000000004,-0.47036334828453813,1.4833379249905187e-05,0.7130901957164204,0.5140098494997097,0.036504725490429685,0.09432750198820841,0.17048069771711458,0.009791245937507027,0.05112653913910806,1.9911724704588192,2.8055507958537955
A1,A2,A3,B1,B2,B3,phiA1,phiB2
3.84773213298886,0.05959954751938036,0.03576083873469621,-5.50705370193647,-0.02375266650034388,-0.024150126343112883,0.08884615265597634,0.01250888281884388
