ans,J2,J3,Energy,Sigma,L,A1,A3,B1,B2,B3
3x3,-0.06,0.14999999999999997,-0.4951171718149896,5.296489475326391e-12,0.7835632909164085,0.5196498637081036,0.3381712044531357,0.19400379667748413,0.36500543212972325,0.1371633697134217
A1,A3,B1,B2,B3
3.8063996401310334,0.257904808619908,-4.977129819246479,0.22215562725171387,-0.324518190088277
ans,J2,J3,Energy,Sigma,L,A1,A2,B1,B2,B3
q0,-0.06,0.14999999999999997,-0.46171945372177287,1.6053552070503383e-11,0.6885425965129502,0.5080717155569802,0.1561157041274913,0.15891161853992986,0.1769085342201829,0.18038950370639098
A1,A2,B1,B2,B3
3.495204126311949,-0.31336044870852114,-6.7699179593578345,0.23514523662166412,-0.43975934006535067
ans,J2,J3,Energy,Sigma,L,A1,A2,A3,B1,B2,phiA1
cb1,-0.06,0.14999999999999997,-0.48651612314578685,3.380002843087112e-11,0.757973535259779,0.516511246445208,0.04254569950257939,0.32981540719839775,0.18238947951587314,0.1677955545870337,1.9758901422668131
A1,A2,A3,B1,B2,phiA1
3.8826719610647364,-0.2574607194100588,0.2493560913579959,-5.204947583892782,0.23381296897910073,0.11390888231999005
