ans,J2,J3,Energy,Sigma,L,A1,A3,B1,B2,B3
3x3,-0.12,-0.02999999999999997,-0.4958811896432178,7.402366295914317e-12,0.7874426115897046,0.5219319267935766,0.3105768107124768,0.19798422422825376,0.3632508886005857,0.1501896826081483
A1,A3,B1,B2,B3
3.913980251222968,-0.06128431096598994,-4.965028388554038,0.41289194285727016,0.059507954118137696
ans,J2,J3,Energy,Sigma,L,A1,A2,B1,B2,B3
q0,-0.12,-0.02999999999999997,-0.4693541166734347,4.249912479431473e-12,0.7106494010367106,0.5112267574361601,0.18017693446554472,0.1663522825643465,0.18697489891222896,0.2156846929095993
A1,A2,B1,B2,B3
3.6062819399316406,-0.7444600491402468,-6.414480058390743,0.4503064587745642,0.041133763061138036
ans,J2,J3,Energy,Sigma,L,A1,A2,A3,B1,B2,phiA1
cb1,-0.12,-0.02999999999999997,-0.46367003205696156,4.9928238429948604e-11,0.6957567048357661,0.49926228998659333,2.2182666501176175e-05,3.850442972944383e-05,0.14609416752948262,0.18063121090112433,3.1412316185703615
A1,A2,A3,B1,B2,phiA1
3.9419578712261965,-0.5755396159656828,-0.0628941343450153,-4.930167385306232,0.460631532903271,-0.010658141033421798
