ans,J2,J3,Energy,Sigma,L,A1,A3,B1,B2,B3
3x3,-0.21,0.06,-0.5305898388855186,1.969334686092161e-12,0.8763912817353429,0.5221560414142717,0.36541035593346166,0.21101770763712405,0.4026359396785462,0.1707078862777701
A1,A3,B1,B2,B3
3.969824469364601,0.11568523916570993,-4.538369680179602,0.733635374670836,-0.12190248810698177
ans,J2,J3,Energy,Sigma,L,A1,A2,B1,B2,B3
q0,-0.21,0.06,-0.467559466119665,1.3679249817785352e-11,0.7006201666510213,0.5045917307732228,0.13774498691238238,0.15076009706017535,0.17943051503631813,0.17136981318855102
A1,A2,B1,B2,B3
3.3390512571486477,-1.8583468098166809,-7.33563210153875,0.7850387006890887,-0.14377388169266073
ans,J2,J3,Energy,Sigma,L,A1,A2,A3,B1,B2,phiA1
cb1,-0.21,0.06,-0.48539551357945765,1.7112391847540206e-11,0.753465955773498,0.516703942262202,0.03816468886657564,0.3072641487667367,0.18119922228982072,0.16932203235703644,2.0195229267115806
A1,A2,A3,B1,B2,phiA1
3.8943293028213364,-1.073252597902992,0.11057821326472107,-5.186739926289471,0.7642775301716421,0.10225154053939157
