ans,J2,J3,Energy,Sigma,L,A1,A3,B1,B2,B3
3x3,0.0,-0.21,-0.4624972568228504,5.818622937619419e-13,0.6952575222950512,0.512064323567852,0.1916764658671529,0.16835013542800667,0.0,0.10858280712420663
A1,A3,B1,B2,B3
3.640698853696862,-0.6551426068481783,-6.175393530031558,0.0,0.35832448119705257
ans,J2,J3,Energy,Sigma,L,A1,A2,B1,B2,B3
q0,0.0,-0.21,-0.4861509347098272,6.351034678187749e-12,0.7708145669711813,0.5224457141524702,0.0,0.20249499681325078,0.0,0.3255850708363224
A1,A2,B1,B2,B3
3.9533931685992703,-0.0,-4.878097925452861,0.0,0.3340661081461302
ans,J2,J3,Energy,Sigma,L,A1,A2,A3,B1,B2,phiA1
cb1,0.0,-0.21,-0.4609382734626116,9.79236135861991e-12,0.6844597031758374,0.5086374532557197,0.0,0.1810378199075473,0.15748505145884625,0.0,2.021111004104498
A1,A2,A3,B1,B2,phiA1
3.6823877282737674,0.0,-0.6531442053675445,-5.897560218111957,0.0,0.037914116280350074
