ans,J2,J3,Energy,Sigma,L,A1,A3,B1,B2,B3
3x3,0.21000000000000002,0.0,-0.4428450539773087,1.3135108522906219e-12,0.6431047136416438,0.5000872742247731,0.0,0.14143734942409866,0.20307748547845383,0.0
A1,A3,B1,B2,B3
3.3878455590726992,-0.0,-6.601497126893668,-1.5630274851720176,0.0
ans,J2,J3,Energy,Sigma,L,A1,A2,B1,B2,B3
q0,0.21000000000000002,0.0,-0.4826918227330693,2.731884356088739e-13,0.7664897431524841,0.5243581269697722,0.32106115922085293,0.21494280529687618,0.20762026683502968,0.0
A1,A2,B1,B2,B3
3.9972469780743096,0.5911937606117134,-4.511169216075585,-0.8612000002239144,0.0
ans,J2,J3,Energy,Sigma,L,A1,A2,A3,B1,B2,phiA1
cb1,0.21000000000000002,0.0,-0.444345575853491,8.129068268240443e-12,0.6501633753647852,0.4952839725431413,2.2057659956002526e-06,0.0,0.13302946382258957,0.16090256673140324,3.141530491981145
A1,A2,A3,B1,B2,phiA1
3.843481088942142,0.5594968932598468,0.0,-5.297040583782698,-0.9316436510864784,-0.034250380300111204
