ans,J2,J3,Energy,Sigma,L,A1,A3,B1,B2,B3
3x3,-0.09,0.18,-0.50649061521139,1.0256234025692273e-11,0.8126733087297852,0.5196703967452143,0.35853242275192926,0.1986165444311938,0.37953106046149576,0.14516676747817295
A1,A3,B1,B2,B3
3.8976599718946496,0.3126388037338188,-4.920286400387361,0.3308464613743662,-0.38991032625839717
ans,J2,J3,Energy,Sigma,L,A1,A2,B1,B2,B3
q0,-0.09,0.18,-0.46133524311622587,4.504420642582396e-12,0.685982736659425,0.5059128625462617,0.14259447700980432,0.15395373937791457,0.1745471205774031,0.16635582542308539
A1,A2,B1,B2,B3
3.407440995454031,-0.5383471446247194,-7.062239681732941,0.3488875854974413,-0.578814773903233
ans,J2,J3,Energy,Sigma,L,A1,A2,A3,B1,B2,phiA1
cb1,-0.09,0.18,-0.4915782690640571,1.6522004796198726e-11,0.7715270302511619,0.5163611374035904,0.04264023769175077,0.345705765308951,0.1847577628198707,0.1733168489353358,1.9740597636488106
A1,A2,A3,B1,B2,phiA1
3.878231068966985,-0.3979039320248601,0.29531932454970106,-5.1600945739857025,0.34727776211169326,0.12101430973092352
