ans,J2,J3,Energy,Sigma,L,A1,A3,B1,B2,B3
3x3,0.012000000000000004,-0.011999999999999997,-0.4674904947139931,4.5582041547130743e-07,0.7086676469368559,0.5157120997055598,0.26677676425913205,0.1756048751437114,0.305318072075649,0.12475925172931822
A1,A3,B1,B2,B3
3.782952839862724,-0.024543145293955192,-5.690981574868189,-0.049401038814860854,0.023798740755917952
ans,J2,J3,Energy,Sigma,L,A1,A2,B1,B2,B3
q0,0.012000000000000004,-0.011999999999999997,-0.4711696319495436,2.363669303420304e-05,0.7179486776022003,0.5182391351782895,0.2104964255050759,0.18313465032252435,0.16637932349543655,0.06685699148793221
A1,A2,B1,B2,B3
3.7969988265430534,0.046176396040119964,-5.607714292909957,-0.04812816811740903,0.02346733918305591
ans,J2,J3,Energy,Sigma,L,A1,A2,A3,B1,B2,B3,phiA1,phiB2
cb1,0.012000000000000004,-0.011999999999999997,-0.47051020494237267,1.4778019188050022e-05,0.7131264350494391,0.5140108329127558,0.03773691552896129,0.09056890717908014,0.17045351888006738,0.009558163773319538,0.049408884941463685,1.9913431704018167,2.7847763000801242
A1,A2,A3,B1,B2,B3,phiA1,phiB2
3.8517256052085176,0.0635053121199644,-0.02476296945272704,-5.490101706573501,-0.03235134382606607,0.03206934717777789,0.08454070776653665,0.016422974092280943
