ans,J2,J3,Energy,Sigma,L,A1,A3,B1,B2,B3
3x3,0.06,-0.21,-0.4544603671469978,7.487784900451724e-12,0.6732073316993448,0.507203511821518,0.15704385217395425,0.15725022505509376,0.24315657121635872,0.08944227144790223
A1,A3,B1,B2,B3
3.4421909768832615,-0.7273071034506721,-6.80150380478504,-0.3047007091162218,0.34000580129077407
ans,J2,J3,Energy,Sigma,L,A1,A2,B1,B2,B3
q0,0.06,-0.21,-0.4914891071460359,1.4120572165569337e-11,0.789142773400831,0.5238921398553512,0.310909647413547,0.2113698834329587,0.21210316810884064,0.3499487203094792
A1,A2,B1,B2,B3
3.9850345248027796,0.21893598047994967,-4.613309734087641,-0.24147350786219077,0.35416114489403633
ans,J2,J3,Energy,Sigma,L,A1,A2,A3,B1,B2,phiA1
cb1,0.06,-0.21,-0.4525752630653335,6.441531513727426e-10,0.669399161106122,0.49738925443840326,2.1222134120844514e-05,9.422289451284199e-05,0.13917383086791507,0.1702834806968064,3.1412918999742123
A1,A2,A3,B1,B2,phiA1
3.8976599725437406,0.21660451210436696,-0.5653810752903625,-5.121569834745912,-0.2461919557169698,-0.0234257058130422
