ans,J2,J3,Energy,Sigma,L,A1,A3,B1,B2,B3
3x3,-0.09,0.24000000000000005,-0.5133074311638197,1.8785626310958687e-12,0.8285771340286582,0.5181425370323788,0.37521749590440306,0.19899179963941308,0.3859288837271766,0.14490584403171367
A1,A3,B1,B2,B3
3.868683151815838,0.40623060470953226,-4.914402218629827,0.33339997433128254,-0.5361266986052963
ans,J2,J3,Energy,Sigma,L,A1,A2,B1,B2,B3
q0,-0.09,0.24000000000000005,-0.4598033243353175,1.920080060062908e-11,0.6811094096488609,0.5042798683668243,0.13232738046408765,0.15047389596066513,0.17144577794459623,0.15340054279474596
A1,A2,B1,B2,B3
3.3411606816369663,-0.5518918655247435,-7.263356582637804,0.34722225096046055,-0.9016121182712615
ans,J2,J3,Energy,Sigma,L,A1,A2,A3,B1,B2,phiA1
cb1,-0.09,0.24000000000000005,-0.49926110545003466,1.109249026109274e-11,0.7915324047166636,0.5153884568197022,0.04392533874270072,0.3695437351616404,0.18736855875620392,0.1794406620213981,1.9649729325133343
A1,A2,A3,B1,B2,phiA1
3.856692742292886,-0.39568348597561454,0.3848033003770313,-5.135114555930993,0.3499422973708622,0.13156142846893984
