ans,J2,J3,Energy,Sigma,L,A1,A3,B1,B2,B3
3x3,0.0,-0.15,-0.46416745956117195,1.0084366296185795e-11,0.6997842464294206,0.5134643124371921,0.20745361889886121,0.17100617248598224,0.0,0.11008510967329536
A1,A3,B1,B2,B3
3.695876938023685,-0.4082290061425229,-5.991318552543966,0.0,0.26867397195875026
ans,J2,J3,Energy,Sigma,L,A1,A2,B1,B2,B3
q0,0.0,-0.15,-0.48018098810206833,7.195899937536167e-13,0.7521511922764371,0.5212790671797936,0.0,0.19650350917209258,0.0,0.30488856418703814
A1,A2,B1,B2,B3
3.924416346783607,-0.0,-5.119127344091811,0.0,0.2462474668887061
ans,J2,J3,Energy,Sigma,L,A1,A2,A3,B1,B2,phiA1
cb1,0.0,-0.15,-0.4561270927298943,3.8094412355270237e-13,0.6778047978317842,0.49809677833354976,0.0,1.3099410096473557e-05,0.14155227583625146,0.0,3.141523118311861
A1,A2,A3,B1,B2,phiA1
3.9148684294253964,0.0,-0.3732014697277459,-5.054623386363009,0.0,-0.018818280262135667
