ans,J2,J3,Energy,Sigma,L,A1,A3,B1,B2,B3
3x3,0.09000000000000002,0.21000000000000002,-0.4659683323209473,4.5460058026537185e-12,0.7047414646699866,0.5127994942581152,0.2838816566064412,0.17055437594531045,0.3072106835931284,0.09044022036411631
A1,A3,B1,B2,B3
3.6772251912089846,0.28466118351332104,-5.957623283745725,-0.43498538109555934,-0.5184186413476799
ans,J2,J3,Energy,Sigma,L,A1,A2,B1,B2,B3
q0,0.09000000000000002,0.21000000000000002,-0.45898399167057935,5.882403867143055e-12,0.68631281371616,0.5133174545766304,0.19186072742377253,0.172712431780788,0.17895405994606914,0.20939730061814682
A1,A2,B1,B2,B3
3.696709604471364,0.22715163083154813,-6.04638561423115,-0.3705369344781893,-0.6520894934941822
ans,J2,J3,Energy,Sigma,L,A1,A2,A3,B1,B2,phiA1
cb1,0.09000000000000002,0.21000000000000002,-0.4855854942901654,2.7010030672162752e-11,0.7559509328980872,0.5156612043804116,0.048328012174827406,0.33835142376251787,0.1814621930291461,0.16385937970527095,1.9547645496271353
A1,A2,A3,B1,B2,phiA1
3.859246255249094,0.32296387786281205,0.324074100887435,-5.275557768549692,-0.37592151614775987,0.11657341757893712
