ans,J2,J3,Energy,Sigma,L,A1,A3,B1,B2,B3
3x3,-0.005999999999999998,-0.018,-0.4705922820375905,5.542692092076235e-12,0.7175494184575782,0.5168885226382659,0.25269063597130864,0.17890775311621043,0.31160480893210213,0.11694079266513832
A1,A3,B1,B2,B3
3.8247255363606008,-0.03714528684652806,-5.609248066018473,0.023672175331141646,0.03557876215862829
ans,J2,J3,Energy,Sigma,L,A1,A2,B1,B2,B3
q0,-0.005999999999999998,-0.018,-0.47150169105743905,4.210272812024474e-07,0.7191548416631706,0.5180509123514312,0.19983214686591794,0.1820721876037638,0.18053596834068272,0.2581299801758383
A1,A2,B1,B2,B3
3.8360103982094533,-0.024492075034697088,-5.64272240043388,0.02395750264833519,0.03470390641498422
ans,J2,J3,Energy,Sigma,L,A1,A2,A3,B1,B2,B3,phiA1,phiB2
cb1,-0.005999999999999998,-0.018,-0.47035419740476886,1.5425348196012244e-05,0.7126454088944797,0.5138853529458394,0.06186952203667288,0.08949178253322548,0.17008457091118234,0.009273339997237201,0.03878242613727831,1.9900484179592413,2.6284759601227083
A1,A2,A3,B1,B2,B3,phiA1,phiB2
3.8312281125308907,-0.024234503293005992,-0.03771205570047297,-5.518465129295056,0.023822610550895268,0.035657587993362806,0.076033623840457,1.2767564783672651e-05
