ans,J2,J3,Energy,Sigma,L,A1,A3,B1,B2,B3
3x3,-0.15,-0.12,-0.4975205321434578,7.930368809386479e-12,0.7921993220244495,0.522207823519651,0.29980534297544986,0.19940434749046654,0.3629503073224287,0.15565742379441672
A1,A3,B1,B2,B3
3.912425938119676,-0.2708944180079963,-4.955147403359554,0.49205084456751375,0.23059332220778375
ans,J2,J3,Energy,Sigma,L,A1,A2,B1,B2,B3
q0,-0.15,-0.12,-0.47398114778135814,7.133581873524066e-12,0.7242103452352034,0.5126961321398358,0.19359185391657233,0.1705668790262593,0.1921996179063973,0.23474918308605291
A1,A2,B1,B2,B3
3.657629754011144,-0.9503509091036106,-6.221689830159619,0.5507816425307258,0.15853984791175482
ans,J2,J3,Energy,Sigma,L,A1,A2,A3,B1,B2,phiA1
cb1,-0.15,-0.12,-0.4698044677340826,9.4509875673494e-12,0.7084955566673333,0.5124749378790059,0.0350515984002804,0.22375507266136466,0.16685275315845535,0.14831071743176108,2.0917152376132675
A1,A2,A3,B1,B2,phiA1
3.80689923964684,-0.7474576513273916,-0.29970470550528,-5.551392679024918,0.5380695888984401,0.05417888358656173
