ans,J2,J3,Energy,Sigma,L,A1,A3,B1,B2,B3
3x3,-0.06,0.24000000000000005,-0.5045832329570474,5.5442819885539685e-12,0.8064215929130012,0.5177686014619522,0.3657942079389754,0.19517183438744995,0.3765399683666677,0.13736790727584353
A1,A3,B1,B2,B3
3.843703132906961,0.397459842815011,-5.039968442438393,0.22615243014079997,-0.5446754158648947
ans,J2,J3,Energy,Sigma,L,A1,A2,B1,B2,B3
q0,-0.06,0.24000000000000005,-0.4591379932876136,9.59452960362086e-12,0.6802262636551063,0.5053685224001602,0.13878707194935444,0.1530318260162316,0.17179849614702894,0.15876971903138035
A1,A2,B1,B2,B3
3.3866798256490336,-0.32213121060328587,-7.10470571242359,0.23203661215263388,-0.8892331315964218
ans,J2,J3,Energy,Sigma,L,A1,A2,A3,B1,B2,phiA1
cb1,-0.06,0.24000000000000005,-0.4974655959321136,1.3526378145454974e-11,0.7869668738720522,0.5154249200588399,0.04469747507415489,0.36681742116055444,0.1866870636909669,0.17769252612911923,1.9635667975705173
A1,A2,A3,B1,B2,phiA1
3.8558045638733365,-0.25612845178051125,0.3816946758653654,-5.152767102022988,0.23481216970123348,0.12978507157121677
