ans,J2,J3,Energy,Sigma,L,A1,A3,B1,B2,B3
3x3,-0.09,-0.09,-0.4844790761404011,1.4429076523398373e-11,0.7565389627636413,0.5203854093092322,0.27843407976105355,0.1908563773291017,0.3410067721576265,0.14045498463571263
A1,A3,B1,B2,B3
3.9130920719343396,-0.20183854587644992,-5.127898105986088,0.3090860900550252,0.1729727472410543
ans,J2,J3,Energy,Sigma,L,A1,A2,B1,B2,B3
q0,-0.09,-0.09,-0.4726264004496322,2.6512317471548634e-12,0.7229745274934227,0.514880996407908,0.20744841721215507,0.17600189166848204,0.19284242398720777,0.2455739142259431
A1,A2,B1,B2,B3
3.7059244555741997,-0.4750644322229686,-5.915934409169976,0.3531619441423581,0.1477706845732113
ans,J2,J3,Energy,Sigma,L,A1,A2,A3,B1,B2,phiA1
cb1,-0.09,-0.09,-0.46894640541963123,1.0405589553915834e-11,0.7069166814223414,0.5129392899716763,0.035886187003071224,0.23030243920511406,0.16730202780894124,0.14370483002749782,2.0466565749057235
A1,A2,A3,B1,B2,phiA1
3.8082315072761657,-0.4103939410518682,-0.21316282072168738,-5.56632517870651,0.33545388689913075,0.06222800051284384
