ans,J2,J3,Energy,Sigma,L,A1,A3,B1,B2,B3
3x3,-0.27,-0.06,-0.5383723309675824,1.6206392234619873e-11,0.8975952660744794,0.5229492400429498,0.3563020214772808,0.21513197584651128,0.4074555120249753,0.18035313673139736
A1,A3,B1,B2,B3
3.97759602965419,-0.1237898672454572,-4.450106949472599,0.9178213745576798,0.11890488593381607
ans,J2,J3,Energy,Sigma,L,A1,A2,B1,B2,B3
q0,-0.27,-0.06,-0.4730011975116654,4.323427394776223e-12,0.7151508072881105,0.5053463135527819,0.14659142945734724,0.15295261225684723,0.1851946096444899,0.18814471924852824
A1,A2,B1,B2,B3
3.3612002072325224,-2.6849078516713982,-7.258416090581292,1.004307748101783,0.09869882689171847
ans,J2,J3,Energy,Sigma,L,A1,A2,A3,B1,B2,phiA1
cb1,-0.27,-0.06,-0.4788684594804222,7.160860683626609e-12,0.7331501196428304,0.5147566011239101,0.03534320943190205,0.2593964361179064,0.17441133226992012,0.16369070127450985,2.0954402978334277
A1,A2,A3,B1,B2,phiA1
3.8634651035998204,-1.5343282200288975,-0.13233858454974648,-5.330180741066774,0.9362510766385357,0.07016609513669443
