ans,J2,J3,Energy,Sigma,L,A1,A3,B1,B2,B3
3x3,-0.24,0.02999999999999997,-0.5373163072251809,2.7285020163499905e-12,0.8937231801760936,0.5223475177965466,0.36688072109666087,0.21356211450647372,0.4075544240148605,0.1758302629726237
A1,A3,B1,B2,B3
3.7374547894682397,0.06228351168134681,-4.6262993434753685,0.8331113576770511,-0.05873079800418339
ans,J2,J3,Energy,Sigma,L,A1,A2,B1,B2,B3
q0,-0.24,0.02999999999999997,-0.469263582710766,6.078425229505452e-12,0.7047050569770097,0.5042347657337193,0.13684147572452426,0.15005396711964314,0.18072368227760305,0.17302301298105693
A1,A2,B1,B2,B3
3.318734176538338,-2.303046642213896,-7.406408819356499,0.8912870441425548,-0.06561418075339454
ans,J2,J3,Energy,Sigma,L,A1,A2,A3,B1,B2,phiA1
cb1,-0.24,0.02999999999999997,-0.48428317123384124,5.847460043832613e-12,0.7498165496946428,0.5164718484809891,0.03725919326064985,0.2971349615057786,0.18006879098041018,0.16871586541026556,2.036678867724677
A1,A2,A3,B1,B2,phiA1
3.891664767562685,-1.2764234114089894,0.057398530373005734,-5.204725539287863,0.8593126210343016,0.09592326930079756
