ans,J2,J3,Energy,Sigma,L,A1,A3,B1,B2,B3
3x3,0.018000000000000002,-0.024,-0.4658632547249615,5.573489525353565e-10,0.7043401880146243,0.5150492979896936,0.23511876426454043,0.17388064984348747,0.29726155599135395,0.10876475470319963
A1,A3,B1,B2,B3
3.803272141743822,-0.05031308702986221,-5.789935753052831,-0.07535805313040037,0.04716560475512165
ans,J2,J3,Energy,Sigma,L,A1,A2,B1,B2,B3
q0,0.018000000000000002,-0.024,-0.47265088909352415,1.8551878470650094e-07,0.72399658372718,0.5195841035777525,0.23282657394176298,0.1864211334158894,0.1933222558546371,0.26785754455748517
A1,A2,B1,B2,B3
3.845862517415355,0.06822209464005255,-5.4203597166127375,-0.07226108600363347,0.046052051061615
ans,J2,J3,Energy,Sigma,L,A1,A2,A3,B1,B2,B3,phiA1,phiB2
cb1,0.018000000000000002,-0.024,-0.47049757521553803,2.014787797717574e-05,0.7135742442333484,0.5141797020750536,0.05491737591251167,0.01867536574118233,0.17076624656508735,0.008302228183153307,0.05448738064835894,1.9842856316471904,2.7587347398444915
A1,A2,A3,B1,B2,B3,phiA1,phiB2
3.8381559042045397,0.07013223335394532,-0.05105860179101843,-5.497688970723774,-0.0733180183232237,0.04761302463398348,0.07694067605156439,0.0001942890292995014
