ans,J2,J3,Energy,Sigma,L,A1,A3,B1,B2,B3
3x3,0.3,0.06,-0.4368896763104461,3.5343301764102913e-12,0.6298736790582462,0.4956327398903971,0.09754461680921118,0.13327121385176202,0.1796201427648199,0.04183360894970867
A1,A3,B1,B2,B3
3.3418823264174997,0.09159339953139217,-6.531164498281853,-2.6212920722132274,-0.12423395645530669
ans,J2,J3,Energy,Sigma,L,A1,A2,B1,B2,B3
q0,0.3,0.06,-0.4872318759672012,8.321789092042179e-12,0.7798558339301015,0.5237182685054862,0.3459144793204629,0.22206578566004198,0.2098866809923821,0.36664695685423765
A1,A2,B1,B2,B3
3.9858116800350314,0.797140131679268,-4.335420911032233,-1.2391199177472663,-0.12445600107404853
ans,J2,J3,Energy,Sigma,L,A1,A2,A3,B1,B2,phiA1
cb1,0.3,0.06,-0.46550588534294257,3.7228227594703777e-10,0.6990230966039436,0.5112423517345263,0.046042509537839914,0.23522561997831717,0.1641991046447121,0.11473207821054915,1.8780603418844146
A1,A2,A3,B1,B2,phiA1
3.7413405708845175,0.733857419275761,0.10402789741005546,-5.814182468637709,-1.6544543512930991,0.05845324224315177
