ans,J2,J3,Energy,Sigma,L,A1,A3,B1,B2,B3
3x3,-0.06,-0.15,-0.474983821215623,7.729676284211013e-12,0.7301360869501317,0.5177622838073234,0.24398439410057995,0.18269976281261546,0.316196353616884,0.1295581216755731
A1,A3,B1,B2,B3
3.8069547516433753,-0.37980729673404806,-5.475286890380964,0.20905499553649884,0.2767786000461801
ans,J2,J3,Energy,Sigma,L,A1,A2,B1,B2,B3
q0,-0.06,-0.15,-0.47742466545937845,1.3385415086534929e-11,0.7402733103712138,0.5184474534329896,0.23833156720084728,0.18678452322541514,0.19942549365785975,0.2789222972015992
A1,A2,B1,B2,B3
3.842925977643156,-0.27999824681767593,-5.44486677980939,0.2375877272759027,0.23203661217195493
ans,J2,J3,Energy,Sigma,L,A1,A2,A3,B1,B2,phiA1
cb1,-0.06,-0.15,-0.465013686894494,5.527759580391003e-12,0.6956947779777902,0.5109311319214697,0.0346729670747719,0.2052374447080767,0.1625042400012716,0.13511085562069805,2.053530698756855
A1,A2,A3,B1,B2,phiA1
3.7556069367517146,-0.26351143489425394,-0.4046207813125985,-5.712819106809572,0.22731816429785548,0.04918287997714502
