ans,J2,J3,Energy,Sigma,L,A1,A3,B1,B2,B3
3x3,0.14999999999999997,-0.3,-0.4449029164513068,1.8954866893294724e-11,0.6489895046809239,0.49918488587155857,0.10058715306649578,0.14157029893533088,0.19697403948117223,0.0656233664989423
A1,A3,B1,B2,B3
3.123945546684017,-1.4446221996393642,-7.555123193920006,-1.1227685448323383,0.42277292777641373
ans,J2,J3,Energy,Sigma,L,A1,A2,B1,B2,B3
q0,0.14999999999999997,-0.3,-0.5165086666952929,5.240426388039401e-12,0.8596934539948144,0.5229036726155569,0.3636378352156176,0.22716643998043667,0.2215609271629063,0.3996578018314429
A1,A2,B1,B2,B3
4.125588758811782,0.383471032704762,-4.376499162942141,-0.7875922136893707,0.398236998932247
ans,J2,J3,Energy,Sigma,L,A1,A2,A3,B1,B2,phiA1
cb1,0.14999999999999997,-0.3,-0.4558509006264496,9.686303755832656e-09,0.6704915835840539,0.503706692752492,0.020592105400189954,0.13699351717075806,0.14921561671573788,0.07193200681238238,1.788902945282403
A1,A2,A3,B1,B2,phiA1
3.5355607324741793,0.46246340090668564,-1.2405076965968689,-6.27248253353753,-0.7853162564670331,-0.003552713680173011
