ans,J2,J3,Energy,Sigma,L,A1,A3,B1,B2,B3
3x3,0.12,-0.06,-0.4503931469853626,9.809652736683632e-12,0.6618582852061096,0.5055315045002969,0.15898898116036222,0.15238777078384977,0.23354907431319308,0.0731811252333619
A1,A3,B1,B2,B3
3.4248159865469483,-0.1451061493222455,-6.796785356930262,-0.7369105326139271,0.11218803663814764
ans,J2,J3,Energy,Sigma,L,A1,A2,B1,B2,B3
q0,0.12,-0.06,-0.4800746272993194,9.182610295793855e-12,0.756566174235406,0.5236261563982434,0.2955073416302756,0.20683192520735189,0.2053079514935195,0.3271456554087328
A1,A2,B1,B2,B3
3.9608316619851753,0.32018832033680283,-4.800160269126494,-0.48838710851807393,0.11279865930169028
ans,J2,J3,Energy,Sigma,L,A1,A2,A3,B1,B2,phiA1
cb1,0.12,-0.06,-0.44917194398867494,1.9720984608899007e-11,0.6613967739691321,0.49660184564863286,3.6458549945872476e-06,2.5353562212219e-05,0.13674414301575727,0.16655705185619596,3.1416033648414166
A1,A2,A3,B1,B2,phiA1
3.8777869808335117,0.387356813291717,-0.13200551762793147,-5.190625706875544,-0.5066502772726144,-0.027811086759085443
