ans,J2,J3,Energy,Sigma,L,A1,A3,B1,B2,B3
3x3,0.14999999999999997,-0.09,-0.44686747970990476,1.4221001474256272e-12,0.6529128541741095,0.5025224407173288,0.13520244550224741,0.1466052658829284,0.21554442387135242,0.06492354074977341
A1,A3,B1,B2,B3
3.341049658592636,-0.242084130512312,-6.93739510300266,-1.0259570970255791,0.1642574964929634
ans,J2,J3,Energy,Sigma,L,A1,A2,B1,B2,B3
q0,0.14999999999999997,-0.09,-0.4865975766171938,9.854985164781054e-12,0.7770474819727723,0.5243861287630902,0.3184504313737396,0.21401634978362521,0.2098540100384045,0.3500887800698943
A1,A2,B1,B2,B3
3.997357999489187,0.47339909769921995,-4.538258657625213,-0.6097344851398401,0.1675326544342009
ans,J2,J3,Energy,Sigma,L,A1,A2,A3,B1,B2,phiA1
cb1,0.14999999999999997,-0.09,-0.46171321623600436,1.2228221598623399e-11,0.6873427010278966,0.5095882029603434,0.03458478859398257,0.1989276437630224,0.15951558771307434,0.10886672804752454,1.900969179562845
A1,A2,A3,B1,B2,phiA1
3.694711203027375,0.46890269444949667,-0.22254420527949068,-5.921541035115767,-0.722255588668451,0.04302114220175063
