ans,J2,J3,Energy,Sigma,L,A1,A3,B1,B2,B3
3x3,0.3,0.24000000000000005,-0.4393083674751148,3.6171189374753316e-12,0.63518094535071,0.4996747907358834,0.1548423911121086,0.13954507083380935,0.20984377303899912,0.04226929264126693
A1,A3,B1,B2,B3
3.5277336611310357,0.12584377984450273,-6.07314198912382,-2.3016588635609234,-0.5515032874814434
ans,J2,J3,Energy,Sigma,L,A1,A2,B1,B2,B3
q0,0.3,0.24000000000000005,-0.46667838229357705,9.02389503153746e-12,0.7185144805023153,0.5224004897093041,0.29055871936690225,0.20601554802765087,0.19459639479331398,0.30397457145793855
A1,A2,B1,B2,B3
3.959499395235035,0.4534150833063463,-4.8016035590584645,-1.3659073871556864,-0.6469269564477848
ans,J2,J3,Energy,Sigma,L,A1,A2,A3,B1,B2,phiA1
cb1,0.3,0.24000000000000005,-0.47967659895696513,5.82375191400994e-12,0.7400942010201135,0.5140970057523591,0.06063166718091617,0.3245817404658889,0.1770726869859954,0.1510854716636309,1.9416664339433019
A1,A2,A3,B1,B2,phiA1
3.817945958739999,0.8005818230555991,0.3345101973188905,-5.450195850327728,-1.4397372182910624,0.10857981180209585
