ans,J2,J3,Energy,Sigma,L,A1,A3,B1,B2,B3
3x3,-0.09,0.02999999999999997,-0.49260397313484783,5.545327377164807e-12,0.7782004974822953,0.5212011537244285,0.3143112674785284,0.1953453486044032,0.35960121610368034,0.14348960178412126
A1,A3,B1,B2,B3
3.903988243133947,0.057842619582854964,-4.9596993180357005,0.32029934263927734,-0.06095124405349089
ans,J2,J3,Energy,Sigma,L,A1,A2,B1,B2,B3
q0,-0.09,0.02999999999999997,-0.4665106034266518,3.24449423285743e-11,0.7028125477639157,0.5106776619263044,0.1748173001969335,0.1648985621704471,0.18388235165633787,0.20632211398735223
A1,A2,B1,B2,B3
3.592182107518146,-0.5054845431248526,-6.458722445923196,0.35110803152725834,-0.06472600233372058
ans,J2,J3,Energy,Sigma,L,A1,A2,A3,B1,B2,phiA1
cb1,-0.09,0.02999999999999997,-0.476777013382537,7.589539051725171e-12,0.7300932159055997,0.5157722702066474,0.0388568718996373,0.280714036677275,0.17570540962604206,0.1561179557604425,2.0065149190866087
A1,A2,A3,B1,B2,phiA1
3.8721248423325747,-0.404232203265211,0.057287508076903686,-5.339284570164819,0.3410605131736322,0.08992806496949775
