ans,J2,J3,Energy,Sigma,L,A1,A3,B1,B2,B3
3x3,0.12,0.02999999999999997,-0.4525799471668231,8.285994143281787e-12,0.6676028140925316,0.5076731909394456,0.18697960630689073,0.15628642016224456,0.24928110588931804,0.07501010309949238
A1,A3,B1,B2,B3
3.5236258349614724,0.05495603972036067,-6.518674489254497,-0.7016609515811707,-0.06178391132026634
ans,J2,J3,Energy,Sigma,L,A1,A2,B1,B2,B3
q0,0.12,0.02999999999999997,-0.4713820956802953,1.5378139597074506e-11,0.728977389723619,0.5216791225487397,0.2658718068147508,0.19740807559324078,0.19749013679071398,0.2933752013602603
A1,A2,B1,B2,B3
3.928524172846336,0.3461675390774314,-5.040079465020632,-0.49071857686971737,-0.06261657859568541
ans,J2,J3,Energy,Sigma,L,A1,A2,A3,B1,B2,phiA1
cb1,0.12,0.02999999999999997,-0.4491719441124631,2.0734199308931495e-11,0.6613974088185094,0.49660200075447253,1.0183911587722986e-05,2.7267102026205476e-05,0.13674452900007972,0.16655073641857826,3.141490768786671
A1,A2,A3,B1,B2,phiA1
3.8778980027054533,0.3870237463843291,0.05695444116327027,-5.190736729178003,-0.5071498776336807,-0.027644553305438135
