ans,J2,J3,Energy,Sigma,L,A1,A3,B1,B2,B3
3x3,0.06,0.3,-0.48027280110354376,1.8691571152460332e-11,0.7426252487416651,0.5128150988017264,0.3398672880769333,0.17798708762271725,0.340048852798948,0.10174342340430466
A1,A3,B1,B2,B3
3.664624159065104,0.42021941481978137,-5.795253166068412,-0.26378899065040967,-0.7913669719512288
ans,J2,J3,Energy,Sigma,L,A1,A2,B1,B2,B3
q0,0.06,0.3,-0.4557343582823325,4.8391922504774215e-12,0.6742617889162037,0.5084587673713845,0.15861097247450895,0.16116204101451928,0.17118805070701956,0.17207086476959424
A1,A2,B1,B2,B3
3.509859069458441,0.16681100944496619,-6.629197191358779,-0.24585888880957313,-1.1989853554748182
ans,J2,J3,Energy,Sigma,L,A1,A2,A3,B1,B2,phiA1
cb1,0.06,0.3,-0.4525752621968857,1.1211017903245631e-11,0.6694011965372235,0.49738928012977207,4.679577845645023e-06,1.3476280893152119e-08,0.13917534119572736,0.17022595643993854,3.1416005351589638
A1,A2,A3,B1,B2,phiA1
3.8976599725437415,0.21643797865067413,0.303146396873899,-5.121458812727753,-0.24641400030822122,-0.023203661208179054
