ans,J2,J3,Energy,Sigma,L,A1,A3,B1,B2,B3
3x3,0.024,0.012000000000000004,-0.4664373411377378,5.615088267029301e-08,0.7058388512753991,0.5153188147911956,0.24111995862822672,0.17447008112722714,0.30162754355849947,0.11630332411084376
A1,A3,B1,B2,B3
3.7846548117594714,0.023513968550000593,-5.753145182462877,-0.10135781103351466,-0.024188984149004538
ans,J2,J3,Energy,Sigma,L,A1,A2,B1,B2,B3
q0,0.024,0.012000000000000004,-0.47080401586929194,2.2346508509627936e-05,0.7184938503252921,0.5188716836282302,0.22518641330976213,0.18451557480131886,0.1899905025580591,0.06560699008468991
A1,A2,B1,B2,B3
3.7624547922426532,0.08886391622535343,-5.501620825565476,-0.09651612842256925,-0.024523161279476312
ans,J2,J3,Energy,Sigma,L,A1,A2,A3,B1,B2,B3,phiA1,phiB2
cb1,0.024,0.012000000000000004,-0.4706333413902004,2.0681963537245987e-05,0.7134334408091475,0.5139969950486625,0.05436409954765625,0.0666540488699574,0.17084946968332385,0.008031232324185667,0.04729808880797312,1.9885412498848263,2.855116370670345
A1,A2,A3,B1,B2,B3,phiA1,phiB2
3.8452319106519712,0.0923011667095949,0.028024804699072488,-5.4890886280635325,-0.09928224908862097,-0.024147905897085317,0.08151479491296025,0.00477562434057609
