ans,J2,J3,Converge,Energy,Sigma,gap,L,A1,A3,B1,B2,B3,phiB1,phiB2,phiA3
3x3_1,-0.22499999999999998,-0.15,True,-0.6101090406256424,3.1444203340351684e-09,0.0014283489277446277,1.0615260543437863,0.5423747147313003,0.29936931415560225,0.17590427387413965,0.43340674732820833,0.28942701846098856,3.1418053895895905,-0.00013487803117511227,0.0008592388990217045
ans,J2,J3,Converge,Energy,Sigma,gap,L,A1,A2,B1,B2,B3,phiB1,phiA2,phiB2
q0_1,-0.22499999999999998,-0.15,True,-0.48012730123029024,1.6953470608718575e-09,0.0027175618278906014,0.7373808896469838,0.5045276999635775,0.15004165294648636,0.14266178984880107,0.18945108221586393,0.19512818123493628,3.1418214898694177,3.1453496475040437,3.141516941492375
