ans,J2,J3,Converge,Energy,Sigma,gap,L,A1,A3,B1,B2,B3,phiB1,phiB2,phiA3
3x3_1,0.3,0.14999999999999997,True,-0.46961636399684226,2.067578382233083e-09,0.007260372263131109,0.7100565381294279,0.5208015390213254,0.16222764366104164,0.12857242709961827,0.26189407184510793,0.13153544607923956,3.1412861952010624,0.00022457747471323622,-0.0016501882736001704
ans,J2,J3,Converge,Energy,Sigma,gap,L,A1,A2,B1,B2,B3,phiB1,phiA2,phiB2
q0_1,0.3,0.14999999999999997,True,-0.47654427466052274,3.2259839354926683e-09,0.0021581602233533537,0.7471942871115125,0.5192898857811402,0.31123677280991385,0.20304971906447553,0.19946716686423438,0.31141911355197754,3.1407913962042544,3.1415789237771734,3.142623073892207
