ans,J2,J3,Converge,Energy,Sigma,gap,L,A1,A3,B1,B2,B3,phiB1,phiB2,phiA3
3x3_1,-0.3,0.0,True,-0.6408363360924514,1.1799474536973268e-09,0.001435604807117338,1.1303138421239711,0.5412131595024698,0.0,0.1780711857262483,0.4442851259786666,0.0,3.1414466966044485,0.00011700273069074221,0.0
ans,J2,J3,Converge,Energy,Sigma,gap,L,A1,A2,B1,B2,B3,phiB1,phiA2,phiB2
q0_1,-0.3,0.0,True,-0.4782711382070307,1.8999571802640732e-09,0.0035180710007746254,0.7287680080960719,0.498758107241243,0.10975821909929329,0.1265978907758844,0.182741011962191,0.0,3.1414115867307264,3.146420234038414,3.1412798424633688
ans,J2,J3,Converge,Energy,Sigma,gap,L,A1,A2,A3,B1,B2,phiA1,phiB1,phiA2,phiB2
cb1,-0.3,0.0,True,-0.5411724570083638,3.3652839344981516e-09,0.00317055345740162,0.8896772972606208,0.5138152927013669,0.06835877946861804,0.0,0.16499638344212175,0.34260593843578907,2.0170191806464346,3.1452459947804807,4.2297386138927004,5.315951282261544
