ans,J2,J3,Converge,Energy,Sigma,gap,L,A1,A3,B1,B2,B3,phiB1,phiB2,phiA3
3x3_1,0.0,0.07500000000000001,True,-0.5354111631620554,1.2532083144218077e-09,0.0018983952398314884,0.8782422624630382,0.5419060544561772,0.27854871806176396,0.16323013338448858,0.0,0.2434827906438497,3.1414406862769315,0.0,0.002701734960277998
ans,J2,J3,Converge,Energy,Sigma,gap,L,A1,A2,B1,B2,B3,phiB1,phiA2,phiB2
q0_1,0.0,0.07500000000000001,True,-0.46788001564932147,4.5797422902495046e-10,0.0034903272572468155,0.7073048172135024,0.5089836716020111,0.0,0.1539696361971199,0.0,0.19453883700590532,3.141576772378871,0.0,0.0
ans,J2,J3,Converge,Energy,Sigma,gap,L,A1,A2,A3,B1,B2,phiA1,phiB1,phiA2,phiB2
cb1,0.0,0.07500000000000001,True,-0.48999635683145193,3.2200613132643466e-10,0.010448974704312096,0.7617749028459233,0.5165963938860969,0.0,0.2652096267606297,0.15656718623112212,0.0,2.054625219033504,3.141487823894986,0.0,0.0
