ans,J2,J3,Converge,Energy,Sigma,gap,L,A1,A3,B1,B2,B3,phiB1,phiB2,phiA3
3x3_1,-0.07500000000000001,-0.15,True,-0.5570503257369325,1.0964533653884058e-09,0.0016025162826619405,0.9346032898320764,0.5428903676319417,0.2702019998849942,0.16853432637838586,0.40506047215449187,0.2674007760999177,3.1414301260650492,1.9350083411677487e-05,-0.0005922689849700895
ans,J2,J3,Converge,Energy,Sigma,gap,L,A1,A2,B1,B2,B3,phiB1,phiA2,phiB2
q0_1,-0.07500000000000001,-0.15,True,-0.4783864211639569,2.046609348560166e-09,0.002419116648565585,0.7388781801293014,0.5122011419285637,0.20360564383975344,0.1647073200129896,0.1940455273112483,0.2381137276543524,3.1415122195271126,3.1433700650010015,3.142437678778064
