ans,J2,J3,Converge,Energy,Sigma,gap,L,A1,A3,B1,B2,B3,phiB1,phiB2,phiA3
3x3_1,0.0,0.22500000000000003,True,-0.539400597075283,1.4520816383723692e-09,0.0020486105877441613,0.8848353660456078,0.5404138608664663,0.30188611489872896,0.16230236574398277,0.0,0.23589193326483665,3.1413539396932073,0.0,-0.0006596112210918791
ans,J2,J3,Converge,Energy,Sigma,gap,L,A1,A2,B1,B2,B3,phiB1,phiA2,phiB2
q0_1,0.0,0.22500000000000003,True,-0.4633102489660106,5.381655750568671e-10,0.004945331482789919,0.6918987641228713,0.5044606028321609,0.0,0.14173436854432808,0.0,0.15584417199394224,3.1417768816994953,0.0,0.0
