ans,J2,J3,Converge,Energy,Sigma,gap,L,A1,A3,B1,B2,B3,phiB1,phiB2,phiA3
3x3_1,-0.15,0.0,True,-0.5841385015520407,1.874635964495039e-10,0.0015722258255070293,0.9984558165259999,0.5431102478340454,0.0,0.1725957619860461,0.42338925941438577,0.0,3.1414905724000137,4.005637930574822e-05,0.0
ans,J2,J3,Converge,Energy,Sigma,gap,L,A1,A2,B1,B2,B3,phiB1,phiA2,phiB2
q0_1,-0.15,0.0,True,-0.47297248969284994,1.2263624524930327e-09,0.003372477004402255,0.7172963768282297,0.5041989523302072,0.14095795532788463,0.140417492091457,0.1820009515386718,0.0,3.142019798238671,3.144707863959065,3.1410513205101966
