ans,J2,J3,Converge,Energy,Sigma,gap,L,A1,A3,B1,B2,B3,phiB1,phiB2,phiA3
3x3_1,-0.3,-0.22499999999999998,True,-0.6385714439732076,1.1669766193766783e-09,0.0013447898644590585,1.1278599584952365,0.541040900627127,0.30295220812961493,0.17837072961191358,0.4422048323245102,0.2988159405737936,3.1415659255019053,4.477359621001909e-05,0.0003174066677158853
