ans,J2,J3,Converge,Energy,Sigma,gap,L,A1,A2,B1,B2,B3,phiB1,phiA2,phiB2
q0_1,0.3,-0.15,True,-0.5140013314701027,3.6893297623178e-09,0.001639279898189711,0.8525758162986674,0.5175235773189603,0.3778157769692844,0.2244796080578151,0.21882055774012002,0.38479299990748755,3.141044890588596,3.14128819313096,3.1414510835359852
ans,J2,J3,Converge,Energy,Sigma,gap,L,A1,A3,B1,B2,B3,phiB1,phiB2,phiA3
3x3_1,0.3,-0.15,True,-0.46996301547415614,2.1876218086505247e-09,0.0038054349757376585,0.7128468565338948,0.5199069039303079,0.12218087281719138,0.12846149115929636,0.25523355547158044,0.1564688883907777,3.141865901144857,-0.00026905403963551944,0.0017958336465981027
