ans,J2,J3,Converge,Energy,Sigma,gap,L,A1,A3,B1,B2,B3,phiB1,phiB2,phiA3
3x3_1,0.07500000000000001,0.14999999999999997,True,-0.5153863892880516,4.21787682557711e-09,0.002270247081422369,0.8262289738592935,0.5390088252360555,0.2667800464166338,0.15637108526428908,0.3674854172493882,0.21895927058558157,3.1415048018352305,0.000499463698455785,0.002583165751120705
ans,J2,J3,Converge,Energy,Sigma,gap,L,A1,A2,B1,B2,B3,phiB1,phiA2,phiB2
q0_1,0.07500000000000001,0.14999999999999997,True,-0.4648952777781035,2.1406774784796065e-09,0.0037283944692905408,0.7007989680371973,0.5103385035975224,0.18417987800284877,0.1586960966955278,0.17946301994835998,0.1981248550739665,3.1414667286098963,3.1465589250217203,3.140617566923101
ans,J2,J3,Converge,Energy,Sigma,gap,L,A1,A2,A3,B1,B2,phiA1,phiB1,phiA2,phiB2
cb1,0.07500000000000001,0.14999999999999997,True,-0.4842319398009006,2.3765882199532385e-09,0.004342372172237662,0.7505913057964017,0.5174962987996682,0.10450142945881767,0.2815215241307357,0.16146185199475413,0.29176020437919553,2.0266220114963,3.141953180420541,4.127761916801438,5.3021450148414
