ans,J2,J3,Converge,Energy,Sigma,gap,L,A1,A3,B1,B2,B3,phiB1,phiB2,phiA3
3x3_1,0.14999999999999997,-0.3,True,-0.4971625485901855,1.1045741740970934e-09,0.002155543317491838,0.7833267210433192,0.5321220264874001,0.17500807985225098,0.1464459240537929,0.32250097931782395,0.21708615329310502,3.1416438094886696,-0.0002959226325888143,-0.0006121401843146302
ans,J2,J3,Converge,Energy,Sigma,gap,L,A1,A2,B1,B2,B3,phiB1,phiA2,phiB2
q0_1,0.14999999999999997,-0.3,True,-0.5099833920429979,1.897832255826977e-09,0.0015729044061404214,0.843136821151239,0.5199894133582262,0.3509280789408498,0.21768920722750404,0.21901680885372019,0.37165746641699576,3.141411186532846,3.1416893049460746,3.1420783889280104
