ans,J2,J3,Converge,Energy,Sigma,gap,L,A1,A3,B1,B2,B3,phiB1,phiB2,phiA3
3x3_1,0.07500000000000001,0.07500000000000001,True,-0.513958563790327,4.3336765202325785e-09,0.002172476472684827,0.8237367947605955,0.539362460514444,0.2538971504980356,0.15654126381519945,0.3649281044393871,0.222345509612182,3.1418040115130728,-0.0008302325133351577,-0.0008932791595320063
ans,J2,J3,Converge,Energy,Sigma,gap,L,A1,A2,B1,B2,B3,phiB1,phiA2,phiB2
q0_1,0.07500000000000001,0.07500000000000001,True,-0.4682225259302796,5.645331238559981e-09,0.003072080312801929,0.7123065103609706,0.5130364808454323,0.20658104375208217,0.16686864622916162,0.18526077621570067,0.22364748994643546,3.1415894454121145,3.142545415614403,3.1396158960820837
ans,J2,J3,Converge,Energy,Sigma,gap,L,A1,A2,A3,B1,B2,phiA1,phiB1,phiA2,phiB2
cb1,0.07500000000000001,0.07500000000000001,True,-0.4792578665619257,4.548159072018204e-09,0.009266461410679962,0.7339325282737318,0.5146502552377386,0.07644005164032121,0.23008120884507083,0.149330904491415,0.26746164176270537,2.0907926741317615,3.142155696584715,4.151789125848773,5.321729601906737
