ans,J2,J3,Converge,Energy,Sigma,gap,L,A1,A3,B1,B2,B3,phiB1,phiB2,phiA3
3x3_1,0.3,-0.22499999999999998,True,-0.4708180609941904,1.6869058758197902e-09,0.003471763997874795,0.7159203330432669,0.5196711923053812,0.1167826323563617,0.12847057191467345,0.2557838751912624,0.16382379538545475,3.14135170038442,0.0001409060879148938,-0.0011706941195343329
ans,J2,J3,Converge,Energy,Sigma,gap,L,A1,A2,B1,B2,B3,phiB1,phiA2,phiB2
q0_1,0.3,-0.22499999999999998,True,-0.5254411858369158,9.370103861302724e-10,0.001569214105454375,0.8819420046036731,0.516221931861879,0.3879426032746087,0.22755367331380805,0.22184041509992783,0.39591469133372276,3.1413249145568125,3.14156872378578,3.1422871207399425
