ans,J2,J3,Converge,Energy,Sigma,gap,L,A1,A3,B1,B2,B3,phiB1,phiB2,phiA3
3x3_1,0.14999999999999997,0.07500000000000001,True,-0.49561305069053085,2.8267774312693123e-09,0.00265502548193299,0.776197579685851,0.53478410804185,0.22298467334335584,0.14814122081839842,0.3331713070145495,0.19704286546700348,3.1413367884017105,-0.00015147527158128365,0.004745689811136271
ans,J2,J3,Converge,Energy,Sigma,gap,L,A1,A2,B1,B2,B3,phiB1,phiA2,phiB2
q0_1,0.14999999999999997,0.07500000000000001,True,-0.4706242352545511,4.63602716415143e-09,0.0024323122845516048,0.7241231859384564,0.5169681738571342,0.2476724300773251,0.1819616270828737,0.19160782494402062,0.26001584143702017,3.141069631418851,3.1429921619539427,3.1445983069890495
