ans,J2,J3,Converge,Energy,Sigma,gap,L,A1,A3,B1,B2,B3,phiB1,phiB2,phiA3
3x3_1,0.22500000000000003,0.07500000000000001,True,-0.4807110900548013,2.7616030723081853e-09,0.003593844238165953,0.7377414458126125,0.5282208291399277,0.18618674114160763,0.1384222448985591,0.29630279926902264,0.16751520628268174,3.1417460799057735,2.447270811619049e-07,0.0040311661025830454
ans,J2,J3,Converge,Energy,Sigma,gap,L,A1,A2,B1,B2,B3,phiB1,phiA2,phiB2
q0_1,0.22500000000000003,0.07500000000000001,True,-0.47585433232270324,2.1797640018120785e-09,0.002290255675544219,0.7439218843661192,0.5195303847357863,0.2918826814380208,0.19721228851460212,0.1988881766621876,0.2996896102405145,3.141198566038933,3.1418882243294606,3.1419780846332976
