ans,J2,J3,Converge,Energy,Sigma,gap,L,A1,A3,B1,B2,B3,phiB1,phiB2,phiA3
3x3_1,-0.3,0.07500000000000001,True,-0.642420910866036,4.729675799280835e-09,0.0014711417283821255,1.1323118619296018,0.5409113778327163,0.3307303990224333,0.17775982305978957,0.44468633596944607,0.29157411304147585,3.1414226586768166,0.00014747025702365694,0.0004450372441477418
ans,J2,J3,Converge,Energy,Sigma,gap,L,A1,A2,B1,B2,B3,phiB1,phiA2,phiB2
q0_1,-0.3,0.07500000000000001,True,-0.47658865165597214,1.7762831769867643e-09,0.004013986146351472,0.7233653061946494,0.49763873212151477,0.10078001894135738,0.12338037365914527,0.17976689855977845,0.14419446169741446,3.14202376851853,3.1485003641513427,3.140703788930585
