ans,J2,J3,Energy,Sigma,gap,L,A1,A3,B1,B2,B3
3x3,0.07500000000000001,0.22500000000000003,-0.47098211150390895,1.3725435187345996e-09,0.009442318427623527,0.7162952654355609,0.5139651937175546,0.2968860954467909,0.17327184938821522,0.3163502994694191,0.09715752926541998
A1,A3,B1,B2,B3
31.839531011712552,0.2787770014833768,-11.425527191022411,-5.86963810889074,-13.918144414759581
ans,J2,J3,Energy,Sigma,gap,L,A1,A2,B1,B2,B3
q0,0.07500000000000001,0.22500000000000003,-0.45779620294274687,2.805854536682069e-10,0.0024093661779433337,0.6830528692399578,0.5116079798882065,0.1811040529477726,0.16920510800817248,0.17672179704652488,0.1962142225183453
A1,A2,B1,B2,B3
1.8709478410983138,9.07451891407618,-8.775147275486006,-8.395006911854352,-6.874500968478969
ans,J2,J3,Energy,Sigma,gap,L,A1,A2,A3,B1,B2,phiA1
cb1,0.07500000000000001,0.22500000000000003,-0.4924069042036263,6.413823947701566e-09,-0.0024575909226846604,0.779082817464728,0.5183965203572461,0.05332996963355568,0.3803461692678617,0.1914159506302363,0.1784991684605096,1.935803056076101
A1,A2,A3,B1,B2,phiA1
25.40234689263343,3.81172871044555,48.628101545489244,-13.122170017254575,-50.28877314572355,0.002623301610382711
