ans,J2,J3,Energy,Sigma,gap,L,A1,A3,B1,B2,B3
3x3,0.3,-0.07500000000000001,-0.43734520662885673,5.66488913535272e-10,0.08602934396633029,0.6299538374785896,0.4944516704572064,0.07652066273939173,0.13068837619251278,0.1692545643570636,0.04613854558649269
A1,A3,B1,B2,B3
16.10489519521252,-9.841016890277388,-6.727951529228449,-0.350941498084012,12.84083950281456
ans,J2,J3,Energy,Sigma,gap,L,A1,A2,B1,B2,B3
q0,0.3,-0.07500000000000001,-0.5058953439194063,2.844583501785336e-09,0.0011069428992882917,0.8323775779132433,0.5217413219328422,0.3729554319833022,0.229424711390725,0.21781018218541148,0.39558640762543984
A1,A2,B1,B2,B3
9.323319893894677,21.68976109828691,-41.21203378559812,-23.503532453617026,6.030398402856463
