ans,J2,J3,Energy,Sigma,gap,L,A1,A3,B1,B2,B3
3x3,-0.15,0.14999999999999997,-0.5217061443404265,8.01400788087257e-09,0.0007968537452318542,0.8505998183133533,0.5210564056388703,0.3672373596706575,0.20497233020751218,0.392904358063033,0.15970875742290447
A1,A3,B1,B2,B3
15.905166073082455,57.151061660931646,-61.9789775058166,3.5982328228101323,-25.307089757120593
ans,J2,J3,Energy,Sigma,gap,L,A1,A2,B1,B2,B3
q0,-0.15,0.14999999999999997,-0.46301968953184264,9.075190637635598e-11,0.0024750504172011034,0.6900585357337257,0.5042200857157793,0.13430858781751107,0.15071239894579036,0.17519753232594582,0.1596850683698817
A1,A2,B1,B2,B3
1.8890999875509351,-7.6894601797050655,-1.1280421041703903,5.113687251423471,-0.7956968417488497
ans,J2,J3,Energy,Sigma,gap,L,A1,A2,A3,B1,B2,phiA1
cb1,-0.15,0.14999999999999997,-0.4669435661904228,3.5909545466492174e-06,0.011671636896628104,0.7058069377074814,0.5004213616766837,0.0025635353927620508,0.04101826811424941,0.1491316099943616,0.185325767043177,2.99999077707443
A1,A2,A3,B1,B2,phiA1
0.0,0.0,0.0,0.0,0.0,0.0
