ans,J2,J3,Energy,Sigma,L,A1,A3,B1,B2,B3,phase
3x3,-0.015,-0.0049999999999999975,-0.47333637938407835,1.179506123409165e-11,0.7243470064361816,0.5175562091614899,0.2610968142670176,0.1804590903897571,0.31660945161041776,0.11961943835027611,100
A1,A3,B1,B2,B3
4.174660617418904,-0.010325074130139604,-5.066613795028603,0.04940492460120569,0.010103029524068656
ans,J2,J3,Energy,Sigma,L,A1,A2,B1,B2,B3,phase
q0,-0.015,-0.0049999999999999975,-0.46895375840402675,1.556677421999481e-11,0.7137994466118364,0.5161570243934419,0.21307597434466463,0.1787475295308284,0.1901715560889039,0.24365264135648668,0.0018007474307256215
A1,A2,B1,B2,B3
1.7811307981059583,-0.06394884621650618,-8.800904449395432,0.059507954118137696,0.009992007221329341
ans,J2,J3,Energy,Sigma,L,A1,A2,A3,B1,B2,phiA1,phase
cb1,-0.015,-0.0049999999999999975,-0.47184889917467887,2.8410154729917382e-11,0.7188810001323586,0.5166166178294147,0.04070339241050558,0.2760280130430073,0.17630098886690293,0.14802362303095062,1.957043661759879,0.00976738805156777
A1,A2,A3,B1,B2,phiA1
3.733013897370488,-0.06117328865672375,-0.010047518373952753,-6.31694696532425,0.05889733145461163,0.09046838278536794
