ans,J2,J3,Energy,Sigma,L,A1,A2,B1,B2,B3,phase
q0,0.0,0.0049999999999999975,-0.4686510185683781,6.71141996797028e-12,0.713535839334791,0.5166141932880616,0.0,0.18003490752909473,0.0,0.24662167175455785,100
A1,A2,B1,B2,B3
3.0494495819010963,-0.0,-5.382971845886128,0.0,-0.012045919816824279
ans,J2,J3,Energy,Sigma,L,A1,A3,B1,B2,B3,phase
3x3,0.0,0.0049999999999999975,-0.47091698155722667,1.0977475407306333e-11,0.717534737299204,0.5167461023000655,0.25550639519039753,0.1780413198056413,0.0,0.11477348711903346,100
A1,A3,B1,B2,B3
3.839817352321428,0.017319479186040584,-5.369149569229957,0.0,-0.000444089209849195
ans,J2,J3,Energy,Sigma,L,A1,A2,A3,B1,B2,phiA1,phase
cb1,0.0,0.0049999999999999975,-0.47201194977672045,6.803563047578523e-12,0.7195749595407283,0.5167316578612048,0.0,0.2790046716378058,0.17663753296820192,0.0,1.9522678237576754,0.19359824508990767
A1,A2,A3,B1,B2,phiA1
4.490574579092897,0.0,0.009658940314219563,-5.2535753526615485,0.0,0.09262684508315869
