ans,J2,J3,Energy,Sigma,L,A1,A3,B1,B2,B3,phase
3x3,-0.005000000000000001,-0.03,-0.47012813509050666,2.2182313888828944e-12,0.715348175760782,0.516478883219604,0.246415099151322,0.17732401227424935,0.3064742179780241,0.115060914463098,100
A1,A3,B1,B2,B3
3.2543967522578674,-0.08898437542599817,-5.676292769298464,0.015709655800158658,0.049238391142027216
ans,J2,J3,Energy,Sigma,L,A1,A2,B1,B2,B3,phase
q0,-0.005000000000000001,-0.03,-0.4707516073650704,1.4966686348886605e-11,0.7203052689984539,-0.5176213485272296,-0.22523403919772145,0.18298070908538935,0.192965411346799,0.2574562589688064,0.0016773638448274574
A1,A2,B1,B2,B3
5.380196287577996,-0.011768364060676818,-3.6866620868164772,0.02275957200413848,0.1567634910941628
ans,J2,J3,Energy,Sigma,L,A1,A2,A3,B1,B2,phiA1,phase
cb1,-0.005000000000000001,-0.03,-0.46964961508802483,1.8030786748223137e-11,0.7121158715154622,0.5156171847663988,0.039511303872511006,0.2617038325607073,0.17350421301766816,0.1427950181237766,1.958140430449179,0.009503044640944829
A1,A2,A3,B1,B2,phiA1
4.004019337635816,-0.020150547896906283,-0.0490163465425447,-5.602407426696761,0.019928503291428597,0.0821331946896953
