ans,J2,J3,Energy,Sigma,L,A1,A3,B1,B2,B3,phase
3x3,-0.005000000000000001,-0.04,-0.46966101488277195,1.6003217552443153e-11,0.7140388282772558,0.5162909421221735,0.2431098230328812,0.17683663685408013,0.30465593960583315,0.11467405143863851,100
A1,A3,B1,B2,B3
3.963773752999936,-0.09137135492393156,-5.567823979480717,0.019539925235532857,0.07599476603544016
ans,J2,J3,Energy,Sigma,L,A1,A2,B1,B2,B3,phase
q0,-0.005000000000000001,-0.04,-0.4714241324009236,1.0230333220005683e-11,0.7225431750392762,-0.5179760016380011,-0.22864807444486035,0.18405776272411856,0.19386766378231124,0.2612371405347562,0.0016454652712123033
A1,A2,B1,B2,B3
5.547673430814475,-0.022870594306597696,-4.466094161026724,0.019095836022984466,0.014876988531599083
ans,J2,J3,Energy,Sigma,L,A1,A2,A3,B1,B2,phiA1,phase
cb1,-0.005000000000000001,-0.04,-0.4689780834932984,6.518913620072048e-12,0.7100036122090753,0.5152568564639991,0.039011249870449724,0.25662374987810843,0.17255590116498748,0.14109986868862381,1.9596443189403037,0.009428237662339555
A1,A2,A3,B1,B2,phiA1
3.9043213109082116,-0.020150547896906297,-0.09131584378537463,-6.095679516523041,0.019872992141302136,0.07899415566099154
