ans,J2,J3,Converge,Energy,Sigma,gap,L,A1,A3,B1,B2,B3,phiB1,phiB2,phiA3
3x3_1,0.0,0.14999999999999997,True,-0.5899427629247703,8.951291832692937e-10,0.0018696224671027194,0.9947835468792147,0.5589361246934991,0.21316418659058103,0.11462218370462442,0.0,0.3206543346019574,3.141582317916732,0.0,-0.0011310695975641435
ans,J2,J3,Converge,Energy,Sigma,gap,L,A1,A2,B1,B2,B3,phiB1,phiA2,phiB2
q0_1,0.0,0.14999999999999997,True,-0.4751072022804432,1.31209026852232e-09,0.006082156209207197,0.7173793773023771,0.5000077758980033,0.0,0.10557034068944171,0.0,0.1323977931764814,3.1416316297684728,0.0,0.0
