ans,J2,J3,Converge,Energy,Sigma,gap,L,A1,A3,B1,B2,B3,phiB1,phiB2,phiA3
3x3_1,-0.07500000000000001,-0.07500000000000001,True,-0.6321862529559196,3.112004765590376e-09,0.0016048362690022425,1.0994318429228254,0.5597375936765395,0.21084440612025251,0.11910365655994719,0.4314353383637593,0.35325481772667644,3.1410286927258464,-0.00018169297208521582,-0.0022126876469378064
ans,J2,J3,Converge,Energy,Sigma,gap,L,A1,A2,B1,B2,B3,phiB1,phiA2,phiB2
q0_1,-0.07500000000000001,-0.07500000000000001,True,-0.48248815006026,2.45039036119478e-09,0.003762252398674863,0.7396506776541649,0.5011391024236694,0.12572441629745232,0.11027911918793568,0.18248714905759422,0.15990972574762666,3.141498646252195,3.1487146634027514,3.143949846486868
