ans,J2,J3,Converge,Energy,Sigma,gap,L,A1,A3,B1,B2,B3,phiB1,phiB2,phiA3
3x3_1,-0.3,0.3,True,-0.692035679216189,1.871829113206781e-09,0.001622344027419403,1.2267673652391706,0.5571539382610566,0.2499332883243035,0.12094168857018793,0.4463561343751223,0.3551559199477309,3.1414920228445578,7.144993270462707e-05,-0.0006107209832500128
ans,J2,J3,Converge,Energy,Sigma,gap,L,A1,A2,B1,B2,B3,phiB1,phiA2,phiB2
q0_1,-0.3,0.3,True,-0.48714576315887226,2.161600868599042e-09,0.00691457277823307,0.7446717565239371,0.493307758071087,0.053928834979486515,0.07937065464564315,0.17515725494745213,0.10987371793409946,3.142510507516258,3.1663787947739648,3.1404603873800596
