ans,J2,J3,Converge,Energy,Sigma,gap,L,A1,A2,B1,B2,B3,phiB1,phiA2,phiB2
q0_1,0.22500000000000003,0.07500000000000001,True,-0.4770039953158899,4.647241156169619e-09,0.002806270447260093,0.7380429136835844,0.5103840559516563,0.2504965968622121,0.1617295223899483,0.1882108701203628,0.22949795618610527,3.141136051616796,3.1427304645172205,3.143069818455249
