ans,J2,J3,Converge,Energy,Sigma,gap,L,A1,A2,B1,B2,B3,phiB1,phiA2,phiB2
q0_1,0.14999999999999997,0.07500000000000001,True,-0.47459859761685796,2.276296752712149e-09,0.003513137543023216,0.7248468361876227,0.5074688308556919,0.19690889109615503,0.14057879042938223,0.18090337517823213,0.19101496386584532,3.1410704860523486,3.144433543390247,3.143074667958783
ans,J2,J3,Converge,Energy,Sigma,gap,L,A1,A3,B1,B2,B3,phiB1,phiB2,phiA3
3x3_1,0.14999999999999997,0.07500000000000001,True,-0.5478099846649546,1.9394446891655457e-09,0.002185960040862483,0.8929148491041824,0.5553503605003104,0.1806139700975407,0.10846315543697722,0.37279175176855517,0.2884083934017239,3.141611629568605,0.0002998212716019391,-0.0036026032470680177
