ans,J2,J3,Converge,Energy,Sigma,gap,L,A1,A3,B1,B2,B3,phiB1,phiB2,phiA3
3x3_1,-0.07500000000000001,0.22500000000000003,True,-0.6114993705182686,3.400349137318627e-09,0.0018104022473508976,1.044120803525492,0.5588781411004622,0.227889369054307,0.11631585828660672,0.42020704496229655,0.32849660918308576,3.1422277835798775,-9.61413031638071e-05,-0.0003492823917841963
ans,J2,J3,Converge,Energy,Sigma,gap,L,A1,A2,B1,B2,B3,phiB1,phiA2,phiB2
q0_1,-0.07500000000000001,0.22500000000000003,True,-0.4768706513736296,2.034066546687413e-09,0.007539471279463418,0.7196878685219462,0.49726176849112463,0.0859198881300678,0.09447834890376877,0.16953644850405508,0.11587159457087734,3.1421788433610223,3.1577402014066025,3.1378481885927703
