ans,J2,J3,Converge,Energy,Sigma,gap,L,A1,A2,B1,B2,B3,phiB1,phiA2,phiB2
q0_1,0.3,0.22500000000000003,True,-0.4738224913726786,7.177752526834346e-10,0.002995866386200976,0.7296748729234216,0.5093163679130871,0.2600524035355925,0.16414193533442467,0.18359192352859963,0.22547879956474967,3.1400451070238224,3.1429277297303444,3.144281056843331
ans,J2,J3,Converge,Energy,Sigma,gap,L,A1,A3,B1,B2,B3,phiB1,phiB2,phiA3
3x3_1,0.3,0.22500000000000003,True,-0.508041241937358,1.3245692804085323e-09,0.0044012249994308745,0.7917549238872672,0.5407663732040058,0.14852329697976827,0.09444297916847041,0.30122076648055446,0.20540182855649652,3.1416813886871884,8.805789364509944e-05,0.0016061264374089685
