ans,J2,J3,Converge,Energy,Sigma,gap,L,A1,A3,B1,B2,B3,phiB1,phiB2,phiA3
3x3_1,0.3,-0.22499999999999998,True,-0.5265301993168369,2.142649253459424e-09,0.0022772170981790528,0.8437301564713185,0.5491038046350986,0.13101051958549367,0.10292613066843684,0.33956221917606355,0.28069509797587616,3.1415292766981793,0.0002811501327931158,0.002120216994147629
ans,J2,J3,Converge,Energy,Sigma,gap,L,A1,A2,B1,B2,B3,phiB1,phiA2,phiB2
q0_1,0.3,-0.22499999999999998,True,-0.5105500181573126,2.3081802381806886e-09,0.0014672826079197793,0.8423191426269194,0.50956504621658,0.3643715638483951,0.20630141507770533,0.2153437721971754,0.33019541898711524,3.140939243113656,3.141144318408067,3.142944494922409
