ans,J2,J3,Converge,Energy,Sigma,gap,L,A1,A2,B1,B2,B3,phiB1,phiA2,phiB2
q0_1,0.0,0.3,True,-0.47288292546037414,6.91125763915582e-10,0.009507286345254847,0.7094480994039342,0.4978933960609007,0.0,0.09791391645355121,0.0,0.1117042813138218,3.1422023607285703,0.0,0.0
