ans,J2,J3,Converge,Energy,Sigma,gap,L,A1,A3,B1,B2,B3,phiB1,phiB2,phiA3
3x3_1,-0.3,0.22500000000000003,True,-0.6970522120895095,2.4977527540149387e-09,0.0015810479941840826,1.240551456430844,0.5574828325656352,0.24515851054814275,0.12148201911493409,0.44857769724420343,0.36061063580422054,3.142053991800825,1.0651312718770275e-05,7.902552705589027e-07
ans,J2,J3,Converge,Energy,Sigma,gap,L,A1,A2,B1,B2,B3,phiB1,phiA2,phiB2
q0_1,-0.3,0.22500000000000003,True,-0.4881031060503275,5.279484119606827e-09,0.006063658602990966,0.7481823500849422,0.4936221238007737,0.058153075939698075,0.08084331748193137,0.17744978965898134,0.11609970787029711,3.141702523098486,3.1623481437268874,3.1411292802485136
