ans,J2,J3,Converge,Energy,Sigma,gap,L,A1,A3,B1,B2,B3,phiB1,phiB2,phiA3
3x3_1,0.0,0.07500000000000001,True,-0.5945010825912731,1.2524570276915687e-09,0.0018000796239081487,1.0075114980059992,0.5594632255435839,0.20856404997892633,0.1155184939261814,0.0,0.3281551936943823,3.141346368543013,0.0,0.002440172417224503
ans,J2,J3,Converge,Energy,Sigma,gap,L,A1,A2,B1,B2,B3,phiB1,phiA2,phiB2
q0_1,0.0,0.07500000000000001,True,-0.4765495675084361,8.237072352735689e-10,0.004932069561670032,0.7225883988613212,0.5012518410680358,0.0,0.1103801980357516,0.0,0.145000054555855,3.141290584600779,0.0,0.0
