ans,J2,J3,Converge,Energy,Sigma,gap,L,A1,A3,B1,B2,B3,phiB1,phiB2,phiA3
3x3_1,0.14999999999999997,0.0,True,-0.5518752600045196,1.2126209877249696e-09,0.0020692393696931472,0.9044224881522228,0.5562060622917613,0.0,0.10961321161815876,0.37782380589980086,0.0,3.1410660643100545,0.0002118313843791098,0.0
ans,J2,J3,Converge,Energy,Sigma,gap,L,A1,A2,B1,B2,B3,phiB1,phiA2,phiB2
q0_1,0.14999999999999997,0.0,True,-0.47766088060375533,2.000601370840423e-09,0.002927693120720791,0.7362020220166166,0.509213816612505,0.21971386149379918,0.14988969943048358,0.18690270411963186,0.0,3.1413435997003636,3.1433896251408804,3.1430646100664656
