ans,J2,J3,Converge,Energy,Sigma,gap,L,A1,A3,B1,B2,B3,phiB1,phiB2,phiA3
3x3_1,-0.15,0.3,True,-0.6344137568750337,3.1563092748488915e-09,0.0017690707499515386,1.0952593071846795,0.5581956083148828,0.24042066811000004,0.11764733459293399,0.4288059381740269,0.334475758294255,3.141062295374612,-0.00021222809079651678,4.934863931069278e-06
ans,J2,J3,Converge,Energy,Sigma,gap,L,A1,A2,B1,B2,B3,phiB1,phiA2,phiB2
q0_1,-0.15,0.3,True,-0.47936794654105525,2.4649215870989345e-09,0.008478444126853838,0.7247230513758965,0.49533057305526396,0.06852230412449226,0.08690875298750166,0.16940281266162355,0.10657769472110361,3.1420181139833057,3.160236941477777,3.1416177175683146
