ans,J2,J3,Converge,Energy,Sigma,gap,L,A1,A3,B1,B2,B3,phiB1,phiB2,phiA3
3x3_1,-0.15,-0.3,True,-0.6810852160573577,2.9840005583677498e-09,0.00145387146857082,1.2141242121865528,0.5577771687682973,0.20851766835273816,0.12179413665027136,0.4461004537231301,0.37363508917914795,3.1409459132675117,-0.00018448851630847014,-0.00019691525609802203
ans,J2,J3,Converge,Energy,Sigma,gap,L,A1,A2,B1,B2,B3,phiB1,phiA2,phiB2
q0_1,-0.15,-0.3,True,-0.49198756410313893,2.238734704829025e-09,0.002714476998459974,0.7687168162775821,0.5013161779656133,0.1409367899422325,0.11544875668486326,0.19376510798688795,0.18882839654333355,3.141812672780509,3.150386181495717,3.140764842229937
