ans,J2,J3,Energy,Sigma,gap,L,A1,A2,A3,B1,B2,phiA1
cb1,-0.15,-0.07500000000000001,-0.4691781480692576,1.235159976024969e-10,0.11587577253683236,0.7018483976724558,0.49784133551508,0.055472198022090205,-0.1724518653326252,0.1345824756117198,-0.20704990528628436,6.282372092929811
A1,A2,A3,B1,B2,phiA1
3.919198299229265,-0.7222000775186643,-0.16592283103022964,-4.739875159032181,0.5593858709573851,0.04250100271718792
ans,J2,J3,Energy,Sigma,gap,L,A1,A3,B1,B2,B3
3x3,-0.15,-0.07500000000000001,-0.5016821844431029,1.5106249345237407e-09,0.0030358071310684675,0.8012979053111212,0.5229245335395946,-0.3106242551019723,0.20069010371794266,0.3682826671799002,-0.15844751712003913
A1,A3,B1,B2,B3
3.9300784848705916,-0.14854784069484595,-4.570011036264532,0.10402789740737717,0.14266365866433262
ans,J2,J3,Energy,Sigma,gap,L,A1,A2,B1,B2,B3
q0,-0.15,-0.07500000000000001,-0.4737251997253855,2.114887623856444e-09,0.002509880121706211,0.725699935441707,0.5128077387910515,0.1665406243910983,0.17197552324228252,0.19245922107182348,-0.23557263665984685
A1,A2,B1,B2,B3
4.743094805803594,-0.9479084184249587,-3.3889557826682903,0.5017097848281082,0.5720979245893432
