ans,J2,J3,Energy,Sigma,gap,L,A1,A2,A3,B1,B2,phiA1
cb1,0.3,-0.07500000000000001,-0.4597309538732554,1.20966630715244e-09,0.011984037975175315,0.6829414714050305,0.5079533556337237,0.030872251104047135,-0.18583256070823742,0.15748346472306932,0.08833543503583381,1.7971716288378132
A1,A2,A3,B1,B2,phiA1
3.4932057246805925,0.6654676809603188,-0.1944000516118649,-6.7608696419085845,-2.0166091019291343,0.022632451468496125
ans,J2,J3,Energy,Sigma,gap,L,A1,A3,B1,B2,B3
3x3,0.3,-0.07500000000000001,-0.43734612620263874,1.70155835213418e-10,0.0871523158239253,0.629957001751652,0.4944564528120176,-0.07665255083508801,0.13068357353698368,0.16927325897568435,-0.04631392513352443
A1,A3,B1,B2,B3
3.2081004519568523,-0.19773072068574038,-6.913636330097006,-2.805866650135158,0.14344081478157023
ans,J2,J3,Energy,Sigma,gap,L,A1,A2,B1,B2,B3
q0,0.3,-0.07500000000000001,-0.5068548991152011,9.942439149029585e-10,0.0018652610921711,0.8373572898695884,0.5203941893823479,0.3790786779010723,0.22847330870513136,0.2177494727254068,-0.3976267557838513
A1,A2,B1,B2,B3
7.419287406662534,3.93751697913558,-4.992672941739329,-1.8597345885495997,1.418642980866025
