ans,J2,J3,Energy,Sigma,gap,L,A1,A3,B1,B2,B3
3x3,-0.11249999999999999,0.3,-0.5273612620981274,8.890580422827794e-12,-0.0032731011420096545,0.8612156970119419,0.5159458862080865,0.3940439586908391,0.20016170618724557,0.3942136047146833,0.1467051184913902
A1,A3,B1,B2,B3
4.302114220422482,3.0531133177191805,-4.345523940685325,3.4865443865328416,-0.36970426720017713
ans,J2,J3,Energy,Sigma,gap,L,A1,A2,B1,B2,B3
q0,-0.11249999999999999,0.3,-0.4594558660579981,4.9839212235069135e-12,0.0076177502000399225,0.6782464894484791,0.5023330899961863,0.11988258596067541,0.1460291553891968,0.16830619946181707,0.13799899045581307
A1,A2,B1,B2,B3
3.2144287231972157,-0.8196776590807531,-7.5887074402203325,0.400679489587219,-1.3503087537003466
ans,J2,J3,Energy,Sigma,gap,L,A1,A2,A3,B1,B2,phiA1
cb1,-0.11249999999999999,0.3,-0.5172460641861467,3.0520037724204915e-11,-0.0017044948120354612,0.842401118830841,0.5162451902331349,0.04948182174252452,0.4303390509777976,0.19951603851851335,0.19816897470767564,1.9286185080677727
A1,A2,A3,B1,B2,phiA1
3.9298564402656666,-0.4942712905631197,0.4835021272242557,-5.039857420285898,0.4382050278195493,0.15986875157025793
