ans,J2,J3,Energy,Sigma,gap,L,A1,A3,B1,B2,B3
3x3,0.11249999999999999,0.11249999999999999,-0.45704286144468415,8.945442783698353e-12,0.02563900156364956,0.6788709923173457,0.5102337586043291,0.22266008949561528,0.16137197840916617,0.2701152334757169,0.07966305840390325
A1,A3,B1,B2,B3
3.6579073103837345,0.16869838859179254,-6.033507027325413,-0.5943023850818463,-0.24741320103771614
ans,J2,J3,Energy,Sigma,gap,L,A1,A2,B1,B2,B3
q0,0.11249999999999999,0.11249999999999999,-0.4651625780953858,1.6929068828472958e-11,0.003974335390652064,0.7070859003573431,0.5186911157934956,0.23372469826697395,0.18683932496330322,0.18898556861139773,0.25568199330328845
A1,A2,B1,B2,B3
4.0796810374388315,0.32440716779547074,-5.256683976995191,-0.38241632083213517,-0.19273471707492718
ans,J2,J3,Energy,Sigma,gap,L,A1,A2,A3,B1,B2,phiA1
cb1,0.11249999999999999,0.11249999999999999,-0.47677084860879115,2.444815965030227e-11,0.006009471119706931,0.7346098860243007,0.517840313204066,0.048967048209509256,0.31565583010838566,0.1814485320914777,0.1555953462716926,1.9342721466671302
A1,A2,A3,B1,B2,phiA1
3.8388181522464038,0.3914646384828302,0.1830757767606883,-5.544120718070644,-0.48760995241536875,0.11243517228365363
