ans,J2,J3,Energy,Sigma,gap,L,A1,A3,B1,B2,B3
3x3,-0.1875,-0.2625,-0.4984548268644313,1.900868010922068e-11,-0.006572556180135411,0.7934061023709501,0.5213967414549416,0.2787297706049227,0.1985761012907332,0.3557246785432256,0.15795304166168428
A1,A3,B1,B2,B3
4.537370479340552,-0.5417888360170764,-5.394462654351173,0.01199040866595169,1.3731238368563936
ans,J2,J3,Energy,Sigma,gap,L,A1,A2,B1,B2,B3
q0,-0.1875,-0.2625,-0.4828580939655398,6.345049257699143e-12,0.002732774420122847,0.7501468045829667,0.5153343577305388,0.21964007547486183,0.17909698643232824,0.20070374535242302,0.2680084131790492
A1,A2,B1,B2,B3
3.560263195367952,-1.9841905896100798,-6.3334892885791305,1.613709166292665,0.1658673198789984
ans,J2,J3,Energy,Sigma,gap,L,A1,A2,A3,B1,B2,phiA1
cb1,-0.1875,-0.2625,-0.46550242733642877,1.2054976322179842e-05,0.08069141722008076,0.6955380841556428,0.508078123300962,0.030079670416548965,0.17423785852143606,0.15861676077834838,0.14538658521471945,2.1877886772553117
A1,A2,A3,B1,B2,phiA1
3.7181924206208805,-1.0283995877102825,-0.8931189121597072,-5.794642543577311,0.6499800697667979,5.551115123125783e-09
