ans,J2,J3,Energy,Sigma,gap,L,A1,A3,B1,B2,B3
3x3,0.11249999999999999,0.03749999999999998,-0.45426890276726084,7.263061863269821e-12,0.028674906429189805,0.6711039598505893,0.5085661924474123,0.19328127702463552,0.1576292410124155,0.25380762102982674,0.07737022509812946
A1,A3,B1,B2,B3
3.599232023532295,0.06705747068735946,-6.2234661868387775,-0.6177280909014371,-0.07777112287499222
ans,J2,J3,Energy,Sigma,gap,L,A1,A2,B1,B2,B3
q0,0.11249999999999999,0.03749999999999998,-0.4706746132957038,1.3041858433939498e-11,0.0034001449077588272,0.7254259652626147,0.5213174787405309,0.2598276690949428,0.19536729910932185,0.19607658543685164,0.28617195098063347
A1,A2,B1,B2,B3
3.394284853186491,0.15154544286133387,-5.082601006733967,-0.45718984154063946,-0.0780486786311485
ans,J2,J3,Energy,Sigma,gap,L,A1,A2,A3,B1,B2,phiA1
cb1,0.11249999999999999,0.03749999999999998,-0.4702287022436522,9.612305451353042e-12,0.01018106125339323,0.714692808955588,0.5159207258632718,0.04399420667204566,0.2748018056081466,0.17455881686182848,0.14054585460762928,1.9269182054932226
A1,A2,A3,B1,B2,phiA1
3.7709280142905754,0.3854139229986231,0.06888933867799096,-5.801858993237374,-0.5004885395010206,0.09132928857624734
