ans,J2,J3,Energy,Sigma,gap,L,A1,A3,B1,B2,B3
3x3,-0.03749999999999998,0.03749999999999998,-0.4804816957048842,2.3249551518528662e-11,-0.002086202731342907,0.7440348291530948,0.5189666422642734,0.28762645356282646,0.18582302144889754,0.3342868757892732,0.12583362110553586
A1,A3,B1,B2,B3
3.799294212569748,0.0709432512735475,-5.712208483998893,0.1403321903126198,-0.07671641100159832
ans,J2,J3,Energy,Sigma,gap,L,A1,A2,B1,B2,B3
q0,-0.03749999999999998,0.03749999999999998,-0.46639245193457624,2.4108965773448435e-11,0.004123965717104786,0.7041657501469932,0.5133276074356314,0.19149461056253478,0.17121263549057053,0.1854264876733086,0.22016972277703964
A1,A2,B1,B2,B3
3.3756886175240197,-0.36282088444750116,-6.209366354426038,0.04118927421359331,-0.2183808689437683
ans,J2,J3,Energy,Sigma,gap,L,A1,A2,A3,B1,B2,phiA1
cb1,-0.03749999999999998,0.03749999999999998,-0.47635375345726405,7.223521737087987e-12,0.007531070067543674,0.7320930318768807,0.5179672794056316,0.04234257296715823,0.30080625164430974,0.18074962230048852,0.1572860458218141,1.9572930114419815
A1,A2,A3,B1,B2,phiA1
3.8411496205981166,-0.15731860258938468,0.0701660951563099,-5.541900272021394,0.1461053500406706,0.1036771113405166
