ans,J2,J3,Energy,Sigma,gap,L,A1,A3,B1,B2,B3
3x3,0.11249999999999999,0.07500000000000001,-0.45554488109630153,1.7672590591034385e-11,0.027212249452308376,0.6746470927886787,0.5094364680607917,0.20730935005510154,0.15947485991275975,0.2616621476563015,0.07846869269293445
A1,A3,B1,B2,B3
3.6313729800951933,0.12256862191861728,-6.123268558866357,-0.606070749142873,-0.15998313784848506
ans,J2,J3,Energy,Sigma,gap,L,A1,A2,B1,B2,B3
q0,0.11249999999999999,0.07500000000000001,-0.4677634157576287,9.732231983026373e-12,0.0036643639512022506,0.7157918674559883,0.5200774552206903,0.24674056230052396,0.19111175411658687,0.19254545882458937,0.27095299970698494
A1,A2,B1,B2,B3
4.382716412010268,0.29121149935917856,-5.282330128864032,-0.5092593013955593,-0.2453592884421596
ans,J2,J3,Energy,Sigma,gap,L,A1,A2,A3,B1,B2,phiA1
cb1,0.11249999999999999,0.07500000000000001,-0.47327328195324325,6.758496016342171e-12,0.007916531413889783,0.7240475571463958,0.5170083620642515,0.0464947619814738,0.29505151358013554,0.1780474331555137,0.14810683169573882,1.930817717085517
A1,A2,A3,B1,B2,phiA1
3.811950755050475,0.3885780586188048,0.12823075934420558,-5.666023206174486,-0.4936051567483446,0.10204799227864214
