ans,J2,J3,Energy,Sigma,gap,L,A1,A3,B1,B2,B3
3x3,0.0,-0.2625,-0.4616581724207192,1.6651523313787833e-11,-0.0006124528800287242,0.6917264854175836,0.5107174142270011,0.17770818467630248,0.16528238908436924,0.0,0.10547186065575755
A1,A3,B1,B2,B3
3.594957664887488,-0.9225398223122738,-6.3578031728184214,0.0,0.42810199829546036
ans,J2,J3,Energy,Sigma,gap,L,A1,A2,B1,B2,B3
q0,0.0,-0.2625,-0.49226334366483226,8.058299910804174e-12,0.002384111511784048,0.7886513378254694,0.5232876942088842,0.0,0.20748133152128387,0.0,0.34197584913230183
A1,A2,B1,B2,B3
3.967381978497997,-0.0,-5.349942711063704,0.0,0.8320011346540923
ans,J2,J3,Energy,Sigma,gap,L,A1,A2,A3,B1,B2,phiA1
cb1,0.0,-0.2625,-0.45905913619529454,9.166398317482324e-12,0.05235796447017035,0.6794613694050529,0.5073758304170348,0.0,0.1692547822962536,0.1553738831367506,0.0,2.0157041978917
A1,A2,A3,B1,B2,phiA1
3.5719760482777474,0.0,-0.9764411501578252,-6.304290423031489,0.0,0.024467550208129296
