ans,J2,J3,Energy,Sigma,gap,L,A1,A3,B1,B2,B3
3x3,0.1875,0.3,-0.45578332953887135,1.735281200262977e-11,0.06342815118366625,0.6774092912104008,0.5076086252850088,0.26705638791172975,0.1580693514947718,0.2813421903338275,0.06558360566962793
A1,A3,B1,B2,B3
3.6228242628055796,0.29043434324194095,-5.891842569383243,-1.0512701820175607,-0.7647771305130391
ans,J2,J3,Energy,Sigma,gap,L,A1,A2,B1,B2,B3
q0,0.1875,0.3,-0.4569245793961912,1.2856767072219631e-11,0.005589112097953632,0.6822958964955455,0.5151610277654495,0.20771657758879106,0.1788827605134827,0.17771392327080252,0.21753089338297277
A1,A2,B1,B2,B3
3.6827207949841068,0.21760371282653068,-5.840383732191867,-0.7985834216128751,-1.0626499680199686
ans,J2,J3,Energy,Sigma,gap,L,A1,A2,A3,B1,B2,phiA1
cb1,0.1875,0.3,-0.4972703920129594,1.7799340625633933e-11,0.0003215951525163515,0.7916678908205765,0.5166938969848516,0.06345682501812858,0.40110470717442737,0.1923081241859336,0.18246462402023683,1.952602531612643
A1,A2,A3,B1,B2,phiA1
3.7856384693668588,0.6212808045802376,0.41822101337629647,-5.310640815991974,-0.8065770273901762,0.14894999678105592
