ans,J2,J3,Energy,Sigma,gap,L,A1,A2,A3,B1,B2,phiA1
cb1,-0.3,0.07500000000000001,-0.49502919214586505,6.723890845132699e-12,0.003067700196215379,0.7835888172031232,0.5199188970853217,0.040308459261897744,0.3562546116497731,0.19295637921652162,0.1840156735756217,1.967051278233888
A1,A2,A3,B1,B2,phiA1
3.88367116244126,-1.6133760993852775,0.13644640972643174,-5.128564239953448,1.0682565942943256,0.12726625309156248
ans,J2,J3,Energy,Sigma,gap,L,A1,A3,B1,B2,B3
3x3,-0.3,0.07500000000000001,-0.5617114335397654,1.0973270279480463e-11,-0.008225630415929134,0.9515748019711685,0.5205577095329066,0.38587045619092136,0.2173192449009739,0.4193119201846856,0.18098437931262787
A1,A3,B1,B2,B3
2.548294908422122,3.677391724465906,-5.679789971679838,0.2383648833870211,-0.13944401189291966
ans,J2,J3,Energy,Sigma,gap,L,A1,A2,B1,B2,B3
q0,-0.3,0.07500000000000001,-0.470178557965042,1.5506532733708093e-11,0.005092660184204382,0.7044581792651602,0.501348676877719,0.11982717344367008,0.14354489569402398,0.17847827382584636,0.1553846508160633
A1,A2,B1,B2,B3
3.22830651100503,-3.685385330243207,-7.877754004681492,1.043554131996416,-0.21926904736346842
