ans,J2,J3,Energy,Sigma,gap,L,A1,A3,B1,B2,B3
3x3,0.1875,0.11249999999999999,-0.4475819127114783,1.4166809303109995e-11,0.07029446199026795,0.6540922011722714,0.5046721216799489,0.17352757594817392,0.14916287084983967,0.23250067110806522,0.06130571057885388
A1,A3,B1,B2,B3
3.5421110489153307,0.15182299861749016,-6.23195939297716,-1.2170264795940966,-0.24491519923230953
ans,J2,J3,Energy,Sigma,gap,L,A1,A2,B1,B2,B3
q0,0.1875,0.11249999999999999,-0.46925110219233956,2.7238972084487054e-11,0.0035556537748411155,0.7233351638300436,0.5222521710082207,0.2732640557879764,0.2001416636711024,0.19581735801328723,0.29445494792465515
A1,A2,B1,B2,B3
4.376055073862517,0.8063549827852512,-5.304090500146685,-0.921707155043805,-0.31674662892555716
ans,J2,J3,Energy,Sigma,gap,L,A1,A2,A3,B1,B2,phiA1
cb1,0.1875,0.11249999999999999,-0.47369571651662923,1.5437961051168727e-11,0.007328280219914828,0.7257532407401175,0.5168377283175211,0.05105641673539368,0.30213333574917767,0.17836594572018893,0.14755992592053285,1.924420882951554
A1,A2,A3,B1,B2,phiA1
3.8075098629519744,0.5857536677922326,0.17830181775480014,-5.6382676305588575,-0.8741896095898483,0.10504354053253451
