ans,J2,J3,Energy,Sigma,gap,L,A1,A3,B1,B2,B3
3x3,0.03749999999999998,-0.3,-0.45621283527547885,1.9320480934964848e-11,0.003214998584966526,0.6769894427715969,0.5070596282823292,0.1500296248317082,0.15732755509734325,0.24196021936891884,0.09383977385111644
A1,A3,B1,B2,B3
3.426592343203083,-1.2386758285742872,-6.862010959451936,-0.1755817713444685,0.45141668181258865
ans,J2,J3,Energy,Sigma,gap,L,A1,A2,B1,B2,B3
q0,0.03749999999999998,-0.3,-0.5008547633595921,3.202596290053484e-12,0.0022600078806193145,0.8148904330398159,0.5239852862835317,0.32455640129361807,0.21549198436681902,0.21639359185021936,0.3661491072462077
A1,A2,B1,B2,B3
5.803246772018156,1.8313128791191957,-5.456191054520332,-0.42010839251815923,1.3569145806968663
ans,J2,J3,Energy,Sigma,gap,L,A1,A2,A3,B1,B2,phiA1
cb1,0.03749999999999998,-0.3,-0.4572207895658326,1.5833315323011815e-11,0.052827512929369005,0.6745048669838476,0.5059789743506207,0.029237861521399244,0.15661498785131217,0.15281834141095746,0.10378697669840224,1.9613534559850285
A1,A2,A3,B1,B2,phiA1
3.5130232056701516,0.14038770146385104,-1.2327916465437738,-6.438460875557439,-0.15903944827755367,0.02123315967494932
