ans,J2,J3,Energy,Sigma,gap,L,A1,A3,B1,B2,B3
3x3,0.07500000000000001,0.03749999999999998,-0.4594892481865214,8.944267522698017e-12,0.00956142302416229,0.6853269063936646,0.5115606989125725,0.21773825174047,0.16450106697141736,0.2740098102171328,0.08877634014197888
A1,A3,B1,B2,B3
3.6669001168831983,0.06511458039426543,-6.104450278598961,-0.36876057762924574,-0.07455147610357926
ans,J2,J3,Energy,Sigma,gap,L,A1,A2,B1,B2,B3
q0,0.07500000000000001,0.03749999999999998,-0.4688124482580606,9.668007991007913e-12,0.003571219605647209,0.7176895801868839,0.5194784138820783,0.240799815715048,0.18885499342571344,0.1929032021175589,0.2676894725273972
A1,A2,B1,B2,B3
3.692490757600808,0.09864331573794516,-5.301981076399898,-0.3172462292866385,-0.11352030426792226
ans,J2,J3,Energy,Sigma,gap,L,A1,A2,A3,B1,B2,phiA1
cb1,0.07500000000000001,0.03749999999999998,-0.47161463739548937,2.5629403120532885e-11,0.009384859267114872,0.7186828376877976,0.5165118276320999,0.04356111517807051,0.2815904874626959,0.1761510367854932,0.1450253520069886,1.9358789858238823
A1,A2,A3,B1,B2,phiA1
3.7987391010574356,0.2713940183696195,0.06922240558537851,-5.729972052392895,-0.3206324095117452,0.09499106501387189
