ans,J2,J3,Energy,Sigma,gap,L,A1,A3,B1,B2,B3
3x3,0.3,-0.03749999999999998,-0.4367217746780629,1.3676938723422503e-11,0.0822342694487805,0.6294321022147344,0.4945140021054498,0.08127745036718285,0.1313185942260996,0.17176895824313584,0.04439907536647361
A1,A3,B1,B2,B3
3.233635581523231,-0.0868749516769185,-6.839473432052046,-2.7748914277481163,0.07349676423018536
ans,J2,J3,Energy,Sigma,gap,L,A1,A2,B1,B2,B3
q0,0.3,-0.03749999999999998,-0.5016701883225431,5.596097947334862e-12,0.002673037580958165,0.818549469315404,0.5228504502211921,0.36736213713267507,0.2277780842873906,0.2159887382007958,0.3901441721565989
A1,A2,B1,B2,B3
4.417355370378573,0.6916689443414725,-5.366929123340469,-2.4711344082106734,0.011657341758564144
ans,J2,J3,Energy,Sigma,gap,L,A1,A2,A3,B1,B2,phiA1
cb1,0.3,-0.03749999999999998,-0.461154687468015,1.2691314915456618e-11,0.022873423829900773,0.6872787657122178,0.509342207413138,0.03880210401847849,0.20214685551339343,0.16017453297435458,0.09801313341597091,1.8299167687049391
A1,A2,A3,B1,B2,phiA1
3.5635938644418275,0.7134293156241256,-0.08376632720796806,-6.498301896584735,-1.89681603757208,0.0378282072333036
