ans,J2,J3,Energy,Sigma,gap,L,A1,A3,B1,B2,B3
3x3,0.0,0.1875,-0.48350715086474205,1.512976778877156e-11,-0.00018716465794325597,0.7514313649788245,0.5171555045098959,0.3215706452038392,0.18461431558879263,0.0,0.1181668252668071
A1,A3,B1,B2,B3
3.8331560148208155,0.19484414082171497,-5.166200800488241,0.0,-0.4126698982531707
ans,J2,J3,Energy,Sigma,gap,L,A1,A2,B1,B2,B3
q0,0.0,0.1875,-0.460181051581542,1.1190040350735134e-12,0.005544337398976113,0.6852711173842249,0.5097666348725894,0.0,0.16295551242824402,0.0,0.18523994215201656
A1,A2,B1,B2,B3
3.539335491353768,-0.0,-6.537104191295384,0.0,-0.6527001161771295
ans,J2,J3,Energy,Sigma,gap,L,A1,A2,A3,B1,B2,phiA1
cb1,0.0,0.1875,-0.49147385064442906,2.503852918383857e-11,0.0020117606093152524,0.7761412794681459,0.5190055678625778,0.0,0.37185010455588585,0.1912918625474224,0.0,1.9411624876581586
A1,A2,A3,B1,B2,phiA1
3.8131720003775627,0.0,0.27422508708241367,-5.249800594242515,0.0,0.13811946031339062
