ans,J2,J3,Energy,Sigma,gap,L,A1,A3,B1,B2,B3
3x3,-0.11249999999999999,0.07500000000000001,-0.5022233497224998,2.6563001414930536e-11,-0.004151549082691594,0.8024716517009497,0.5212119928437164,0.33442916167455267,0.1985979536792331,0.37129350937349975,0.14714142801122795
A1,A3,B1,B2,B3
3.7446712397581905,0.12856382625159313,-4.134470543704083,0.12434497875801753,-0.16076029396572267
ans,J2,J3,Energy,Sigma,gap,L,A1,A2,B1,B2,B3
q0,-0.11249999999999999,0.07500000000000001,-0.4652934549847378,1.5383144725384395e-11,0.004786589241207885,0.6969118911709765,0.5083287813859819,0.15817366635354566,0.15898588263201358,0.17998635113080996,0.1865920946297798
A1,A2,B1,B2,B3
3.445077556563092,-0.5537237335317968,-6.857847623109592,0.43115511161317954,-0.18535173396116988
ans,J2,J3,Energy,Sigma,gap,L,A1,A2,A3,B1,B2,phiA1
cb1,-0.11249999999999999,0.07500000000000001,-0.4838699880828541,1.975132635474804e-11,0.004840113427127997,0.7537423068231871,0.5192881438911436,0.042943185402965066,0.33180828036859794,0.18682800465703944,0.17019758697960055,1.958987624513825
A1,A2,A3,B1,B2,phiA1
3.878009025015672,-0.5100364575127969,0.1341149413747189,-5.337175146280515,0.4235500838944972,0.11858229953531918
