ans,J2,J3,Energy,Sigma,gap,L,A1,A3,B1,B2,B3
3x3,0.11249999999999999,0.2625,-0.46600680518585175,1.208254689230211e-11,0.02047039811320882,0.7041766221900435,0.5113391814018093,0.29325998058503844,0.16804893847114594,0.30672744262798723,0.08409080459920155
A1,A3,B1,B2,B3
3.663569447809323,0.3287925487427401,-5.875910868979872,-0.553113110868253,-0.6644684802381562
ans,J2,J3,Energy,Sigma,gap,L,A1,A2,B1,B2,B3
q0,0.11249999999999999,0.2625,-0.4574190155319387,2.4543796085642317e-11,0.005763147121038896,0.6809906681952678,0.5126169724960122,0.18649309854581295,0.17111592821834679,0.1758390120627508,0.1994185546352846
A1,A2,B1,B2,B3
3.6557423754857155,0.13117285035946225,-6.238731753427373,-0.4719002966169228,-1.0104694858625862
ans,J2,J3,Energy,Sigma,gap,L,A1,A2,A3,B1,B2,phiA1
cb1,0.11249999999999999,0.2625,-0.4957891993545821,2.448633127477166e-11,0.0007750925996880426,0.7878819627521627,0.517688216000525,0.05738726048420384,0.392803385929117,0.19238655607343164,0.18174141250805897,1.9440208596617536
A1,A2,A3,B1,B2,phiA1
3.8312686356789527,0.4022338018216942,0.39535041906901824,-5.288214310894546,-0.4702904732312163,0.14614734977769217
