ans,J2,J3,Energy,Sigma,gap,L,A1,A3,B1,B2,B3
3x3,0.3,0.2625,-0.4401695861173294,1.2849915112678542e-11,0.09554454708983201,0.6367513072824278,0.5005730519961938,0.1635274041985515,0.14076598578041463,0.21539621017554136,0.044878003822438624
A1,A3,B1,B2,B3
3.5237923690090156,0.1195155086008981,-6.100786542617698,-2.2943869026903485,-0.6183387135649809
ans,J2,J3,Energy,Sigma,gap,L,A1,A2,B1,B2,B3
q0,0.3,0.2625,-0.4651585223576727,8.985003079574418e-12,0.004086915577363668,0.7125600186096959,0.5220002580899576,0.2822433652919792,0.20341179641994908,0.19233695777423185,0.29380559466532497
A1,A2,B1,B2,B3
3.7816971776294395,0.4127809205556332,-4.76191308607099,-1.2768119894701613,-0.724920123928996
ans,J2,J3,Energy,Sigma,gap,L,A1,A2,A3,B1,B2,phiA1
cb1,0.3,0.2625,-0.4857542829589486,1.8749838213116293e-11,0.002642485674092756,0.7609999042734832,0.5167985945175425,0.06981708177252999,0.3675711533628414,0.18678431338430537,0.16843500350155463,1.9577055560952832
A1,A2,A3,B1,B2,phiA1
3.7808645103609706,0.8610889778992714,0.3660405312189141,-5.496492150314225,-1.4459544672718039,0.1353841039275494
