ans,J2,J3,Energy,Sigma,gap,L,A1,A3,B1,B2,B3
3x3,-0.2625,0.07500000000000001,-0.5487435152927628,3.3851401703098717e-12,-0.008379887020228733,0.9201536565323767,0.5211172241293999,0.3784024646704412,0.21446271658482438,0.4121571831935426,0.17574588016547416
A1,A3,B1,B2,B3
4.465094960437455,0.021649348980190553,-4.62907490117459,2.9529712008979914,-0.2241540286718191
ans,J2,J3,Energy,Sigma,gap,L,A1,A2,B1,B2,B3
q0,-0.2625,0.07500000000000001,-0.4689222544424663,1.4044387362816818e-11,0.0050842124585997964,0.7020108026988806,0.5025572483894126,0.12585415846552883,0.14607796956679106,0.17836638017803375,0.15975615334310522
A1,A2,B1,B2,B3
3.144984273006912,-2.8018698472465076,-7.869149776240647,0.9687806112879116,-0.1826871987020695
ans,J2,J3,Energy,Sigma,gap,L,A1,A2,A3,B1,B2,phiA1
cb1,-0.2625,0.07500000000000001,-0.49264672311703994,3.716367839620695e-12,0.003408633563435045,0.7773131486095388,0.5198684440903213,0.04082715903982755,0.35176214289672736,0.19181754207353538,0.18153621792611996,1.96626001351611
A1,A2,A3,B1,B2,phiA1
3.887112853817598,-1.368460900152968,0.22315482794965646,-5.181854945135456,0.9917622278976523,0.12575318564245208
