ans,J2,J3,Energy,Sigma,gap,L,A1,A3,B1,B2,B3
3x3,-0.15,0.0,-0.5061411098361189,4.6443730227714305e-12,-0.005351721703186584,0.8135278312479606,0.5221973406422349,0.0,0.2017854844349253,0.37502731052128324,0.0
A1,A3,B1,B2,B3
3.4450220454118607,-0.0,-5.020872606564808,0.255351295663786,0.0
ans,J2,J3,Energy,Sigma,gap,L,A1,A2,B1,B2,B3
q0,-0.15,0.0,-0.4685956695789469,1.3709238315793524e-12,0.00423566387500438,0.7059118300747351,0.5089812682067593,0.16425325890409065,0.160577026311115,0.1838066352713832,0.0
A1,A2,B1,B2,B3
3.44896333714928,-0.8963385589311201,-5.85903547900557,0.7753797603982093,0.0
ans,J2,J3,Energy,Sigma,gap,L,A1,A2,A3,B1,B2,phiA1
cb1,-0.15,0.0,-0.47835563514118984,7.853312210909462e-12,0.008154713348782351,0.7365966577561851,0.5181198482906845,0.039785706977987195,0.0,0.18163132216212713,0.16240779959503887,1.9835713013592902
A1,A2,A3,B1,B2,phiA1
3.8480330033507926,-0.7205347429817266,0.0,-5.500377930900413,0.5442313266712517,0.09816060186906839
