ans,J2,J3,Energy,Sigma,gap,L,A1,A3,B1,B2,B3
3x3,-0.1875,-0.1875,-0.5027699984118266,5.197898945942743e-12,-0.006625608586691902,0.8051813907860368,0.5222395565155546,0.2965845401028464,0.20124650759500115,0.365217636486189,0.15960485660451398
A1,A3,B1,B2,B3
3.901989842347575,-0.4779510121011299,-3.520628233388834,0.5195843755245733,0.3149702720861569
ans,J2,J3,Energy,Sigma,gap,L,A1,A2,B1,B2,B3
q0,-0.1875,-0.1875,-0.4779492086215662,6.749979991300013e-12,0.003090398085815673,0.7344062235932601,0.513081358733876,0.19893871321838186,0.17197609025743818,0.19536573242186087,0.2435717593566881
A1,A2,B1,B2,B3
3.188671549025912,-1.195377130613906,-6.307288025197977,0.5198064201294983,0.030531133177191805
ans,J2,J3,Energy,Sigma,gap,L,A1,A2,A3,B1,B2,phiA1
cb1,-0.1875,-0.1875,-0.46808031999391103,9.021750113571902e-12,0.05952244358136905,0.7027239793977647,0.5101087407009144,0.03337006340325053,0.1984909899428805,0.16277714872229518,0.15016250573711662,2.1739792726310254
A1,A2,A3,B1,B2,phiA1
3.729960784681907,-1.027233853534426,-0.5672129432809925,-5.876521491643416,0.6518674489086607,0.005904571276360571
