ans,J2,J3,Energy,Sigma,gap,L,A1,A3,B1,B2,B3
3x3,0.22500000000000003,0.03749999999999998,-0.44258694649502506,8.314027760766644e-12,0.09169260720846606,0.6419578116995242,0.5002649501263209,0.1282467789517061,0.14107824123585494,0.2035595796303038,0.05371492334806064
A1,A3,B1,B2,B3
3.4070524179696804,0.0648925357893404,-6.520062267867388,-1.6880385977913193,-0.07704947790898586
ans,J2,J3,Energy,Sigma,gap,L,A1,A2,B1,B2,B3
q0,0.22500000000000003,0.03749999999999998,-0.4804349315510814,9.312699387847541e-12,0.0030070462849484257,0.7590381676473221,0.5244072094031867,0.3176445249036931,0.21390507953596608,0.20597107721395186,0.34152731042482437
A1,A2,B1,B2,B3
5.059175300914376,0.9784395516021505,-4.643840867402105,-1.1357581541915351,-0.08382183835919932
ans,J2,J3,Energy,Sigma,gap,L,A1,A2,A3,B1,B2,phiA1
cb1,0.22500000000000003,0.03749999999999998,-0.4666685438813352,2.968207330432362e-11,0.012951667353976409,0.7042668420083454,0.5138458522646201,0.04560488123671804,0.25334050905999933,0.16969412376724366,0.12611758011746635,1.8955599844787154
A1,A2,A3,B1,B2,phiA1
3.7109204598095857,0.6422085085944218,0.06811218256075335,-6.0408900104391705,-1.1617373729677638,0.07717791405958963
