ans,J2,J3,Energy,Sigma,gap,L,A1,A3,B1,B2,B3
3x3,-0.11249999999999999,0.22500000000000003,-0.5178857252696294,1.0670165045924132e-11,-0.0036809058426733707,0.8399693125268427,0.5184609771307127,0.37516485986448034,0.20044135561867873,0.3879876167745971,0.14763734527834266
A1,A3,B1,B2,B3
3.5846881019097054,0.1241229341530925,-5.384359624827084,0.1241229341530925,-0.32374103398069565
ans,J2,J3,Energy,Sigma,gap,L,A1,A2,B1,B2,B3
q0,-0.11249999999999999,0.22500000000000003,-0.4610278951751607,9.61505517581052e-12,0.006524240557557234,0.6831867249216234,0.5040892943058208,0.1306287158027489,0.14965188665744114,0.17167801082250292,0.15179906473672414
A1,A2,B1,B2,B3
3.321731778527237,-0.7551181901988002,-7.338019081259972,0.4301559108910169,-0.8258393968674227
ans,J2,J3,Energy,Sigma,gap,L,A1,A2,A3,B1,B2,phiA1
cb1,-0.11249999999999999,0.22500000000000003,-0.504240274040229,2.737715699243287e-12,0.00015166679057269748,0.8098472314664493,0.5184550787060885,0.047754328897053444,0.40162703174792524,0.1965854334744419,0.19043126682457365,1.9359987320174707
A1,A2,A3,B1,B2,phiA1
3.8629099918807697,-0.49815707114930774,0.3652633751016765,-5.119793478058909,0.4342082249308987,0.14995892305691427
