ans,J2,J3,Energy,Sigma,gap,L,A1,A3,B1,B2,B3
3x3,0.11249999999999999,0.22500000000000003,-0.4632440521502512,3.070814262437852e-12,0.021356516192844628,0.6964668871688618,0.5115241105670726,0.274729731186702,0.1666875279552724,0.2975882245674483,0.08320636860881002
A1,A3,B1,B2,B3
3.6819991500181004,0.28727020762175925,-5.874412067896628,-0.5620504062164855,-0.5485611964672898
ans,J2,J3,Energy,Sigma,gap,L,A1,A2,B1,B2,B3
q0,0.11249999999999999,0.22500000000000003,-0.45900800671535996,1.3538606626554937e-11,0.005222916202947823,0.6863196036527975,0.5141281070911811,0.19725890714438973,0.1747247869755581,0.17887678853043296,0.21235414258906346
A1,A2,B1,B2,B3
3.68904906622447,0.24763524564264117,-5.983102902007431,-0.4672928710647284,-0.6926681450636352
ans,J2,J3,Energy,Sigma,gap,L,A1,A2,A3,B1,B2,phiA1
cb1,0.11249999999999999,0.22500000000000003,-0.4902594431446853,2.5536562130011853e-11,0.0018255901222043512,0.7730945682628177,0.5182803615846271,0.05556290646332597,0.3749521960645641,0.19016488114200242,0.17600232193192772,1.9421163330095865
A1,A2,A3,B1,B2,phiA1
3.7996272794771357,0.39879211044535623,0.4178879464689089,-5.318079310256962,-0.48105963657008033,0.13915621988047633
