ans,J2,J3,Energy,Sigma,gap,L,A1,A3,B1,B2,B3
3x3,0.14999999999999997,-0.07500000000000001,-0.4484097822822544,8.68646579098545e-09,0.05272668571568834,0.6547935581580113,0.5034912413761478,-0.1388577195126441,0.14711446231827488,0.217679592449983,-0.06798505731936796
A1,A3,B1,B2,B3
44.07130216321775,-16.884160736196918,-41.935011019234025,-66.6623978240466,16.021572957214403
ans,J2,J3,Energy,Sigma,gap,L,A1,A2,B1,B2,B3
q0,0.14999999999999997,-0.07500000000000001,-0.4835232462786939,4.891707397977857e-09,0.00048163636433150693,0.7696923803127952,0.5237941363065627,0.31217211995075766,0.21235959452944234,0.20826587174103972,-0.341746231182756
A1,A2,B1,B2,B3
47.29938662961786,21.265100791367786,-35.706548828784435,-0.7381872890732666,30.442870446734105
