ans,J2,J3,Energy,Sigma,gap,L,A1,A3,B1,B2,B3
3x3,-0.07500000000000001,0.3,-0.5168417039348462,1.7937386766387886e-09,0.0007866318883967024,0.8343729874477864,0.5164920172690599,-0.3853748638187525,0.19685493825892617,0.386177515581641,-0.1427516993162537
A1,A3,B1,B2,B3
16.249002143808866,31.378122322678337,-0.7296385717836529,19.50706263187385,-12.808754057402894
ans,J2,J3,Energy,Sigma,gap,L,A1,A2,B1,B2,B3
q0,-0.07500000000000001,0.3,-0.45769047145444103,4.7098111382831614e-11,0.0057670424185543925,0.6760478166233868,0.5030087405397633,0.12557588814408877,0.14871968096791754,0.16837102993726613,-0.14141359638266834
A1,A2,B1,B2,B3
4.20052881366928,-2.6304514122443834,-3.0642710591166633,1.2612133559741778,-3.3991143233436105
