ans,J2,J3,Energy,Sigma,gap,L,A1,A3,B1,B2,B3
3x3,-0.11249999999999999,-0.07500000000000001,-0.4906880559855219,2.3211166976691e-11,-0.004304719444871309,0.7724393070308765,0.5211470686425758,0.2916586142773559,0.1940011179418861,0.35020663482344677,0.1440957743138469
A1,A3,B1,B2,B3
4.282463272886616,-0.163202784619898,-5.42654809976284,0.33595348725157237,0.0950350909079134
ans,J2,J3,Energy,Sigma,gap,L,A1,A2,B1,B2,B3
q0,-0.11249999999999999,-0.07500000000000001,-0.4718314970932645,3.300820633902714e-12,0.0035492116395428844,0.7184014168181201,0.5133568980359328,0.195107531489121,0.17155816259723117,0.19044340360472203,0.23179845928979903
A1,A2,B1,B2,B3
4.179101509294014,-0.6511458039426543,-5.982214723587731,0.473454608851398,0.17053025658242404
ans,J2,J3,Energy,Sigma,gap,L,A1,A2,A3,B1,B2,phiA1
cb1,-0.11249999999999999,-0.07500000000000001,-0.47091949953451184,2.2188653843438338e-11,0.015203022168540966,0.7140305030451972,0.5152833704097354,0.03728226226244552,0.2543705831090132,0.1730731728064641,0.14845275373195874,2.0063170489964373
A1,A2,A3,B1,B2,phiA1
3.771039036593038,-0.5273559366969494,-0.17696955012524995,-5.833777905195348,0.40784042809605126,0.07004959945433598
