ans,J2,J3,Energy,Sigma,gap,L,A1,A3,B1,B2,B3
3x3,0.11249999999999999,-0.07500000000000001,-0.45146087829052634,5.033415459873152e-12,0.031782763926313067,0.6636375584876918,0.5059189788202931,0.1586347984042956,0.15270920292982867,0.2341986391119918,0.07496508056709678
A1,A3,B1,B2,B3
3.485545185810679,-0.18657297928825756,-6.5515926017667425,-0.6512568262451168,0.14066525722000733
ans,J2,J3,Energy,Sigma,gap,L,A1,A2,B1,B2,B3
q0,0.11249999999999999,-0.07500000000000001,-0.4813637605062854,4.150114515232211e-12,0.0028163227696747293,0.7594738140458738,0.5238495539060022,0.296988836676936,0.2072189109530481,0.20596386420379484,0.32874047554084196
A1,A2,B1,B2,B3
5.928812996103261,0.344058115331336,-4.06108480177636,-0.783928477687823,0.44930725806580085
ans,J2,J3,Energy,Sigma,gap,L,A1,A2,A3,B1,B2,phiA1
cb1,0.11249999999999999,-0.07500000000000001,-0.463368522468728,1.7408205957789945e-11,0.01961787334385551,0.6933702823673018,0.5118913624525867,0.03674731614571463,0.21993635505432943,0.1646021434718761,0.11900404022579272,1.9115816926157383
A1,A2,A3,B1,B2,phiA1
3.6511904610847523,0.3768652057090094,-0.1836308882730009,-6.232903082548091,-0.5210831766078172,0.0600283878160468
