ans,J2,J3,Energy,Sigma,gap,L,A1,A3,B1,B2,B3
3x3,-0.03749999999999998,0.0,-0.47810177010919264,4.959062777328544e-13,-0.0022186407483146603,0.7375210133995062,0.5186291697774572,0.0,0.1842539780292608,0.32757134780050334,0.0
A1,A3,B1,B2,B3
3.609335053056384,-0.0,-5.297429161998934,0.1403321903126198,0.0
ans,J2,J3,Energy,Sigma,gap,L,A1,A2,B1,B2,B3
q0,-0.03749999999999998,0.0,-0.46831845284625684,6.278484940323512e-12,0.00381130554178655,0.7105985750785632,0.5147220460478119,0.20230854951447652,0.17485993440785114,0.18842216328234498,0.0
A1,A2,B1,B2,B3
4.4763637241374,-0.20461410343841635,-5.997868868234946,0.13633538742396922,0.0
ans,J2,J3,Energy,Sigma,gap,L,A1,A2,A3,B1,B2,phiA1
cb1,-0.03749999999999998,0.0,-0.47317797329426864,5.5361847287456255e-12,0.009807176099113416,0.7223327602660635,0.5169419819892784,0.04062016025899691,0.0,0.17729730597035068,0.15108819370344473,1.9633864063518986
A1,A2,A3,B1,B2,phiA1
3.814504268007113,-0.15737411374061594,0.0,-5.6686322302823555,0.14527268277220173,0.09266188927270491
