ans,J2,J3,Energy,Sigma,gap,L,A1,A3,B1,B2,B3
3x3,0.14999999999999997,-0.22499999999999998,-0.4459830764313824,5.231962459031229e-12,0.05245459333164151,0.6504660488749928,0.5004680072861306,0.11086006274258983,0.14295927006545792,0.20248785506086409,0.06621408037843435
A1,A3,B1,B2,B3
3.2691072071600047,-0.8640865800657593,-7.063905016480021,-1.0345058143457209,0.37031488986372096
ans,J2,J3,Energy,Sigma,gap,L,A1,A2,A3,B1,B2,phiA1
cb1,0.14999999999999997,-0.22499999999999998,-0.4572921456239758,7.71733236385903e-12,0.038510834962780155,0.6752300881660053,0.5060251821254658,0.0262371979448288,0.15979591972530124,0.15341312303341573,0.08605532633104013,1.8322078727887898
A1,A2,A3,B1,B2,phiA1
3.4753311339841275,0.4632960681760778,-0.8455458555545192,-6.644407246625406,-0.787370169064161,0.01764882129329237
ans,J2,J3,Energy,Sigma,gap,L,A1,A2,B1,B2,B3
q0,0.14999999999999997,-0.22499999999999998,-0.5053138340245099,9.770870615112713e-12,0.0023507103131013823,0.829191585908712,0.5240363683809754,0.35060020889667637,0.2234403587676541,0.2181990450157199,0.38494583889734657
A1,A2,B1,B2,B3
3.9307446186853667,2.5777158185746885,-6.442402167294858,-0.11868284133242923,0.1963984530561902
