ans,J2,J3,Energy,Sigma,L,A1,A3,B1,B2,B3
3x3,0.18,0.21000000000000002,-0.45149216968710665,1.8228205239156426e-09,0.6656644888535438,0.5069286287240987,0.2238910206582293,0.1547954758063218,0.2593873001691895,0.06252921278048414
A1,A3,B1,B2,B3
1.6653345017128949,-0.5551115128969908,-6.661338154763381,-1.110223019630921,-2.220446051587794
ans,J2,J3,Energy,Sigma,L,A1,A2,B1,B2,B3
q0,0.18,0.21000000000000002,-0.4611359168668881,2.370457255302835e-09,0.6972775913966104,0.5183244049720251,0.23398812724241735,0.18752384386006404,0.18562603762257168,0.2503801928204458
A1,A2,B1,B2,B3
7.771561007994004,3.8857805902786815,-1.6653345386911418,2.220446051587794,3.3306690588927634
ans,J2,J3,Energy,Sigma,L,A1,A2,A3,B1,B2
0-pi,0.18,0.21000000000000002,-0.4528649750071599,9.274400388114288e-11,0.666558488324056,0.5004706560516742,0.08616626933423698,0.14641787603263048,0.14436450736261028,0.1941568574154141
A1,A2,A3,B1,B2
3.885780503997002,2.7755575644847426,2.220446051587794,-2.2204460515878046,1.6653345386908032
ans,J2,J3,Energy,Sigma,L,A1,A2,A3,B1,B2,phiA1
cb1,0.18,0.21000000000000002,-0.48141516893688197,4.572928059953053e-14,0.7447279865687264,0.5151710823432019,0.05176337239903646,0.3267854518652742,0.17884286329636995,0.15641723001947674,-1.945533288646946
A1,A2,A3,B1,B2,phiA1
1.1102230257939034,-2.2204460500470584,-2.2204460639137547,-6.661338154763408,-3.3306690773817036,-1.1102230381198528
ans,J2,J3,Energy,Sigma,L,A1,A2,A3,B1,B2,phiB1
cb2,0.18,0.21000000000000002,-0.4528649750014553,1.5318627992014392e-10,0.6665562416668724,0.5004699522287661,0.08616143440490147,0.14641903229510678,0.1443655540417203,0.19415783169116627,3.1415926513920756
A1,A2,A3,B1,B2,phiB1
3.8857805902786513,2.220446051587794,1.110223025793897,-4.996003616072579,1.1102230257939816,-0.5551115190599266
