ans,J2,J3,Energy,Sigma,L,A1,A3,B1,B2,B3
3x3,-0.3,-0.06,-0.4590558144639989,4.327553792647473,0.5000000075271275,0.5200693233968519,6.61069613518972e-05,4.057280756525339e-05,5.3198133120740954e-05,5.320180202835125e-05
A1,A3,B1,B2,B3
4.440892081081098,-1.1102230246262397,-4.440892098502926,0.0,0.0
ans,J2,J3,Energy,Sigma,L,A1,A2,B1,B2,B3
q0,-0.3,-0.06,-0.500000286141871,4.937148677441716e-08,0.5000000075271275,7.011227769717998e-07,7.455377165779855e-07,5.320164502789089e-05,5.320171286975952e-05,0.0021395189673634823
A1,A2,B1,B2,B3
1.1102230246251672,-2.2204460492503344,-3.330669073877194,0.0,1.1102230246383433
ans,J2,J3,Energy,Sigma,L,A1,A2,A3,B1,B2
0-pi,-0.3,-0.06,-0.44750969059997475,0.07282737348355124,0.5000000075271275,0.34010857288643037,5.338929129615542e-05,0.5667215524697852,0.13735652763681808,0.19941117132145028
A1,A2,A3,B1,B2
-25.5351297354454,-1.665334536938597,-1.1102230011694867,-7.216449666637495,0.5551115126047644
ans,J2,J3,Energy,Sigma,L,A1,A2,A3,B1,B2,phiA1
cb1,-0.3,-0.06,-0.4804257707547669,8.381707638395823e-09,0.7370937410951176,0.5148400312764685,0.03505955222357463,0.26189202189158894,0.17518433831374547,0.16611416880509794,2.103069790287202
A1,A2,A3,B1,B2,phiA1
3.330669077382176,-1.1102230234827766,0.0,-2.220446051587963,2.2204460515876243,1.1102230381199694
ans,J2,J3,Energy,Sigma,L,A1,A2,A3,B1,B2,phiB1
cb2,-0.3,-0.06,-0.4475292555814428,0.07282319294737799,0.5000000075271275,0.3401226795057087,5.3386242125284835e-05,0.5669911825555487,0.13736004673884444,0.1993780675322935,3.14159265827247
A1,A2,A3,B1,B2,phiB1
-24.424906431514177,-1.1102230246257314,-0.5551115129106948,-7.216449669413053,-0.5551115126047644,0.0
