ans,J2,J3,Energy,Sigma,L,A1,A3,B1,B2,B3
3x3,-0.21,-0.15,-0.4566141900298747,4.347086786277043,0.5000000075271275,0.5212417047282863,-2.2710698099892568e-08,5.3199176507090495e-05,5.3197409129512874e-05,-1.0408340855860843e-16
A1,A3,B1,B2,B3
3.330668975752885,1.110223024625157,-4.440892098502926,1.1102230246257314,0.0
ans,J2,J3,Energy,Sigma,L,A1,A2,B1,B2,B3
q0,-0.21,-0.15,-0.4757797049246436,5.123051059046372e-09,0.7268568902229845,0.5105811358209568,0.18157657741077013,0.16571136423970462,0.19200991316869503,0.22586487743796752
A1,A2,B1,B2,B3
4.440892004567832,-2.220446051587963,-8.881784206351853,2.220446051587794,-1.110223025793897
ans,J2,J3,Energy,Sigma,L,A1,A2,A3,B1,B2
0-pi,-0.21,-0.15,-0.47140032761149425,4.200038748584529e-10,0.7065852470481467,0.4972921438776934,0.05736525955328395,0.172644559828345,0.13307515669483738,0.20739923026791662
A1,A2,A3,B1,B2
1.1102230319569575,-2.7755575625588014,0.0,-3.8857805902786553,-0.5551115128969485
ans,J2,J3,Energy,Sigma,L,A1,A2,A3,B1,B2,phiA1
cb1,-0.21,-0.15,-0.4709450948590226,1.0145697257930896e-10,0.7105645294373119,0.511640350689802,0.034124106422137084,0.21463776331900128,0.16597617338192783,0.15344409047474994,2.1492954628249916
A1,A2,A3,B1,B2,phiA1
2.2204460515877855,-1.6653345352241649,-3.3306690773817067,-7.771561180557279,-0.5551115128969485,-1.6653345571797846
ans,J2,J3,Energy,Sigma,L,A1,A2,A3,B1,B2,phiB1
cb2,-0.21,-0.15,-0.4714003276112838,4.19374172803836e-10,0.7065852441637854,0.4972921432841518,0.05736528319422136,0.17264454528929038,0.13307515406172057,0.2073992177183843,3.1415926702617956
A1,A2,A3,B1,B2,phiB1
1.6653345294463393,-1.6653345352241649,0.0,-6.10622664186646,-1.110223025793897,-0.5551115190599266
