ans,J2,J3,Energy,Sigma,L,A1,A3,B1,B2,B3
3x3,-0.21,0.02999999999999997,-0.5055834404301445,5.059018042400943,0.5000000075271275,0.5218219890879923,6.610696135189609e-05,0.20156266500796283,0.27200943977255704,0.0027269331128464414
A1,A3,B1,B2,B3
4.440892081081098,1.1102230246263243,-2.2204460504190577,2.2204460380931064,1.1102230246398814
ans,J2,J3,Energy,Sigma,L,A1,A2,B1,B2,B3
q0,-0.21,0.02999999999999997,-0.46847535075337604,2.9720950901783824e-13,0.7035174609025695,0.505372375979311,0.14304188401893628,0.1525530496864397,0.18102195724433492,0.17811174190940915
A1,A2,B1,B2,B3
6.106226641866457,-1.665334538690852,-3.8857805902786553,2.2204460515877993,1.110223025793901
ans,J2,J3,Energy,Sigma,L,A1,A2,A3,B1,B2
0-pi,-0.21,0.02999999999999997,-0.4285274319735147,0.045939383275581974,0.5000000075271275,0.33801503534612587,0.0024663180895656,-0.208279843478537,0.12613792527858397,0.19977656454108944
A1,A2,A3,B1,B2
-22.759572154932467,-3.33066907389525,0.5551115126047644,-7.77156117924226,-1.1102230259034183
ans,J2,J3,Energy,Sigma,L,A1,A2,A3,B1,B2,phiA1
cb1,-0.21,0.02999999999999997,-0.48268226775765477,3.731690488410859e-10,0.7456659028723935,0.5163829756794831,0.03757887062983716,0.2941911467604143,0.17924416568011173,0.16643372636372583,2.0316046259904152
A1,A2,A3,B1,B2,phiA1
5.55111512896956,-2.220446046965553,0.0,-5.5511151289695695,-1.1102230257938122,-2.220446076239769
ans,J2,J3,Energy,Sigma,L,A1,A2,A3,B1,B2,phiB1
cb2,-0.21,0.02999999999999997,-0.42853672676484844,0.0458685620167423,0.5000000075271275,0.33800059370762797,0.002162428858786168,-0.20794481946952825,0.12611347947094315,0.19968666706970745,3.1415926161157413
A1,A2,A3,B1,B2,phiB1
-22.20446039272718,-0.555111512315875,-0.5551115129517091,-6.106226644203524,0.0,0.5551115190599266
