ans,J2,J3,Energy,Sigma,L,A1,A3,B1,B2,B3
3x3,-0.09,0.09000000000000002,-0.49763247874059025,1.311650120467456e-10,0.7910323406496823,0.5209650614999182,0.3322918196107063,0.19702729021387014,0.3681744120530582,0.14455091267560558
A1,A3,B1,B2,B3
11.10223025793912,4.440892127827513,-1.1102230257939394,3.3306690588927634,6.661338154763408
ans,J2,J3,Energy,Sigma,L,A1,A2,B1,B2,B3
q0,-0.09,0.09000000000000002,-0.4641693392435234,4.7578481494933374e-12,0.6951453092029817,0.5086665135762276,0.16074846459500927,0.16011381678522346,0.17986911389364035,0.18897320278659271
A1,A2,B1,B2,B3
5.551115128969508,-1.1102230257939012,-4.996003616072557,3.330669077381712,0.5551115128969538
ans,J2,J3,Energy,Sigma,L,A1,A2,A3,B1,B2
0-pi,-0.09,0.09000000000000002,-0.46973012259073904,1.5967900268205338e-09,0.7045386265456376,0.4964154611769376,0.05330175982211796,0.2046588990016733,0.13223975276166114,0.21854624763217503
A1,A2,A3,B1,B2
3.330669095870629,-3.885780587582491,-1.1102230257939816,-6.106226641866391,-2.220446051587794
ans,J2,J3,Energy,Sigma,L,A1,A2,A3,B1,B2,phiA1
cb1,-0.09,0.09000000000000002,-0.4819646412720361,4.1632664288959595e-10,0.7450435658384822,0.516497224855887,0.040435708065901244,0.3071816523004667,0.1796817657884208,0.1631005796608543,1.991594512250441
A1,A2,A3,B1,B2,phiA1
7.771561180557281,2.220446050047062,1.1102230319568729,-2.220446051587794,4.440892103175588,-2.220446076239727
ans,J2,J3,Energy,Sigma,L,A1,A2,A3,B1,B2,phiB1
cb2,-0.09,0.09000000000000002,-0.4697301225889107,1.5963962434803843e-09,0.7045386279852311,0.49641545889078376,0.05330169986440018,0.2046590142415485,0.13223975244410247,0.21854622743238533,3.1415926585756546
A1,A2,A3,B1,B2,phiB1
3.330669095870629,-0.5551115117412189,0.0,-5.551115128968892,0.0,-1.1102230381198532
