ans,J2,J3,Energy,Sigma,L,A1,A3,B1,B2,B3
3x3,-0.3,-0.15,-0.457501680524668,4.339986885414037,0.5000000075271275,0.5208158688499649,-1.1102230246251565e-16,5.319918780558042e-05,5.319784507479275e-05,-1.8503713949957756e-08
A1,A3,B1,B2,B3
4.440892081081098,0.0,-4.440892098502926,2.220446049251463,1.1102230246251568
ans,J2,J3,Energy,Sigma,L,A1,A2,B1,B2,B3
q0,-0.3,-0.15,-0.5000007011448668,5.774801085710858e-08,0.5000000075271275,2.160644364827928e-06,6.624635811463348e-05,5.3202018037116956e-05,5.32019246970418e-05,0.0021393665302368516
A1,A2,B1,B2,B3
5.55111512312592,2.220446049251463,-1.1102230246242268,4.440892098496907,1.1102230246383429
ans,J2,J3,Energy,Sigma,L,A1,A2,A3,B1,B2
0-pi,-0.3,-0.15,-0.43440743170296564,0.058536945881307194,0.5000000075271275,0.3382310277502784,0.017713214224551365,0.2462465105914785,0.1283467135221564,0.20000764358355047
A1,A2,A3,B1,B2
-25.53512945194851,-2.7755575606642116,-1.6653345385081828,-8.326672694622582,-0.5551115139925432
ans,J2,J3,Energy,Sigma,L,A1,A2,A3,B1,B2,phiA1
cb1,-0.3,-0.15,-0.475238907045932,5.480444738675784e-11,0.720857823214016,0.5114244189625381,0.033177367267455425,0.2161191001919319,0.1674010190650517,0.16250471645423528,2.2048108990923883
A1,A2,A3,B1,B2,phiA1
-0.5551115128969729,-2.775557558706984,-1.6653345386908454,-7.771561180557321,-2.220446051587794,0.0
ans,J2,J3,Energy,Sigma,L,A1,A2,A3,B1,B2,phiB1
cb2,-0.3,-0.15,-0.4344023595136665,0.0585801998344226,0.5000000075271275,0.33821681674793846,0.017577942476900137,0.2461513425501918,0.12837545744135756,0.2000658281304143,3.1416592775359082
A1,A2,A3,B1,B2,phiB1
-23.31468367131261,-1.1102230242656845,-0.5551115132986538,-7.216449669413053,-0.5551115126047644,1.1102230381198845
