ans,J2,J3,Energy,Sigma,L,A1,A3,B1,B2,B3
3x3,-0.24,-0.12,-0.5332970224620415,0.03389250249832622,0.8090571440153278,0.5196122896737234,-2.6112821127632913e-08,0.2385322272992473,0.3035722251138544,0.030636602592369323
A1,A3,B1,B2,B3
-3.3306690774641687,-1.1102230274007145,-5.551115128823202,-1.1102230327602836,0.0
ans,J2,J3,Energy,Sigma,L,A1,A2,B1,B2,B3
q0,-0.24,-0.12,-0.4408598161362812,0.08253407998743562,0.5000000075271275,0.3628612673029669,6.61069613518972e-05,0.16478273430698032,0.09999223239172435,0.10002763299296578
A1,A2,B1,B2,B3
-766.6089950554885,-45.51914400965499,-259.2370765252029,-13.322676309453241,-4.440892103179992
ans,J2,J3,Energy,Sigma,L,A1,A2,A3,B1,B2
0-pi,-0.24,-0.12,-0.4748297610723869,5.200991379298824e-10,0.7147862871242211,0.4966321608173567,0.05319743710712112,0.18625702448339562,0.13166098082480782,0.21276773985492575
A1,A2,A3,B1,B2
4.996003643805949,-0.5551115125117603,1.110223025793897,-3.8857805902787663,0.5551115128969485
ans,J2,J3,Energy,Sigma,L,A1,A2,A3,B1,B2,phiA1
cb1,-0.24,-0.12,-0.4738053397680631,1.2016284449808195e-08,0.7185234752067731,0.51279076586912,0.03446391371189392,0.22970843445369296,0.16897748285315203,0.15761455293394874,-2.134477059856674
A1,A2,A3,B1,B2,phiA1
6.1062266418664475,-1.6653345375354502,1.110223025793897,-6.661338154764567,-0.555111512897499,-0.5551115190594764
ans,J2,J3,Energy,Sigma,L,A1,A2,A3,B1,B2,phiB1
cb2,-0.24,-0.12,-0.47482976107225655,5.182973303185509e-10,0.7147860302660932,0.4966321764903348,0.053197348865420276,0.18625710720442815,0.1316609878885259,0.2127665338677733,3.1415926585868363
A1,A2,A3,B1,B2,phiB1
6.6613381177855535,0.5551115117413883,-1.110223025793897,-2.7755575644847847,1.6653345386908454,1.1102230381198532
