ans,J2,J3,Energy,Sigma,L,A1,A3,B1,B2,B3
3x3,0.12,0.24000000000000005,-0.46262117457371693,6.715178455693863e-13,0.6958102108427299,0.510977167081808,0.2797330519202854,0.16635023317102315,0.29883994366638666,0.08104295108844198
A1,A3,B1,B2,B3
4.996003616072556,2.2204460639137538,-3.8857805902786553,0.5551115159784378,0.5551115128969485
ans,J2,J3,Energy,Sigma,L,A1,A2,B1,B2,B3
q0,0.12,0.24000000000000005,-0.45799567408595077,2.778269500575251e-13,0.6842979751267372,0.5137433199112222,0.19558610742193372,0.17426734614320122,0.17834577027712395,0.2109267997746649
A1,A2,B1,B2,B3
5.551115128969506,2.7755575644847528,-4.996003616072557,1.1102230257939023,0.0
ans,J2,J3,Energy,Sigma,L,A1,A2,A3,B1,B2
0-pi,0.12,0.24000000000000005,-0.4577652202624905,6.56825619358436e-11,0.677453002675516,0.49876739896124184,0.07102086183327697,0.1808839605960934,0.1386590561953221,0.20798617167074918
A1,A2,A3,B1,B2
4.440892078523706,-1.110223025793897,0.5551115128969908,-5.5511151289695055,-1.110223025793897
ans,J2,J3,Energy,Sigma,L,A1,A2,A3,B1,B2,phiA1
cb1,0.12,0.24000000000000005,-0.4876370267587049,7.369686487994421e-13,0.761471602493732,0.5152359448509553,0.05058851888456934,0.34797815241271773,0.1821946617763909,0.1656350691621801,-1.9527999327418553
A1,A2,A3,B1,B2,phiA1
-2.220446002284001,-5.551115117413926,-5.551115098154629,-13.322676309526816,-5.5511151289695055,-3.3306691143595586
ans,J2,J3,Energy,Sigma,L,A1,A2,A3,B1,B2,phiB1
cb2,0.12,0.24000000000000005,-0.45776522026448657,6.451979328749947e-11,0.6774529595604923,0.49876737665062787,0.07102040662381673,0.1808845096025612,0.13865909685015834,0.20798629113877504,3.1415926507567007
A1,A2,A3,B1,B2,phiB1
1.6653345479353303,0.0,0.5551115128969061,-6.106226641866455,-2.7755575644847847,0.5551115190599266
