ans,J2,J3,Energy,Sigma,L,A1,A3,B1,B2,B3
3x3,0.14999999999999997,0.18,-0.45424038915963766,9.155750161290807e-10,0.672700778264059,0.5085403441965023,0.22954758956462373,0.15834391262884903,0.2672758192277846,0.07001295419174107
A1,A3,B1,B2,B3
1.1102230011420429,-1.1102230257939816,-7.216449667660372,-2.220446039261842,-1.6653345386908454
ans,J2,J3,Energy,Sigma,L,A1,A2,B1,B2,B3
q0,0.14999999999999997,0.18,-0.4618507842612025,7.82529680159031e-11,0.6985251403996959,0.5178947527563763,0.22896518517201622,0.1856258767389123,0.18591398675057166,0.2474820850851718
A1,A2,B1,B2,B3
3.885780503997023,1.110223025793897,-4.4408921031756305,0.0,-0.5551115128969485
ans,J2,J3,Energy,Sigma,L,A1,A2,A3,B1,B2
0-pi,0.14999999999999997,0.18,-0.4540592504375203,4.126485172892448e-11,0.6690166467482062,0.5002102473320053,0.08277219629660289,0.14942655647436195,0.1431036785498638,0.19561775576885398
A1,A2,A3,B1,B2
6.106226506280992,1.110223025793897,3.88578059027865,-2.220446051587794,2.7755575644847847
ans,J2,J3,Energy,Sigma,L,A1,A2,A3,B1,B2,phiA1
cb1,0.14999999999999997,0.18,-0.4796041952898483,1.997954793926661e-09,0.7396624836153026,0.5154083157452084,0.049105266156858056,0.3168304390741842,0.17792466871633006,0.15435898927113398,-1.9464475532332857
A1,A2,A3,B1,B2,phiA1
1.1102230011420429,-1.1102230234827872,-1.1102230319568729,-7.771561180557533,0.0,0.0
ans,J2,J3,Energy,Sigma,L,A1,A2,A3,B1,B2,phiB1
cb2,0.14999999999999997,0.18,-0.45405925043643514,4.330883347518287e-11,0.6690167344908194,0.5002103791776945,0.0827716659565336,0.14942550130447688,0.14310369020170696,0.19561781732108785,3.1415926566418437
A1,A2,A3,B1,B2,phiB1
3.8857805039969944,1.6653345386908454,0.0,-4.996003616072557,1.110223025793897,1.1102230381198532
