ans,J2,J3,Energy,Sigma,L,A1,A3,B1,B2,B3
3x3,0.14999999999999997,0.0,-0.4484141005584609,1.4016768837161014e-08,0.656703746856897,0.504484141651921,0.0,0.14982836608049763,0.22854509179485202,0.0
A1,A3,B1,B2,B3
-4.440892103175444,-0.0,-11.102230257939139,-7.771561180557321,-0.0
ans,J2,J3,Energy,Sigma,L,A1,A2,B1,B2,B3
q0,0.14999999999999997,0.0,-0.4764673460848693,1.744548389044933e-09,0.7462481942336707,0.5234265519552014,0.29147088670944044,0.2057083681527244,0.20276080173488337,0.0
A1,A2,B1,B2,B3
7.7715610079939825,1.1102230319568729,-3.3306690773816063,-1.1102230257939816,0.0
ans,J2,J3,Energy,Sigma,L,A1,A2,A3,B1,B2
0-pi,0.14999999999999997,0.0,-0.4510182669777853,5.115218163295593e-10,0.6621766659202729,0.5006903216722889,0.0920198716454071,0.0,0.1467489441750635,0.18093481505129755
A1,A2,A3,B1,B2
2.2204460515878917,-1.6653345386908507,0.0,-4.440892103175588,0.0
ans,J2,J3,Energy,Sigma,L,A1,A2,A3,B1,B2,phiA1
cb1,0.14999999999999997,0.0,-0.4659200271481976,2.6500796034768365e-15,0.6998387556031413,0.51223766008491,0.03955906017532801,0.0,0.16540577688510255,0.12391071976484488,-1.9229575399533643
A1,A2,A3,B1,B2,phiA1
4.440892004567994,3.330669075070588,0.0,-2.775557564484753,3.330669077381704,3.8857806334194853
ans,J2,J3,Energy,Sigma,L,A1,A2,A3,B1,B2,phiB1
cb2,0.14999999999999997,0.0,-0.4510182670963086,7.882156416524443e-11,0.662165671810393,0.5006847474840687,0.0920195903332335,0.0,0.14674980967402348,0.18094979325868032,3.141592650002073
A1,A2,A3,B1,B2,phiB1
7.216449507422989,2.7755575644847528,0.0,-0.5551115128969485,2.7755575644847847,1.1102230381198532
