ans,J2,J3,Energy,Sigma,L,A1,A3,B1,B2,B3
3x3,0.12,-0.27,-0.4475969528714427,8.197654556294184e-11,0.6555073402528538,0.5015641557495649,0.1167027863229075,0.1460663193285984,0.2101865259399385,0.07236584305092919
A1,A3,B1,B2,B3
2.7755575644847372,2.220446051587836,-6.661338154763381,2.220446051587794,2.2204460515878153
ans,J2,J3,Energy,Sigma,L,A1,A2,B1,B2,B3
q0,0.12,-0.27,-0.4359562835084597,4.407529477769194,0.5000000075271275,0.5240011680414857,0.2490757040694424,5.3198719543207096e-05,4.7325339324805205e-05,-1.0279836204496462e-08
A1,A2,B1,B2,B3
4.440892026882407,-1.1102230252095289,-4.440892098502926,-1.1102230246257314,1.1102230246251568
ans,J2,J3,Energy,Sigma,L,A1,A2,A3,B1,B2
0-pi,0.12,-0.27,-0.4496425892081273,2.894749743611791e-13,0.6586739790884988,0.5000767239997418,0.09429949271942614,0.0886127117671013,0.14752395789523373,0.17076448841725542
A1,A2,A3,B1,B2
4.996003505138997,0.5551115128969498,0.0,-3.8857805902786526,-1.665334538690852
ans,J2,J3,Energy,Sigma,L,A1,A2,A3,B1,B2,phiA1
cb1,0.12,-0.27,-0.45681466308377294,9.510269798775371e-10,0.6731482293751045,0.5051435014266091,0.025792504975151398,0.15008706375859118,0.15131827319428268,0.086447941748937,-1.8587937025063501
A1,A2,A3,B1,B2,phiA1
0.0,-0.5551115121265743,-1.6653345386908454,-8.881784206351176,-2.7755575644847847,-2.2204460762396843
ans,J2,J3,Energy,Sigma,L,A1,A2,A3,B1,B2,phiB1
cb2,0.12,-0.27,-0.4496425892080724,4.830540449314289e-13,0.6586738469556348,0.5000766745533226,0.09429990025728452,0.08861237351849383,0.14752407239709847,0.1707648077507242,3.141592662168724
A1,A2,A3,B1,B2,phiB1
6.106226506280992,0.0,-2.220446051587803,-6.106226641866457,0.5551115128969512,-1.6653345571797795
