ans,J2,J3,Energy,Sigma,L,A1,A3,B1,B2,B3
3x3,-0.18,0.02999999999999997,-0.45553179609608807,4.355745894773765,0.5000000075271275,0.521760587651332,-1.1102230246251565e-16,4.308791987053806e-05,5.3197167106167065e-05,-5.551115123125783e-17
A1,A3,B1,B2,B3
2.220446018336088,0.0,-4.440892098502926,2.220446049250785,0.0
ans,J2,J3,Energy,Sigma,L,A1,A2,B1,B2,B3
q0,-0.18,0.02999999999999997,-0.467790760996044,7.73145316874812e-14,0.7026814456010951,0.5065802604038964,0.14985982979445714,0.15526139140130396,0.18147008478606516,0.18391055389701158
A1,A2,B1,B2,B3
4.996003505138994,0.5551115128969505,-4.9960036160725565,2.7755575644847528,2.775557564484753
ans,J2,J3,Energy,Sigma,L,A1,A2,A3,B1,B2
0-pi,-0.18,0.02999999999999997,-0.42906180758194806,0.043225504038959625,0.5000000075271275,0.34310510281826445,0.0028315899805308603,-0.1775319133827621,0.12711927897471173,0.19478617593122938
A1,A2,A3,B1,B2
-22.204460638552327,-1.11022302463175,0.0,-8.326672691847024,-0.5551115132986538
ans,J2,J3,Energy,Sigma,L,A1,A2,A3,B1,B2,phiA1
cb1,-0.18,0.02999999999999997,-0.481129730955174,1.826257369012561e-10,0.7416022337865213,0.5162698442790605,0.03790750401145541,0.2908998574147296,0.17839891585343143,0.1640162439845743,2.0260108675112445
A1,A2,A3,B1,B2,phiA1
7.771561180557281,-2.220446046965553,1.110223019630921,-3.3306690773816907,1.110223025793918,-1.1102230381198528
ans,J2,J3,Energy,Sigma,L,A1,A2,A3,B1,B2,phiB1
cb2,-0.18,0.02999999999999997,-0.429052469941196,0.04324088477430132,0.5000000075271275,0.3431148112192589,0.0028343337198826757,-0.1780940842559561,0.12713043923759645,0.1948295106797196,3.1416592880978573
A1,A2,A3,B1,B2,phiB1
-19.984014575113427,0.555111512315875,1.6653345388551275,-4.996003616218438,3.88578058962113,1.6653345571797846
