ans,J2,J3,Energy,Sigma,L,A1,A3,B1,B2,B3
3x3,0.21000000000000002,-0.15,-0.44141950016798903,7.007303509658519e-14,0.6402280375652795,0.4975593042014449,0.09784507026246596,0.13763891508439832,0.18781023391899684,0.05345176314185749
A1,A3,B1,B2,B3
1.110223031956877,-1.110223025793901,-7.771561180557311,-2.7755575644847528,-1.665334535224178
ans,J2,J3,Energy,Sigma,L,A1,A2,B1,B2,B3
q0,0.21000000000000002,-0.15,-0.40918934932655304,4.466678277557739,0.5000000075271275,0.5242623047022744,0.3128545375080892,5.319854681121172e-05,5.3198628873790677e-05,5.319669242892511e-05
A1,A2,B1,B2,B3
3.3306690201618054,1.1102230313725048,-3.330669073877194,0.0,0.0
ans,J2,J3,Energy,Sigma,L,A1,A2,A3,B1,B2
0-pi,0.21000000000000002,-0.15,-0.44715358907594155,7.803375065776437e-09,0.6543650943187291,0.5007200058022642,0.1047578038104595,0.08212013659042416,0.15191111771430862,0.16714504204687292
A1,A2,A3,B1,B2
4.996003505139023,1.6653345386911418,1.1102230257936427,-4.440892103174571,0.0
ans,J2,J3,Energy,Sigma,L,A1,A2,A3,B1,B2,phiA1
cb1,0.21000000000000002,-0.15,-0.4586454071647053,5.282471466344421e-11,0.6784779420227526,0.5065871837003848,0.028581169553246563,0.16870020843641367,0.15415287210951029,0.08681077658859336,1.8225541276367663
A1,A2,A3,B1,B2,phiA1
6.661338154763378,2.7755575606328713,3.8857805902786393,-4.4408921031756305,2.2204460515878153,0.5551115190599211
ans,J2,J3,Energy,Sigma,L,A1,A2,A3,B1,B2,phiB1
cb2,0.21000000000000002,-0.15,-0.44715358942084743,1.8597340373802955e-10,0.6543725128774243,0.500719358142469,0.10470488273359378,0.08207171735040628,0.1518915576433029,0.16714238986449786,3.141592652577585
A1,A2,A3,B1,B2,phiB1
0.0,1.1102230257939816,-3.3306690773816907,-5.551115128969527,-2.220446051587794,-0.5551115190599266
