ans,J2,J3,Energy,Sigma,L,A1,A3,B1,B2,B3
3x3,0.3,-0.21,-0.4357328452744015,2.214872499267149e-09,0.6283976527311846,0.49243723773371645,0.06254962551625573,0.1288136243057586,0.1614718379281681,0.04336504306022251
A1,A3,B1,B2,B3
3.3306690588930175,-2.220446051587963,-6.106226641866391,-2.220446051587963,0.0
ans,J2,J3,Energy,Sigma,L,A1,A2,B1,B2,B3
q0,0.3,-0.21,-0.39931441678807766,4.514726969651201,0.5000000075271275,0.5238151026442402,0.2941685500799153,5.319854708085714e-05,5.3198578310542644e-05,5.319942411954881e-05
A1,A2,B1,B2,B3
3.3306690201618054,1.1102230190465532,-4.440892098502926,-2.220446049251463,-1.1102230246257314
ans,J2,J3,Energy,Sigma,L,A1,A2,A3,B1,B2
0-pi,0.3,-0.21,-0.44440638444715674,1.8391617159375375e-10,0.649867427754489,0.5006839056017219,0.12010440374926766,0.06048062835655778,0.15829819586743862,0.15667535136698907
A1,A2,A3,B1,B2
2.7755575028550226,-1.1102230257938122,-2.220446050047062,-4.440892103175588,-0.5551115128969061
ans,J2,J3,Energy,Sigma,L,A1,A2,A3,B1,B2,phiA1
cb1,0.3,-0.21,-0.45642732221676835,7.274021695796819e-11,0.6723118221239445,0.5031871948223593,0.015262870422351183,0.1349873146631554,0.149060433000036,0.05543474797948532,1.6824547298065375
A1,A2,A3,B1,B2,phiA1
3.3306690034260016,-0.5551115122228819,-3.8857805902786606,-8.326672693454249,-5.5511151251176445,-1.6653345571797846
ans,J2,J3,Energy,Sigma,L,A1,A2,A3,B1,B2,phiB1
cb2,0.3,-0.21,-0.44440638444696506,1.8124652454204197e-10,0.6498673460218518,0.5006839077864134,0.120104341754887,0.060479903819872914,0.15829822349478379,0.15667572649651373,3.1415926559221923
A1,A2,A3,B1,B2,phiB1
2.220446051587807,1.1102230257938122,-1.665334535224186,-4.996003616072536,-3.3306690773816907,1.1102230381198532
