ans,J2,J3,Energy,Sigma,L,A1,A3,B1,B2,B3
3x3,-0.12,0.12,-0.4497506179109646,4.340198972502781,0.5000000075271275,0.5205918714329185,0.2616869314057904,3.615555142305604e-05,5.319627151201267e-05,3.3380443155206496e-05
A1,A3,B1,B2,B3
4.440892081081098,0.0,-4.440892098502926,0.0,-1.110223024625562
ans,J2,J3,Energy,Sigma,L,A1,A2,B1,B2,B3
q0,-0.12,0.12,-0.4636784679087493,5.46964104205975e-14,0.6921907889191781,0.5064496238144653,0.1467432556161494,0.15498064940717368,0.1773726922360938,0.17437085026382707
A1,A2,B1,B2,B3
2.2204460515878024,0.0,-7.771561180557309,-0.5551115128969512,0.5551115128969508
ans,J2,J3,Energy,Sigma,L,A1,A2,A3,B1,B2
0-pi,-0.12,0.12,-0.43178720230784434,0.03921388531145358,0.5000000075271275,0.3449416520473284,6.61069613518972e-05,0.11524953778454124,0.12630815728748745,0.18659080067148617
A1,A2,A3,B1,B2
-22.204460639246214,0.0,0.0,-6.661338154032731,2.775557564411601
ans,J2,J3,Energy,Sigma,L,A1,A2,A3,B1,B2,phiA1
cb1,-0.12,0.12,-0.4865057582835204,3.1339964650233514e-10,0.7575399335970218,0.5167137756698285,0.040699993760638695,0.3236217996539215,0.1823513282337328,0.1688906644327267,1.9891148492526476
A1,A2,A3,B1,B2,phiA1
5.5511150057098755,1.1102230250235416,0.0,-5.551115128969485,0.0,0.0
ans,J2,J3,Energy,Sigma,L,A1,A2,A3,B1,B2,phiB1
cb2,-0.12,0.12,-0.43178736292709974,0.03921396828800156,0.5000000075271275,0.3449424243698252,6.61069613518972e-05,0.11524380183262223,0.12630853567100986,0.18658760811901987,3.1415926342562543
A1,A2,A3,B1,B2,phiB1
-22.75957190225046,-1.1102230246257314,0.5551115129517091,-8.881784207227346,-0.5551115126047644,-0.5551115190599266
