ans,J2,J3,Energy,Sigma,L,A1,A3,B1,B2,B3
3x3,-0.09,0.02999999999999997,-0.4926039730918629,1.8612186982558247e-13,0.7782001152742354,0.5212014759676216,0.3143160897986312,0.19534571188449984,0.3596005471436778,0.14352824776264067
A1,A3,B1,B2,B3
0.0,-4.440892078523703,-6.661338154763408,-3.3306690588927768,-3.3306690773817036
ans,J2,J3,Energy,Sigma,L,A1,A2,B1,B2,B3
q0,-0.09,0.02999999999999997,-0.46651060332061317,2.3090698252917662e-11,0.7028156618239122,0.5106786174227999,0.17482506344608037,0.16489939469391607,0.183905265878142,0.20627411317741337
A1,A2,B1,B2,B3
3.8857805039969966,-2.7755575644847528,-7.771561180557321,-2.220446051587794,-0.5551115128969485
ans,J2,J3,Energy,Sigma,L,A1,A2,A3,B1,B2
0-pi,-0.09,0.02999999999999997,-0.46745049633614316,1.0800584313244508e-11,0.6986290795839416,0.49744924070019164,0.058615809591840144,0.1857228915484801,0.13403314437324126,0.2114980481513056
A1,A2,A3,B1,B2
3.88578056870824,1.110223023482782,-0.5551115128969538,-4.996003616072557,1.6653345386908454
ans,J2,J3,Energy,Sigma,L,A1,A2,A3,B1,B2,phiA1
cb1,-0.09,0.02999999999999997,-0.4767770133333795,3.562553779950816e-10,0.7300844133931115,0.5157679265549852,0.03885656786598452,0.28069340938317816,0.17570569779120354,0.15610557303605668,-2.0064824021036523
A1,A2,A3,B1,B2,phiA1
6.661338006851918,0.0,2.2204460392618635,-3.3306690773817014,2.220446051587794,0.0
ans,J2,J3,Energy,Sigma,L,A1,A2,A3,B1,B2,phiB1
cb2,-0.09,0.02999999999999997,-0.46745049634430647,2.01927129469993e-11,0.6986286899771909,0.49744910418268085,0.058622597507678884,0.18571759387903777,0.1340329409116426,0.21149795049639422,3.1415926598022463
A1,A2,A3,B1,B2,phiB1
4.4408921278275075,2.7755575625588436,1.6653345386908454,-2.2204460515878046,2.220446051587794,0.5551115190599266
