ans,J2,J3,Energy,Sigma,L,A1,A3,B1,B2,B3
3x3,-0.02999999999999997,-0.12,-0.4704384747474247,1.9333994710835473e-11,0.7173528371418036,0.5163850669370007,0.2347213030934097,0.17832365702521358,0.30519452374991934,0.12089289095882476
A1,A3,B1,B2,B3
6.661338154763378,0.0,-3.8857805902786544,0.5551115098154605,3.8857805902786393
ans,J2,J3,Energy,Sigma,L,A1,A2,B1,B2,B3
q0,-0.02999999999999997,-0.12,-0.4761607852012244,9.449074530350432e-13,0.7377333918803112,0.5190685597528699,0.24236006222769688,0.18843009515456677,0.19896283383138572,0.28074240948345563
A1,A2,B1,B2,B3
1.1102230257939034,-2.2204460515878024,-6.661338154763408,-1.1102230257939023,-2.220446063913755
ans,J2,J3,Energy,Sigma,L,A1,A2,A3,B1,B2
0-pi,-0.02999999999999997,-0.12,-0.45925533703695814,7.123241410822719e-11,0.6792466508570096,0.4992056665738337,0.07342902729131794,0.1375104404979339,0.13925280098986687,0.19232379847539158
A1,A2,A3,B1,B2
4.440892127827513,0.0,-2.220446051587836,-8.881784206351261,-3.3306690773816907
ans,J2,J3,Energy,Sigma,L,A1,A2,A3,B1,B2,phiA1
cb1,-0.02999999999999997,-0.12,-0.4653175695944706,1.1172783093987051e-08,0.6969021328309736,0.5114964787253813,0.035174667506337895,0.2128104630311606,0.16356303703553438,0.13382632543426984,2.024194037285557
A1,A2,A3,B1,B2,phiA1
3.3306690773818373,-0.5551115125117603,1.6653345386908032,-3.3306690773809287,1.1102230257936427,0.0
ans,J2,J3,Energy,Sigma,L,A1,A2,A3,B1,B2,phiB1
cb2,-0.02999999999999997,-0.12,-0.45925533700307647,3.981282381037294e-12,0.6792459712395846,0.49920561426689586,0.0734097814516848,0.13750192065489988,0.13925447735851007,0.19231704919630663,3.141592648880499
A1,A2,A3,B1,B2,phiB1
0.0,-4.440892103175609,-4.9960036160725565,-10.547118745042063,-4.440892103175609,-1.66533455717978
