ans,J2,J3,Energy,Sigma,L,A1,A3,B1,B2,B3
3x3,0.14999999999999997,-0.3,-0.44490291647825647,1.626490978865775e-10,0.6489872093898201,0.49918461256664104,0.10058435200021187,0.14157136332685397,0.196982721067046,0.06562954480513544
A1,A3,B1,B2,B3
3.8857806118490124,-3.3306690773817333,-8.881784206351176,-1.1102230257938122,0.0
ans,J2,J3,Energy,Sigma,L,A1,A2,B1,B2,B3
q0,0.14999999999999997,-0.3,-0.44175264616204213,4.392734885236078,0.5000000075271275,0.5231998452864843,0.18948367727266183,5.319866516478866e-05,5.3198515406832625e-05,-5.551115123125783e-17
A1,A2,B1,B2,B3
3.3306690941175146,0.0,-3.330669073877194,-2.220446049251463,0.0
ans,J2,J3,Energy,Sigma,L,A1,A2,A3,B1,B2
0-pi,0.14999999999999997,-0.3,-0.44827282281087566,5.50137728605534e-11,0.6559968693611726,0.5001387185447158,0.0985724830597337,0.08084067394842703,0.1492937324773254,0.16714492942656178
A1,A2,A3,B1,B2
2.77555750285498,2.7755575644847528,-2.7755575644847528,-7.216449667660372,-2.220446051587802
ans,J2,J3,Energy,Sigma,L,A1,A2,A3,B1,B2,phiA1
cb1,0.14999999999999997,-0.3,-0.4558509294043775,4.3140830754274083e-16,0.6704915081146904,0.503695596639189,0.020606080244267567,0.13685711328678235,0.1492218130794833,0.07168713375510248,-1.7873433960151728
A1,A2,A3,B1,B2,phiA1
8.32667269345426,2.220446048506315,0.5551115128969506,-5.5511151289695055,-0.5551115128969506,1.1102230381198532
ans,J2,J3,Energy,Sigma,L,A1,A2,A3,B1,B2,phiB1
cb2,0.14999999999999997,-0.3,-0.44827282280498915,3.7738982446256764e-13,0.6559959810230086,0.5001387905687055,0.09857283387577301,0.08084165553740338,0.1492952153868731,0.16714474277016547,3.1415926490730115
A1,A2,A3,B1,B2,phiB1
4.996003505139003,1.1102230257939016,0.0,-6.10622664186646,-1.1102230257939023,-1.66533455717978
