ans,J2,J3,Energy,Sigma,L,A1,A3,B1,B2,B3
3x3,0.02999999999999997,0.0,-0.46476979706695487,1.2594657389919217e-12,0.7012866444010066,0.5144559685787778,0.0,0.1722992291630912,0.2939911497492454,0.0
A1,A3,B1,B2,B3
1.1102230011419951,-0.0,-8.881784206351218,-1.1102230196309317,0.0
ans,J2,J3,Energy,Sigma,L,A1,A2,B1,B2,B3
q0,0.02999999999999997,0.0,-0.4694392573790963,1.2942249226282225e-15,0.7186039986024353,0.51822742467803,0.23119361448787903,0.18527477979178056,0.19294314223828696,0.0
A1,A2,B1,B2,B3
4.440892004567994,2.2204460515878024,-3.8857805902786544,0.5551115128969505,0.0
ans,J2,J3,Energy,Sigma,L,A1,A2,A3,B1,B2
0-pi,0.02999999999999997,0.0,-0.4578134835896438,5.972339572423928e-11,0.6765513065208049,0.49953311221301333,0.07535543172449662,0.0,0.14021537058328432,0.1947562901860348
A1,A2,A3,B1,B2
4.440892127827576,1.110223025793897,0.0,-3.3306690773816907,1.110223025793897
ans,J2,J3,Energy,Sigma,L,A1,A2,A3,B1,B2,phiA1
cb1,0.02999999999999997,0.0,-0.46973351162788196,6.9587392601808496e-12,0.7104997110714831,0.513997611013472,0.0389760642058593,0.0,0.16966819396099345,0.1395840089824857,1.9748928993360397
A1,A2,A3,B1,B2,phiA1
-1.6653345017129795,-2.2204460469655745,-0.0,-11.657341770835963,-3.3306690773817014,-2.2204460762397056
ans,J2,J3,Energy,Sigma,L,A1,A2,A3,B1,B2,phiB1
cb2,0.02999999999999997,0.0,-0.45781348359251356,5.858309112276649e-11,0.676551304100251,0.49953309207191476,0.07535856396997655,0.0,0.1402154486577932,0.19475507036359713,3.141592647759929
A1,A2,A3,B1,B2,phiB1
7.216449707719716,1.110223025793897,0.0,-2.220446051587794,1.665334538690856,2.7755575952996328
