ans,J2,J3,Energy,Sigma,L,A1,A3,B1,B2,B3
3x3,-0.3,-0.24,-0.5673036451682772,0.15394881840650504,0.8090548478458389,0.5168176161652488,-8.117421068654096e-09,0.28863729849215947,0.32341233481619464,0.07043651750483697
A1,A3,B1,B2,B3
-164.31300416892068,-7.771561172376096,-101.03029591040908,-35.52713662753082,-4.440892102919784
ans,J2,J3,Energy,Sigma,L,A1,A2,B1,B2,B3
q0,-0.3,-0.24,-0.5000011100989417,4.9367962415063565e-08,0.5000000075271275,7.619373379851511e-07,1.0006251581235232e-06,5.320185628090754e-05,5.3201832837710086e-05,0.002139311993030485
A1,A2,B1,B2,B3
4.440892098500669,2.2204460492503557,0.0,3.330669073877194,2.2204460492766858
ans,J2,J3,Energy,Sigma,L,A1,A2,A3,B1,B2
0-pi,-0.3,-0.24,-0.47592144454312674,4.389310515352756e-10,0.7164693724908597,0.4967377137522044,0.05424354613144875,0.17382513976549102,0.13159044330885206,0.20845788080329516
A1,A2,A3,B1,B2
6.6613381177855695,-1.1102230234827766,0.0,-4.440892103175588,1.110223025793897
ans,J2,J3,Energy,Sigma,L,A1,A2,A3,B1,B2,phiA1
cb1,-0.3,-0.24,-0.4721644371358028,9.871290509052894e-06,0.7113164735859765,0.5066893347902632,0.02817554730989541,0.1623107893479259,0.159183798767535,0.16476028402222007,-2.3628922792385225
A1,A2,A3,B1,B2,phiA1
2.775557564484356,-4.996003609140016,-3.3306690773849943,-6.661338154763213,0.0,-1.6653345571635214
ans,J2,J3,Energy,Sigma,L,A1,A2,A3,B1,B2,phiB1
cb2,-0.3,-0.24,-0.47592144454305374,4.3854487947026665e-10,0.7164693568246753,0.4967377021454066,0.05424354909729275,0.17382513591823576,0.13159044086910632,0.20845788269173704,3.1415926536665086
A1,A2,A3,B1,B2,phiB1
2.775557579892182,-3.330669070448499,-4.440892103175609,-6.661338154763213,0.0,-0.5551115190599266
