ans,J2,J3,Energy,Sigma,L,A1,A3,B1,B2,B3
3x3,0.12,-0.12,-0.44933581791633287,9.158182071550184e-14,0.6592637044859578,0.504228265292876,0.14411050110406715,0.15020676706522537,0.2251866363902828,0.07245683173101397
A1,A3,B1,B2,B3
6.661338154763407,1.1102230257939016,-4.996003616072557,0.0,2.2204460515878024
ans,J2,J3,Energy,Sigma,L,A1,A2,B1,B2,B3
q0,0.12,-0.12,-0.486900946321978,6.982423822783981e-09,0.7772976940195354,0.5242419366671736,0.3131866259540542,0.21228313910697502,0.20991754903757914,0.34690421412015426
A1,A2,B1,B2,B3
2.220446051587214,-1.1102230319569575,-6.661338154763213,-3.3306690773816063,-1.110223031956788
ans,J2,J3,Energy,Sigma,L,A1,A2,A3,B1,B2
0-pi,0.12,-0.12,-0.451025998450808,1.1182297465246237e-10,0.6618285767043688,0.5003726217701481,0.09129523692147741,0.10407690130803006,0.14640250225205892,0.1773795108214272
A1,A2,A3,B1,B2
2.775557564484695,1.6653345386908454,0.5551115128969485,-5.5511151289695695,0.0
ans,J2,J3,Energy,Sigma,L,A1,A2,A3,B1,B2,phiA1
cb1,0.12,-0.12,-0.461204312494382,1.7021522922889941e-12,0.6857598646938915,0.5092633726434653,0.03362003801249022,0.193269091430445,0.15875914038489386,0.10942765673092572,-1.915928821390018
A1,A2,A3,B1,B2,phiA1
0.0,-2.775557562558825,-2.7755575644847528,-10.547118745042058,-4.996003616072557,-2.2204460762397056
ans,J2,J3,Energy,Sigma,L,A1,A2,A3,B1,B2,phiB1
cb2,0.12,-0.12,-0.45102599846253294,5.905483610706447e-11,0.6618263389803535,0.5003716256687392,0.0912985519747649,0.10407261275406261,0.14640380618065282,0.17738166573692912,3.1415925835459997
A1,A2,A3,B1,B2,phiB1
6.106226641866458,3.330669077381704,1.1102230257939023,-2.7755575644847528,3.3306690773816907,1.110223038119853
