ans,J2,J3,Energy,Sigma,L,A1,A3,B1,B2,B3
3x3,0.12,0.0,-0.451755120598777,3.883494382039241e-09,0.6654129798103307,0.5069618109208417,0.0,0.15490949885552713,0.24359428035840514,0.0
A1,A3,B1,B2,B3
3.3306690034257898,-0.0,-6.106226641866476,1.1102230257939023,0.0
ans,J2,J3,Energy,Sigma,L,A1,A2,B1,B2,B3
q0,0.12,0.0,-0.47406924367419856,3.5684431196463574e-10,0.737663386119006,0.522467563239009,0.276094997652146,0.20068307754707235,0.2002099711582292,0.0
A1,A2,B1,B2,B3
2.220446051587796,-2.220446039261853,-6.661338154763551,-4.440892103175588,0.0
ans,J2,J3,Energy,Sigma,L,A1,A2,A3,B1,B2
0-pi,0.12,0.0,-0.4525364276169439,3.939348569097767e-10,0.665275301821608,0.5004566075108056,0.08761699629689577,0.0,0.14499766239388676,0.18439144766177779
A1,A2,A3,B1,B2
2.2204460022840857,-1.1102230257938996,0.0,-5.551115128969485,-3.3306690773816907
ans,J2,J3,Energy,Sigma,L,A1,A2,A3,B1,B2,phiA1
cb1,0.12,0.0,-0.46677901148246853,3.3310606984209633e-11,0.7022699249340586,0.5127279112424395,0.039445526579443536,0.0,0.1664920902950924,0.12805221679330642,1.9369946613764
A1,A2,A3,B1,B2,phiA1
1.1102230011420005,-1.665334535224207,0.0,-8.32667269345427,-2.7755575644847847,-1.1102230381198528
ans,J2,J3,Energy,Sigma,L,A1,A2,A3,B1,B2,phiB1
cb2,0.12,0.0,-0.4525364276519982,1.687780232671999e-11,0.6652672570679236,0.5004519702846564,0.08761563207963693,0.0,0.14499874466410873,0.18439272092846334,3.1415926523470348
A1,A2,A3,B1,B2,phiB1
1.6653345386908551,1.110223025793901,0.0,-5.551115128969511,-2.220446051587794,-1.1102230381198532
