ans,J2,J3,Energy,Sigma,L,A1,A3,B1,B2,B3
3x3,-0.09,-0.18,-0.4798720670485723,8.101848015652673e-13,0.7437984451907543,0.5189522938775952,0.2528503821912706,0.18692533499284905,0.326804913331868,0.13774483433312895
A1,A3,B1,B2,B3
3.330669077381705,-3.3306690588927768,-9.992007232145115,-2.220446063913754,-4.440892103175599
ans,J2,J3,Energy,Sigma,L,A1,A2,B1,B2,B3
q0,-0.09,-0.18,-0.4787836293043204,1.7796208983720263e-12,0.7430645438329224,0.5178025661742546,0.23451053542176642,0.18519485173297934,0.1999050615521782,0.27733574480678896
A1,A2,B1,B2,B3
7.771561007993988,4.440892103175607,-3.3306690773817036,4.440892103175609,1.1102230196309317
ans,J2,J3,Energy,Sigma,L,A1,A2,A3,B1,B2
0-pi,-0.09,-0.18,-0.46196042396207193,1.244551337502587e-12,0.6849784654841173,0.498733725807853,0.06944717625253567,0.14081738776534738,0.1375715092058716,0.194068736403659
A1,A2,A3,B1,B2
5.551115159784386,1.1102230257939023,0.0,-3.3306690773817014,-1.110223025793897
ans,J2,J3,Energy,Sigma,L,A1,A2,A3,B1,B2,phiA1
cb1,-0.09,-0.18,-0.46484105337375786,6.670419843786302e-11,0.6948126413876008,0.5102611232513603,0.03417005747722603,0.1971965907225588,0.16137747661414037,0.13752329892897835,2.0903921771515006
A1,A2,A3,B1,B2,phiA1
4.440892103175603,-0.5551115117413883,0.0,-6.661338154763381,1.6653345386908454,-1.1102230381198421
ans,J2,J3,Energy,Sigma,L,A1,A2,A3,B1,B2,phiB1
cb2,-0.09,-0.18,-0.4619604239648573,5.730270208085875e-11,0.684979714159989,0.49873380743602724,0.0694476117189547,0.14081715040106807,0.13756992109187532,0.19407076416645083,3.1415926571661763
A1,A2,A3,B1,B2,phiB1
1.6653345479353159,-2.2204460515878024,-3.330669077381704,-5.5511151289695695,-1.6653345386908454,-0.5551115190599266
