ans,J2,J3,Energy,Sigma,L,A1,A3,B1,B2,B3
3x3,0.18,0.0,-0.44546535168681933,4.3938936123228154e-13,0.6493284247776113,0.5021858438282363,0.0,0.14537378260612177,0.2150504036870849,0.0
A1,A3,B1,B2,B3
0.555111512896949,-0.0,-11.102230257939011,-3.330669077381704,0.0
ans,J2,J3,Energy,Sigma,L,A1,A2,B1,B2,B3
q0,0.18,0.0,-0.4793373186851795,5.860256612636414e-10,0.7558834662648305,0.5240648988484204,0.30655001849958285,0.21049534177204282,0.20522982781167376,0.0
A1,A2,B1,B2,B3
3.330669077381668,-1.1102230319568729,-5.551115128969231,-2.220446051587794,0.0
ans,J2,J3,Energy,Sigma,L,A1,A2,A3,B1,B2
0-pi,0.18,0.0,-0.4496250065262019,2.0943945803338852e-09,0.6594257920336318,0.5008907350413088,0.0966088981335814,0.0,0.14858680694428,0.17746764325540074
A1,A2,A3,B1,B2
2.2204460515878917,0.0,0.0,-4.996003616072579,-1.110223025793897
ans,J2,J3,Energy,Sigma,L,A1,A2,A3,B1,B2,phiA1
cb1,0.18,0.0,-0.46512425671362173,2.8125664610248986e-12,0.6975714679324749,0.5117169132154283,0.039664641316941605,0.0,0.16431302812106685,0.1196303236435391,-1.9083132452990073
A1,A2,A3,B1,B2,phiA1
1.6653345017130008,-1.1102230234827852,0.0,-7.771561180557311,-3.8857805902786553,-1.6653345571797793
ans,J2,J3,Energy,Sigma,L,A1,A2,A3,B1,B2,phiB1
cb2,0.18,0.0,-0.449625006787161,4.59449847533019e-14,0.6594071580149691,0.5008791959996808,0.09660588207311864,0.0,0.14858734877803026,0.17746892686705762,3.1415926549807796
A1,A2,A3,B1,B2,phiB1
2.2204460515878024,-1.1102230257939012,0.0,-6.661338154763408,-1.6653345386908533,-1.1102230381198532
