ans,J2,J3,Energy,Sigma,L,A1,A3,B1,B2,B3
3x3,-0.27,0.09000000000000002,-0.45722596387549064,4.342192595196064,0.5000000075271275,0.5209482005491913,-8.271835494344515e-08,5.3199172253270977e-05,5.3197511501790196e-05,-5.551115123125783e-17
A1,A3,B1,B2,B3
3.3306690201618054,-1.1102230246251557,-3.330669073877194,2.220446049251463,-2.220446049250313
ans,J2,J3,Energy,Sigma,L,A1,A2,B1,B2,B3
q0,-0.27,0.09000000000000002,-0.4685569303537808,1.0486149286804071e-11,0.7012723573401153,0.5018403708004102,0.12227345152631836,0.1447490399551132,0.1777606041623206,0.15692495245254423
A1,A2,B1,B2,B3
4.440892103175603,-2.2204460515878046,-4.440892103175609,3.8857805902786393,2.2204460515878046
ans,J2,J3,Energy,Sigma,L,A1,A2,A3,B1,B2
0-pi,-0.27,0.09000000000000002,-0.4259879571585498,0.06704699234870491,0.5000000075271275,0.33811229498385986,3.457810746230937e-05,-0.21499067028535776,0.1346522644648877,0.198018435752184
A1,A2,A3,B1,B2
-23.314683669924833,-0.5551115123121134,1.6653345385081828,-7.216449666637495,1.1102230252095289
ans,J2,J3,Energy,Sigma,L,A1,A2,A3,B1,B2,phiA1
cb1,-0.27,0.09000000000000002,-0.4918185913177482,8.73716700643373e-10,0.7707434295863498,0.5169025499644779,0.03791131225562715,0.3259620148797345,0.18455318318737546,0.17625867217973346,2.015345652987841
A1,A2,A3,B1,B2,phiA1
1.1102230257939034,-3.3306690750705616,2.220446039261842,-5.5511151289695695,0.0,1.1102230381198845
ans,J2,J3,Energy,Sigma,L,A1,A2,A3,B1,B2,phiB1
cb2,-0.27,0.09000000000000002,-0.4259830346048945,0.06705183783521622,0.5000000075271275,0.3381051689978872,3.452926590461113e-05,-0.2150139232589167,0.13464934712843227,0.19805139425089613,3.1414769781599334
A1,A2,A3,B1,B2,phiB1
-23.314683412467623,0.0,1.6653345385081828,-6.661338154032731,1.1102230265973076,0.0
