ans,J2,J3,Energy,Sigma,L,A1,A3,B1,B2,B3
3x3,-0.15,-0.09,-0.4995581387558652,7.379793768342565e-12,0.7975979350339887,0.5224101653239264,0.3076793977047561,0.20043622836966063,0.36697889736601946,0.15635632604024668
A1,A3,B1,B2,B3
4.440892103175614,1.110223019630921,-4.4408921031756305,2.220446039261842,0.0
ans,J2,J3,Energy,Sigma,L,A1,A2,B1,B2,B3
q0,-0.15,-0.09,-0.47239461828976825,1.4388391502923713e-12,0.719044695421901,0.5117082673304475,0.18567961485382936,0.1678596222040821,0.19005643481464413,0.22520494351946221
A1,A2,B1,B2,B3
4.440892004567994,-1.6653345386908507,-5.5511151289695055,-1.6653345386908454,-1.1102230257939012
ans,J2,J3,Energy,Sigma,L,A1,A2,A3,B1,B2
0-pi,-0.15,-0.09,-0.4684487554144594,1.0693422489650893e-10,0.7001536517557553,0.49768532161070517,0.05983961558981491,0.17156389995735197,0.13417189183320727,0.20656243106118416
A1,A2,A3,B1,B2
2.220446039261842,-1.1102230234827872,-1.110223025793897,-6.106226641866476,0.5551115128969538
ans,J2,J3,Energy,Sigma,L,A1,A2,A3,B1,B2,phiA1
cb1,-0.15,-0.09,-0.47138985696182345,6.101407693576983e-12,0.7132447455070475,0.5133826377682071,0.03562534817353063,0.23600741025091626,0.16900220031021207,0.1503696152518805,-2.0736973619083425
A1,A2,A3,B1,B2,phiA1
5.551115128969506,2.220446046965553,2.2204460515878046,-2.7755575644847634,1.665334538690852,-1.1102230381198528
ans,J2,J3,Energy,Sigma,L,A1,A2,A3,B1,B2,phiB1
cb2,-0.15,-0.09,-0.46844875541860964,1.0665211467825507e-10,0.7001537006841034,0.4976852987232999,0.059839208956558525,0.17156240521459312,0.1341718982793501,0.20656250224128953,3.141592654448859
A1,A2,A3,B1,B2,phiB1
3.3306690958707033,-2.220446046965569,0.5551115128969485,-7.216449667660372,1.6653345386908507,0.0
