ans,J2,J3,Energy,Sigma,L,A1,A3,B1,B2,B3
3x3,-0.06,-0.21,-0.4726445099007358,1.0567038344468335e-12,0.7236039381599125,0.5165028405938397,0.2274616641002634,0.17993807117331825,0.3066899608737591,0.12775312575459621
A1,A3,B1,B2,B3
5.551115128969506,2.2204460515878046,-4.440892103175599,2.2204460639137564,0.0
ans,J2,J3,Energy,Sigma,L,A1,A2,B1,B2,B3
q0,-0.06,-0.21,-0.4824618271041887,1.54753333619438e-09,0.7564192892634966,0.5200814768217743,0.25694250621686815,0.19303614512001727,0.20414106995153675,0.30030278430789475
A1,A2,B1,B2,B3
47.7395901091378,85.48717251158135,37.74758287699267,43.29869800596215,44.408920785237015
ans,J2,J3,Energy,Sigma,L,A1,A2,A3,B1,B2
0-pi,-0.06,-0.21,-0.4595100616560192,1.304847119606298e-10,0.6794498333424389,0.4990191011717551,0.0732936011245547,0.13000124317968578,0.1390024733337494,0.18948322334944034
A1,A2,A3,B1,B2
-1.1102230319568782,-1.6653345386908878,-4.440892103175609,-8.881784206351345,-1.665334538690856
ans,J2,J3,Energy,Sigma,L,A1,A2,A3,B1,B2,phiA1
cb1,-0.06,-0.21,-0.46272461163838025,1.9055921241745066e-13,0.6890659067910965,0.5091801179093486,0.033663487814367926,0.18561039390831263,0.1589192782829988,0.1315728536441674,2.0806010406708366
A1,A2,A3,B1,B2,phiA1
3.8857805039969966,1.665334537535294,1.1102230257939012,-4.996003616072555,3.330669077381704,0.5551115190599266
ans,J2,J3,Energy,Sigma,L,A1,A2,A3,B1,B2,phiB1
cb2,-0.06,-0.21,-0.4595100616587653,1.3715240468761485e-10,0.6794498858075428,0.49901911427770673,0.07329398718037594,0.13000122908337008,0.13900241352734183,0.18948333312942084,3.1415926493513635
A1,A2,A3,B1,B2,phiB1
3.330669095870629,0.5551115128969908,0.0,-3.3306690773817755,0.5551115128969485,-0.5551115190599266
