ans,J2,J3,Energy,Sigma,L,A1,A3,B1,B2,B3
3x3,0.14999999999999997,0.02999999999999997,-0.4490820928452994,1.0198492390310393e-12,0.6583987222754131,0.5051856338335445,0.16799011523494484,0.15110182194129015,0.23376417545742031,0.06642289003090275
A1,A3,B1,B2,B3
5.551115128969506,0.5551115128969512,-4.440892103175599,-2.220446051587802,0.555111512896959
ans,J2,J3,Energy,Sigma,L,A1,A2,B1,B2,B3
q0,0.14999999999999997,0.02999999999999997,-0.4735070255519136,9.162261961544375e-11,0.7368803597742343,0.5228212302385767,0.2815410238717164,0.20259602419917705,0.20012022629583745,0.3083912781263859
A1,A2,B1,B2,B3
8.881784009135982,2.2204460639137564,-2.2204460515878153,3.3306690773817755,2.2204460639137666
ans,J2,J3,Energy,Sigma,L,A1,A2,A3,B1,B2
0-pi,0.14999999999999997,0.02999999999999997,-0.45141869750023017,1.1401856560394292e-10,0.6630668693416174,0.5006870764140139,0.09092741746874711,0.11789961165528132,0.14631893828439704,0.18287934776106882
A1,A2,A3,B1,B2
4.996003616072557,0.0,-1.110223025793897,-6.106226641866455,-2.220446051587794
ans,J2,J3,Energy,Sigma,L,A1,A2,A3,B1,B2,phiA1
cb1,0.14999999999999997,0.02999999999999997,-0.467654498074723,1.322845474196981e-10,0.7050066682761414,0.5130483212952461,0.04120110117080709,0.24694720856467667,0.1675201534370773,0.12903073520451647,1.9284051280257988
A1,A2,A3,B1,B2,phiA1
2.220446051587807,-2.775557558706984,-2.2204460515878024,-7.216449667660372,-3.885780590278597,0.0
ans,J2,J3,Energy,Sigma,L,A1,A2,A3,B1,B2,phiB1
cb2,0.14999999999999997,0.02999999999999997,-0.4514186974288162,8.011868568650901e-16,0.6630648462675685,0.5006871090697755,0.09092945742705714,0.11791962101813774,0.1463195501842278,0.18289571343507016,3.1415926548392163
A1,A2,A3,B1,B2,phiB1
1.6653345386908518,-1.1102230257939012,-1.1102230257939012,-5.551115128969506,-0.5551115128969506,-0.5551115190599266
