ans,J2,J3,Energy,Sigma,L,A1,A3,B1,B2,B3
3x3,0.09000000000000002,0.06,-0.4576971422938686,2.2455110556390764e-12,0.6815866346431909,0.5109068656904202,0.21823607535776707,0.16344057768481943,0.2722865141206948,0.08576991796867546
A1,A3,B1,B2,B3
7.21644950742299,1.6653345386908507,-5.5511151289695055,-0.5551115159784391,2.220446051587794
ans,J2,J3,Energy,Sigma,L,A1,A2,B1,B2,B3
q0,0.09000000000000002,0.06,-0.4674654733927884,8.721230475404309e-10,0.714815182991347,0.51926165733423,0.2401134377787425,0.1887829523292728,0.19215140897444752,0.2664337925564118
A1,A2,B1,B2,B3
5.551115005710045,3.885780590278597,43.298698005961896,1.110223025793897,49.4049243735762
ans,J2,J3,Energy,Sigma,L,A1,A2,A3,B1,B2
0-pi,0.09000000000000002,0.06,-0.4552613703443274,7.977152525845355e-11,0.6712136544774493,0.5000304303717379,0.08055308230609018,0.14037172457669228,0.142269860733745,0.19252868115417962
A1,A2,A3,B1,B2
1.1102230011420429,-1.1102230257939394,-1.1102230257939023,-4.996003616072536,0.5551115128969512
ans,J2,J3,Energy,Sigma,L,A1,A2,A3,B1,B2,phiA1
cb1,0.09000000000000002,0.06,-0.4716492193966735,4.093941579064169e-12,0.7165454400892167,0.5145887349467073,0.04198025870318204,0.26971421099128623,0.17181133400043372,0.14135304521120054,1.9527713952220749
A1,A2,A3,B1,B2,phiA1
1.1102230257939034,-0.5551115117413936,-3.3306690958706318,-8.881784206351208,-2.7755575644847528,-2.775557595299633
ans,J2,J3,Energy,Sigma,L,A1,A2,A3,B1,B2,phiB1
cb2,0.09000000000000002,0.06,-0.4552613703441202,8.088033705347572e-11,0.6712137080385574,0.5000304394744723,0.08055282650135483,0.14037219306598792,0.14226979928666844,0.19252863109684648,3.141592651402542
A1,A2,A3,B1,B2,phiB1
3.8857805902786406,0.0,-1.110223025793897,-5.551115128969485,0.0,0.5551115190599266
