ans,J2,J3,Energy,Sigma,L,A1,A3,B1,B2,B3
3x3,-0.12,0.06,-0.449385608869206,4.3567971601077415,0.5000000075271275,0.5217344147244786,0.3214760830954335,5.3198850641283935e-05,5.3196317188086706e-05,5.319940510661869e-05
A1,A3,B1,B2,B3
3.3306690201618054,0.0,-4.440892098502926,0.0,0.0
ans,J2,J3,Energy,Sigma,L,A1,A2,B1,B2,B3
q0,-0.12,0.06,-0.4656640451040316,1.7737660713410891e-12,0.6986031318433084,0.5082697396826346,0.15898063248775238,0.1591349969788335,0.1809592955243825,0.18963645710832422
A1,A2,B1,B2,B3
4.440892103175603,2.775557564484758,-4.996003616072557,2.7755575644847528,1.110223025793897
ans,J2,J3,Energy,Sigma,L,A1,A2,A3,B1,B2
0-pi,-0.12,0.06,-0.4711758295892665,2.1833261057417565e-09,0.7077070890356757,0.49631894061236864,0.05241832139549777,0.20408196413836122,0.1318748140664212,0.21852863563082317
A1,A2,A3,B1,B2
2.7755575490773134,-0.5551115117415577,-0.5551115128968214,-5.5511151289695695,0.5551115128969908
ans,J2,J3,Energy,Sigma,L,A1,A2,A3,B1,B2,phiA1
cb1,-0.12,0.06,-0.4807141580763573,3.500523428301992e-10,0.741168803029535,0.5163710549202939,0.03925368723051447,0.2974573491082107,0.17864097818262561,0.16218576201771104,-2.0045000557888084
A1,A2,A3,B1,B2,phiA1
5.551115005710214,1.1102230234827766,2.2204460392618635,-3.3306690773817333,2.220446051587794,0.0
ans,J2,J3,Energy,Sigma,L,A1,A2,A3,B1,B2,phiB1
cb2,-0.12,0.06,-0.4711758295880078,2.1846920985178322e-09,0.7077070916313417,0.4963189379887751,0.05241828794015929,0.20408199601738441,0.13187481510064683,0.21852867794433367,3.141592651464011
A1,A2,A3,B1,B2,phiB1
3.8857805687082347,0.0,0.0,-3.885780590279105,0.5551115128969061,-0.5551115190599266
