ans,J2,J3,Energy,Sigma,L,A1,A3,B1,B2,B3
3x3,0.09000000000000002,-0.21,-0.4511225389964734,2.6823427819052117e-12,0.6643024980099693,0.5048091829038778,0.1410400713117311,0.15217082965863363,0.22865804788033528,0.08042437450622618
A1,A3,B1,B2,B3
4.440892004567991,0.0,-7.771561180557321,-1.1102230257939023,0.0
ans,J2,J3,Energy,Sigma,L,A1,A2,B1,B2,B3
q0,0.09000000000000002,-0.21,-0.49480742540892675,7.805571581174291e-10,0.7996521761581264,0.5242141761694267,0.3236363305375062,0.2154063700094881,0.21397064544114702,0.36128794654414326
A1,A2,B1,B2,B3
-3.3306690034261286,-3.3306690958705336,-7.771561180557279,-5.551115128969485,-1.1102230196309264
ans,J2,J3,Energy,Sigma,L,A1,A2,A3,B1,B2
0-pi,0.09000000000000002,-0.21,-0.4514704134578334,4.073588351411885e-10,0.6624636247675043,0.5000523399658746,0.089521853833895,0.10005359234936337,0.1455943253534826,0.17588563273439994
A1,A2,A3,B1,B2
2.7755575028549377,0.5551115128969512,-2.7755575644847426,-4.4408921031757576,-1.6653345386908032
ans,J2,J3,Energy,Sigma,L,A1,A2,A3,B1,B2,phiA1
cb1,0.09000000000000002,-0.21,-0.4588500445539339,5.322715698462336e-12,0.678858928604098,0.5072899625526195,0.030529441910811025,0.17038667399425117,0.15493096210605412,0.10277071618207637,1.9228863115131691
A1,A2,A3,B1,B2,phiA1
3.885780590278662,1.665334536379736,-0.5551115128969485,-5.5511151289695055,1.6653345386908507,-1.6653345571797793
ans,J2,J3,Energy,Sigma,L,A1,A2,A3,B1,B2,phiB1
cb2,0.09000000000000002,-0.21,-0.4514704134373016,4.033194975279076e-10,0.6624633638543099,0.5000523920582064,0.08952112684590639,0.10005601288481411,0.1455943257820139,0.17588806298850346,3.1415920768601597
A1,A2,A3,B1,B2,phiB1
2.7755575028552766,1.1102230257939023,-1.665334538690856,-7.771561180557363,-2.220446051587794,-1.1102230381198528
