ans,J2,J3,Energy,Sigma,L,A1,A3,B1,B2,B3
3x3,-0.3,-0.12,-0.4571496525322163,4.342803097150008,0.5000000075271275,0.5209848205487077,-1.1102230246251565e-16,5.319918504126386e-05,5.31978510063813e-05,-2.3129620302375642e-08
A1,A3,B1,B2,B3
3.3306690201618054,-2.220446049250313,-4.440892098502926,0.0,-1.110223024625157
ans,J2,J3,Energy,Sigma,L,A1,A2,B1,B2,B3
q0,-0.3,-0.12,-0.5000005614092534,6.723182312393946e-08,0.5000000075271275,4.8941534072082374e-05,6.610696135189607e-05,5.320180202837322e-05,5.320180202837317e-05,0.0021395358798091263
A1,A2,B1,B2,B3
3.330669073871325,0.0,-4.440892098502926,3.3306690738726803,0.0
ans,J2,J3,Energy,Sigma,L,A1,A2,A3,B1,B2
0-pi,-0.3,-0.12,-0.4347134489241489,0.05816149616060413,0.5000000075271275,0.3359338727184283,0.015285723078899884,0.2745406354466571,0.12765358432565205,0.2018856326698337
A1,A2,A3,B1,B2
-25.53512945194851,-3.3306690733174706,-2.775557579819041,-8.326672691847024,0.5551115126047644
ans,J2,J3,Energy,Sigma,L,A1,A2,A3,B1,B2,phiA1
cb1,-0.3,-0.12,-0.4767510884289346,6.360191048344408e-14,0.7256954371180424,0.5127926740185452,0.033923095902895224,0.23245999725113614,0.1702027129745429,0.16305071660071846,2.161992469230676
A1,A2,A3,B1,B2,phiA1
3.3306690034259954,-0.5551115117413926,0.0,-4.440892103175606,2.2204460515878046,-1.1102230381198528
ans,J2,J3,Energy,Sigma,L,A1,A2,A3,B1,B2,phiB1
cb2,-0.3,-0.12,-0.4347141181376567,0.05814936246405457,0.5000000075271275,0.3359360680135357,0.015310709885738256,0.2745616061412541,0.12764635495280444,0.20187348854724296,3.1415926668941414
A1,A2,A3,B1,B2,phiB1
-25.5351297354454,-2.2204460488783138,-0.5551115095232766,-7.77156117924226,-1.1102230252095289,-0.5551115190599266
