ans,J2,J3,Energy,Sigma,L,A1,A3,B1,B2,B3
3x3,-0.06,0.0,-0.4830564784194279,7.174098287306187e-11,0.7523398783518028,0.5199820340361371,0.0,0.18934268209152585,0.34147655738658267,0.0
A1,A3,B1,B2,B3
9.992007010278005,0.0,1.1102230257939816,2.2204460639137538,0.0
ans,J2,J3,Energy,Sigma,L,A1,A2,B1,B2,B3
q0,-0.06,0.0,-0.4678685083553783,4.1600086798764294e-14,0.7088113568049184,0.5132965258251064,0.19314367483243688,0.17148720001435422,0.18739761111832284,0.0
A1,A2,B1,B2,B3
-3.8857805039969953,-9.436895719248161,-12.767564796629863,-0.5551115128969498,-0.0
ans,J2,J3,Energy,Sigma,L,A1,A2,A3,B1,B2
0-pi,-0.06,0.0,-0.46413120015807513,1.7060965968150992e-12,0.6907526312790078,0.4982938252683758,0.06427547814052285,0.0,0.1360351017942764,0.20503516450785764
A1,A2,A3,B1,B2
3.330669058892774,1.6653345386908507,0.0,-1.6653345386908454,1.6653345386908533
ans,J2,J3,Energy,Sigma,L,A1,A2,A3,B1,B2,phiA1
cb1,-0.06,0.0,-0.47323732608775326,5.091511506424142e-09,0.7200235570643352,0.514952326836717,0.03832139519623122,0.0,0.17267993645631516,0.14980903763503617,-2.0058101247892877
A1,A2,A3,B1,B2,phiA1
2.220446002284001,0.0,0.0,-6.106226641866391,0.0,-2.2204460762396
ans,J2,J3,Energy,Sigma,L,A1,A2,A3,B1,B2,phiB1
cb2,-0.06,0.0,-0.464131200151074,4.923077531282207e-12,0.6907530198441223,0.4982938196706822,0.06427491456851855,0.0,0.136035083221509,0.20504189732717454,3.1415926399618743
A1,A2,A3,B1,B2,phiB1
1.1102230319568833,-3.3306690773817014,0.0,-4.440892103175609,-1.110223025793897,0.0
