ans,J2,J3,Energy,Sigma,L,A1,A3,B1,B2,B3
3x3,0.0,0.21000000000000002,-0.4855185765231069,4.27563214601419e-09,0.757349841140641,0.5170071644490644,0.332252497794671,0.18603263926735153,0.0,0.12018643664600874
A1,A3,B1,B2,B3
2.220446051587807,0.0,-8.881784206351853,0.0,-3.3306690773817014
ans,J2,J3,Energy,Sigma,L,A1,A2,B1,B2,B3
q0,0.0,0.21000000000000002,-0.45906290495899876,6.142638001826426e-13,0.6825573269513573,0.5087871962865311,0.0,0.1610503212175032,0.0,0.17983694316273854
A1,A2,B1,B2,B3
4.996003616072556,0.0,0.0,0.0,1.665334538690856
ans,J2,J3,Energy,Sigma,L,A1,A2,A3,B1,B2
0-pi,0.0,0.21000000000000002,-0.4668380684464994,8.265496285994399e-10,0.6988507772389173,0.4957153845815019,0.0,0.2198498716427979,0.13188023468756846,0.0
A1,A2,A3,B1,B2
4.99600364380597,0.0,-0.5551115128969485,-2.7755575644847847,0.0
ans,J2,J3,Energy,Sigma,L,A1,A2,A3,B1,B2,phiA1
cb1,0.0,0.21000000000000002,-0.49022474198285637,2.261158481472684e-09,0.7682032521252902,0.5159122041381793,0.0,0.34867749418595945,0.18389042546259152,0.0,1.9628358226435976
A1,A2,A3,B1,B2,phiA1
3.3306690034260438,0.0,-3.3306690588927848,-6.66133815476389,0.0,-1.1102230381198
ans,J2,J3,Energy,Sigma,L,A1,A2,A3,B1,B2,phiB1
cb2,0.0,0.21000000000000002,-0.4668380683936134,9.517633630436335e-10,0.6988485222847258,0.4957125546427896,0.0,0.21986535103040525,0.13187947722790205,0.0,3.14159236297503
A1,A2,A3,B1,B2,phiB1
5.551115159784449,0.0,2.7755575644847426,-2.220446051587963,0.0,1.6653345571797795
