ans,J2,J3,Energy,Sigma,L,A1,A3,B1,B2,B3
3x3,0.14999999999999997,-0.09,-0.44686747970814,1.516092052221632e-14,0.6529123580864888,0.5025224831233699,0.13519917338674678,0.14660573769211607,0.21554557738858793,0.06492189150553947
A1,A3,B1,B2,B3
3.885780590278654,-2.2204460515878024,-7.216449667660358,-1.6653345386908518,0.0
ans,J2,J3,Energy,Sigma,L,A1,A2,B1,B2,B3
q0,0.14999999999999997,-0.09,-0.4865975760412199,3.2120669473251633e-09,0.7770324380912411,0.5243746867214603,0.31843279655866935,0.2140108583287734,0.20986957934588774,0.3501576887570952
A1,A2,B1,B2,B3
9.992007232144495,4.440892078523684,0.0,6.661338154763381,3.3306690958705336
ans,J2,J3,Energy,Sigma,L,A1,A2,A3,B1,B2
0-pi,0.14999999999999997,-0.09,-0.4499887212857375,2.465190328815662e-16,0.6598584470363447,0.5005887941212175,0.09466099261073246,0.1010634441080856,0.14778757702245582,0.17584271936758242
A1,A2,A3,B1,B2
3.3306690773817036,-2.2204460515878024,-1.665334538690852,-4.996003616072556,-2.2204460515878024
ans,J2,J3,Energy,Sigma,L,A1,A2,A3,B1,B2,phiA1
cb1,0.14999999999999997,-0.09,-0.4617132162504351,1.3065508742723008e-14,0.6873442142077275,0.5095892069475346,0.03459147861142925,0.19892604957178997,0.1595165032045274,0.10886668478466058,-1.9009917224741284
A1,A2,A3,B1,B2,phiA1
0.0,0.5551115125117655,0.0,-7.216449667660358,0.5551115128969505,1.6653345571797793
ans,J2,J3,Energy,Sigma,L,A1,A2,A3,B1,B2,phiB1
cb2,0.14999999999999997,-0.09,-0.44998872131106954,1.8345314722024396e-10,0.6598626058624444,0.5005905663787569,0.09465489139450213,0.10104667184059328,0.14778495034204817,0.17584395305062114,3.141592660148168
A1,A2,A3,B1,B2,phiB1
2.775557564484695,2.7755575644847426,0.0,-4.996003616072579,0.5551115128969485,0.0
