ans,J2,J3,Energy,Sigma,L,A1,A3,B1,B2,B3
3x3,-0.18,-0.18,-0.5016612589264762,2.1116906638296466e-10,0.8033707701268582,0.5224173524742848,0.2980004954617337,0.20169473932328605,0.36694932401179614,0.16136911721746602
A1,A3,B1,B2,B3
7.771561180557281,4.440892127827533,-4.440892103175588,0.0,3.3306690773816907
ans,J2,J3,Energy,Sigma,L,A1,A2,B1,B2,B3
q0,-0.18,-0.18,-0.4773608597869473,1.6420509520724684e-11,0.7335508267518095,0.5130542024709354,0.1992223196041946,0.1721364050125094,0.19520280844888888,0.24430266431201872
A1,A2,B1,B2,B3
4.440892004567991,3.330669077381712,-5.5511151289695055,4.440892103175588,3.330669077381704
ans,J2,J3,Energy,Sigma,L,A1,A2,A3,B1,B2
0-pi,-0.18,-0.18,-0.46826412805142126,2.0193221392504618e-10,0.6992011740421946,0.4978164961902643,0.061282162413467484,0.16009332027023637,0.13444038956286153,0.20232836013491054
A1,A2,A3,B1,B2
2.7755575490773134,-0.5551115125117603,1.6653345386908667,-4.440892103175588,1.665334538690856
ans,J2,J3,Energy,Sigma,L,A1,A2,A3,B1,B2,phiA1
cb1,-0.18,-0.18,-0.4683455395732135,2.9060218263903005e-10,0.7034639867562917,0.5104944968565761,0.03383781154244528,0.20077197878695685,0.16313834961631607,0.14936143841232766,2.1606137787708075
A1,A2,A3,B1,B2,phiA1
6.1062266418664475,0.5551115125117603,0.5551115128969485,-3.885780590278597,1.6653345386908032,0.5551115190599211
ans,J2,J3,Energy,Sigma,L,A1,A2,A3,B1,B2,phiB1
cb2,-0.18,-0.18,-0.46826412805175427,2.0269170825047518e-10,0.6992011910562017,0.4978164959809865,0.061282146130035485,0.16009326615862599,0.13444038616382012,0.20232836021281494,3.141592642093199
A1,A2,A3,B1,B2,phiB1
2.7755575490773134,-1.1102230234827766,0.0,-4.996003616072536,0.5551115128969485,1.1102230381198532
