ans,J2,J3,Energy,Sigma,L,A1,A3,B1,B2,B3
3x3,0.14999999999999997,-0.12,-0.44647121126151396,1.1748080216124808e-11,0.6520153489236411,0.501943433628946,0.1287963265591098,0.14569061855949297,0.2120153218356939,0.06476621486236342
A1,A3,B1,B2,B3
3.885780503996994,0.5551115128969485,-4.996003616072536,1.110223025793897,0.5551115128969485
ans,J2,J3,Energy,Sigma,L,A1,A2,B1,B2,B3
q0,0.14999999999999997,-0.12,-0.384418162594803,4.443921226327318,0.5000000075271275,0.5229540652079332,0.4009398475857636,0.005746050305123344,0.0033664319753768804,0.41295227183162775
A1,A2,B1,B2,B3
3.3306690941175146,-1.1102230313725048,-3.33066907389525,-1.11022302463175,0.0
ans,J2,J3,Energy,Sigma,L,A1,A2,A3,B1,B2
0-pi,0.14999999999999997,-0.12,-0.4496928692487363,5.1643611162029514e-11,0.6591950975542333,0.5005373535336533,0.09537191823682191,0.09757185678483012,0.14806579647764814,0.17436273224337032
A1,A2,A3,B1,B2
4.440892103175603,1.6653345386908454,-2.220446051587794,-6.106226641866476,-2.2204460515878046
ans,J2,J3,Energy,Sigma,L,A1,A2,A3,B1,B2,phiA1
cb1,0.14999999999999997,-0.12,-0.4605874855112502,5.002727830806242e-11,0.6840351075591256,0.5086948148615589,0.03289196033124749,0.1885519989361471,0.15775022555500876,0.10394676901597627,1.8912695856758315
A1,A2,A3,B1,B2,phiA1
6.106226641866458,2.220446046965638,2.2204460515878153,-5.551115128969527,0.5551115128969485,0.5551115190599317
ans,J2,J3,Energy,Sigma,L,A1,A2,A3,B1,B2,phiB1
cb2,0.14999999999999997,-0.12,-0.4496928692473867,8.726983305185391e-11,0.6591973369592048,0.5005387781564622,0.09537218664032443,0.09757074601261469,0.14806588788451588,0.1743623277736123,3.141592635507789
A1,A2,A3,B1,B2,phiB1
0.5551115005710214,0.0,-1.110223025793897,-6.106226641866476,-2.2204460515878046,-0.5551115190599266
