ans,J2,J3,Energy,Sigma,L,A1,A3,B1,B2,B3
3x3,-0.18,-0.3,-0.4950747063722123,1.1409726680519036e-10,0.7853471093936075,0.5208682812691986,0.26932288568560425,0.19719416169758214,0.3514909644241293,0.15842213148042858
A1,A3,B1,B2,B3
2.220446002283916,-1.1102230319568729,-6.661338154763381,-1.1102230319568729,0.0
ans,J2,J3,Energy,Sigma,L,A1,A2,B1,B2,B3
q0,-0.18,-0.3,-0.48573390794695437,2.2770716548237386e-11,0.7602345502347052,0.5165439733452541,0.232762508705418,0.18367633998201188,0.2037335334837906,0.2836301401072168
A1,A2,B1,B2,B3
6.6613381547634205,3.3306690773817014,-3.330669077381712,5.5511151289695695,3.330669058892774
ans,J2,J3,Energy,Sigma,L,A1,A2,A3,B1,B2
0-pi,-0.18,-0.3,-0.4655666365166565,7.363166059574704e-11,0.6924974481015722,0.49808605579352566,0.06534457644212742,0.1403941089006556,0.1356172653518365,0.19453139003692566
A1,A2,A3,B1,B2
1.1102230196309264,-1.6653345386908454,-2.2204460515878153,-5.5511151289695055,-0.5551115128969908
ans,J2,J3,Energy,Sigma,L,A1,A2,A3,B1,B2,phiA1
cb1,-0.18,-0.3,-0.4648282105776702,3.3167841528805927e-06,0.6932830665837714,0.5049449476056134,0.029319486591457875,0.14257774245711805,0.1537717280043021,0.15482459935020326,2.3664526071786596
A1,A2,A3,B1,B2,phiA1
4.996003616072587,0.0,-1.110223025794998,-5.5511151289695695,1.6653345386911418,2.7755575953014477
ans,J2,J3,Energy,Sigma,L,A1,A2,A3,B1,B2,phiB1
cb2,-0.18,-0.3,-0.4655666365156066,7.419504903051874e-11,0.6924976420164713,0.49808612660317314,0.06534439542155152,0.14039404356848603,0.13561718994354574,0.19453150529892566,3.141592652251102
A1,A2,A3,B1,B2,phiB1
3.88578056870824,-1.110223025793897,-1.110223025793897,-5.5511151289695055,-2.220446051587794,0.0
