ans,J2,J3,Energy,Sigma,L,A1,A3,B1,B2,B3
3x3,0.26999999999999996,0.06,-0.438931328775523,2.0978150319151168e-09,0.634206166916972,0.4974159798340988,0.1114267629309955,0.13635765020228902,0.18941187984834504,0.04518444525602734
A1,A3,B1,B2,B3
4.996003643805462,2.220446051587794,-3.3306690773816063,-1.110223025793897,1.1102230250235205
ans,J2,J3,Energy,Sigma,L,A1,A2,B1,B2,B3
q0,0.26999999999999996,0.06,-0.48294143492231256,5.407610690410926e-10,0.7676699123178666,0.5241318830549797,0.33242767990080246,0.21830987966121168,0.20769193757915042,0.354444132563543
A1,A2,B1,B2,B3
-224.2650512103679,-9.992007287611898,-64.39293549604626,-2.2204460515878046,-1.1102230319568729
ans,J2,J3,Energy,Sigma,L,A1,A2,A3,B1,B2
0-pi,0.26999999999999996,0.06,-0.44667969765629734,7.087422195345028e-16,0.654146614609049,0.50133849549177,0.1101168988046365,0.09007240962290242,0.15399812358223786,0.16999306071873965
A1,A2,A3,B1,B2
6.66133800685199,2.2204460515878024,1.1102230257939012,-1.665334538690852,0.5551115128969505
ans,J2,J3,Energy,Sigma,L,A1,A2,A3,B1,B2,phiA1
cb1,0.26999999999999996,0.06,-0.4661986397336743,2.3018406546525143e-12,0.701026363028755,0.5118000167804896,0.045178161821204856,0.2403227444503368,0.16528373634019336,0.11871282280228217,-1.889216845821947
A1,A2,A3,B1,B2,phiA1
3.885780503996994,1.665334535224178,1.6653345386908507,-3.3306690773817014,0.5551115128969485,0.5551115190599264
ans,J2,J3,Energy,Sigma,L,A1,A2,A3,B1,B2,phiB1
cb2,0.26999999999999996,0.06,-0.4466796964953019,4.245418773344225e-09,0.6541682305050663,0.5013538989077598,0.1101016037533907,0.08997173740642424,0.15399747024142554,0.16998725149100627,3.1415926506649328
A1,A2,A3,B1,B2,phiB1
1.6653345017135726,0.0,0.5551115128969908,-6.106226641866457,-1.6653345386908878,0.0
