ans,J2,J3,Energy,Sigma,L,A1,A3,B1,B2,B3
3x3,0.21000000000000002,0.06,-0.44375200391109826,1.4515220306811827e-09,0.6452193829763383,0.5013798843853842,0.14250385958926826,0.14349894178855316,0.2119454994821457,0.053987267444409896
A1,A3,B1,B2,B3
2.775557502854996,-1.1102230257939023,-7.2164496676607115,-1.6653345386908032,0.0
ans,J2,J3,Energy,Sigma,L,A1,A2,B1,B2,B3
q0,0.21000000000000002,0.06,-0.47586139167024033,3.1567766725543546e-09,0.7458186994024028,0.5238206118103009,0.30284794450864677,0.20946535502437164,0.2027286311238135,0.3271012466871791
A1,A2,B1,B2,B3
3.330669003425959,3.3306690588928483,-5.551115128968892,0.0,2.220446063913576
ans,J2,J3,Energy,Sigma,L,A1,A2,A3,B1,B2
0-pi,0.21000000000000002,0.06,-0.44898483615263973,2.772106524753212e-13,0.6583418064289942,0.5011086934608197,0.0995203627036189,0.10627876602774781,0.14973369313993165,0.17749603852256926
A1,A2,A3,B1,B2
3.330669003425995,-1.110223025793901,-1.665334538690852,-6.661338154763407,-2.2204460515878046
ans,J2,J3,Energy,Sigma,L,A1,A2,A3,B1,B2,phiA1
cb1,0.21000000000000002,0.06,-0.46776778192817137,8.515039367852322e-09,0.7055396864780019,0.5128441918237215,0.043821591079188614,0.25017106021449825,0.1674587147302772,0.12663001131165444,1.9115630695209764
A1,A2,A3,B1,B2,phiA1
5.551115005710045,2.775557558706941,4.440892078524024,-2.7755575644847847,2.220446051587963,1.6653345571797422
ans,J2,J3,Energy,Sigma,L,A1,A2,A3,B1,B2,phiB1
cb2,0.21000000000000002,0.06,-0.4489848354445532,4.141379791229393e-09,0.6583628270330953,0.5011243441115549,0.09952064751624673,0.10621347984752515,0.14973717944592987,0.17749543685107066,3.141592656385224
A1,A2,A3,B1,B2,phiB1
2.220446051587214,-0.5551115128969485,-0.5551115128969061,-6.661338154763381,-3.3306690773817067,-1.1102230381198532
