ans,J2,J3,Energy,Sigma,L,A1,A3,B1,B2,B3
3x3,0.21000000000000002,-0.02999999999999997,-0.44247885983860896,8.137809287723061e-10,0.642317169601524,0.49951110292469836,0.11928693904575846,0.14053407001848778,0.1993295553717235,0.05330595928485066
A1,A3,B1,B2,B3
0.0,-2.7755575644847528,-9.436895719248167,-3.3306690773817333,-0.5551115125117642
ans,J2,J3,Energy,Sigma,L,A1,A2,B1,B2,B3
q0,0.21000000000000002,-0.02999999999999997,-0.4864102984924439,2.8834665674768015e-10,0.7774169391532674,0.5244263766584736,0.3293097190568056,0.21736761612226246,0.20982180190617908,0.3566073053640779
A1,A2,B1,B2,B3
2.2204460515878917,-4.440892127827513,-6.661338154763381,-5.551115128969485,-1.1102230319568756
ans,J2,J3,Energy,Sigma,L,A1,A2,A3,B1,B2
0-pi,0.21000000000000002,-0.02999999999999997,-0.44808255365930444,3.874477948411598e-09,0.6564008873395045,0.500991224840959,0.10220463502230967,0.09443899030105887,0.15085819030412764,0.17244156130400878
A1,A2,A3,B1,B2
5.5511150057098755,1.6653345386911418,0.5551115128969061,-2.2204460515872855,0.0
ans,J2,J3,Energy,Sigma,L,A1,A2,A3,B1,B2,phiA1
cb1,0.21000000000000002,-0.02999999999999997,-0.4629677414702791,5.645285852987866e-14,0.6912192874167321,0.5102599432145297,0.037671442218755506,0.21168365431742603,0.16119948502412032,0.10958686700360667,-1.8822330098877664
A1,A2,A3,B1,B2,phiA1
3.8857805039969944,2.775557558706964,1.110223025793901,-3.3306690773817027,0.0,2.2204460762397065
ans,J2,J3,Energy,Sigma,L,A1,A2,A3,B1,B2,phiB1
cb2,0.21000000000000002,-0.02999999999999997,-0.4480825537034975,1.7682357558020615e-09,0.656408278548857,0.5009908005613303,0.10218522344710268,0.09422717508906427,0.1508456567905517,0.17243748662601954,3.1415926569751744
A1,A2,A3,B1,B2,phiB1
0.0,-2.220446051587794,-2.7755575644847847,-7.771561180557363,-6.106226641866433,-3.885780633419486
