ans,J2,J3,Energy,Sigma,L,A1,A3,B1,B2,B3
3x3,0.26999999999999996,0.26999999999999996,-0.4430806036841869,1.0320500822659302e-10,0.6446250046901519,0.502330196588783,0.1925438827494151,0.14482459897707586,0.23204135439536672,0.04623722438051455
A1,A3,B1,B2,B3
5.551115128969496,2.220446051587794,-1.6653345386908878,1.6653345386908878,3.3306690704483297
ans,J2,J3,Energy,Sigma,L,A1,A2,B1,B2,B3
q0,0.26999999999999996,0.26999999999999996,-0.46178344502606905,1.1190600534422477e-09,0.7022057357822291,0.5205086651736677,0.2620272250482025,0.19708897562546224,0.18837055806002878,0.2740907572888039
A1,A2,B1,B2,B3
0.5551115128971423,-2.220446039261842,-7.771561180557363,-2.220446051587794,-2.220446039261842
ans,J2,J3,Energy,Sigma,L,A1,A2,A3,B1,B2
0-pi,0.26999999999999996,0.26999999999999996,-0.44906934091288864,1.0477058897466563e-15,0.6590305878676699,0.5013670223259045,0.10092667233658331,0.12655086787694347,0.14993821282544695,0.18524329129893607
A1,A2,A3,B1,B2
4.440892004567994,0.5551115128969505,0.5551115128969508,-4.440892103175605,-1.1102230257939012
ans,J2,J3,Energy,Sigma,L,A1,A2,A3,B1,B2,phiA1
cb1,0.26999999999999996,0.26999999999999996,-0.48424424551043777,7.253038612015522e-10,0.7524719572929713,0.5141272366448244,0.060200329957868094,0.34315240516170115,0.17968364243449597,0.1586290685172143,1.9489527794459867
A1,A2,A3,B1,B2,phiA1
4.440892103175614,4.440892093931106,3.3306690588928483,-2.220446051587794,2.220446051587963,2.2204460762397056
ans,J2,J3,Energy,Sigma,L,A1,A2,A3,B1,B2,phiB1
cb2,0.26999999999999996,0.26999999999999996,-0.4490693412618463,7.514561224646567e-09,0.6590013129550073,0.501355739660115,0.10093303952302479,0.1265456960636098,0.14995450855207487,0.18525194586722218,3.141592659069592
A1,A2,A3,B1,B2,phiB1
5.5511150057098755,3.8857805902787663,2.7755575644847426,-1.1102230257936427,2.220446051587794,2.7755575952996328
