ans,J2,J3,Energy,Sigma,L,A1,A3,B1,B2,B3
3x3,-0.15,-0.3,-0.48793440533459953,1.995694830692719e-12,0.7658815777021639,0.5196954396563637,0.2545162762184352,0.19229941435887377,0.338243713105971,0.15096323114047136
A1,A3,B1,B2,B3
2.2204460022839902,-2.2204460639137538,-5.5511151289695055,-1.1102230319568729,-1.1102230257939023
ans,J2,J3,Energy,Sigma,L,A1,A2,B1,B2,B3
q0,-0.15,-0.3,-0.4866459404446766,1.372277778819184e-10,0.7647755209232373,0.5180261124512113,0.24490762354900242,0.18813946591868488,0.2053671162562416,0.29485167813888263
A1,A2,B1,B2,B3
-139.88810125003158,3.330669077381712,-298.6499939385594,-143.2187703274133,-144.3289925520203
ans,J2,J3,Energy,Sigma,L,A1,A2,A3,B1,B2
0-pi,-0.15,-0.3,-0.46359061442359367,3.0814879110195774e-16,0.6880850446639145,0.4983250345266404,0.06774521841237104,0.1348081300824967,0.13656922245921727,0.1920593659121789
A1,A2,A3,B1,B2
2.775557549077314,-1.665334538690852,-1.665334538690852,-8.32667269345426,-1.1102230257939012
ans,J2,J3,Energy,Sigma,L,A1,A2,A3,B1,B2,phiA1
cb1,-0.15,-0.3,-0.45825955185733724,0.0002155371231852331,0.6766517900581129,0.5057125263960626,0.008454317596854763,0.1574280470089862,0.15488829996423617,0.07099382460417603,-1.6771887005023454
A1,A2,A3,B1,B2,phiA1
6.106226506280389,-0.5551115122195784,-1.6653345386816552,-4.440892103174571,2.220446051589996,-1.6653345572936258
ans,J2,J3,Energy,Sigma,L,A1,A2,A3,B1,B2,phiB1
cb2,-0.15,-0.3,-0.4635906144223334,2.3034430283662445e-12,0.6880854163292974,0.498324979036036,0.06774501936354242,0.13480768228119672,0.13656907541874294,0.19206169839529302,3.1415928882919624
A1,A2,A3,B1,B2,phiB1
1.6653345479353145,-2.220446051587802,-3.8857805902786606,-7.216449667660352,-1.6653345386908454,-1.6653345571797795
