ans,J2,J3,Energy,Sigma,L,A1,A3,B1,B2,B3
3x3,-0.06,-0.27,-0.4707122207982967,9.829176064174697e-12,0.7182398815454848,0.5151637713976173,0.21231724266620394,0.17726805108254234,0.29786822743061664,0.12616430000449405
A1,A3,B1,B2,B3
-1.1102230011420005,-4.440892103175588,-8.32667269345427,-3.3306690588927634,-0.5551115128969485
ans,J2,J3,Energy,Sigma,L,A1,A2,B1,B2,B3
q0,-0.06,-0.27,-0.48825016754938777,6.408115334412716e-09,0.7744743004919704,0.5213185883176348,0.27479120909058286,0.19900583441120603,0.20864011223027049,0.3205022288887043
A1,A2,B1,B2,B3
4.440892103175614,1.1102230319568729,-3.3306690773809287,3.3306690773816063,5.551115159784449
ans,J2,J3,Energy,Sigma,L,A1,A2,A3,B1,B2
0-pi,-0.06,-0.27,-0.4585590920420382,1.2017802852976352e-15,0.677151658270958,0.4990026871536887,0.07485420108944255,0.12191266464968481,0.13950226950600772,0.18616265158650494
A1,A2,A3,B1,B2
4.996003643805947,1.1102230257939012,0.0,-5.551115128969507,1.665334538690852
ans,J2,J3,Energy,Sigma,L,A1,A2,A3,B1,B2,phiA1
cb1,-0.06,-0.27,-0.4608513068185511,9.814538996597354e-13,0.6837795353468149,0.5074553927310295,0.03296631384157557,0.16789549554783395,0.1556477902227394,0.12983346940372228,-2.1165831415399636
A1,A2,A3,B1,B2,phiA1
4.440892103175614,0.5551115125117655,-1.6653345386908507,-5.5511151289695055,-0.5551115128969512,-0.5551115190599264
ans,J2,J3,Energy,Sigma,L,A1,A2,A3,B1,B2,phiB1
cb2,-0.06,-0.27,-0.4585590920682874,4.8755733136459295e-11,0.6771519905275516,0.4990032353993128,0.07485341686112552,0.12192132222763395,0.1395021799637114,0.18616504671730316,3.141592661301022
A1,A2,A3,B1,B2,phiB1
3.3306690958706184,1.110223025793897,0.5551115128969061,-2.7755575644847426,1.110223025793897,1.66533455717978
