ans,J2,J3,Energy,Sigma,L,A1,A3,B1,B2,B3
3x3,-0.27,-0.09,-0.5378972967445692,0.04551504139290366,0.809059046061978,0.5214489869749218,-3.0839527043191595e-08,0.24460835625903982,0.282845776173134,-0.05085573335740782
A1,A3,B1,B2,B3
4.440892004569527,1.1102230225434888,-6.661338154032731,4.440892126877798,1.110223023668785
ans,J2,J3,Energy,Sigma,L,A1,A2,B1,B2,B3
q0,-0.27,-0.09,-0.4265556617861088,0.018126847227890847,0.5000000075271275,0.3139585534734149,7.36299769729433e-05,0.10134017000979162,0.16273939066479237,0.14644828980697974
A1,A2,B1,B2,B3
-405.7865136748862,-32.19646771414621,-140.99832427585633,-8.881784207227346,-1.6653345386816552
ans,J2,J3,Energy,Sigma,L,A1,A2,A3,B1,B2
0-pi,-0.27,-0.09,-0.43490289748207633,0.05374982263871102,0.5000000075271275,0.3384163228708533,0.014175287624592154,0.3047561964476638,0.12767394236820923,0.20011749828700556
A1,A2,A3,B1,B2
-21.09423760717982,-1.6653345366804195,1.6653345292637192,-7.771561182017818,-1.1102230265973076
ans,J2,J3,Energy,Sigma,L,A1,A2,A3,B1,B2,phiA1
cb1,-0.27,-0.09,-0.47695613653391156,8.689310882878014e-09,0.7273019691338644,0.51385672795114,0.03477952960463616,0.24548483098439997,0.17207829529023966,0.1618524905699216,2.119624923188741
A1,A2,A3,B1,B2,phiA1
2.220446002283916,-2.2204460469657223,0.0,-5.5511151289695695,1.1102230257936427,0.0
ans,J2,J3,Energy,Sigma,L,A1,A2,A3,B1,B2,phiB1
cb2,-0.27,-0.09,-0.43489788409312363,0.05377062217282778,0.5000000075271275,0.33841288878876563,0.014184106457372992,0.3046059965473051,0.12768328280068122,0.20013595584402605,3.14159264213967
A1,A2,A3,B1,B2,phiB1
-23.86979518699886,0.0,0.0,-7.216449666637495,0.0,0.5551115190599266
