ans,J2,J3,Energy,Sigma,L,A1,A3,B1,B2,B3
3x3,-0.27,-0.3,-0.5486362999681628,0.09203580886944483,0.8090519049827322,0.5126242123956817,-9.25185594802258e-09,0.25206151681490446,0.2929291069877503,0.10002644278454066
A1,A3,B1,B2,B3
4.440892103285559,2.220446049250313,-4.44089207896177,4.440892128265577,2.220446051112947
ans,J2,J3,Energy,Sigma,L,A1,A2,B1,B2,B3
q0,-0.27,-0.3,-0.4458335486214732,0.1055373839422036,0.5000000075271275,0.35943103958734757,0.00804264535476168,0.17599058047846003,0.09997029044619721,0.09997581523206944
A1,A2,B1,B2,B3
-1337.8187535088598,-98.2547376628654,-447.97499091074286,-29.42091018331808,-38.30269438985154
ans,J2,J3,Energy,Sigma,L,A1,A2,A3,B1,B2
0-pi,-0.27,-0.3,-0.4719465782613995,4.59661545752506e-11,0.7069437522214492,0.4972928356077893,0.05862169788608592,0.15730232964491764,0.13300030491813328,0.2018433734733532
A1,A2,A3,B1,B2
7.21644962760103,0.0,-0.5551115128969485,-3.3306690773817333,2.7755575644847528
ans,J2,J3,Energy,Sigma,L,A1,A2,A3,B1,B2,phiA1
cb1,-0.27,-0.3,-0.46914324305557836,2.89699080295586e-05,0.7037855974438014,0.5057005394827324,0.027030420703571863,0.1483784424966776,0.15663642106948183,0.16041726019633423,-2.3592778341570506
A1,A2,A3,B1,B2,phiA1
1.6653345017122172,-3.3306690727591066,-1.110223025794998,-4.996003616072071,-0.555111512897499,-3.330669114413779
ans,J2,J3,Energy,Sigma,L,A1,A2,A3,B1,B2,phiB1
cb2,-0.27,-0.3,-0.4719465782614436,4.8460156816034295e-11,0.7069437068995329,0.49729280380101193,0.05862142816924799,0.15730241818765875,0.13300035013712264,0.2018434135787951,3.1415926452144265
A1,A2,A3,B1,B2,phiB1
7.771561223698194,1.1102230234827872,1.110223025793897,-2.220446051587836,2.7755575644847528,3.33066911435956
