ans,J2,J3,Energy,Sigma,L,A1,A3,B1,B2,B3
3x3,-0.27,-0.06,-0.5323793867563991,5.3046799818968005,0.5000000075271275,0.5198988691703539,6.61069613518972e-05,0.236607479444694,0.26873046931395933,0.002839350930305047
A1,A3,B1,B2,B3
2.2204460627450096,-1.1102230246262397,-4.4408921008381155,0.0,-1.110223024637171
ans,J2,J3,Energy,Sigma,L,A1,A2,B1,B2,B3
q0,-0.27,-0.06,-0.43063167756617254,0.026130244877904836,0.5000000075271275,0.3487917742386202,0.03027344273326041,0.12686591902882585,0.10632964518491649,0.12658342753510055
A1,A2,B1,B2,B3
-298.6499955960228,-23.31468350905896,-103.25074139722179,-7.216449667634961,0.0
ans,J2,J3,Energy,Sigma,L,A1,A2,A3,B1,B2
0-pi,-0.27,-0.06,-0.43588431389822485,0.05338756752821762,0.5000000075271275,0.3359181708631833,0.011221846578423459,0.38371811951308293,0.12687542926757214,0.20207548974291817
A1,A2,A3,B1,B2
-21.649349122866074,-0.5551115122195784,0.555111510217166,-7.216449669413053,1.6653345392020722
ans,J2,J3,Energy,Sigma,L,A1,A2,A3,B1,B2,phiA1
cb1,-0.27,-0.06,-0.47886845960260416,4.870879961038414e-09,0.7331422850696103,0.5147555464745528,0.035336890990388545,0.25936301208853313,0.17442520342418222,0.16371317749695863,-2.0954907095840705
A1,A2,A3,B1,B2,phiA1
5.551115128969517,-1.1102230250235205,0.0,-3.3306690773822836,1.1102230257939816,2.2204460762396843
ans,J2,J3,Energy,Sigma,L,A1,A2,A3,B1,B2,phiB1
cb2,-0.27,-0.06,-0.43589683720417594,0.05343072418888237,0.5000000075271275,0.3359425000559444,0.011260910664822207,0.38378063764513615,0.12690751472903464,0.20204494536162187,3.1416259652095113
A1,A2,A3,B1,B2,phiB1
-22.75957215562636,-2.2204460488999977,-1.6653345477526467,-8.881784207227346,-1.1102230252095289,0.5551115190599423
