ans,J2,J3,Energy,Sigma,L,A1,A3,B1,B2,B3
3x3,-0.18,-0.24,-0.49813794479142404,1.8238340869193353e-11,0.7938192415914421,0.5217453532370704,0.2834702576974022,0.199510786121783,0.35924068799810915,0.1599186963193204
A1,A3,B1,B2,B3
5.551115128969506,0.0,-6.661338154763403,-1.110223031956915,-2.220446051587794
ans,J2,J3,Energy,Sigma,L,A1,A2,B1,B2,B3
q0,-0.18,-0.24,-0.48123524503524073,5.377507388489143e-09,0.7459488762946282,0.5148693946108752,0.21576148099484063,0.17783549178661442,0.19949333323698543,0.26383139601073785
A1,A2,B1,B2,B3
0.0,-1.1102230257938122,-5.5511151289695695,2.220446051587794,-1.110223019631006
ans,J2,J3,Energy,Sigma,L,A1,A2,A3,B1,B2
0-pi,-0.18,-0.24,-0.4668269424193359,1.0168910106364605e-15,0.6956182395087276,0.49800136440314524,0.06351712483653812,0.14961131210140713,0.1350948542622814,0.19819945022509058
A1,A2,A3,B1,B2
4.440892127827509,-0.5551115128969508,0.0,-4.440892103175605,1.1102230257939012
ans,J2,J3,Energy,Sigma,L,A1,A2,A3,B1,B2,phiA1
cb1,-0.18,-0.24,-0.4662367560426725,4.3140830754274083e-16,0.697122402977281,0.5077428690641219,0.03247697166907111,0.17235497673027053,0.15820623666881167,0.1509115374237341,-2.2559769418203395
A1,A2,A3,B1,B2,phiA1
4.440892103175606,0.5551115125117646,0.0,-8.32667269345426,0.0,-1.6653345571797795
ans,J2,J3,Energy,Sigma,L,A1,A2,A3,B1,B2,phiB1
cb2,-0.18,-0.24,-0.4668269424094209,1.4182948703896036e-11,0.6956174063610447,0.49800141326649205,0.06351725838124082,0.14961167675061962,0.13509478529273272,0.1981938869834541,3.14159265275297
A1,A2,A3,B1,B2,phiB1
4.996003643805947,1.665334538690852,3.3306690773817014,-3.3306690773817014,2.220446051587836,1.66533455717978
