ans,J2,J3,Energy,Sigma,L,A1,A3,B1,B2,B3
3x3,0.18,-0.27,-0.4428350120020625,1.2476143364861403e-11,0.6439243914159384,0.49775987982785597,0.09319664036316636,0.13864987448559593,0.1889529346357994,0.05935290343400431
A1,A3,B1,B2,B3
1.1102230319568729,-2.7755575644847528,-7.216449667660372,-2.2204460515878153,-0.5551115117413883
ans,J2,J3,Energy,Sigma,L,A1,A2,B1,B2,B3
q0,0.18,-0.27,-0.43590138013614643,4.36304429762317,0.5000000075271275,0.5202267105196781,0.2518100041962197,5.319859047553388e-05,5.319855096530546e-05,5.3197103896451825e-05
A1,A2,B1,B2,B3
3.3306690941175146,1.1102230313725048,-3.330669073877194,0.0,1.1102230246257314
ans,J2,J3,Energy,Sigma,L,A1,A2,A3,B1,B2
0-pi,0.18,-0.27,-0.44740538007178865,2.294034013178737e-10,0.6544890403791969,0.5003274187044426,0.10219399627818337,0.07789837111958058,0.15083348086570647,0.16559472663279431
A1,A2,A3,B1,B2
0.0,-2.2204460515878046,-4.440892103175588,-8.326672693454185,-2.2204460515878046
ans,J2,J3,Energy,Sigma,L,A1,A2,A3,B1,B2,phiA1
cb1,0.18,-0.27,-0.45069121691239955,0.0002278686161709072,0.6601635869489062,0.4997729024675521,0.053723408723595406,0.1234951278197884,0.14318081123599255,0.12848725300951575,2.4403666464844394
A1,A2,A3,B1,B2,phiA1
1.665334547969487,-1.1102230250360565,-0.555111512864973,-5.55111512897499,-2.220446051633364,0.0
ans,J2,J3,Energy,Sigma,L,A1,A2,A3,B1,B2,phiB1
cb2,0.18,-0.27,-0.44740538001557095,9.073749302788248e-13,0.6544914538968817,0.5003274214258895,0.10219384667402064,0.07788795141839078,0.1508304831295363,0.1655960287632293,3.141592651329257
A1,A2,A3,B1,B2,phiB1
1.1102230257938928,1.110223025793901,-1.1102230257938996,-4.996003616072555,-2.7755575644847528,-1.1102230381198532
