ans,J2,J3,Converge,Energy,Sigma,gap,L,A1,A3,B1,B2,B3,phiB1,phiB2,phiA3
3x3_1,0.14999999999999997,-0.22499999999999998,True,-0.28720495103115024,1.9717586151059333e-09,0.09731677955284722,0.5400997353497057,0.3967969586482155,0.07380181176753314,0.10247833989434987,0.13897842001309177,-0.03892309873559208,3.1417995624538313,-0.00010297956846548762,3.136684085417442
ans,J2,J3,Converge,Energy,Sigma,gap,L,A1,A2,B1,B2,B3,phiB1,phiA2,phiB2
q0_1,0.14999999999999997,-0.22499999999999998,True,-0.30657470492689254,2.3326956573550686e-09,0.0011688247281039991,0.6432425680719055,0.40763795005206227,0.2247479485446304,0.15367115283103266,0.149430341986132,-0.24045719652083228,3.1414649574972304,3.155968617026037,3.1393417488537474
