ans,J2,J3,Energy,Sigma,L,A1,A3,B1,B2,B3
3x3,0.3,-0.02999999999999997,-0.43382816887481296,3.1996381839939755e-11,0.6240450858775701,0.4933999055970264,0.08950663250614879,0.1314490918027805,0.17475287743352658,0.04610287093055347
A1,A3,B1,B2,B3
3.1998848019234845,-0.06811218256061663,-6.901645921608809,-2.8319013799783526,0.05884182030501558
ans,J2,J3,Energy,Sigma,L,A1,A2,B1,B2,B3
q0,0.3,-0.02999999999999997,-0.4982561584612534,1.4464367066484099e-11,0.8135916934918481,0.5220565353168931,0.364766623044359,0.2273767402799171,0.21514442181847782,0.3876521497110786
A1,A2,B1,B2,B3
3.972377981439331,0.8707479182117688,-4.273692510864911,-1.282085548798981,0.058841820305015474
ans,J2,J3,Energy,Sigma,L,A1,A2,A3,B1,B2,phiA1
cb1,0.3,-0.02999999999999997,-0.4648762516634947,8.951094226364187e-12,0.6927713282604725,0.5123833140365925,0.04166291962786457,0.21461605714063076,0.16355892400194444,0.10290565512727619,1.829425867890515
A1,A2,A3,B1,B2,phiA1
3.5813019210810286,0.7575606808514601,-0.0661137811144608,-6.322053991237374,-1.8470225349139475,0.05700995231122302
