ans,J2,J3,Energy,Sigma,L,A1,A3,B1,B2,B3
3x3,-0.3,-0.18,-0.5279711962332857,4.517192781350037e-12,0.8690008711689647,0.520310868253331,0.3236871803062219,0.207693133003227,0.38088888981351054,0.16004044664804004
A1,A3,B1,B2,B3
3.9832581679632844,-0.4063416270571075,-4.519051799299769,0.9915401834008271,0.3461675390870395
ans,J2,J3,Energy,Sigma,L,A1,A2,B1,B2,B3
q0,-0.3,-0.18,-0.47835073129905525,7.127502627891545e-12,0.7328474289656004,0.5062862425084459,0.1605659561869292,0.15746335443569884,0.19370392024084443,0.21400623526817722
A1,A2,B1,B2,B3
3.4253710980592906,-3.01547675709466,-7.046252470569961,1.1288747714052685,0.19861889911055602
ans,J2,J3,Energy,Sigma,L,A1,A2,A3,B1,B2,phiA1
cb1,-0.3,-0.18,-0.4750274995413915,1.4482295431239857e-11,0.7183472825483929,0.5163962512428112,0.035461657576544514,0.24585036873414903,0.1746560442837342,0.15460239737710874,-2.0424558894408027
A1,A2,A3,B1,B2,phiA1
3.735012299643816,-1.7847390232326006,-0.5296874050623044,-5.782763157041751,0.9376388554192758,0.05617728503032816
