ans,J2,J3,Energy,Sigma,L,A1,A3,B1,B2,B3
3x3,-0.21,0.26999999999999996,-0.550326662249927,1.553624809170932e-11,0.9137871489652306,0.5126665830161785,0.40545888215253933,0.19977277292630602,0.3937194483543597,0.136154764127038
A1,A3,B1,B2,B3
3.8581360322246554,0.47273296393692993,-4.684697074568914,0.7673861547045702,-0.5874190023442996
ans,J2,J3,Energy,Sigma,L,A1,A2,B1,B2,B3
q0,-0.21,0.26999999999999996,-0.4618955742207288,9.996936068606684e-12,0.6858021570488279,0.4992089253808403,0.10610333086507229,0.1401323391967042,0.17252599688334005,0.13638098354872835
A1,A2,B1,B2,B3
3.127498260710033,-2.06495931464743,-8.037182030778512,0.7723821582516144,-1.1178280523105768
ans,J2,J3,Energy,Sigma,L,A1,A2,A3,B1,B2,phiA1
cb1,-0.21,0.26999999999999996,-0.5269146331066977,1.2841400003237654e-11,0.857816769155725,0.5186811555105229,0.04712393265297615,0.4485390794794242,0.20232303292673706,0.2031701184098835,1.9132008703352814
A1,A2,A3,B1,B2,phiA1
3.8061775946809555,-0.9858780458651671,0.44630965594797056,-5.080824650025425,0.803357380639454,0.16764367670875713
