ans,J2,J3,Energy,Sigma,L,A1,A3,B1,B2,B3
3x3,-0.21,-0.24,-0.49965545122774135,7.432019034999703e-12,0.7961898246145227,0.5193984596167966,0.2818087548811545,0.19684470399174747,0.35022610054509135,0.14641263736652216
A1,A3,B1,B2,B3
3.957834059819193,-0.6028511023702539,-4.818145882124886,0.663691324119591,0.44775294581800257
ans,J2,J3,Energy,Sigma,L,A1,A2,B1,B2,B3
q0,-0.21,-0.24,-0.48052575915020046,2.492714622571148e-12,0.7444614941713013,0.5123690699618935,0.2015453344257919,0.17282366461137705,0.19968128167427793,0.2543932493770088
A1,A2,B1,B2,B3
3.6736169655630526,-1.4928058789494334,-6.1305405194952325,0.8117950756268225,0.2701172619207493
ans,J2,J3,Energy,Sigma,L,A1,A2,A3,B1,B2,phiA1
cb1,-0.21,-0.24,-0.4657137773001448,5.5844146245871875e-12,0.6975798261766167,0.5013859808291965,0.022827488435213022,0.11059353774631232,0.1517509523378793,0.1700721105514564,2.6085767069374484
A1,A2,A3,B1,B2,phiA1
3.8666847495128285,-1.2413958749821357,-0.7617795283450274,-5.2628457149174075,0.7668310431283458,-0.08726352971114225
