ans,J2,J3,Energy,Sigma,L,A1,A3,B1,B2,B3
3x3,-0.24,0.06,-0.5327586143565753,3.486267602409001e-12,0.8780225527565746,0.5186070378189221,0.36253871809892246,0.20441085725415087,0.3868675633606291,0.14757513302325279
A1,A3,B1,B2,B3
3.9588332614202244,0.11601830608597746,-4.5533576907596665,0.846878123276398,-0.12156942119958575
ans,J2,J3,Energy,Sigma,L,A1,A2,B1,B2,B3
q0,-0.24,0.06,-0.4678310336368956,2.392848498940782e-12,0.7028695705496584,0.5026906483691603,0.12961938817815635,0.1476535309023125,0.18160205546103989,0.1696297979145631
A1,A2,B1,B2,B3
3.274824855912063,-2.363886864092766,-7.596256956983428,0.8917311334018926,-0.14366285939019535
ans,J2,J3,Energy,Sigma,L,A1,A2,A3,B1,B2,phiA1
cb1,-0.24,0.06,-0.49413594300068375,4.998754400056402e-12,0.7747289093070112,0.5226583625564559,0.04211228709239671,0.3602711750853432,0.19338878673350884,0.1805891125618003,1.9422056390910933
A1,A2,A3,B1,B2,phiA1
3.888223077050286,-1.210143096839,0.11080025785736901,-5.180300632746837,0.8637535131806182,0.13522516439156707
