ans,J2,J3,Energy,Sigma,L,A1,A3,B1,B2,B3
3x3,-0.18,0.09000000000000002,-0.5185298605028361,5.384009167744022e-12,0.8421991908998884,0.5182432933279214,0.3562013923930231,0.19919358613575014,0.37648286692042404,0.13794815491950368
A1,A3,B1,B2,B3
3.942957072167235,0.16520118606389306,-4.680367205032817,0.634159391664621,-0.18485213359458827
ans,J2,J3,Energy,Sigma,L,A1,A2,B1,B2,B3
q0,-0.18,0.09000000000000002,-0.46514811645233156,3.0809971347659405e-12,0.6970872175975077,0.5041387696938566,0.13650377262367383,0.15079916551424263,0.18029273787139388,0.1724903543535327
A1,A2,B1,B2,B3
3.3492097978222555,-1.4694356842804719,-7.337130903029243,0.6800671137139037,-0.2319255898501685
ans,J2,J3,Energy,Sigma,L,A1,A2,A3,B1,B2,phiA1
cb1,-0.18,0.09000000000000002,-0.4944149112808134,1.1705423314558032e-11,0.7758772331266404,0.522546747474491,0.04393042606152812,0.3672326892230293,0.19348875735368598,0.18056828644632156,1.9358864442773618
A1,A2,A3,B1,B2,phiA1
3.883893207254016,-0.8558709296818213,0.1599831378659268,-5.18962650615341,0.6656897255454357,0.1392219673418146
