ans,J2,J3,Energy,Sigma,L,A1,A3,B1,B2,B3
3x3,0.14999999999999997,-0.24,-0.44296621690356974,1.7853567590154806e-11,0.6449956415149153,0.4989999987183947,0.11346174171685419,0.14265513097747773,0.20299031366005732,0.06817965202147702
A1,A3,B1,B2,B3
3.229916334384276,-0.9753864382824801,-7.146228053543335,-1.0407230632526545,0.39412917374114226
ans,J2,J3,Energy,Sigma,L,A1,A2,B1,B2,B3
q0,0.14999999999999997,-0.24,-0.5054712870385213,2.272926399075385e-11,0.8334450589468673,0.5230502046535188,0.35119568998527323,0.22395958774098063,0.2188065724936089,0.38722272228741
A1,A2,B1,B2,B3
4.004907516055366,0.5276890036032814,-4.288569499394446,-0.6058487045199207,0.4409805853802302
ans,J2,J3,Energy,Sigma,L,A1,A2,A3,B1,B2,phiA1
cb1,0.14999999999999997,-0.24,-0.4451488776227457,1.579573103667718e-11,0.6542457575394486,0.49471638706876414,1.050924053602742e-05,3.898524080486743e-05,0.13486004819379396,0.16295244843977894,3.1413864227290467
A1,A2,A3,B1,B2,phiA1
3.860856079277491,0.4566902411795576,-0.6876166303015945,-5.287104088006092,-0.6452061107775272,-0.03352873533430652
