ans,J2,J3,Energy,Sigma,L,A1,A3,B1,B2,B3
3x3,0.06,-0.15,-0.4533980503336488,3.2437555730880647e-12,0.6709385838438285,0.5070749555468561,0.17463680878681265,0.15804192968306416,0.24913480429311977,0.08659309049460276
A1,A3,B1,B2,B3
3.5712544027098647,-0.43232084577617186,-6.299905042246476,-0.2888800310149058,0.2705058399493784
ans,J2,J3,Energy,Sigma,L,A1,A2,B1,B2,B3
q0,0.06,-0.15,-0.48311733687510605,7.346735911159794e-12,0.7671221450537378,0.5226278596153087,0.29167153049970357,0.20560938105992022,0.20816824802767508,0.33044843303476806
A1,A2,B1,B2,B3
3.9674930001318036,0.21438406605468888,-4.788280882763359,-0.24191759705862328,0.25834889782975723
ans,J2,J3,Energy,Sigma,L,A1,A2,A3,B1,B2,phiA1
cb1,0.06,-0.15,-0.46438626884732664,2.4975444601330696e-11,0.6908477530690121,0.5127306827739145,0.03326036100266072,0.20568688352170772,0.1638587071529595,0.1113193294834861,1.8774536476994934
A1,A2,A3,B1,B2,phiA1
3.594735620474921,0.22043478153888393,-0.4531375274872742,-6.265432617330978,-0.26217916726470636,0.06339373473060304
