ans,J2,J3,Energy,Sigma,L,A1,A3,B1,B2,B3
3x3,-0.02999999999999997,0.21000000000000002,-0.49196799570997474,1.2009292596878923e-11,0.7728905710959129,0.5140977264739339,0.3503694896260696,0.1834625122519502,0.3500991637486241,0.1078110180232239
A1,A3,B1,B2,B3
3.831934768847918,0.34461322688121915,-5.138001135509876,0.11668443988787057,-0.4670708264588691
ans,J2,J3,Energy,Sigma,L,A1,A2,B1,B2,B3
q0,-0.02999999999999997,0.21000000000000002,-0.45819735301234854,7.448868087044214e-12,0.6816942901369483,0.5067177088212078,0.14988193066874406,0.1572751067237683,0.17552294030925633,0.17400173954770673
A1,A2,B1,B2,B3
3.4682257060420136,-0.13894441152770398,-6.863065671502091,0.11851630788178795,-0.7008837954639129
ans,J2,J3,Energy,Sigma,L,A1,A2,A3,B1,B2,phiA1
cb1,-0.02999999999999997,0.21000000000000002,-0.5029135997972851,8.399990784099242e-12,0.7985142410795444,0.5210385496059773,0.051544217209597475,0.4065993194762088,0.19585983507825916,0.18776290878222365,-1.9286374919219935
A1,A2,A3,B1,B2,phiA1
3.8427039321849668,-0.12301271112822129,0.33695268797306105,-5.205502695405078,0.11890488594041662,0.15443202271647774
