ans,J2,J3,Energy,Sigma,L,A1,A3,B1,B2,B3
3x3,0.09000000000000002,-0.3,-0.4477671077754985,1.5203413655026579e-12,0.657017792220211,0.5018896716186027,0.12840122326938835,0.1488966479130686,0.21943769592148787,0.08029576931358844
A1,A3,B1,B2,B3
3.322453423671031,-1.3075651672133703,-6.99057478549552,-0.5078160114484362,0.47262194158198384
ans,J2,J3,Energy,Sigma,L,A1,A2,B1,B2,B3
q0,0.09000000000000002,-0.3,-0.5057105971249775,8.256289009657449e-12,0.8332306781140713,0.5231268163285445,0.34139412019746185,0.22108540691819453,0.2190619776000624,0.3821173565723632
A1,A2,B1,B2,B3
3.9201974992907433,0.32640556927538145,-4.416689236677551,-0.36215475062194996,0.5054845431108227
ans,J2,J3,Energy,Sigma,L,A1,A2,A3,B1,B2,phiA1
cb1,0.09000000000000002,-0.3,-0.4484107811395563,5.6922594476503296e-12,0.6619689651419262,0.49557255380459014,1.5127822658468136e-05,4.242745923530543e-05,0.13741829968492186,0.16677416306880347,-3.141329682088999
A1,A2,A3,B1,B2,phiA1
3.88161724983794,0.30797586703101837,-0.9208189766241099,-5.2234883084034704,-0.37547742693789876,-0.029309887841910583
