ans,J2,J3,Energy,Sigma,L,A1,A3,B1,B2,B3
3x3,0.21000000000000002,-0.15,-0.43902761190680833,1.6506330786368908e-11,0.6355483300765646,0.4967214330115205,0.10435033263497721,0.1378187545026488,0.19096396859393286,0.05775348054968477
A1,A3,B1,B2,B3
3.2098768091462,-0.4977684930896934,-7.063460927059992,-1.684874462214532,0.2683964162025951
ans,J2,J3,Energy,Sigma,L,A1,A2,B1,B2,B3
q0,0.21000000000000002,-0.15,-0.5012913950751924,4.0880513272482075e-12,0.8224290628137773,0.5229732494052135,0.35533335914836917,0.2250671982974697,0.2170637737261872,0.38607696815918274
A1,A2,B1,B2,B3
3.9758196728150885,0.6754596882555853,-4.284017585231428,-0.853650483656269,0.27877700148281914
ans,J2,J3,Energy,Sigma,L,A1,A2,A3,B1,B2,phiA1
cb1,0.21000000000000002,-0.15,-0.46168423667536734,1.1130168578286493e-11,0.6834981161285454,0.5096397639449418,0.0296388056234285,0.17854619702595464,0.1582544932678584,0.08837617158160942,1.7975605609535994
A1,A2,A3,B1,B2,phiA1
3.49809070617613,0.6090683513081423,-0.4802824804385514,-6.524891737830354,-1.2092549184193018,0.0384137166498212
