ans,J2,J3,Energy,Sigma,L,A1,A3,B1,B2,B3
3x3,-0.12,-0.3,-0.47717847484793385,8.91557725554676e-12,0.7356525699129907,0.5153685194632194,0.2286956073006012,0.1818961085761042,0.30888594350452725,0.1282124771507838
A1,A3,B1,B2,B3
3.8465897127704998,-0.9073852780495106,-5.3633764097998045,0.3759215161790615,0.5324629626239389
ans,J2,J3,Energy,Sigma,L,A1,A2,B1,B2,B3
q0,-0.12,-0.3,-0.4870826430834386,1.686705993938743e-11,0.7702922989296773,0.5185332761706589,0.2540313107617369,0.19186118284070516,0.2079238269332369,0.305850065482953
A1,A2,B1,B2,B3
3.8490322034242634,-0.6195044478083771,-5.275224701642297,0.4728439861737846,0.3901323708958131
ans,J2,J3,Energy,Sigma,L,A1,A2,A3,B1,B2,phiA1
cb1,-0.12,-0.3,-0.46013197249248317,1.1202952919069858e-11,0.6848051175071442,0.4998594477606148,0.022278602139203508,0.091973051569899,0.14746843239026916,0.1653723551377075,-2.6440362223248073
A1,A2,A3,B1,B2,phiA1
3.8641867483513592,-0.6023515020091739,-1.0175194020669207,-5.276001857759554,0.4538036613272209,-0.0738298311169333
