ans,J2,J3,Energy,Sigma,L,A1,A3,B1,B2,B3
3x3,0.3,0.21000000000000002,-0.4368089360572111,6.944001018110925e-12,0.6299707917850198,0.4986808192251924,0.16116874938965853,0.1389640645344371,0.21195257614612986,0.045515474372687575
A1,A3,B1,B2,B3
3.4830471839983055,0.12412293414939918,-6.208755731577749,-2.365274642873583,-0.47306603079183324
ans,J2,J3,Energy,Sigma,L,A1,A2,B1,B2,B3
q0,0.3,0.21000000000000002,-0.4678347869091234,1.7774237974914693e-12,0.7261600037930283,0.5222797962163245,0.30070757301777185,0.20930945477775453,0.197505094709339,0.3158311017971377
A1,A2,B1,B2,B3
3.969491402457196,0.5434541706132626,-4.673705866625452,-1.265099136592949,-0.5210276655133895
ans,J2,J3,Energy,Sigma,L,A1,A2,A3,B1,B2,phiA1
cb1,0.3,0.21000000000000002,-0.4376396788810431,2.765279941265071e-12,0.6368948852542182,0.49234000579295906,1.8030738912672497e-06,3.21358064102466e-06,0.12851002820930357,0.1534515352541625,-3.14157318417473
A1,A2,A3,B1,B2,phiA1
3.8030689708458674,0.6397660179402463,0.25668356329333647,-5.434430683075973,-1.4052647933774773,-0.04413136521651286
