ans,J2,J3,Energy,Sigma,L,A1,A3,B1,B2,B3
3x3,0.0,0.26999999999999996,-0.4916219481402907,1.732996913920507e-12,0.7710839020640715,0.5114659413481534,0.36341330140540945,0.17965202774370448,0.0,0.09967123152525253
A1,A3,B1,B2,B3
3.7525538234338316,0.42132963784440414,-5.320965889962658,0.0,-0.6307177002882899
ans,J2,J3,Energy,Sigma,L,A1,A2,B1,B2,B3
q0,0.0,0.26999999999999996,-0.45595626686017976,2.364416001334769e-12,0.6758149528346681,0.5061089035683564,0.0,0.1563275263166404,0.0,0.16622537969330056
A1,A2,B1,B2,B3
3.4474090243338007,-0.0,-6.900924276642784,0.0,-1.0283440765855367
ans,J2,J3,Energy,Sigma,L,A1,A2,A3,B1,B2,phiA1
cb1,0.0,0.26999999999999996,-0.5114143956692603,3.98814279618121e-12,0.8195530808569051,0.5193504247104449,0.0,0.4302899492291337,0.19751748217181544,0.0,-1.9299060560411567
A1,A2,A3,B1,B2,phiA1
3.8038461271742587,0.0,0.42488235152319753,-5.216937992847974,0.0,0.1608713163303746
