ans,J2,J3,Energy,Sigma,L,A1,A3,B1,B2,B3
3x3,0.12,-0.18,-0.44627985755702365,2.0583124242660853e-11,0.6527606633017383,0.5020535079959919,0.13727003398735058,0.14803456436866605,0.21971301831210843,0.0733916363559067
A1,A3,B1,B2,B3
3.3674729673219908,-0.6045719480751999,-6.820932707716482,-0.7291944825521051,0.31269431488505006
ans,J2,J3,Energy,Sigma,L,A1,A2,B1,B2,B3
q0,0.12,-0.18,-0.4928990163009276,2.7702716219617157e-12,0.7980151443534608,0.5236714517479656,0.3266381673547068,0.2167187844840592,0.21400148031907923,0.36326690388050686
A1,A2,B1,B2,B3
3.986255770129933,0.4076738946415422,-4.478306614545835,-0.4848343948393793,0.3193001419170058
ans,J2,J3,Energy,Sigma,L,A1,A2,A3,B1,B2,phiA1
cb1,0.12,-0.18,-0.46207603487942883,2.5912955614399703e-11,0.6844569749448828,0.5103999385127949,0.029756193690763596,0.18318725876882866,0.15951485958137865,0.09622857204730126,1.8325079545111458
A1,A2,A3,B1,B2,phiA1
3.518130230990504,0.4021227795184274,-0.6093459070812112,-6.4640515164415335,-0.5892508703186239,0.04773959005613627
