ans,J2,J3,Energy,Sigma,L,A1,A3,B1,B2,B3
3x3,-0.09,0.12,-0.4974414727572325,1.4807612192977676e-11,0.7882398560811202,0.5170833363479713,0.33924022168967455,0.18998764963693393,0.35625969339527236,0.1216641755755351
A1,A3,B1,B2,B3
3.912314916685941,0.21571633368423654,-4.913625062239809,0.33284486278195624,-0.25202062658940605
ans,J2,J3,Energy,Sigma,L,A1,A2,B1,B2,B3
q0,-0.09,0.12,-0.4621132435448996,9.247277162336371e-13,0.6915512141168085,0.5069419845846757,0.1521659106737926,0.15731343673120604,0.17970291933364824,0.18296373210765557
A1,A2,B1,B2,B3
3.471056774754331,-0.5285771820083089,-6.8904326690598054,0.3496647415952885,-0.3264610803994354
ans,J2,J3,Energy,Sigma,L,A1,A2,A3,B1,B2,phiA1
cb1,-0.09,0.12,-0.4591175047713037,1.8331116307332676e-11,0.6878475043580369,0.49770172962784504,8.940149911484951e-07,1.6640218959196318e-05,0.1449093739602411,0.1779530799388937,-3.1415016641381324
A1,A2,A3,B1,B2,phiA1
3.932076886307052,-0.4131694986142521,0.1906252933281399,-5.024813898431643,0.3480549182096299,-0.01609823385256445
