ans,J2,J3,Energy,Sigma,L,A1,A3,B1,B2,B3
3x3,-0.06,0.21000000000000002,-0.49950344840046923,1.0575585578420695e-11,0.792007919883302,0.5145412702497277,0.35950520962032995,0.18688620572595233,0.35852582380623477,0.11372913052395517
A1,A3,B1,B2,B3
3.84836607046411,0.351940698844544,-5.032196881266248,0.2280398092828684,-0.4632960681751512
ans,J2,J3,Energy,Sigma,L,A1,A2,B1,B2,B3
q0,-0.06,0.21000000000000002,-0.45876203259134524,1.1183579835684871e-11,0.6821565334423905,0.5054743461553716,0.14216525505325087,0.15427775451980252,0.17502458655527137,0.16754227585907608
A1,A2,B1,B2,B3
3.4212632728679573,-0.3196887199490475,-7.044309579885778,0.23459012509631494,-0.7117639811055195
ans,J2,J3,Energy,Sigma,L,A1,A2,A3,B1,B2,phiA1
cb1,-0.06,0.21000000000000002,-0.45723654979039496,4.5835077354794446e-12,0.6832606730197812,0.4973977732533797,3.5063887305897268e-06,1.1004415555071478e-05,0.14369439891145355,0.17614599482131654,-3.1415700871168863
A1,A2,A3,B1,B2,phiA1
3.924804925495772,-0.2636224571972435,0.26689761511988735,-5.057787522263859,0.23431256934016706,-0.018485213354841157
