ans,J2,J3,Energy,Sigma,L,A1,A3,B1,B2,B3
3x3,0.18,-0.27,-0.4404326282046735,5.38489407862743e-12,0.6392564743214109,0.49677598475264534,0.09803546549118185,0.13869026142557161,0.19125035727107012,0.06360545511964234
A1,A3,B1,B2,B3
3.143041382707531,-1.2120304759808591,-7.319533867682165,-1.3918310948571746,0.4327649349980206
ans,J2,J3,Energy,Sigma,L,A1,A2,B1,B2,B3
q0,0.18,-0.27,-0.5149621190406366,1.0776436541378595e-12,0.8587189435884539,0.52200950019747,0.36643898384711443,0.2281766070945321,0.22136447067427745,0.40094394606602307
A1,A2,B1,B2,B3
3.9646064202682645,0.6179501355051261,-4.226841099461761,-0.7281952818299722,0.4868327962971574
ans,J2,J3,Energy,Sigma,L,A1,A2,A3,B1,B2,phiA1
cb1,0.18,-0.27,-0.4589261821508355,3.02165042628692e-12,0.6759376165695573,0.5063407224620491,0.020592790661860316,0.1438268905159794,0.15271755458788872,0.0698863207018141,1.7466880903355915
A1,A2,A3,B1,B2,phiA1
3.4047209490441572,0.5457856389046352,-1.2156942119283727,-6.737388424737287,-1.043776176599253,0.013267165149399423
