ans,J2,J3,Energy,Sigma,L,A1,A3,B1,B2,B3
3x3,-0.12,0.02999999999999997,-0.49660647568026994,1.525141523097467e-11,0.7871105244469313,0.5185821287993572,0.32153663866777454,0.1922705602698635,0.35404239235511087,0.1285679397208229
A1,A3,B1,B2,B3
3.945399562821541,0.05795364188531717,-4.85445017502905,0.4279909759921417,-0.0608402217510254
ans,J2,J3,Energy,Sigma,L,A1,A2,B1,B2,B3
q0,-0.12,0.02999999999999997,-0.4659055266887059,1.1222756661960823e-12,0.7023571056296966,0.5084319736226002,0.1633393944249488,0.16075022751553053,0.18462056706343605,0.1997233729222472
A1,A2,B1,B2,B3
3.52501361374202,-0.7623901510297307,-6.717515432597088,0.4643507800356547,-0.06861178292360177
ans,J2,J3,Energy,Sigma,L,A1,A2,A3,B1,B2,phiA1
cb1,-0.12,0.02999999999999997,-0.48377783634814586,9.343583809976914e-12,0.7464099603920555,0.5215936281662653,0.04272830679273897,0.3267597231676372,0.18672656649711272,0.1661534915287133,1.9406734724402634
A1,A2,A3,B1,B2,phiA1
3.8633540812973513,-0.5465627950218713,0.05673239655823201,-5.372924327513569,0.44542147749108474,0.12168044354595611
