ans,J2,J3,Energy,Sigma,L,A1,A3,B1,B2,B3
3x3,-0.3,0.3,-0.5837500708384776,6.792544263340183e-12,0.99023088419946,0.5108529897172301,0.420848437689814,0.20520249677370236,0.4068334172388323,0.14626417459621288
A1,A3,B1,B2,B3
3.857580921568992,0.5335731856337829,-4.551914401080379,1.0921263893215822,-0.6472600233372066
ans,J2,J3,Energy,Sigma,L,A1,A2,B1,B2,B3
q0,-0.3,0.3,-0.46497800447585036,1.2576657485340115e-11,0.6919131678710936,0.4965499842842284,0.09251123543883943,0.13441763550110003,0.17292753140387251,0.12669310519654192
A1,A2,B1,B2,B3
2.9746760610234633,-3.949229832037477,-8.554268404482292,1.0653700143985991,-1.3599676939741185
ans,J2,J3,Energy,Sigma,L,A1,A2,A3,B1,B2,phiA1
cb1,-0.3,0.3,-0.540437651638782,4.021810689362751e-12,0.8896511490696211,0.5169591504048111,0.04486899435118624,0.4647667849341004,0.20467498149929586,0.208697384810612,-1.9030520351487787
A1,A2,A3,B1,B2,phiA1
3.784972335754621,-1.4835910278036293,0.501931829487755,-5.037525951784291,1.140643135465945,0.17219559110945862
