ans,J2,J3,Energy,Sigma,L,A1,A3,B1,B2,B3
3x3,-0.15,-0.21,-0.4872948530980129,8.662949320793017e-12,0.7631956842791957,0.5181569290726337,0.2651408671915247,0.189681256138942,0.3327444842993273,0.13497989568906027
A1,A3,B1,B2,B3
3.927191905216714,-0.5340172748436323,-5.02486940930394,0.48427928334052467,0.39102054926134494
ans,J2,J3,Energy,Sigma,L,A1,A2,B1,B2,B3
q0,-0.15,-0.21,-0.47892642975676725,6.460257758348853e-12,0.7428393365389379,0.5146578798112655,0.21559013267375657,0.17836407103690072,0.20010391618318035,0.2649159894722285
A1,A2,B1,B2,B3
3.749667242737059,-0.8983924715498152,-5.8415494661939045,0.5858646900772623,0.2731148640875639
ans,J2,J3,Energy,Sigma,L,A1,A2,A3,B1,B2,phiA1
cb1,-0.15,-0.21,-0.46751477219365317,1.3904460632933154e-11,0.6985397618360885,0.5139752103241145,0.034127448546117184,0.21583015522485333,0.16738434745192218,0.13341564026506525,-1.985758079974639
A1,A2,A3,B1,B2,phiA1
3.64985819365051,-0.7404632462722671,-0.6902256543889216,-6.069311720025892,0.502486940930394,0.059674487570169965
