ans,J2,J3,Energy,Sigma,L,A1,A3,B1,B2,B3
3x3,-0.18,0.26999999999999996,-0.5411384185168018,1.07640351179326e-11,0.8920018687852367,0.5127577838909316,0.4013881368205515,0.1974181731748978,0.3888579561203386,0.13180707280474258
A1,A3,B1,B2,B3
3.850253448751146,0.4679590049305214,-4.749201032297716,0.6601386105140878,-0.591526827502682
ans,J2,J3,Energy,Sigma,L,A1,A2,B1,B2,B3
q0,-0.18,0.26999999999999996,-0.46081546050059774,7.591169047896536e-12,0.683628589256431,0.5000212822476714,0.11034106808219545,0.14195062948262815,0.1722121378538307,0.13905248685935995
A1,A2,B1,B2,B3
3.1714630923139304,-1.5941692410560737,-7.88402676453603,0.6699640842273058,-1.1077805339380182
ans,J2,J3,Energy,Sigma,L,A1,A2,A3,B1,B2,phiA1
cb1,-0.18,0.26999999999999996,-0.5245883725719601,1.1649216050614661e-11,0.8521462066985594,0.5188065495880254,0.04804075287512486,0.44622486400299527,0.20167836842772155,0.2019667456639595,-1.9154820874879424
A1,A2,A3,B1,B2,phiA1
3.805955550076068,-0.8283373986711725,0.44364512063932526,-5.099365374537142,0.6916689443208913,0.16686652066566782
