ans,J2,J3,Energy,Sigma,L,A1,A3,B1,B2,B3
3x3,0.26999999999999996,-0.27,-0.43466039990723404,1.3140081203148404e-11,0.6267220713681866,0.4921694588061087,0.0700832401510473,0.1304033478233659,0.16774335134832805,0.0519855547870781
A1,A3,B1,B2,B3
3.0412894425008394,-1.260658244459344,-7.384204359274562,-2.6140201115472563,0.4442557433028674
ans,J2,J3,Energy,Sigma,L,A1,A2,B1,B2,B3
q0,0.26999999999999996,-0.27,-0.5319593764210411,1.883747265321038e-11,0.900508880187774,0.5188687261953823,0.3915968193738981,0.23432437723783225,0.2240611100687064,0.41999160669658125
A1,A2,B1,B2,B3
4.01023658746312,0.9415801472872484,-4.032107980937492,-1.1033396419008976,0.49482640207444256
ans,J2,J3,Energy,Sigma,L,A1,A2,A3,B1,B2,phiA1
cb1,0.26999999999999996,-0.27,-0.4390699140654464,5.086068732875178e-12,0.6401485470663706,0.4928374874388934,4.3238140867707386e-07,6.35105760532495e-06,0.12976715308995038,0.15533328288321555,3.1415596993371615
A1,A2,A3,B1,B2,phiA1
3.8151148906630254,0.6240563621418005,-0.8087974734394264,-5.406342040853905,-1.2426726314949432,-0.04196643031909891
