ans,J2,J3,Energy,Sigma,L,A1,A3,B1,B2,B3
3x3,-0.27,0.26999999999999996,-0.5693497523940827,4.616151302020019e-12,0.9583847384893487,0.5122967228855301,0.41231916957099435,0.20402838671353984,0.4023300595897868,0.1440627505289402
A1,A3,B1,B2,B3
3.869127241025711,0.48072656971510264,-4.577449530393315,0.9822143098839113,-0.5804245972567609
ans,J2,J3,Energy,Sigma,L,A1,A2,B1,B2,B3
q0,-0.27,0.26999999999999996,-0.46422875174043754,5.646292636718154e-12,0.6906957511132273,0.49769869292798047,0.09860459435710754,0.13683425481662373,0.17337017238605884,0.13210586622257026
A1,A2,B1,B2,B3
3.0432878439451607,-3.219147171045434,-8.34171620688719,0.9716671911230244,-1.1354250872503622
ans,J2,J3,Energy,Sigma,L,A1,A2,A3,B1,B2,phiA1
cb1,-0.27,0.26999999999999996,-0.5316675855350083,2.3558308681625915e-11,0.8693254794705472,0.5184069714889867,0.045403693808232504,0.452888113852763,0.2035719483362277,0.20544973364213376,-1.908737530138012
A1,A2,A3,B1,B2,phiA1
3.8060665723785116,-1.3181677971348116,0.451527704114148,-5.045630580143902,1.0251799409083644,0.16953105585051131
