ans,J2,J3,Energy,Sigma,L,A1,A3,B1,B2,B3
3x3,0.02999999999999997,-0.06,-0.46030289235109795,1.1405011286028493e-11,0.6894448838011115,0.5113418249626149,0.2190281240096804,0.1668125290031732,0.2782138172508349,0.09470820178117204
A1,A3,B1,B2,B3
3.7382319455853468,-0.1353916978490092,-5.790923296593965,-0.12861933740256734,0.11612932837555914
ans,J2,J3,Energy,Sigma,L,A1,A2,B1,B2,B3
q0,0.02999999999999997,-0.06,-0.47264771677718975,3.515677372335578e-12,0.7325808958012753,0.5194588544860488,0.24866242746455616,0.19135630402414003,0.19885271723281106,0.28486168116668076
A1,A2,B1,B2,B3
3.894107258216448,0.11046719095304836,-5.267564162772186,-0.12068124277316354,0.10946799023997483
ans,J2,J3,Energy,Sigma,L,A1,A2,A3,B1,B2,phiA1
cb1,0.02999999999999997,-0.06,-0.451825307861713,1.626787427247279e-11,0.6701491328939977,0.49636068767906083,1.1954044910961973e-05,6.279873617377793e-05,0.13995929057546652,0.17056615168843717,-3.141393428249547
A1,A2,A3,B1,B2,phiA1
3.900491041689571,0.11435297153639097,-0.132671651442707,-5.157763105347616,-0.12162493235081849,-0.02475797344221982
