ans,J2,J3,Energy,Sigma,L,A1,A3,B1,B2,B3
3x3,0.24000000000000005,-0.12,-0.4371284570918246,3.824660827579066e-13,0.6312767684836822,0.49542209408900206,0.09767245368945435,0.13534854677431082,0.1843777991286774,0.053475456186284395
A1,A3,B1,B2,B3
3.1962765770930592,-0.36792791036004097,-7.030764859376039,-2.051803171748699,0.22082335959750196
ans,J2,J3,Energy,Sigma,L,A1,A2,B1,B2,B3
q0,0.24000000000000005,-0.12,-0.5016469882908455,1.289951541077719e-11,0.8233122041015057,0.5226271040092985,0.3603480840173436,0.22638537368491035,0.21694237811085834,0.3887102604532786
A1,A2,B1,B2,B3
3.9935832412060974,0.7560618797682194,-4.239386619405014,-0.9769962616953007,0.2271516308630715
ans,J2,J3,Energy,Sigma,L,A1,A2,A3,B1,B2,phiA1
cb1,0.24000000000000005,-0.12,-0.4405353485053805,7.316394850875259e-12,0.6435081104595491,0.493325184835644,5.5601177812984185e-06,1.9574013337042617e-05,0.13103251439619726,0.15722796858989702,-3.1415154723724017
A1,A2,A3,B1,B2,phiA1
3.827327344358797,0.5981881656680352,-0.29254376698872936,-5.377587264515373,-1.0854095399924872,-0.039745984270469305
