ans,J2,J3,Energy,Sigma,L,A1,A3,B1,B2,B3
3x3,0.06,0.18,-0.4690603613305771,1.548560678995713e-11,0.7133921167037631,0.5122099029187198,0.3012614991952648,0.17138676506433698,0.313869360070637,0.08895663730451465
A1,A3,B1,B2,B3
3.775590951196037,0.2737254867511747,-5.506872735430609,-0.2621791672647062,-0.4043987367189046
ans,J2,J3,Energy,Sigma,L,A1,A2,B1,B2,B3
q0,0.06,0.18,-0.4586482410360971,1.030953707047968e-11,0.6874647667554784,0.5121650091073823,0.18667671726505394,0.17084010578752445,0.18055811815105857,0.20918529537081088
A1,A2,B1,B2,B3
3.671118964573219,0.179967152296373,-6.143807684639109,-0.24452662117998858,-0.5265232694128136
ans,J2,J3,Energy,Sigma,L,A1,A2,A3,B1,B2,phiA1
cb1,0.06,0.18,-0.4927601761621988,2.6107344854364077e-11,0.7719360234990931,0.5213086601387942,0.05350748355221894,0.37970787702379677,0.1914420677770142,0.17705605712366418,-1.9311166456872007
A1,A2,A3,B1,B2,phiA1
3.8476999357949384,0.22593038551076747,0.28332891588377335,-5.308198325474513,-0.24658053376191008,0.1448841047695914
