ans,J2,J3,Energy,Sigma,L,A1,A3,B1,B2,B3
3x3,-0.06,0.3,-0.5109889940487626,6.124443750886264e-12,0.8182912709757981,0.5109045450078233,0.3888532903474606,0.1856993344989375,0.36731139213794256,0.11017783794564875
A1,A3,B1,B2,B3
3.7624348075180962,0.4859446178774589,-5.139666470046765,0.2299271883994102,-0.6957767695311939
ans,J2,J3,Energy,Sigma,L,A1,A2,B1,B2,B3
q0,-0.06,0.3,-0.45651848995843286,1.1224123394294e-11,0.6750578994247917,0.5030249066278542,0.12699614414855467,0.14912321830579045,0.17052072093511164,0.1486313375880774
A1,A2,B1,B2,B3
3.318512131933401,-0.32751579227285665,-7.345013486096554,0.23359092438714915,-1.2644885138591961
ans,J2,J3,Energy,Sigma,L,A1,A2,A3,B1,B2,phiA1
cb1,-0.06,0.3,-0.45723654978799433,5.821607518898613e-12,0.6832604926849033,0.4973974235547182,4.87948980621598e-06,4.266181971645051e-06,0.14369437962521567,0.17615242484657503,-3.141574347590798
A1,A2,A3,B1,B2,phiA1
3.9249159477982345,-0.26340041259231867,0.2875477633779155,-5.057787522263859,0.23453461395810477,-0.01831867990119385
