ans,J2,J3,Energy,Sigma,L,A1,A3,B1,B2,B3
3x3,-0.21,0.12,-0.5306163305413137,5.257563762581794e-12,0.8714250470588116,0.517528011343161,0.37045492478162934,0.2017987507361183,0.3852405956399324,0.14169864062443116
A1,A3,B1,B2,B3
3.9417358268400817,0.22570834093090145,-4.60920190889665,0.7545075676175145,-0.24891200211355344
ans,J2,J3,Energy,Sigma,L,A1,A2,B1,B2,B3
q0,-0.21,0.12,-0.4652134764575004,2.1796180471841354e-11,0.6959978625802026,0.502324803082985,0.12579394212925565,0.14676362611381605,0.17875136988238713,0.1618467068426635
A1,A2,B1,B2,B3
3.2654434706284046,-1.9340085088394752,-7.6174067051802306,0.7831513215907555,-0.33911762286166347
ans,J2,J3,Energy,Sigma,L,A1,A2,A3,B1,B2,phiA1
cb1,-0.21,0.12,-0.5005798385024208,2.4787973819416533e-11,0.792359676409003,0.5224853906690046,0.04419058238633583,0.3857748980808315,0.19633267456053627,0.18676802045199412,1.9314261449360994
A1,A2,A3,B1,B2,phiA1
3.8821168495525176,-1.0158540675299863,0.20972112935127257,-5.127120949868874,0.7778222510724178,0.14721557312220598
