ans,J2,J3,Energy,Sigma,L,A1,A3,B1,B2,B3
3x3,0.24000000000000005,-0.15,-0.436941865752989,1.1685652189216603e-11,0.6309965947880048,0.4949959682928602,0.09311608678628186,0.13477127637774816,0.18203698178632038,0.05375105716093768
A1,A3,B1,B2,B3
3.1681879345669803,-0.5049849427497424,-7.103928556306375,-2.0790591470024355,0.26956215037844866
ans,J2,J3,Energy,Sigma,L,A1,A2,B1,B2,B3
q0,0.24000000000000005,-0.15,-0.5062507109953129,9.04457953146613e-12,0.8355752013218597,0.5221994950268598,0.3658185353799523,0.2278564192107261,0.21841082005913678,0.3946791285434659
A1,A2,B1,B2,B3
3.9703795799953423,0.7703837567858554,-4.226285987949433,-0.9762191055780431,0.28155255907563514
ans,J2,J3,Energy,Sigma,L,A1,A2,A3,B1,B2,phiA1
cb1,0.24000000000000005,-0.15,-0.4405353485088357,1.1456178989116057e-11,0.6435080284154804,0.4933252041977354,2.0837066556477394e-06,1.6505095477487646e-05,0.13103242540111612,0.15722882390919068,-3.141508051263441
A1,A2,A3,B1,B2,phiA1
3.8274938778125085,0.597855098760645,-0.3826383654370584,-5.3777537979690715,-1.0854650511437167,-0.03985700657290063
