ans,J2,J3,Energy,Sigma,L,A1,A3,B1,B2,B3
3x3,-0.09,0.02999999999999997,-0.4892880965073181,2.8150239476339364e-12,0.7678754008156503,0.517980754523117,0.3102310990350221,0.1885348374377013,0.3442737958322008,0.12272049623966819
A1,A3,B1,B2,B3
3.931188707232679,0.05806466419422593,-4.959810340338167,0.32640556923914316,-0.060507154841949955
ans,J2,J3,Energy,Sigma,L,A1,A2,B1,B2,B3
q0,-0.09,0.02999999999999997,-0.46554243781335586,1.4876216806640023e-11,0.7027042952065929,0.5098878006224898,0.1725043756634291,0.16426771947739455,0.18545845391776367,0.20779039673073502
A1,A2,B1,B2,B3
3.591571484057081,-0.5074829445692293,-6.512346217652463,0.3512745649809471,-0.06483702463617991
ans,J2,J3,Energy,Sigma,L,A1,A2,A3,B1,B2,phiA1
cb1,-0.09,0.02999999999999997,-0.4822593488373359,1.6904853994185633e-11,0.7422530048921484,0.5213148598541855,0.043080569364305085,0.32185563460696015,0.1855475235072271,0.16336660361252522,1.9377803361648305
A1,A2,A3,B1,B2,phiA1
3.8564706976879988,-0.39779290972239795,0.056510351953307426,-5.412337245187035,0.3390621117292553,0.11979306440336368
