ans,J2,J3,Energy,Sigma,L,A1,A3,B1,B2,B3
3x3,0.12,0.0,-0.44995069259042747,6.070523172839999e-14,0.6617559263708724,0.506158312961897,0.0,0.15464587984016143,0.24674028108880167,0.0
A1,A3,B1,B2,B3
3.576139384017392,-0.0,-6.238620730939276,-0.665856259036087,0.0
ans,J2,J3,Energy,Sigma,L,A1,A2,B1,B2,B3
q0,0.12,0.0,-0.47255925542337696,9.158325003285448e-12,0.7364271901054863,0.5217550286051585,0.2742070877411089,0.20036534815696663,0.2005212467677743,0.0
A1,A2,B1,B2,B3
3.949729432617811,0.3570477247583765,-4.945488463320133,-0.4891642646624426,0.0
ans,J2,J3,Energy,Sigma,L,A1,A2,A3,B1,B2,phiA1
cb1,0.12,0.0,-0.4710449179149294,6.622530843836064e-12,0.7105237619638971,0.5173678516286314,0.043200215298739734,0.0,0.17384467981479787,0.13383155013102216,-1.8977643144055338
A1,A2,A3,B1,B2,phiA1
3.7434499946314186,0.4099498518420191,0.0,-5.85631543274607,-0.5452860385284201,0.09431344597836651
