ans,J2,J3,Energy,Sigma,L,A1,A3,B1,B2,B3
3x3,-0.21,-0.15,-0.5054432962975737,2.0590593556734496e-12,0.8112741728874473,0.5200306040703292,0.3036998898544926,0.19911849514928034,0.3602517981576901,0.14609610396820025
A1,A3,B1,B2,B3
3.973821272253466,-0.34117153550450585,-4.720335233920353,0.6922240558524005,0.28765878568778686
ans,J2,J3,Energy,Sigma,L,A1,A2,B1,B2,B3
q0,-0.21,-0.15,-0.47530486804064187,3.833609369865053e-12,0.727900854857627,0.5096932609269729,0.178728005338131,0.16490287712967755,0.19382355638980353,0.2273531709170315
A1,A2,B1,B2,B3
3.5708103135000897,-1.6129320101274334,-6.545985975297604,0.805022715131747,0.19950707751920413
ans,J2,J3,Energy,Sigma,L,A1,A2,A3,B1,B2,phiA1
cb1,-0.21,-0.15,-0.4670214748437357,1.1208448835959333e-11,0.7072033277842337,0.49870053777717516,9.357066113458612e-06,5.9993859592394904e-05,0.14956397621007878,0.18487499104339036,-3.141301889668427
A1,A2,A3,B1,B2,phiA1
3.954281347238524,-1.1350920203767587,-0.3763100941966989,-4.898914607163964,0.7829847881370577,-0.007882583472635233
