ans,J2,J3,Energy,Sigma,L,A1,A3,B1,B2,B3
3x3,0.18,0.12,-0.44661625009247374,4.101687783315548e-12,0.6534683079947152,0.5046851235722469,0.19893601176086817,0.15092291793946785,0.24448189199237452,0.06286496952506984
A1,A3,B1,B2,B3
3.576805517832055,0.1611488720195464,-6.148248577078774,-1.105449065586375,-0.26156854460116374
ans,J2,J3,Energy,Sigma,L,A1,A2,B1,B2,B3
q0,0.18,0.12,-0.46605710191751615,6.02380547417813e-12,0.7176026033483988,0.5208579392620386,0.26490670536604405,0.1977527075591354,0.19468543282319054,0.28774946830364784
A1,A2,B1,B2,B3
3.9420688937474866,0.4027889133332011,-5.038081063576256,-0.7497336085486781,-0.28343993818623553
ans,J2,J3,Energy,Sigma,L,A1,A2,A3,B1,B2,phiA1
cb1,0.18,0.12,-0.4793127840764788,1.4764824870516555e-11,0.7348403245080273,0.5199355048594135,0.054063154094358926,0.32497898757532917,0.1823439786072076,0.15439286005078998,-1.919356179357023
A1,A2,A3,B1,B2,phiA1
3.81450426821123,0.5818678872048807,0.1888489365093278,-5.572875494551967,-0.8228973058733602,0.12090328737472622
