ans,J2,J3,Energy,Sigma,L,A1,A3,B1,B2,B3
3x3,-0.06,-0.24,-0.4684338708299993,6.688181610979642e-12,0.7117631215668014,0.5133065433321601,0.21421048224972508,0.17441664566797765,0.2909328105986333,0.11481404312562314
A1,A3,B1,B2,B3
3.7855829584181975,-0.712763181827708,-5.62372370876893,0.20811130598867428,0.42760239793352367
ans,J2,J3,Energy,Sigma,L,A1,A2,B1,B2,B3
q0,-0.06,-0.24,-0.48424143575882017,5.874069098700672e-12,0.7648221456730921,0.5199219210548804,0.26283718514720666,0.1953360187935715,0.2070931923409655,0.3099628449522926
A1,A2,B1,B2,B3
3.9023229085972897,-0.27244873027271643,-5.132116953479539,0.23792079418329873,0.3508304757808479
ans,J2,J3,Energy,Sigma,L,A1,A2,A3,B1,B2,phiA1
cb1,-0.06,-0.24,-0.457119668956065,1.138039114979921e-11,0.680858128547508,0.49795594083841227,0.012689196957267113,0.0555647149699553,0.14413623398493827,0.17100432939425206,2.8479241919238865
A1,A2,A3,B1,B2,phiA1
3.9082070912776583,-0.2658984143976543,-0.700273172780917,-5.13133979764717,0.23392399129454525,-0.03952393966560644
