ans,J2,J3,Energy,Sigma,L,A1,A3,B1,B2,B3
3x3,-0.12,0.18,-0.5119433481630354,4.783448362197183e-12,0.8238470314030247,0.5159604966168504,0.3661207467824092,0.1933110453825412,0.37060436614995484,0.12562533467686657
A1,A3,B1,B2,B3
3.8994363295995997,0.31619151741261214,-4.830469357966004,0.4425348976638335,-0.38502534494992074
ans,J2,J3,Energy,Sigma,L,A1,A2,B1,B2,B3
q0,-0.12,0.18,-0.46099597699944217,2.0505756342684237e-12,0.6866192077124117,0.5040091133444333,0.13381034454811766,0.15067345662182807,0.17604409573066251,0.16314706670954385
A1,A2,B1,B2,B3
3.3533731341638977,-0.8164580123303683,-7.292888515091954,0.45974335450911824,-0.5795919300204906
ans,J2,J3,Energy,Sigma,L,A1,A2,A3,B1,B2,phiA1
cb1,-0.12,0.18,-0.5039427272239558,1.060157924782697e-11,0.8012655575081455,0.5216431198613859,0.04788763126729165,0.4031726606590366,0.19694365885107928,0.18912588382736018,-1.9265588639969407
A1,A2,A3,B1,B2,phiA1
3.8589131891986135,-0.5339062525411697,0.2985389713211074,-5.151212789502523,0.46096459981064863,0.15321077738946018
