ans,J2,J3,Energy,Sigma,L,A1,A3,B1,B2,B3
3x3,0.3,0.0,-0.4340189202735158,3.8898427586629344e-12,0.624317783847089,0.4938691878505704,0.0,0.1320740114056668,0.17751393971481455,0.0
A1,A3,B1,B2,B3
3.2270852656714877,-0.0,-6.834144361709862,-2.7925994849077918,0.0
ans,J2,J3,Energy,Sigma,L,A1,A2,B1,B2,B3
q0,0.3,0.0,-0.4938230075491927,7.624071696696205e-12,0.801610119501893,0.5224482796964312,0.3587494930970827,0.2257850234583793,0.21347828526598334,0.0
A1,A2,B1,B2,B3
3.975708650512644,0.8600897772708774,-4.258038366218162,-1.2324585795997136,0.0
ans,J2,J3,Energy,Sigma,L,A1,A2,A3,B1,B2,phiA1
cb1,0.3,0.0,-0.4663586403664225,7.755698743958841e-12,0.6971208251615988,0.5136088961606583,0.0453736398795941,0.0,0.16606290184758993,0.1103869992824073,-1.8476036494300798
A1,A2,A3,B1,B2,phiA1
3.619493593925387,0.7662204204435191,0.0,-6.218858761101536,-1.7890133818773988,0.06700195953227486
