ans,J2,J3,Energy,Sigma,L,A1,A3,B1,B2,B3
3x3,-0.3,-0.12,-0.5329769918780951,9.274073491550734e-12,0.8811110844883699,0.5201617373730092,0.3363241000455132,0.20840486980533746,0.38564982170529155,0.15921150610407675
A1,A3,B1,B2,B3
3.984257367800818,-0.2583488978297571,-4.4900749783579155,1.013189532270891,0.23470114739877426
ans,J2,J3,Energy,Sigma,L,A1,A2,B1,B2,B3
q0,-0.3,-0.12,-0.4757879770531027,3.638345557409212e-12,0.7249100165331095,0.5047634437320648,0.14873019904999552,0.15337346326146603,0.19044884800886416,0.1994306125109748
A1,A2,B1,B2,B3
3.3564817593776133,-3.167022199951484,-7.301881321996486,1.1203815653293328,0.16087131627232842
ans,J2,J3,Energy,Sigma,L,A1,A2,A3,B1,B2,phiA1
cb1,-0.3,-0.12,-0.47911055781436307,6.565224305302757e-12,0.7305271904981843,0.5189067791137062,0.036803903102082924,0.27578464823286003,0.18027245385215357,0.16081759965161688,-2.006319901111128
A1,A2,A3,B1,B2,phiA1
3.799072168168115,-1.7235102234246455,-0.30409008644422225,-5.581313189229511,0.9653389199364363,0.08215650379929426
