ans,J2,J3,Energy,Sigma,L,A1,A3,B1,B2,B3
3x3,-0.3,0.0,-0.5445914127509672,2.219812555796821e-12,0.9080690786356387,0.5190386342388461,0.0,0.20902544098589365,0.3940645425141336,0.0
A1,A3,B1,B2,B3
3.96993549166707,-0.0,-4.461320202020978,1.0466072454282385,0.0
ans,J2,J3,Energy,Sigma,L,A1,A2,B1,B2,B3
q0,-0.3,0.0,-0.47162426903535076,1.9507010488722543e-12,0.7120555802486571,0.50195042877416,0.12820467695517035,0.14635585962616174,0.18446758807530772,0.0
A1,A2,B1,B2,B3
3.2283065111777804,-3.4427460881089376,-7.756795206348361,1.1034506641421091,0.0
ans,J2,J3,Energy,Sigma,L,A1,A2,A3,B1,B2,phiA1
cb1,-0.3,0.0,-0.47333640922981457,5.783108265591973e-13,0.7226789802825615,0.4992234766731032,2.9069860345375477e-05,0.0,0.15279931488916296,0.189661420199288,-3.1404974986701633
A1,A2,A3,B1,B2,phiA1
3.9653835774859862,-1.8078316621483776,0.0,-4.812705789571544,1.0979550601703782,-0.002220446048629612
