ans,J2,J3,Energy,Sigma,L,A1,A3,B1,B2,B3
3x3,-0.18,0.14999999999999997,-0.5253502123079112,2.8373634654158096e-12,0.8577578272654313,0.5168754518301346,0.37166582704222423,0.19907900910494886,0.3813814637311317,0.13633685013995767
A1,A3,B1,B2,B3
3.921640789222512,0.27300384175478,-4.679590048655791,0.6498135363839482,-0.31485924977432544
ans,J2,J3,Energy,Sigma,L,A1,A2,B1,B2,B3
q0,-0.18,0.14999999999999997,-0.46349048690351075,1.4442883373421239e-11,0.6918895913686262,0.5026381564363227,0.12670761598582148,0.14747495690534923,0.1773352002714872,0.16008417147208592
A1,A2,B1,B2,B3
3.285816063126843,-1.515343406265786,-7.5404127384247674,0.6766254223376681,-0.45546899583891787
ans,J2,J3,Energy,Sigma,L,A1,A2,A3,B1,B2,phiA1
cb1,-0.18,0.14999999999999997,-0.4649891935115221,1.260662628339607e-11,0.7022201513871399,0.49848353674825,3.9549596533996525e-06,2.171858199671326e-05,0.14843441077886177,0.18319900875886608,-3.1415039946807535
A1,A2,A3,B1,B2,phiA1
3.9495628989448632,-0.9357514763053141,0.22359891715950564,-4.929112673432869,0.6763478665815201,-0.009769962613969911
