ans,J2,J3,Energy,Sigma,L,A1,A3,B1,B2,B3
3x3,-0.18,-0.3,-0.4895517363235721,5.923694464703473e-13,0.7691723053184091,0.5178304361334222,0.25557572630338415,0.19097344456345455,0.3326984718491026,0.14076253332743463
A1,A3,B1,B2,B3
3.916422741877274,-0.8381073612878542,-5.0320858589637885,0.5503375533666891,0.5444533712901993
ans,J2,J3,Energy,Sigma,L,A1,A2,B1,B2,B3
q0,-0.18,-0.3,-0.4851914014002069,4.581390022971939e-12,0.7608794389218319,0.515598217204889,0.2292164151549868,0.18276413105343564,0.20493162802058754,0.2834809617253531
A1,A2,B1,B2,B3
3.7798653090017735,-1.1052270209814563,-5.654032797340294,0.7027711746058243,0.3427258477391505
ans,J2,J3,Energy,Sigma,L,A1,A2,A3,B1,B2,phiA1
cb1,-0.18,-0.3,-0.4648360140760657,7.032017837728777e-12,0.6907597161180269,0.5109100861017648,0.03275943507965133,0.18715199302880842,0.16198928097190587,0.13073851778392617,-2.041007972339342
A1,A2,A3,B1,B2,phiA1
3.5794700530907058,-0.9455214389201233,-1.205202604345977,-6.210865155669246,0.5795364188692578,0.03208544540269736
