ans,J2,J3,Energy,Sigma,L,A1,A3,B1,B2,B3
3x3,-0.02999999999999997,0.02999999999999997,-0.47594592346541753,2.0579239506377555e-12,0.7321457907072576,0.5160383976798653,0.28390358639495383,0.18016240554620805,0.32183713212998327,0.10982820051685624
A1,A3,B1,B2,B3
3.8826719610647364,0.057842619589276785,-5.222378085378878,0.11513012765339846,-0.060507154841949955
ans,J2,J3,Energy,Sigma,L,A1,A2,B1,B2,B3
q0,-0.02999999999999997,0.02999999999999997,-0.4653810078813461,2.7134184997226113e-12,0.7053325509864632,0.5130315377782924,0.1937727507809971,0.17224738544432056,0.1878000399760572,0.22707238846186142
A1,A2,B1,B2,B3
3.705979966725421,-0.13411494137072819,-6.090683512912376,0.119071419387505,-0.06417089082498681
ans,J2,J3,Energy,Sigma,L,A1,A2,A3,B1,B2,phiA1
cb1,-0.02999999999999997,0.02999999999999997,-0.45539413986926214,7.487228192682742e-12,0.6787800861585346,0.4970722715563327,1.7721877677689205e-05,2.5246621281229583e-05,0.142462899609016,0.17432122862496774,-3.1415388833631
A1,A2,A3,B1,B2,phiA1
3.917033364758289,-0.12578826869002951,0.05678790770957681,-5.090983190701007,0.11840528557274964,-0.020539125949823673
