ans,J2,J3,Energy,Sigma,L,A1,A3,B1,B2,B3
3x3,0.14999999999999997,0.0,-0.44649902739364383,4.257084023165301e-13,0.6529171424299094,0.5038942437909997,0.0,0.15005508732559206,0.23300277204102557,0.0
A1,A3,B1,B2,B3
3.502143019438596,-0.0,-6.408540365208845,-0.9203748874379595,0.0
ans,J2,J3,Energy,Sigma,L,A1,A2,B1,B2,B3
q0,0.14999999999999997,0.0,-0.47488955832101465,1.224501081741714e-12,0.7449122820047419,0.5227280521375776,0.28975026090518075,0.20546218804275135,0.20295711515375864,0.0
A1,A2,B1,B2,B3
3.9523939678770534,0.43087755590399845,-4.7919446187445125,-0.6132871987846876,0.0
ans,J2,J3,Energy,Sigma,L,A1,A2,A3,B1,B2,phiA1
cb1,0.14999999999999997,0.0,-0.4701133925518436,3.692369466989597e-12,0.7078670009719112,0.5167860911451907,0.04340806931190378,0.0,0.1725106067270475,0.12997305901979253,1.8898533688304298
A1,A2,A3,B1,B2,phiA1
3.724520691233537,0.49044102112718196,0.0,-5.915601341934199,-0.7091549569975836,0.09020562074560606
