ans,J2,J3,Energy,Sigma,L,A1,A3,B1,B2,B3
3x3,-0.27,-0.3,-0.5113838394939051,1.820859436659381e-11,0.8268299453434043,0.5196953127599003,0.28929648627804677,0.20240997018659282,0.36235394370305163,0.15666992479065234
A1,A3,B1,B2,B3
3.9663827779880787,-0.7688294445513829,-4.6858072978536205,0.839217584405649,0.5578870698575406
ans,J2,J3,Energy,Sigma,L,A1,A2,B1,B2,B3
q0,-0.27,-0.3,-0.4844791078248446,1.3955135227080734e-11,0.7534376994644822,0.5109417503037719,0.1966304992005538,0.17041657838662974,0.2014532459440481,0.2543042238774181
A1,A2,B1,B2,B3
3.6208813719022452,-2.205013949142412,-6.282752096515575,1.0370593273290685,0.2698952172858355
ans,J2,J3,Energy,Sigma,L,A1,A2,A3,B1,B2,phiA1
cb1,-0.27,-0.3,-0.468130685932657,9.117723802363456e-12,0.6992282427249422,0.5098684963622048,0.03350101604655754,0.18471512125749473,0.16250837783604277,0.14818917646557164,2.173907424550129
A1,A2,A3,B1,B2,phiA1
3.6425862328388257,-1.666167204202871,-1.1657341758217272,-5.9811045003851335,0.8630873793658259,-0.008548717287224042
