ans,J2,J3,Energy,Sigma,L,A1,A3,B1,B2,B3
3x3,0.26999999999999996,-0.09,-0.4353447668070206,1.4596079997896303e-12,0.6273877938055012,0.49417471617009257,0.09114289821305616,0.1330454120085266,0.1781872126687504,0.04969800602365488
A1,A3,B1,B2,B3
3.1851188356943596,-0.2526867604041803,-6.995348744501265,-2.4454882564048166,0.17003065622100264
ans,J2,J3,Energy,Sigma,L,A1,A2,B1,B2,B3
q0,0.26999999999999996,-0.09,-0.5021616337227185,2.409418466788167e-12,0.8244308557866592,0.5221720438103682,0.36534465793663523,0.22763730228904158,0.2168166636683536,0.39128524224575734
A1,A2,B1,B2,B3
3.983702257173158,0.8378853166829298,-4.216293980727549,-1.0985656828948862,0.17297274725545725
ans,J2,J3,Energy,Sigma,L,A1,A2,A3,B1,B2,phiA1
cb1,0.26999999999999996,-0.09,-0.46288417175998353,1.0870611196896649e-11,0.6869665726005859,0.5106448051747459,0.03457950548708224,0.19231380746140905,0.16015712854503786,0.09278144181766379,1.8039277544046295
A1,A2,A3,B1,B2,phiA1
3.5293434835373283,0.7093770015828249,-0.24158453016465617,-6.45428155382458,-1.6665557822614891,0.04340972027962478
