ans,J2,J3,Energy,Sigma,L,A1,A3,B1,B2,B3
3x3,0.06,-0.21,-0.45217207991529934,8.874447077165497e-12,0.6678855312628442,0.5057291501917148,0.15976802350345842,0.15586782140459843,0.24100463600964164,0.08639160305953046
A1,A3,B1,B2,B3
3.5059732896513895,-0.7041589533475526,-6.490974424429065,-0.2937650123233823,0.361488616817228
ans,J2,J3,Energy,Sigma,L,A1,A2,B1,B2,B3
q0,0.06,-0.21,-0.4900521471012873,2.89499939343639e-12,0.7879769938845889,0.5231850912962214,0.30845517796785465,0.21093146198187587,0.21234576710072903,0.3490394580251986
A1,A2,B1,B2,B3
3.982369989543537,0.21860291354825606,-4.631961481157914,-0.24114044095479464,0.35416114485471656
ans,J2,J3,Energy,Sigma,L,A1,A2,A3,B1,B2,phiA1
cb1,0.06,-0.21,-0.4500988285692872,1.2981251098000541e-11,0.6660024541072528,0.4959758637844932,1.4187836279822008e-05,5.581323503900393e-05,0.1386920723522322,0.1686765161680972,-3.1412753245441145
A1,A2,A3,B1,B2,phiA1
3.8917757909453137,0.21699309016298657,-0.5759837051755345,-5.190348151119395,-0.24580337764469556,-0.026867397188417998
