ans,J2,J3,Energy,Sigma,L,A1,A3,B1,B2,B3
3x3,-0.02999999999999997,-0.02999999999999997,-0.4721902295596707,1.6400667188360606e-11,0.7220127702756983,0.5154825729939487,0.2624604345747309,0.17799091244642642,0.3112967017067098,0.10949563798486413
A1,A3,B1,B2,B3
3.8649639038249504,-0.06272760089816012,-5.325517804659111,0.11401990462877545,0.05911937606117159
ans,J2,J3,Energy,Sigma,L,A1,A2,B1,B2,B3
q0,-0.02999999999999997,-0.02999999999999997,-0.4687662967932,2.637497645823045e-11,0.7165676408627389,0.5152378833180389,0.2115180909831192,0.1782696693328449,0.1925212460214575,0.2479482757176019
A1,A2,B1,B2,B3
3.7680969449427306,-0.1325051179850696,-5.815681270043743,0.1190159082428821,0.05645484080364336
ans,J2,J3,Energy,Sigma,L,A1,A2,A3,B1,B2,phiA1
cb1,-0.02999999999999997,-0.02999999999999997,-0.4553941399325544,8.787633202635375e-12,0.6787793115576729,0.49707217219169786,5.7631722634943395e-06,4.4020404610891946e-05,0.14246273268382958,0.17429399178864768,3.1414717831864762
A1,A2,A3,B1,B2,phiA1
3.917255409363239,-0.12578826869003018,-0.06300515664747791,-5.09103870156963,0.11857181902643853,-0.020428103647392132
