ans,J2,J3,Energy,Sigma,L,A1,A3,B1,B2,B3
3x3,-0.06,-0.02999999999999997,-0.4782447020842112,5.003132639710136e-12,0.738513346899864,0.5168435061216554,0.2773618935010754,0.18261237015070347,0.32384466723316474,0.11640764087916208
A1,A3,B1,B2,B3
3.899658373338639,-0.06339373470596958,-5.166089778032057,0.21882495817747505,0.05784261958285494
ans,J2,J3,Energy,Sigma,L,A1,A2,B1,B2,B3
q0,-0.06,-0.02999999999999997,-0.46844304858947344,5.529482101318384e-12,0.7138510240590166,0.5135827436556816,0.1992364059751698,0.1737619438939725,0.19098888721003193,0.23668909377574518
A1,A2,B1,B2,B3
3.705369344884738,-0.29420910153324403,-6.032674360212318,0.2368105711454994,0.056343818501177874
ans,J2,J3,Energy,Sigma,L,A1,A2,A3,B1,B2,phiA1
cb1,-0.06,-0.02999999999999997,-0.45723654995065166,1.1768344074464696e-11,0.6832612528052131,0.497397741860666,4.958020826502345e-06,6.452300097560502e-05,0.1436944751432818,0.17615854698607927,3.1414398506963845
A1,A2,A3,B1,B2,phiA1
3.9250824816876992,-0.26323387913862495,-0.06306066779870907,-5.05778752226386,0.23459012510933752,-0.018318679901193954
