ans,J2,J3,Energy,Sigma,L,A1,A3,B1,B2,B3
3x3,0.26999999999999996,0.12,-0.4375562176571178,3.09425560936314e-12,0.6315791787330156,0.4982974302267032,0.141840509868552,0.1388294540124271,0.20468278907393797,0.04895870858939605
A1,A3,B1,B2,B3
3.414601934530302,0.13494760863917232,-6.427414156627959,-2.1501689318469195,-0.2580158309223703
ans,J2,J3,Energy,Sigma,L,A1,A2,B1,B2,B3
q0,0.26999999999999996,0.12,-0.47408040569298426,2.9393644500339058e-12,0.7450448243510878,0.523147358193598,0.3139319863867923,0.21319582510693902,0.202824234089581,0.33399595180076597
A1,A2,B1,B2,B3
3.9873659931546173,0.6229461391850902,-4.5596859619998416,-1.123212633979849,-0.2668976151193537
ans,J2,J3,Energy,Sigma,L,A1,A2,A3,B1,B2,phiA1
cb1,0.26999999999999996,0.12,-0.47584250873199996,1.4765572417913353e-11,0.725001119285749,0.5185552225986949,0.0580424241706326,0.3074816719363347,0.17858800085306004,0.14487797580114395,-1.9127286022698327
A1,A2,A3,B1,B2,phiA1
3.773481526611255,0.7667200208045993,0.18152146454600293,-5.725975249333865,-1.3608003613181026,0.11118883590981479
