ans,J2,J3,Energy,Sigma,L,A1,A3,B1,B2,B3
3x3,-0.18,-0.06,-0.5044379026363822,1.3119989227122705e-11,0.8082187418189868,0.5197754883932223,0.31665347310605085,0.19757883985486915,0.3613794991736252,0.1402977678957608
A1,A3,B1,B2,B3
3.9710457146917544,-0.12612133561116795,-4.732547687191543,0.6157296895242398,0.11823875212562433
ans,J2,J3,Energy,Sigma,L,A1,A2,B1,B2,B3
q0,-0.18,-0.06,-0.4705980985967931,8.260247575309607e-12,0.7144378866104549,0.5084201264978445,0.1665027613609286,0.16106620799260554,0.18889104842330467,0.20960434147275728
A1,A2,B1,B2,B3
3.522737656541922,-1.3367085216831158,-6.738887226194569,0.6893929871204777,0.10186296251198165
ans,J2,J3,Energy,Sigma,L,A1,A2,A3,B1,B2,phiA1
cb1,-0.18,-0.06,-0.4781824703597224,2.1668554752038615e-11,0.7295246326184537,0.5198569992960099,0.03892700553096304,0.28879756551493907,0.1812055763688798,0.15724607949299949,1.9626455986898386
A1,A2,A3,B1,B2,phiA1
3.8214986732667433,-0.8896217096303585,-0.13511414211161185,-5.546452186257318,0.6274980535342999,0.10080825067493447
