ans,J2,J3,Energy,Sigma,L,A1,A3,B1,B2,B3
3x3,-0.21,-0.21,-0.501456467121436,3.1098052811557466e-12,0.8009388439870123,0.5196728194204214,0.289018190941829,0.19765606639303301,0.3536080061348209,0.14634673943196055
A1,A3,B1,B2,B3
3.9649394871755965,-0.5092593014510799,-4.781952611523184,0.6742384429283644,0.3963496198013889
ans,J2,J3,Energy,Sigma,L,A1,A2,B1,B2,B3
q0,-0.21,-0.21,-0.47865387835781725,1.0471297735342169e-11,0.7385384985738657,0.5114887969607104,0.19371881370984223,0.17010144544080663,0.19770880315599254,0.2451925584128673
A1,A2,B1,B2,B3
3.620770350403774,-1.5333290192641782,-6.269762486779085,0.8093525849276562,0.24713564527420606
ans,J2,J3,Energy,Sigma,L,A1,A2,A3,B1,B2,phiA1
cb1,-0.21,-0.21,-0.46605935328372194,9.6698306356405e-12,0.6992510754604156,0.5009104869287887,0.020435097419584033,0.10389640196658291,0.15141729528980505,0.17273862017041422,2.65604176968533
A1,A2,A3,B1,B2,phiA1
3.8894998335286726,-1.2292944440137459,-0.6246669848040949,-5.186795437728626,0.7702727345047724,-0.07910339048242875
