ans,J2,J3,Energy,Sigma,L,A1,A3,B1,B2,B3
3x3,0.18,0.26999999999999996,-0.45470145374316934,1.0464000460738597e-11,0.6761544957598338,0.5063088906637417,0.2841393227086961,0.15703497223304577,0.2858662453251562,0.0625105055986123
A1,A3,B1,B2,B3
3.636091428144421,0.2964850587255553,-5.831057858935197,-0.9567902026200462,-0.6560307852496928
ans,J2,J3,Energy,Sigma,L,A1,A2,B1,B2,B3
q0,0.18,0.26999999999999996,-0.4561017646890452,1.4777565778404217e-11,0.6843910252396247,0.5151445979709965,0.21249848531608778,0.1806564920149248,0.18046610973797741,0.22692590259514892
A1,A2,B1,B2,B3
3.7669867219182924,0.25424107263159584,-5.705547145998091,-0.7615574837612403,-0.8817391261800088
ans,J2,J3,Energy,Sigma,L,A1,A2,A3,B1,B2,phiA1
cb1,0.18,0.26999999999999996,-0.49982380840023233,1.6771786976866642e-11,0.7900606946885814,0.5193496139082014,0.06404174713785132,0.41020419842304695,0.192860934707942,0.1836575630055234,1.9471579327976958
A1,A2,A3,B1,B2,phiA1
3.797184788183007,0.6055156376293491,0.3990141550494832,-5.3520521349483365,-0.7721601136466836,0.1540989558091092
