ans,J2,J3,Energy,Sigma,L,A1,A3,B1,B2,B3
3x3,-0.12,0.06,-0.4993003192644633,4.075306490463457e-12,0.793801406138334,0.5183219772570045,0.33052750614690574,0.19274311763886684,0.3577516979216744,0.12824595689262808
A1,A3,B1,B2,B3
3.9409586698477335,0.11424194924638353,-4.837130696113927,0.43176573432379556,-0.12256862191497016
ans,J2,J3,Energy,Sigma,L,A1,A2,B1,B2,B3
q0,-0.12,0.06,-0.46475722786761947,1.1067320125493659e-11,0.6986429578273502,0.5074805702131203,0.15671779447138418,0.15848410701494034,0.18274196411927135,0.19158440526110998
A1,A2,B1,B2,B3
3.491318345725553,-0.7713274463353761,-6.843303701663254,0.46335157931352156,-0.14060974606459214
ans,J2,J3,Energy,Sigma,L,A1,A2,A3,B1,B2,phiA1
cb1,-0.12,0.06,-0.4610368025238818,7.888382300922186e-12,0.692539297211578,0.49798418182135884,1.0896076747535233e-06,3.357623141736488e-05,0.1461055794956696,0.17974039977929973,-3.141501438616764
A1,A2,A3,B1,B2,phiA1
3.9381831133797047,-0.5754285936632191,0.10780265569110332,-4.99239538583462,0.45885517606392356,-0.0142663658624448
