ans,J2,J3,Energy,Sigma,L,A1,A3,B1,B2,B3
3x3,0.12,-0.09,-0.44775884285211054,1.0327232471667881e-11,0.6561947740949772,0.5039820647431447,0.15886000173525572,0.1510015533846506,0.2313894838411549,0.07343928328154076
A1,A3,B1,B2,B3
3.4708902420713574,-0.23431256934016728,-6.535660901168898,-0.6997735724392591,0.16819878823037487
ans,J2,J3,Energy,Sigma,L,A1,A2,B1,B2,B3
q0,0.12,-0.09,-0.4818435084464816,8.073984055647731e-12,0.7654137672732462,0.523300228900694,0.30255662223681884,0.20933318914075186,0.2078629676796944,0.3366048435431627
A1,A2,B1,B2,B3
3.979705453400622,0.3844702334269227,-4.713784918074896,-0.48738790782299657,0.165645275273742
ans,J2,J3,Energy,Sigma,L,A1,A2,A3,B1,B2,phiA1
cb1,0.12,-0.09,-0.46572823606085323,5.849300622724841e-12,0.6949023817029555,0.5138293701882938,0.03635793450297595,0.2205107064060589,0.16601433440174806,0.11426634372600754,-1.8693224254655822
A1,A2,A3,B1,B2,phiA1
3.6308178687771693,0.4051758928361404,-0.23181456753483504,-6.181388734021552,-0.5671019209773956,0.06988853939613422
