ans,J2,J3,Energy,Sigma,L,A1,A3,B1,B2,B3
3x3,0.02999999999999997,-0.3,-0.45418708205433894,5.522656889092363e-12,0.6735011627255307,0.5059717113868989,0.15527645740891466,0.15756796820542218,0.24340257248081498,0.09336479140548891
A1,A3,B1,B2,B3
3.499867062238498,-1.181110764712328,-6.523281914444696,-0.13350431870720245,0.4886646642877852
ans,J2,J3,Energy,Sigma,L,A1,A2,B1,B2,B3
q0,0.02999999999999997,-0.3,-0.4983172758218706,2.5175905278437226e-11,0.8109401629406497,0.5230220460540652,0.31834961402874556,0.2139113684242086,0.21617606797387243,0.362644529218371
A1,A2,B1,B2,B3
4.072298054542987,0.11468603844354876,-4.455213975385723,-0.12079226508232818,0.5161426842045062
ans,J2,J3,Energy,Sigma,L,A1,A2,A3,B1,B2,phiA1
cb1,0.02999999999999997,-0.3,-0.4518233472212102,3.716705086358566e-12,0.6698719952648564,0.4964108870462371,0.004830906170313604,0.01799171975600283,0.13999762569458984,0.16983276178324394,-3.0346949140453643
A1,A2,A3,B1,B2,phiA1
3.8979930394511277,0.11418643808276609,-0.92115204352965,-5.166089778032057,-0.12156942119958572,-0.02742250870057527
