ans,J2,J3,Energy,Sigma,L,A1,A3,B1,B2,B3
3x3,-0.3,0.24000000000000005,-0.5747141951455854,1.821966840830725e-12,0.9722162349045841,0.5131315085828081,0.4094871260214124,0.20661319819877116,0.4053114475189119,0.1489658121046165
A1,A3,B1,B2,B3
3.8885561430942577,0.43387515802264337,-4.514943974108779,1.087019363529,-0.5095923682877836
ans,J2,J3,Energy,Sigma,L,A1,A2,B1,B2,B3
q0,-0.3,0.24000000000000005,-0.4659992642559634,8.330964376371635e-12,0.6949588331789246,0.49745275455441107,0.09819433781477667,0.13629261693228664,0.17487075701342847,0.13432184333549702
A1,A2,B1,B2,B3
3.017475158957684,-3.8675174174252285,-8.429201781229905,1.072586464058448,-0.9466871730697014
ans,J2,J3,Energy,Sigma,L,A1,A2,A3,B1,B2,phiA1
cb1,-0.3,0.24000000000000005,-0.5280226397031118,1.4794255594560928e-11,0.8609866180470246,0.5194277777965284,0.04426981141987853,0.4445168445888974,0.2035127701598559,0.204124627538946,1.910355830197041
A1,A2,A3,B1,B2,phiA1
3.8254954753061767,-1.5026868638271436,0.405120381729887,-5.023981231163153,1.1287637491028095,0.16686652059156432
