ans,J2,J3,Energy,Sigma,L,A1,A3,B1,B2,B3
3x3,-0.06,0.0,-0.4802309063736021,9.037778847883883e-13,0.7438140005930093,0.5170504600112028,0.0,0.18360332403131838,0.32873492243249,0.0
A1,A3,B1,B2,B3
3.9075409576797973,-0.0,-5.119682455888307,0.2214894934122757,0.0
ans,J2,J3,Energy,Sigma,L,A1,A2,B1,B2,B3
q0,-0.06,0.0,-0.46683338560180093,1.6484188930629089e-12,0.708534170420787,0.5125031105342901,0.19075783856489023,0.17087004375618536,0.18871845429779893,0.0
A1,A2,B1,B2,B3
3.6835534616317727,-0.297928348665834,-6.16473538865267,0.23647750423812175,0.0
ans,J2,J3,Energy,Sigma,L,A1,A2,A3,B1,B2,phiA1
cb1,-0.06,0.0,-0.4779424903302151,2.5185220714999852e-12,0.7299073803527704,0.5202358040695408,0.04200981529458687,0.0,0.18168240400676397,0.15492927201913603,-1.935403634353031
A1,A2,A3,B1,B2,phiA1
3.8284930783222566,-0.2574607194100588,0.0,-5.540234937627147,0.22881696536843613,0.11024514633893781
