ans,J2,J3,Energy,Sigma,L,A1,A3,B1,B2,B3
3x3,0.06,-0.27,-0.45120999057158984,7.966904581737049e-12,0.6656246225607416,0.5044865051383557,0.1470903390378236,0.15395548675785542,0.23410016194094607,0.08648923453657509
A1,A3,B1,B2,B3
3.441802398824622,-1.0457745780145484,-6.676770247594557,-0.29798385980052533,0.44309000912701374
ans,J2,J3,Energy,Sigma,L,A1,A2,B1,B2,B3
q0,0.06,-0.27,-0.49771733762905657,1.9180023347914284e-11,0.8101890170411576,0.5232925751776557,0.3233744910885268,0.21557882981943738,0.21603034110141645,0.3653776967087014
A1,A2,B1,B2,B3
3.990918706833608,0.22115642652944192,-4.506506279121878,-0.24114044094140888,0.4510836149042988
ans,J2,J3,Energy,Sigma,L,A1,A2,A3,B1,B2,phiA1
cb1,0.06,-0.27,-0.4603289237967017,1.8229558271194348e-11,0.6795040033215193,0.5085705840999718,0.026008246091482383,0.16332076032118317,0.15630858493546204,0.09006636852964633,1.8320517721996012
A1,A2,A3,B1,B2,phiA1
3.4556801866331788,0.21960211427041673,-1.1451395387791112,-6.596223567526562,-0.26917357231983086,0.0381361609106168
