ans,J2,J3,Energy,Sigma,L,A1,A3,B1,B2,B3
3x3,-0.27,-0.24,-0.5151638450855636,1.0791438999466474e-11,0.8366132690709803,0.5201356793310863,0.30228113077543656,0.20375199646104122,0.3681184679583046,0.156320955663205
A1,A3,B1,B2,B3
3.988809282201014,-0.5794253965507102,-4.616751425720158,0.8666400931168801,0.4533040609661262
ans,J2,J3,Energy,Sigma,L,A1,A2,B1,B2,B3
q0,-0.27,-0.24,-0.4808570881017512,5.1805412080368585e-12,0.7421799545337839,0.5093085887068575,0.18204188491602277,0.1653137073109935,0.19780603398481325,0.237089579342154
A1,A2,B1,B2,B3
3.583244812169436,-2.3209212330386664,-6.539657704420454,1.0423883978474067,0.2505773366643516
ans,J2,J3,Energy,Sigma,L,A1,A2,A3,B1,B2,phiA1
cb1,-0.27,-0.24,-0.4705528599271285,1.0249508120577162e-11,0.7057887639688237,0.513462378614962,0.03436196888092635,0.21510238527740344,0.16837370688014353,0.14724303562905183,-2.07738929973256
A1,A2,A3,B1,B2,phiA1
3.665290293693625,-1.5986101331545655,-0.8260059302965382,-5.978328942823653,0.8414935414895981,0.03103073352959827
