ans,J2,J3,Energy,Sigma,L,A1,A3,B1,B2,B3
3x3,-0.15,0.26999999999999996,-0.5321870186131394,7.2428768016573045e-12,0.8705994847115055,0.5127745487624136,0.3968078671252106,0.19489893602519037,0.38355962211897865,0.12718920254811455
A1,A3,B1,B2,B3
3.8404834861360913,0.462851978965302,-4.820588372778989,0.5542233339533008,-0.5957456749961322
ans,J2,J3,Energy,Sigma,L,A1,A2,B1,B2,B3
q0,-0.15,0.26999999999999996,-0.4597996936365818,4.706006266154649e-12,0.6816597910808706,0.5008797962093443,0.11496791479284506,0.14389930148771754,0.17198080192556728,0.14214480274030833
A1,A2,B1,B2,B3
3.2153169010750267,-1.1887157924637775,-7.729539231093111,0.5648259637925958,-1.0975109709605413
ans,J2,J3,Energy,Sigma,L,A1,A2,A3,B1,B2,phiA1
cb1,-0.15,0.26999999999999996,-0.5222971974631324,5.593933313010936e-12,0.8465396976745024,0.5189241540688582,0.04899749624229431,0.4438212754997542,0.2010197940833842,0.2007164323399409,1.9177724832667793
A1,A2,A3,B1,B2,phiA1
3.8055114617112857,-0.6754596881805942,0.4412026299851548,-5.117795076746395,0.5797584634420057,0.16575629756700302
