ans,J2,J3,Energy,Sigma,L,A1,A3,B1,B2,B3
3x3,0.06,0.24000000000000005,-0.4745574148703896,1.241817798880528e-11,0.7277899508807963,0.5111349699252034,0.3292440068910334,0.17233097731736946,0.32569103559617824,0.08789451388839505
A1,A3,B1,B2,B3
3.7352343442487523,0.35271785496186636,-5.524247725765476,-0.258681964737144,-0.5626610288789039
ans,J2,J3,Energy,Sigma,L,A1,A2,B1,B2,B3
q0,0.06,0.24000000000000005,-0.45625765864181794,1.1924818804268429e-11,0.6795185474619375,0.5098669829867564,0.17086314274001257,0.16547821299578508,0.17616091460899796,0.19024004782169301
A1,A2,B1,B2,B3
3.589961660671646,0.17297274723145264,-6.409095476365397,-0.24535928843485869,-0.8156253450166018
ans,J2,J3,Energy,Sigma,L,A1,A2,A3,B1,B2,phiA1
cb1,0.06,0.24000000000000005,-0.502134889990756,3.7913048043934286e-11,0.7963006708386736,0.5202973504149309,0.05616875892057138,0.41013541913231355,0.1947529692014587,0.18651513037326217,-1.9340616980264234
A1,A2,A3,B1,B2,phiA1
3.8214986724182003,0.22704060853539035,0.371591646382552,-5.265454739025345,-0.24569235534223646,0.15465406739007015
