ans,J2,J3,Energy,Sigma,L,A1,A3,B1,B2,B3
3x3,0.0,-0.02999999999999997,-0.46662095148534644,4.40884083473989e-12,0.7067501448610503,0.5138502492199023,0.24653049071770514,0.17314068069961927,0.0,0.10237710484411662
A1,A3,B1,B2,B3
3.8187231157050325,-0.06300515664910027,-5.507150291492466,0.0,0.05900835375870908
ans,J2,J3,Energy,Sigma,L,A1,A2,B1,B2,B3
q0,0.0,-0.02999999999999997,-0.4693750321713034,9.192620903703255e-13,0.7202256406144301,0.5168956946605123,0.0,0.1830583879013048,0.0,0.2603220272298713
A1,A2,B1,B2,B3
3.8140601781544654,-0.0,-5.5997428914377405,0.0,0.05706546347195441
ans,J2,J3,Energy,Sigma,L,A1,A2,A3,B1,B2,phiA1
cb1,0.0,-0.02999999999999997,-0.4535903863013347,3.508266880784666e-12,0.6744086958799493,0.4967264019024362,0.0,3.459565269401576e-05,0.14121691478318832,0.0,-3.1415698485082384
A1,A2,A3,B1,B2,phiA1
3.9093173147363034,0.0,-0.06311617894994054,-5.124234370004935,0.0,-0.02237099393994296
