ans,J2,J3,Energy,Sigma,L,A1,A3,B1,B2,B3
3x3,-0.15,-0.27,-0.48440923908592315,5.278084771087858e-12,0.7553417524846153,0.517242462336593,0.249843391719433,0.18761806929777008,0.324961586118057,0.1347716396141101
A1,A3,B1,B2,B3
3.902766997807065,-0.7480682740116973,-5.128786284405763,0.47162274085982325,0.492050844499228
ans,J2,J3,Energy,Sigma,L,A1,A2,B1,B2,B3
q0,-0.15,-0.27,-0.48345966392558226,5.117465578710762e-12,0.7572208372013214,0.5163521944946177,0.23278411467261745,0.1842942685173725,0.20431385008813838,0.28468251581075377
A1,A2,B1,B2,B3
3.8047343047491857,-0.8600897771515161,-5.579758877304821,0.5874190023442996,0.3339550858436556
ans,J2,J3,Energy,Sigma,L,A1,A2,A3,B1,B2,phiA1
cb1,-0.15,-0.27,-0.46299415440010433,2.1002130667615902e-11,0.6973313454803513,0.49824477464005174,8.565550945194289e-06,4.570949482257669e-05,0.14728146234663017,0.18149099284568884,-3.1413333099013308
A1,A2,A3,B1,B2,phiA1
3.944011783821748,-0.7496225862269049,-0.7891465259035656,-4.960476474152959,0.5680456105640918,-0.012101430965031168
