ans,J2,J3,Energy,Sigma,L,A1,A3,B1,B2,B3
3x3,0.26999999999999996,0.02999999999999997,-0.4363068631640634,1.2443753558850302e-11,0.6290012138819613,0.49622274081264794,0.1147140049570172,0.13584080131227372,0.19043761942183796,0.0490197170508053
A1,A3,B1,B2,B3
3.3043567885521017,0.05279110482082088,-6.698641641179021,-2.3001600623499567,-0.061006755203030325
ans,J2,J3,Energy,Sigma,L,A1,A2,B1,B2,B3
q0,0.26999999999999996,0.02999999999999997,-0.48503495138883634,2.864873769216179e-12,0.7772800132903632,0.5233602710308473,0.3393558018430189,0.22053156987809286,0.20973946815079433,0.3625233888979596
A1,A2,B1,B2,B3
3.993139152882977,0.7366329768373178,-4.373168493868365,-1.1106671138636124,-0.061173288656723834
ans,J2,J3,Energy,Sigma,L,A1,A2,A3,B1,B2,phiA1
cb1,0.26999999999999996,0.02999999999999997,-0.4687837422521982,1.517945229777184e-11,0.7042218323229223,0.5154789779530077,0.04814745094624722,0.2526390971281462,0.17001057079223605,0.12181603399313101,1.87161808228591
A1,A2,A3,B1,B2,phiA1
3.679723193014525,0.736577465686087,0.05506706202129758,-6.047828904498842,-1.4866996522725737,0.08215650385402153
