ans,J2,J3,Energy,Sigma,gap,L,A1,A2,A3,B1,B2,phiA1
cb1,0.22500000000000003,0.22500000000000003,-0.4505669795193763,3.901218022324161e-08,0.14545053364643348,0.6617787292505212,0.5010063783123908,0.09271103699208802,-0.13214772956511422,0.14717561399029883,-0.18811845428490706,6.282948946059815
A1,A2,A3,B1,B2,phiA1
3.9681036234640032,0.6401545959988653,0.3055333763768431,-4.748867965531645,-1.0102474412576612,0.012217449274487533
ans,J2,J3,Energy,Sigma,gap,L,A1,A3,B1,B2,B3
3x3,0.22500000000000003,0.22500000000000003,-0.4476012914569726,3.6975029318137793e-10,0.08900818682776679,0.6537473895545863,0.5049857808817664,-0.19813944114337093,0.1490100961113592,0.24091691661361192,-0.05712619565204164
A1,A3,B1,B2,B3
3.597289133239201,0.19828583219805296,-5.993427976136445,-1.4584999874500681,-0.5268008251846368
ans,J2,J3,Energy,Sigma,gap,L,A1,A2,B1,B2,B3
q0,0.22500000000000003,0.22500000000000003,-0.46171568421111103,3.2442300910940893e-09,0.0029002036304926326,0.7043033187143699,0.5193720507073847,0.2560071488127781,0.1937108185395309,0.18909360847801893,-0.2675658328065472
A1,A2,B1,B2,B3
2.9133362389188733,0.7788214517745473,-5.956235504811502,-1.521338610643852,-0.38835601401387976
