ans,J2,J3,Energy,Sigma,gap,L,A1,A2,A3,B1,B2,phiA1
cb1,0.22500000000000003,0.07500000000000001,-0.46936416797972386,1.8740369452657583e-10,0.004544640452177759,0.7130457138307599,0.5153861648253222,0.04833487002885675,-0.2761919191693348,0.17380587014876459,0.1352898824549435,1.904765870818043
A1,A2,A3,B1,B2,phiA1
3.4292013673109523,0.19761969838327786,0.24302782009044677,-6.295131083078331,-1.6937007352169076,0.0865552074458265
ans,J2,J3,Energy,Sigma,gap,L,A1,A3,B1,B2,B3
3x3,0.22500000000000003,0.07500000000000001,-0.44390939372305915,1.3772775058292696e-09,0.09342789022416334,0.6439803685586376,0.5014521187673759,-0.1387821837802175,0.1423824006453247,0.20906192765977216,-0.05529101067597212
A1,A3,B1,B2,B3
3.4561797868093436,0.1124100812432971,-6.387501638727144,-1.636302204843787,-0.15776269179923474
ans,J2,J3,Energy,Sigma,gap,L,A1,A2,B1,B2,B3
q0,0.22500000000000003,0.07500000000000001,-0.4751584845857362,2.3085084018602052e-10,0.0022642968212461265,0.7476600733112216,0.5230112191201961,0.30927789478741324,0.21007676798619127,0.2034077440849668,-0.3283976440902845
A1,A2,B1,B2,B3
6.765588089763241,0.2672306820272752,-3.9589442835108457,-0.1780797731498751,-0.305089287166993
