ans,J2,J3,Energy,Sigma,gap,L,A1,A2,A3,B1,B2,phiA1
cb1,-0.07500000000000001,-0.07500000000000001,-0.463501611942323,1.8510452560104704e-09,0.1260224033287952,0.6888388676873132,0.49879146410004066,-0.06298963241793688,0.1545208492384699,0.13724444354562348,-0.19961404404886046,0.0004192573478320049
A1,A2,A3,B1,B2,phiA1
3.9309111521390605,-0.3306244167333716,-0.16603385333269216,-4.7783443868354425,0.2890465644611595,0.0324551496788672
ans,J2,J3,Energy,Sigma,gap,L,A1,A3,B1,B2,B3
3x3,-0.07500000000000001,-0.07500000000000001,-0.483034789770891,1.0681451368874576e-09,0.0039197828224007275,0.7503788199835202,0.520326408453845,-0.2736240196438385,0.18858876873916747,0.33541302545741136,-0.13833505692082987
A1,A3,B1,B2,B3
4.105271678156441,-0.17008616737257398,-5.354050536254817,0.5172529071728604,0.14299672557172016
ans,J2,J3,Energy,Sigma,gap,L,A1,A2,B1,B2,B3
q0,-0.07500000000000001,-0.07500000000000001,-0.4728032365588116,2.2642419579294826e-10,0.002458910360290449,0.726430319291998,0.5158236121582124,0.18743304165391245,0.17964006465323384,0.19439964408430005,-0.25302472278250165
A1,A2,B1,B2,B3
3.5745850723856165,-0.5981881656680343,-5.618172593813142,0.2895461648222408,0.11957101975212936
