ans,J2,J3,Energy,Sigma,gap,L,A1,A3,B1,B2,B3
3x3,-0.07500000000000001,0.07500000000000001,-0.49330398963092004,1.2819336354551682e-09,0.003782966451771581,0.7778167158857167,0.5211365702047857,-0.3197336193534497,0.1941340246494685,0.35915136801870323,-0.14218769714698873
A1,A3,B1,B2,B3
29.84767988323256,9.878320383904793,-7.615019725903949,0.2653433028854124,-15.343060155714738
ans,J2,J3,Energy,Sigma,gap,L,A1,A2,B1,B2,B3
q0,-0.07500000000000001,0.07500000000000001,-0.464046164909171,1.8487088779258813e-11,0.006760661916574649,0.6967700830417141,0.5095951364003019,0.16800286816477636,0.1630575394891471,0.18117861119733808,-0.19477034562424123
A1,A2,B1,B2,B3
3.6595726449206722,-1.3700707235386744,-0.6422085085944218,1.5178414081162828,-0.7079892228034623
ans,J2,J3,Energy,Sigma,gap,L,A1,A2,A3,B1,B2,phiA1
cb1,-0.07500000000000001,0.07500000000000001,-0.48212039396833284,9.488532413399785e-10,0.005655118206538184,0.7491876893431008,0.5193066537294406,0.04374326202227985,-0.3289675572734957,0.18611808345259756,0.16757021555464952,1.9527616673223303
A1,A2,A3,B1,B2,phiA1
8.575584686809634,-14.568790618341154,13.853029834365316,-11.45195049900849,14.529710767874349,1.1353273876579804
