ans,J2,J3,Energy,Sigma,gap,L,A1,A2,B1,B2,B3
q0,-0.22499999999999998,-0.15,-0.4795852553265879,2.0881180755552282e-08,0.00228566782539106,0.7409118798941224,0.5122029250623074,0.16545202082674593,0.17202097446853018,0.1963256984292313,-0.24461056286618255
A1,A2,B1,B2,B3
5.304423567054073,-1.56097357262297,-6.083022974223695,0.8152367669822524,0.5971889649458717
