ans,J2,J3,Energy,Sigma,gap,L,A1,A3,B1,B2,B3
3x3,0.0,-0.07500000000000001,-0.4680364760663727,4.964481708816976e-09,0.006019520417318741,0.7082369833359768,0.515617767499422,-0.22902951966538376,0.17426287587133057,0.0,-0.11410566604287115
A1,A3,B1,B2,B3
24.192481351548167,-23.510859925579553,-58.042459727403184,0.0,21.38966781473073
ans,J2,J3,Energy,Sigma,gap,L,A1,A2,B1,B2,B3
q0,0.0,-0.07500000000000001,-0.47308147939442013,1.3133532629034406e-09,0.004697737015792799,0.7308772650120368,0.5188729939855796,0.0,0.18845585124270922,0.0,-0.27475266845899426
A1,A2,B1,B2,B3
7.846612248840756,-0.0,-19.713675136756592,0.0,29.37949883374813
ans,J2,J3,Energy,Sigma,gap,L,A1,A2,A3,B1,B2,phiA1
cb1,0.0,-0.07500000000000001,-0.46677520512278386,3.791929902860414e-10,0.011759392976857097,0.7028606297805422,0.5139624636276219,0.0,-0.23912677905066787,0.16919671611456838,0.0,1.9622569357958302
A1,A2,A3,B1,B2,phiA1
10.53529485872673,0.0,-2.2315482794965646,-13.957557332133774,0.0,0.8270872875471013
