ans,J2,J3,Energy,Sigma,gap,L,A1,A2,B1,B2,B3
q0,-0.22499999999999998,0.0,-0.47217260295360747,2.275345512830669e-09,0.0028985637495670485,0.7168791724740053,0.5077727996477321,0.13504627249044676,0.15958449516571288,0.18657692735445466,0.0
A1,A2,B1,B2,B3
3.1444291614945996,-1.8781642907583773,-6.309952560457077,0.6054601264793291,0.0
