ans,J2,J3,Energy,Sigma,gap,L,A1,A3,B1,B2,B3
3x3,0.07500000000000001,-0.07500000000000001,-0.45669722645285465,1.091278012889061e-09,0.013879243536164466,0.6765172940393158,0.5094703280663995,-0.18119858026718708,0.15950866619531634,0.25374533163576296,-0.08847578273467016
A1,A3,B1,B2,B3
9.41041689017652,-3.7022052090662783,-23.36120186186008,-17.52853417968936,11.662781851384807
ans,J2,J3,Energy,Sigma,gap,L,A1,A2,B1,B2,B3
q0,0.07500000000000001,-0.07500000000000001,-0.4771468605636072,3.727710294423678e-09,0.004358090344850322,0.7475310196937202,0.5222017126241937,0.2771432624842641,0.20095834600600793,0.20290652383317756,-0.30953858199192114
A1,A2,B1,B2,B3
21.930901539235492,15.478285320114082,-35.60352013209922,-10.45541431210495,40.376257892660306
ans,J2,J3,Energy,Sigma,gap,L,A1,A2,A3,B1,B2,phiA1
cb1,0.07500000000000001,-0.07500000000000001,-0.46445230869264303,5.83014921024797e-09,0.012848357908169475,0.6964059329910012,0.512694602574296,0.0368894988816088,-0.22708693163515511,0.16626709117850003,0.12454460705945006,1.928111179056821
A1,A2,A3,B1,B2,phiA1
29.339419782559162,44.047598901642004,-26.492252835907948,-14.96974766368453,-0.9507949982889841,4.585106183618847
