ans,J2,J3,Energy,Sigma,gap,L,A1,A3,B1,B2,B3
3x3,0.0,0.0,-0.4714031295017413,4.257399339497284e-12,0.005760544912284514,0.717687324127225,0.5170612574373774,0.0,0.17790757073643612,0.0,0.0
A1,A3,B1,B2,B3
0.8676392937445598,-0.0,-1.872058064122939,0.0,0.0
ans,J2,J3,Energy,Sigma,gap,L,A1,A2,B1,B2,B3
q0,0.0,0.0,-0.46799357161520055,8.621569172420562e-11,0.005394018249804173,0.713839641445361,0.5162669733903263,0.0,0.18037725555094536,0.0,0.0
A1,A2,B1,B2,B3
6.097011784333972,-0.0,-7.003009283579331,0.0,0.0
ans,J2,J3,Energy,Sigma,gap,L,A1,A2,A3,B1,B2,phiA1
cb1,0.0,0.0,-0.4717596824109853,2.724067485308925e-10,0.007911004270064468,0.7184930178446263,0.516659727767029,0.0,0.0,0.17623244090810528,0.0,1.9518923677642017
A1,A2,A3,B1,B2,phiA1
4.166833544871906,0.0,0.0,-10.052625398770942,0.0,1.2409229199761282
