ans,J2,J3,Energy,Sigma,gap,L,A1,A3,B1,B2,B3
3x3,-0.15,0.0,-0.5074865435311845,5.125617260055873e-10,0.003025508142895175,0.8162578324752868,0.5229568485839473,0.0,0.20284776417839315,0.3777090395347556,0.0
A1,A3,B1,B2,B3
20.89017847595187,-0.0,-3.0457858457566545,8.178346888598753,0.0
ans,J2,J3,Energy,Sigma,gap,L,A1,A2,B1,B2,B3
q0,-0.15,0.0,-0.4677931784016495,1.2962632553785164e-09,0.006206215104219413,0.7054490189220504,0.5085089037879531,0.16323516630098414,0.16050238657089327,0.18383277808107368,0.0
A1,A2,B1,B2,B3
18.791079803293087,-7.92665932891623,-23.88855779855703,17.597256984913656,0.0
ans,J2,J3,Energy,Sigma,gap,L,A1,A2,A3,B1,B2,phiA1
cb1,-0.15,0.0,-0.4785069538764505,3.1152189177578902e-09,0.00669354754349233,0.7371967726429306,0.518367460095599,0.03997845087167132,0.0,0.18218517067925313,0.16275300966184525,1.9793227979547623
A1,A2,A3,B1,B2,phiA1
30.911939674638234,-0.13011813848606835,0.0,-36.634251188161215,20.198953620820248,2.023827772035247
