ans,J2,J3,Energy,Sigma,gap,L,A1,A2,B1,B2,B3
q0,-0.22499999999999998,0.07500000000000001,-0.46943990295762167,1.2693046380200515e-08,0.0032581762757393413,0.7080279525372021,0.5056820980528381,0.12251281796935802,0.1544147438261487,0.1822023588974378,-0.18105735904835835
A1,A2,B1,B2,B3
3.859357278201969,-1.9201307210892082,-7.089717701802556,1.0831335828243027,-0.18496315590255108
