ans,J2,J3,Energy,Sigma,gap,L,A1,A3,B1,B2,B3
3x3,0.3,-0.22499999999999998,-0.4369662525141611,3.970620709829299e-10,0.09510340915211284,0.6297565533942181,0.49304116209214266,-0.062078313512616855,0.12869339912493644,0.16195382244654508,-0.047938808124602175
A1,A3,B1,B2,B3
1.7988388556489099,-11.371348307420703,-4.235001238583891,-15.394518992906114,3.097133660645568
ans,J2,J3,Energy,Sigma,gap,L,A1,A2,B1,B2,B3
q0,0.3,-0.22499999999999998,-0.5309765725189589,1.142852003655753e-09,0.003583840816464298,0.8960001559331742,0.518867450645218,0.39427884460752455,0.2347125481894362,0.22380627780230877,-0.41898081773349977
A1,A2,B1,B2,B3
2.2100099528188366,6.312950162623565,-4.9542592250872985,-31.774471942469518,7.997047468677465
