ans,J2,J3,Energy,Sigma,L,A1,A2,A3,B1,B2,phiA1
cb1,0.009999999999999998,-0.025,-0.4694321341751994,1.8040975056184967e-11,0.7116226710621985,0.5155701331958157,0.0397560076526826,0.261720497240245,0.17336669514755926,0.1417736105464939,1.9530004810116925
A1,A2,A3,B1,B2,phiA1
3.7719272152145775,-0.07749356711868093,-0.0530686605769764,-6.227629522995814,-0.15748513603839237,0.08273507989840155
ans,J2,J3,Energy,Sigma,L,A1,A3,B1,B2,B3
3x3,0.009999999999999998,-0.025,-0.46760783127006234,7.453589718466289e-12,0.7082380913472792,0.5155066678175827,0.23858408655756114,0.1746099336159065,0.29913451437767913,0.11016639347219663
A1,A3,B1,B2,B3
3.669897719246066,-0.07804867862882624,-5.798528323990959,-0.06278311204939736,0.04052314039873713
ans,J2,J3,Energy,Sigma,L,A1,A2,B1,B2,B3
q0,0.009999999999999998,-0.025,-0.4708528186894677,5.861627998016333e-12,0.7213835353111124,0.5182553699532093,0.2305651464347578,0.18487247151215155,0.1936101941613492,0.26209747717339793
A1,A2,B1,B2,B3
3.5351721544156285,0.007771561172576193,-5.967892846723772,-0.05040412531928024,-0.017985613000888266
