ans,J2,J3,Energy,Sigma,gap,L,A1,A2,A3,B1,B2,phiA1
cb1,0.0,0.1875,-0.4918695504533567,1.2051303638794111e-11,0.0053189278054493055,0.777574650884567,0.5192601247160047,0.0,0.3749336260318769,0.19203209708986935,0.0,1.939366390461665
A1,A2,A3,B1,B2,phiA1
3.691824623786033,0.0,0.29176661087149114,-4.9678039459877255,0.0,0.1399713678296166
ans,J2,J3,Energy,Sigma,gap,L,A1,A3,B1,B2,B3
3x3,0.0,0.1875,-0.48431637680232,1.1261884408146225e-10,0.007059052957558221,0.752514698374227,0.5178517847508831,0.3218895474614042,0.18529262431953725,0.0,0.12195067277764167
A1,A3,B1,B2,B3
3.829159211932165,0.29964919434632975,-5.338063324700215,0.0,-0.42599257454867256
ans,J2,J3,Energy,Sigma,gap,L,A1,A2,B1,B2,B3
q0,0.0,0.1875,-0.45930338121399306,6.96471702388074e-10,0.003931161786649319,0.6847510112371681,0.509248680478126,0.0,0.1628811589360625,0.0,0.18357961816320656
A1,A2,B1,B2,B3
3.6463054797764016,-0.0,-6.629863325002816,0.0,-0.5899725152858082
