ans,J2,J3,Energy,Sigma,gap,L,A1,A2,A3,B1,B2,phiA1
cb1,0.3,0.07500000000000001,-0.46740768568900437,1.7836112887496842e-09,0.004360482399888704,0.7082202268630752,0.5141500919634723,0.06296198878243991,0.26531093953044926,0.17166860608564044,0.12912856545856877,1.9054663576865118
A1,A2,A3,B1,B2,phiA1
3.584854635363399,0.7031597526463429,0.40045744498229396,-6.309452960095996,-1.403765992336048,0.0799021959707602
ans,J2,J3,Energy,Sigma,gap,L,A1,A3,B1,B2,B3
3x3,0.3,0.07500000000000001,-0.43818292031598327,2.043688865531151e-09,0.08398995916451041,0.631215422555596,0.4966163813835144,0.10052390228113897,0.13380853887576521,0.1820080052203965,0.04544020540140373
A1,A3,B1,B2,B3
3.331834808051326,0.10696998842263383,-6.592393297921717,-2.631450612966546,-0.15670797992584085
ans,J2,J3,Energy,Sigma,gap,L,A1,A2,B1,B2,B3
q0,0.3,0.07500000000000001,-0.48460914594462234,6.341980193484564e-10,0.002179038615975934,0.7740544447761128,0.5229199479400256,0.3422907239473584,0.2199160337931766,0.20888349729754008,0.35933411718683433
A1,A2,B1,B2,B3
3.8141712010997253,1.6870949082203879,-5.056066676445425,-0.02142730437526552,-0.44919623576333834
