ans,J2,J3,Energy,Sigma,gap,L,A1,A2,A3,B1,B2,phiA1
cb1,0.1875,0.22500000000000003,-0.4869716479596048,5.173824331342361e-10,0.0028211365023817583,0.7653127544736039,0.5181901561050006,0.07220438050393346,0.3695424490723742,0.1891844635408163,0.17266476511139695,1.9510974204322296
A1,A2,A3,B1,B2,phiA1
4.600653191744186,0.43298697960381105,0.6039613253960852,-5.098477195986106,-0.8009148899645879,0.13880008253863715
ans,J2,J3,Energy,Sigma,gap,L,A1,A3,B1,B2,B3
3x3,0.1875,0.22500000000000003,-0.4522784611144161,3.758550503013213e-10,0.06732490477402181,0.6659002803384181,0.5073904239936022,0.2242020505923312,0.15454175030343892,0.2593145986880587,0.06472408303766086
A1,A3,B1,B2,B3
3.623767952376511,0.2291500322826323,-5.975664407742443,-1.1173284519827575,-0.5378475442796571
ans,J2,J3,Energy,Sigma,gap,L,A1,A2,B1,B2,B3
q0,0.1875,0.22500000000000003,-0.460101749714295,3.4955071842948366e-10,0.0032593608582422154,0.6957051180190738,0.5175409915245106,0.23338403293225413,0.18657940146024624,0.18498198655879355,0.24550134201671273
A1,A2,B1,B2,B3
4.02400335275388,0.9435785486289205,-5.6421534111450455,-0.8489875469308572,-0.7766565168765283
