ans,J2,J3,Energy,Sigma,gap,L,A1,A2,A3,B1,B2,phiA1
cb1,0.03749999999999998,0.1875,-0.48972382456327623,1.2631637502212679e-09,0.0029521814070645447,0.7719440432989916,0.5191534592173773,0.0582612283519284,0.3701942542865606,0.19093156744145975,0.17686772817917737,1.939941196807918
A1,A2,A3,B1,B2,phiA1
3.996247777138251,0.13999912340523224,0.8201217482906031,-5.116906898194884,-1.7356116543965072,0.12322476372617074
ans,J2,J3,Energy,Sigma,gap,L,A1,A3,B1,B2,B3
3x3,0.03749999999999998,0.1875,-0.47582347642784695,1.5597655789898971e-09,0.009224449066622948,0.7295614034221742,0.5162319382391602,0.30247707452514216,0.17889102247560762,0.32746499041605404,0.10974831620249662
A1,A3,B1,B2,B3
3.775313395237845,0.28554936193359026,-5.589306795172888,-0.16076029396572267,-0.435984581770299
ans,J2,J3,Energy,Sigma,gap,L,A1,A2,B1,B2,B3
q0,0.03749999999999998,0.1875,-0.4591686281451465,1.1083590641340829e-09,0.0037597809300586233,0.6860561466157341,0.5110683470949376,0.1781279405314069,0.16743892105889932,0.17795765285405823,0.1952293032891261
A1,A2,B1,B2,B3
3.5965119771219634,0.12506662372402388,-6.132316876517052,-0.15187850976872141,-0.6003531005660534
