ans,J2,J3,Energy,Sigma,gap,L,A1,A2,A3,B1,B2,phiA1
cb1,0.11249999999999999,-0.03749999999999998,-0.465374145301864,1.3264116610529045e-09,0.0062690138126135116,0.699959470605333,0.5135056082864208,0.04087643741122351,0.2384976393608122,0.16828747073398614,0.12650505369658038,1.9154108760910924
A1,A2,A3,B1,B2,phiA1
3.678501947490531,0.35560443478743764,-0.08304468224196171,-6.094347249074872,-0.5151434834260726,0.07181089056729208
ans,J2,J3,Energy,Sigma,gap,L,A1,A3,B1,B2,B3
3x3,0.11249999999999999,-0.03749999999999998,-0.4530233766622147,2.3152738871776053e-10,0.03148312938208517,0.6665600202747796,0.5072298575743684,0.16909241063507252,0.15440713476351373,0.2404998484533126,0.07763756548160332
A1,A3,B1,B2,B3
3.494371458856449,-0.08426592756904938,-6.586120537832585,-0.6538658503529859,0.07244205235679146
ans,J2,J3,Energy,Sigma,gap,L,A1,A2,B1,B2,B3
q0,0.11249999999999999,-0.03749999999999998,-0.476295402932183,1.148925158468573e-09,0.0021593206301949433,0.746407448190264,0.5225254591878947,0.28430099854856616,0.20293048047724366,0.20287425258587136,0.3125476419186107
A1,A2,B1,B2,B3
4.243161377814886,0.22803980925800715,-5.6563642658602475,-0.5000444502911705,0.06128431095930864
