ans,J2,J3,Energy,Sigma,gap,L,A1,A2,A3,B1,B2,phiA1
cb1,0.07500000000000001,0.2625,-0.4987249327148696,1.0440411914113748e-09,0.002626467595480818,0.7962789045932406,0.517973612902606,0.06618701465908684,0.4011911903086219,0.19442494322772164,0.18560265633561696,1.9432114394654918
A1,A2,A3,B1,B2,phiA1
3.8047343053904115,0.29676261448230434,0.08315570454442422,-5.09114972402358,-0.4155564781171961,0.15045520385115194
ans,J2,J3,Energy,Sigma,gap,L,A1,A3,B1,B2,B3
3x3,0.07500000000000001,0.2625,-0.474137067157108,5.227764416901921e-10,0.013089650911174939,0.724814992438023,0.5136229851303263,0.3138443917544637,0.17457648897901154,0.3248228430234421,0.09860657190154223
A1,A3,B1,B2,B3
3.6690650517812173,0.3573807916268379,-5.875189224013866,-0.34283687000424834,-0.6740163982499325
ans,J2,J3,Energy,Sigma,gap,L,A1,A2,B1,B2,B3
q0,0.07500000000000001,0.2625,-0.45644747810491654,5.220353076894128e-10,0.004273279261193604,0.678637656311769,0.5101446621280447,0.17266337450754837,0.16584717839587737,0.17409144360165643,0.18474090953781336
A1,A2,B1,B2,B3
3.557654171260083,0.1953437411827963,-6.240674643720467,-0.30858648969456226,-0.8051892486093948
