ans,J2,J3,Energy,Sigma,gap,L,A1,A2,A3,B1,B2,phiA1
cb1,-0.1875,0.0,-0.48071359771542055,8.851329340088755e-10,0.0036191931469030177,0.7436949544652331,0.5188999258405622,0.029117677496446063,0.0,0.18434895953526403,0.16723928386105374,1.9917363760454552
A1,A2,A3,B1,B2,phiA1
4.3195447219090966,-0.9706679904297744,0.0,-5.480726983364548,0.5875300246316328,0.11012191158954464
ans,J2,J3,Energy,Sigma,gap,L,A1,A3,B1,B2,B3
3x3,-0.1875,0.0,-0.51859418226152,9.829482748149705e-10,0.0037396283832947727,0.8451078833946358,0.5232835364068114,0.0,0.20751487701940685,0.390030329988033,0.0
A1,A3,B1,B2,B3
3.5614844406950397,-0.0,-4.995337476998429,0.25779378631796135,0.0
ans,J2,J3,Energy,Sigma,gap,L,A1,A2,B1,B2,B3
q0,-0.1875,0.0,-0.4682522126150484,9.658376498587022e-10,0.003149765109177684,0.7052828965708626,0.5069313200149047,0.1537387434891506,0.15704475925057243,0.18250125304393433,0.0
A1,A2,B1,B2,B3
3.0285773888749645,-1.6557866189259585,-6.887490577867084,0.76216810640517,0.0
