ans,J2,J3,Energy,Sigma,gap,L,A1,A2,A3,B1,B2,phiA1
cb1,-0.2625,-0.07500000000000001,-0.4782522904328531,9.676342867648732e-10,0.0046044742273481844,0.7341900700491171,0.5171554637314612,0.028442897555860106,0.2777852777420456,0.17979704171347,0.1645900354352774,2.044733718416036
A1,A2,A3,B1,B2,phiA1
3.460787212361538,-1.4827028493868966,-0.1744160371686121,-5.419220627800314,0.8846257060213247,0.07368217147529793
ans,J2,J3,Energy,Sigma,gap,L,A1,A3,B1,B2,B3
3x3,-0.2625,-0.07500000000000001,-0.5355013595298718,1.6673306199358804e-09,0.0032644556369767442,0.888862701535241,0.5235780482173121,0.35057607718934913,0.21403958489753866,0.4038397323665516,0.18099207967739786
A1,A3,B1,B2,B3
3.642530721492676,-0.27267077484793845,-4.921285601255931,1.2786438574607928,0.07993605777301127
ans,J2,J3,Energy,Sigma,gap,L,A1,A2,B1,B2,B3
q0,-0.2625,-0.07500000000000001,-0.4725267793131911,8.278801274511463e-10,0.002880555935871183,0.7154789606307489,0.5058794706088963,0.1507333899014119,0.15517242153692895,0.18545901117523314,0.19049673977312911
A1,A2,B1,B2,B3
3.412992111151425,-2.8193558598843538,-6.740774605162869,1.3373191443122323,0.05023759186428833
