ans,J2,J3,Energy,Sigma,gap,L,A1,A2,A3,B1,B2,phiA1
cb1,-0.2625,0.0,-0.4849555338072101,1.0756582413650716e-09,0.0033065708087962192,0.755256894461107,0.5194670812959401,0.028441930973590292,0.0,0.18730753806591305,0.17382312627041113,2.001639504585259
A1,A2,A3,B1,B2,phiA1
3.7508884886960914,-1.3457013281481522,0.0,-5.2515769510819155,0.8824052599720744,0.10769496405771405
ans,J2,J3,Energy,Sigma,gap,L,A1,A3,B1,B2,B3
3x3,-0.2625,0.0,-0.5426564786527981,6.858893804706202e-10,0.0033047443560401918,0.9058915494229405,0.5229541094964639,0.0,0.2151151608613271,0.4099382742079676,0.0
A1,A3,B1,B2,B3
3.502975687297294,-0.0,-4.465872116554692,0.47128967395337895,0.0
ans,J2,J3,Energy,Sigma,gap,L,A1,A2,B1,B2,B3
q0,-0.2625,0.0,-0.47005107563085574,7.929232151849209e-10,0.0032649329996509327,0.707594977524798,0.5039849365537753,0.1372327527002006,0.15056865785657075,0.18142569350051022,0.0
A1,A2,B1,B2,B3
3.3676950117467186,-2.810585097989815,-7.584655126180451,0.6233902283270254,0.0
