ans,J2,J3,Energy,Sigma,gap,L,A1,A2,A3,B1,B2,phiA1
cb1,0.03749999999999998,0.03749999999999998,-0.4732238818473523,5.71229049122771e-10,0.004482547964349087,0.723612027406376,0.5172940202139712,0.04585376298571013,0.29022964696982223,0.17831055888734074,0.14996956809658818,1.941735367020661
A1,A2,A3,B1,B2,phiA1
3.6942671144402084,0.13700152123874432,0.07027711745877241,-5.749734022231223,-0.1566524687746096,0.09989564730972215
ans,J2,J3,Energy,Sigma,gap,L,A1,A3,B1,B2,B3
3x3,0.03749999999999998,0.03749999999999998,-0.4663908667021622,4.4333360855056353e-10,0.010186364338153023,0.703514554896817,0.5150741116135177,0.2429558527746362,0.17237417638816496,0.2963968098112309,0.10474153922530484
A1,A3,B1,B2,B3
3.7644887207477495,0.06927791673660977,-5.804468017345243,-0.16475709685437323,-0.07738254481637341
ans,J2,J3,Energy,Sigma,gap,L,A1,A2,B1,B2,B3
q0,0.03749999999999998,0.03749999999999998,-0.46651450830327934,2.0294337898140653e-09,0.0027074020297259797,0.710931491379075,0.5168417932660659,0.22188468616782406,0.18224927238519292,0.18990522773616342,0.24826394507832225
A1,A2,B1,B2,B3
3.790856517582597,0.44891868000718205,-6.580902489616847,-0.15937251518494122,-0.08826273045769994
