ans,J2,J3,Energy,Sigma,gap,L,A1,A2,A3,B1,B2,phiA1
cb1,0.07500000000000001,0.3,-0.5050100160933595,8.91381193423634e-10,0.002531887099221546,0.8123363472412622,0.5169425002647619,0.06847384651266916,0.4173357511321895,0.1961795673125189,0.19048890182148986,1.9440735647303269
A1,A2,A3,B1,B2,phiA1
3.560485239972877,1.5973888878306752,0.7261968804073149,-3.081201960242197,-0.3602673714908633,0.15588974555669205
ans,J2,J3,Energy,Sigma,gap,L,A1,A3,B1,B2,B3
3x3,0.07500000000000001,0.3,-0.4776614630993149,7.280215080481121e-10,0.012955672624632042,0.7340642031798931,0.5127927221657052,0.33026211062598637,0.17531446416518576,0.3323281236794182,0.09897292170570429
A1,A3,B1,B2,B3
3.6229907962592733,0.4056754931980322,-5.918043832764397,-0.34083846855992306,-0.8042455590384634
ans,J2,J3,Energy,Sigma,gap,L,A1,A2,B1,B2,B3
q0,0.07500000000000001,0.3,-0.4552412672075285,1.306160701625552e-09,0.00468315678675192,0.6746127002327276,0.5088117368707004,0.1638642013207312,0.16287975207576724,0.17175086710828255,0.17404248719695103
A1,A2,B1,B2,B3
3.5467739856187563,0.1869060461956451,-6.573019906142008,-0.31030733538273125,-1.0867418076543345
