ans,J2,J3,Energy,Sigma,gap,L,A1,A2,A3,B1,B2,phiA1
cb1,-0.07500000000000001,0.3,-0.5154974461822234,2.1642526455336386e-09,0.002440325043334114,0.838707526808718,0.5166476044340581,0.03352638265041838,0.4311181977534798,0.19974963303356824,0.19790106473710875,1.9352490075476618
A1,A2,A3,B1,B2,phiA1
2.593147918616978,-0.4084510507595951,1.9542145679452005,-2.8335112034483245,2.5887070265184775,0.15826451260636532
ans,J2,J3,Energy,Sigma,gap,L,A1,A3,B1,B2,B3
3x3,-0.07500000000000001,0.3,-0.5168815363951033,9.041466562396687e-09,0.005148976886369511,0.8343551790069318,0.5165448180977431,0.3851925933194042,0.19690813281853392,0.38629790548955206,0.14301693618228042
A1,A3,B1,B2,B3
3.358313627188636,0.5415667914121514,-5.200506691949158,0.29531932455029164,-0.8038014698286133
ans,J2,J3,Energy,Sigma,gap,L,A1,A2,B1,B2,B3
q0,-0.07500000000000001,0.3,-0.4576580544727025,9.403902640673427e-09,0.0053019883011472,0.6761133879024592,0.5030911316907782,0.12630845968275717,0.14891658208798705,0.16827036609574414,0.1419273259723026
A1,A2,B1,B2,B3
3.241185098090682,-0.3957945082788683,-7.375378086038609,0.2861599845971341,-1.2609913113692528
