ans,J2,J3,Energy,Sigma,gap,L,A1,A2,A3,B1,B2,phiA1
cb1,0.22500000000000003,-0.07500000000000001,-0.4609357267843753,1.253333384681343e-09,0.00845217873808767,0.686828169071771,0.5097706829943285,0.03695200031804965,0.2015693606447759,0.16073874952965486,0.1020851003927656,1.848739844955865
A1,A2,A3,B1,B2,phiA1
3.5443870061158123,0.5503375533066901,-0.1900701818158268,-6.579514710836065,-1.2821965711395933,0.04357514349351276
ans,J2,J3,Energy,Sigma,gap,L,A1,A3,B1,B2,B3
3x3,0.22500000000000003,-0.07500000000000001,-0.44217835664453026,8.111168403858223e-11,0.09333418844235916,0.6402394550208451,0.4985713445022297,0.1044737607415516,0.13789540842029155,0.19057456031040806,0.05491905968771951
A1,A3,B1,B2,B3
3.304911899704166,-0.19417800700693988,-6.789457884792682,-1.7775780847273381,0.14194201369832626
ans,J2,J3,Energy,Sigma,gap,L,A1,A2,B1,B2,B3
q0,0.22500000000000003,-0.07500000000000001,-0.4935787984774863,1.5833921962195248e-08,0.0019200989869809712,0.7998626281462454,0.5234651298162148,0.34654441748889064,0.2216048090898013,0.21391759565460114,0.3716880636835573
A1,A2,B1,B2,B3
3.3573144264664734,3.3554270473246106,-5.298428362721097,-0.9460210392830959,0.9952039192739903
