ans,J2,J3,Energy,Sigma,gap,L,A1,A2,A3,B1,B2,phiA1
cb1,0.0,0.2625,-0.5034197294729816,5.44839143213064e-10,0.004865937613423025,0.8081576094763006,0.5179407488294944,0.0,0.40886039217135695,0.19620450129019926,0.0,1.936533220477529
A1,A2,A3,B1,B2,phiA1
3.760880495917718,0.0,0.29176661087149114,-4.643285755889792,0.0,0.1526467841017622
ans,J2,J3,Energy,Sigma,gap,L,A1,A3,B1,B2,B3
3x3,0.0,0.2625,-0.4916374505189821,5.968928811505879e-11,0.0070017557464342565,0.7709853568607494,0.5163945277984138,0.34884206911021337,0.1866613415293446,0.0,0.12268863649731046
A1,A3,B1,B2,B3
3.8546943414985435,0.40245584642661925,-5.404121594665412,0.0,-0.6319389456166391
ans,J2,J3,Energy,Sigma,gap,L,A1,A2,B1,B2,B3
q0,0.0,0.2625,-0.4570433377921924,4.880724838084682e-10,0.004652342753086786,0.677305299343158,0.506806778947766,0.0,0.1574945300536986,0.0,0.16391462772600135
A1,A2,B1,B2,B3
3.4793834480240093,-0.0,-6.909139926847274,0.0,-1.020739048840369
