ans,J2,J3,Energy,Sigma,gap,L,A1,A2,A3,B1,B2,phiA1
cb1,0.2625,0.03749999999999998,-0.4658547723617428,2.506216481833876e-09,0.004924492052701984,0.7028359111440474,0.5134988426141597,0.05400383577534897,0.25030561616509384,0.1693611642402579,0.12372414308994939,1.8916490303392537
A1,A2,A3,B1,B2,phiA1
3.5418890043104057,0.6493694471032541,0.06833422716567839,-6.199929458716724,-1.3909429164016274,0.07633504939263958
ans,J2,J3,Energy,Sigma,gap,L,A1,A3,B1,B2,B3
3x3,0.2625,0.03749999999999998,-0.44044650198290486,4.2531908691814777e-10,0.09374993477720818,0.6361695637403331,0.49822110285432786,0.10981750615138935,0.13673862708883217,0.19005265962579593,0.049965905171615095
A1,A3,B1,B2,B3
3.3552050027196856,0.06461498003318411,-6.588285472730604,-2.148337063800909,-0.07682743330406083
ans,J2,J3,Energy,Sigma,gap,L,A1,A2,B1,B2,B3
q0,0.2625,0.03749999999999998,-0.4840631027976554,5.558486027577426e-10,0.0021297175184815465,0.7726617217480705,0.5234065780956351,0.33507834193540253,0.21811032577592204,0.20887656914268415,0.3550564832048737
A1,A2,B1,B2,B3
5.339839681539615,3.8060665730199617,-2.371103313691947,-1.7607026947530358,-0.081601392309949
