ans,J2,J3,Energy,Sigma,gap,L,A1,A2,A3,B1,B2,phiA1
cb1,0.07500000000000001,0.22500000000000003,-0.4929443541316204,2.2431379399926576e-09,0.002753744602391313,0.7809525783397531,0.5186566975276928,0.06354107201553977,0.3838257647786002,0.19229841676335266,0.18021623843352913,1.9422004169618974
A1,A2,A3,B1,B2,phiA1
5.061728813871014,1.1091128016005314,0.11290968160437842,-5.796918500777792,-0.8502087922579449,0.14269918580112054
ans,J2,J3,Energy,Sigma,gap,L,A1,A3,B1,B2,B3
3x3,0.07500000000000001,0.22500000000000003,-0.4709997812055427,9.846862631538243e-10,0.01334520587414302,0.7163657962715979,0.5140803028190429,0.2970450752034109,0.17348721799884392,0.3168723478814787,0.09781480794866333
A1,A3,B1,B2,B3
3.6964875604894587,0.3105293799876563,-5.849210005237637,-0.34544589411211746,-0.5557221349761221
ans,J2,J3,Energy,Sigma,gap,L,A1,A2,B1,B2,B3
q0,0.07500000000000001,0.22500000000000003,-0.4578081362910084,4.951003537181823e-09,0.003904659751761823,0.6831883009446904,0.5115440328374359,0.18230665579267527,0.16905655297083572,0.17697528307511246,0.1964131739627886
A1,A2,B1,B2,B3
3.634981204925225,0.20228263508670352,-5.9166560539836155,-0.3143041382713818,-0.7327471962526033
