ans,J2,J3,Energy,Sigma,gap,L,A1,A2,A3,B1,B2,phiA1
cb1,-0.15,0.11249999999999999,-0.4911066361480303,1.2206314847899117e-09,0.002842696196029886,0.7748166062319345,0.5201121877115648,0.030364552537411063,0.3596965655975548,0.19226636671737812,0.18014706068142733,1.9587272623458354
A1,A2,A3,B1,B2,phiA1
3.323674668820331,-0.7355227538141662,0.038191672047105385,-6.292633081272925,0.3091971123581061,0.1289646167634828
ans,J2,J3,Energy,Sigma,gap,L,A1,A3,B1,B2,B3
3x3,-0.15,0.11249999999999999,-0.5179993016123245,1.3569849019588252e-10,0.004089695503621411,0.8419642397616448,0.5219179191457322,0.3588486627051199,0.20503048107962632,0.3903199465232382,0.16107341313571777
A1,A3,B1,B2,B3
3.966715844683222,0.20794477251229182,-4.737765735285393,0.5220268661787486,-0.23425705819590803
ans,J2,J3,Energy,Sigma,gap,L,A1,A2,B1,B2,B3
q0,-0.15,0.11249999999999999,-0.46392303633900017,9.929115118951013e-10,0.003798218470941265,0.692986390497942,0.505267446339347,0.14112498626388628,0.15315166811294964,0.17679925459603735,0.16776865557301485
A1,A2,B1,B2,B3
3.62548879806468,-1.103006574965093,-7.227995979519619,0.5659916979539048,-0.3091971123581061
