ans,J2,J3,Energy,Sigma,gap,L,A1,A2,A3,B1,B2,phiA1
cb1,0.1875,0.3,-0.49829401094135317,1.877885099064121e-09,0.0025670168641306404,0.7955406921658605,0.5168747103784882,0.07860294742336534,0.4063381759613719,0.19375460105981068,0.18484777530594332,1.9614854606082224
A1,A2,A3,B1,B2,phiA1
2.989275493803234,0.030753177782116836,0.2737809978725636,-6.800005003526621,-2.407074539689802,0.1471600619140645
ans,J2,J3,Energy,Sigma,gap,L,A1,A3,B1,B2,B3
3x3,0.1875,0.3,-0.4564601611119857,1.286818599661771e-09,0.06437243163865654,0.678002368811623,0.5078650942591986,0.26599028034933825,0.1578373652349885,0.2804235000515757,0.0662480688937058
A1,A3,B1,B2,B3
3.6181058149509226,0.2918221220227224,-5.911326983465415,-1.0540457395791236,-0.769717622972621
ans,J2,J3,Energy,Sigma,gap,L,A1,A2,B1,B2,B3
q0,0.1875,0.3,-0.45610859649663704,1.3815574890300514e-09,0.003928513253293396,0.6821811521365679,0.5144725820008546,0.20854981748103912,0.17840857439508545,0.17812371741832836,0.21613771840368254
A1,A2,B1,B2,B3
3.5483282978532316,0.4798939023942239,-5.776878975183308,-0.852817816365814,-1.0660916593963066
