ans,J2,J3,Energy,Sigma,gap,L,A1,A2,A3,B1,B2,phiA1
cb1,-0.07500000000000001,0.0,-0.4750244529367512,1.055321690003061e-09,0.004392063337529843,0.7278591402776752,0.5176919635474968,0.030638488569668366,0.0,0.17957562522095222,0.15591271688207348,1.9707056912950558
A1,A2,A3,B1,B2,phiA1
3.8276048996976897,-0.3412825577697731,0.0,-5.704769989733904,0.2829958489769524,0.09736100814450276
ans,J2,J3,Energy,Sigma,gap,L,A1,A3,B1,B2,B3
3x3,-0.07500000000000001,0.0,-0.48771263528354536,7.180956498915076e-09,0.005139457573349838,0.7630573951759619,0.5210692098675882,0.0,0.19165472763862246,0.3478609578123821,0.0
A1,A3,B1,B2,B3
3.9415137820242307,-0.0,-5.277556169858144,0.2631228568361621,0.0
ans,J2,J3,Energy,Sigma,gap,L,A1,A2,B1,B2,B3
q0,-0.07500000000000001,0.0,-0.46710678988458526,5.187394600777974e-10,0.002868693933978699,0.7071704511284697,0.5122101793326281,0.18735098909601702,0.16963886331209627,0.18624131044794667,0.0
A1,A2,B1,B2,B3
3.7095881921800355,-0.3939626402882368,-6.416533970821092,0.6477041125663163,0.0
