ans,J2,J3,Energy,Sigma,gap,L,A1,A2,A3,B1,B2,phiA1
cb1,0.03749999999999998,0.2625,-0.5010232970786169,3.916124655890225e-10,0.0026535758085572507,0.8021042964592129,0.5179685907110043,0.06324329385804395,0.4050587085727288,0.1953147160358007,0.18770188308529726,1.939592365333858
A1,A2,A3,B1,B2,phiA1
4.348743587456738,0.28332891588433995,0.13522516439934407,-4.4825254619240695,-0.25068835896036035,0.15040191314596996
ans,J2,J3,Energy,Sigma,gap,L,A1,A3,B1,B2,B3
3x3,0.03749999999999998,0.2625,-0.4824751245260921,7.826966437159345e-10,0.009009314338663124,0.7469682002126051,0.5151796367142577,0.3325654728419043,0.18080225651605028,0.3417473534673232,0.1109363005422237
A1,A3,B1,B2,B3
3.729239139715901,0.38336001040306655,-5.622280419004255,-0.16642243139131097,-0.6709077737809821
ans,J2,J3,Energy,Sigma,gap,L,A1,A2,B1,B2,B3
q0,0.03749999999999998,0.2625,-0.4566242020430575,8.791384068267794e-10,0.004478022098110782,0.677569210528356,0.5084034776635122,0.16034952080926324,0.1614239768403986,0.1724665617588,0.17350944915342262
A1,A2,B1,B2,B3
3.3713032365767504,0.07671641100159832,-6.507683281142818,-0.1974531649295841,-1.0211276268989877
