ans,J2,J3,Energy,Sigma,gap,L,A1,A2,A3,B1,B2,phiA1
cb1,-0.03749999999999998,0.2625,-0.5060456558747934,1.8695321902578867e-09,0.0026333364100463007,0.8150331930210465,0.5179115869723677,0.034811027488354476,0.41306608747383156,0.19730436023803125,0.19208048739718744,1.9369065310817186
A1,A2,A3,B1,B2,phiA1
5.577871498019249,-0.16220358389773537,1.7367218774211324,-3.61577434659921,0.14799272918253337,0.15488388349638188
ans,J2,J3,Energy,Sigma,gap,L,A1,A3,B1,B2,B3
3x3,-0.03749999999999998,0.2625,-0.5015747732413259,1.4275587039242629e-09,0.005844593495874393,0.7966586368422145,0.5172777048105311,0.3629483175421501,0.19207926518304194,0.3704513647260159,0.13351861901906864
A1,A3,B1,B2,B3
3.504752044136694,0.47051251783614134,-5.358824495260706,0.15620837956475953,-0.6008527009271347
ans,J2,J3,Energy,Sigma,gap,L,A1,A2,B1,B2,B3
q0,-0.03749999999999998,0.2625,-0.45766299567241336,1.8315182637927005e-09,0.004797420635246754,0.6776969281310434,0.5053498928016626,0.14028901236606178,0.15397541712909796,0.17042531369293928,0.15585348830986445
A1,A2,B1,B2,B3
3.3992808567973043,-0.1826871987020695,-7.073230889886872,0.131117339208231,-1.035616037370346
