ans,J2,J3,Energy,Sigma,gap,L,A1,A2,A3,B1,B2,phiA1
cb1,-0.2625,0.2625,-0.5232055446166292,1.3490119346797855e-09,0.002254508478821212,0.8582942911570494,0.5173179551917754,0.029296321630388984,0.43335324156622795,0.20312989234842532,0.20307166967493248,1.9386857214109083
A1,A2,A3,B1,B2,phiA1
3.024136496776464,-0.030864200084579352,0.21438406605511773,-6.035172361862351,0.7707168236947837,0.15413670340080898
ans,J2,J3,Energy,Sigma,gap,L,A1,A3,B1,B2,B3
3x3,-0.2625,0.2625,-0.5741482715189231,1.2441427763078406e-09,0.003552969854354729,0.9746755950408774,0.5173578786694435,0.4142584020983464,0.2152392389788971,0.4251209385818534,0.17938451699188868
A1,A3,B1,B2,B3
3.5461633629552125,1.0331735467161707,-4.341638160099137,0.6417089082333405,-0.9106049247975534
ans,J2,J3,Energy,Sigma,gap,L,A1,A2,B1,B2,B3
q0,-0.2625,0.2625,-0.4641962626148908,6.348235905021282e-10,0.0049914968667338746,0.6892703065314074,0.49870350192263424,0.10281315853278952,0.13893071778593272,0.17035404771828072,0.12787272306607497
A1,A2,B1,B2,B3
3.1000757516608246,-2.746414207166481,-8.040401677789077,0.897393270804514,-1.2227441281709162
