ans,J2,J3,Energy,Sigma,gap,L,A1,A2,A3,B1,B2,phiA1
cb1,-0.2625,-0.1875,-0.4716847019043017,2.7617685795707304e-06,0.0467494718598422,0.7118604296138342,0.5106890278145789,0.028209987825944527,0.20380012099210226,0.16523164615606,0.1569391291776352,2.193564860674003
A1,A2,A3,B1,B2,phiA1
3.753830579711348,-1.608102540018308,-0.564104318812042,-5.792810675586679,0.8821832153671494,7.771561172376096e-06
ans,J2,J3,Energy,Sigma,gap,L,A1,A3,B1,B2,B3
3x3,-0.2625,-0.1875,-0.5262283698317253,1.3764723756601177e-09,0.0032310838149599906,0.8657090744949582,0.5237268165374559,0.32735452757651273,0.21164773400932982,0.393447200179444,0.17946891707309506
A1,A3,B1,B2,B3
3.266165116144748,-1.0306200337595328,-4.260702901603963,0.16187051699034782,0.6246114736541131
ans,J2,J3,Energy,Sigma,gap,L,A1,A2,B1,B2,B3
q0,-0.2625,-0.1875,-0.47725276752099255,1.0828208487514174e-09,0.002390425792488077,0.7306060983708601,0.5089808739517073,0.17442632766143265,0.16334563515850362,0.19214295856442995,0.21992089672788057
A1,A2,B1,B2,B3
2.567279722143212,-2.883582261858919,-5.9646731997986535,1.127320459204384,0.6835643162617089
