ans,J2,J3,Energy,Sigma,gap,L,A1,A2,A3,B1,B2,phiA1
cb1,-0.15,-0.07500000000000001,-0.47274017215320163,1.962436715839692e-09,0.005551593727156804,0.7193644045426825,0.5160551104610585,0.029269731884807342,0.2624808569207529,0.17536875815582847,0.1533188394832772,2.0169805776936025
A1,A2,A3,B1,B2,phiA1
3.6540770409487777,-0.75378592256925,-0.1766364832178624,-5.724587470723463,0.5308531392245186,0.0724392767992299
ans,J2,J3,Energy,Sigma,gap,L,A1,A3,B1,B2,B3
3x3,-0.15,-0.07500000000000001,-0.5017240553224496,9.290192872452159e-09,0.004078209738114615,0.8012730447534221,0.5229328480798613,0.31098472034466046,0.20070691252130154,0.3682878554803435,0.15831995392564738
A1,A3,B1,B2,B3
3.7749803283304573,-0.16864287744056128,-5.182854145857618,1.0867973188055657,0.1446620601086579
ans,J2,J3,Energy,Sigma,gap,L,A1,A2,B1,B2,B3
q0,-0.15,-0.07500000000000001,-0.47083304796683056,3.0494415399700312e-09,0.002670580944062246,0.7155892051910034,0.5109688606350705,0.18137268073295337,0.16689667111888656,0.18846190457255904,0.2174708237387272
A1,A2,B1,B2,B3
3.4191538489380946,-1.143696248817605,-6.786127215718807,0.2760014439218139,0.06417089082333405
