ans,J2,J3,Energy,Sigma,gap,L,A1,A3,B1,B2,B3
3x3,0.3,-0.22499999999999998,-0.43695821452064076,5.2665330361416155e-09,0.09501660306727869,0.6297391745933071,0.4930383567828128,0.061978680014069504,0.12871787826277545,0.1619457473620688,0.047648168151138474
A1,A3,B1,B2,B3
3.11134451536077,-0.9094947017729282,-7.178702077226262,-2.9424240821640524,0.38796743595526095
ans,J2,J3,Energy,Sigma,gap,L,A1,A2,B1,B2,B3
q0,0.3,-0.22499999999999998,-0.5309821272055878,2.0756757542935292e-08,0.0017306001276047814,0.8961789075391917,0.5185312705912251,0.3947557311593828,0.2339904949537939,0.2237768206368735,0.41803329099060454
A1,A2,B1,B2,B3
5.474065645216797,7.731815188094515,-5.226707955330312,-7.326805828711258,2.1187496201946487
ans,J2,J3,Energy,Sigma,gap,L,A1,A2,A3,B1,B2,phiA1
cb1,0.3,-0.22499999999999998,-0.455639958753685,1.5710371270130356e-05,0.02407201154276134,0.6713224307985394,0.5040054745305215,0.03246327671105554,0.14385082733253357,0.15000827724828283,0.07337541607693657,1.817828498030033
A1,A2,A3,B1,B2,phiA1
3.363032075043293,0.5680456105494613,-0.9045542093133463,-7.000455770622693,-2.1102564140562663,1.1102230246251565e-06
