ans,J2,J3,Energy,Sigma,L,A1,A2,B1,B2,B3
q0,-0.015,-0.0049999999999999975,-0.4675423616831654,4.1363208200812355e-12,0.7123645722404924,0.5152819317591328,0.21033275718641686,0.17823008376674276,0.18997795680576102,-0.2399580369737887
A1,A2,B1,B2,B3
2.642275287011329,-0.06533662499724634,-5.922595746989129,0.05917488721076015,0.00988098491886986
ans,J2,J3,Energy,Sigma,L,A1,A3,B1,B2,B3
3x3,-0.015,-0.0049999999999999975,-0.47466066177891153,1.6245642810146004e-11,0.7257471878498454,0.5182010436319104,-0.2613140336405847,0.1804839935302468,0.31681846211744846,-0.12266883743641227
A1,A3,B1,B2,B3
1.6907586439167013,-0.011102230247461794,-6.100120408621409,0.013766765506852824,0.009547918011757268
ans,J2,J3,Energy,Sigma,L,A1,A2,A3,B1,B2,phiA1
cb1,-0.015,-0.0049999999999999975,-0.4718950012719541,3.2606475471274294e-11,0.7187432510624453,0.5165584395586205,0.04062441598705597,-0.27574080920682403,0.17606311832114463,0.1478196704805048,1.9580854283123863
A1,A2,A3,B1,B2,phiA1
4.310163336624607,-0.06133982211041714,-0.010269562977762253,-5.172084982364855,0.057842619584460665,0.08995920675029849
