ans,J2,J3,Converge,Energy,Sigma,gap,L,A1,A3,B1,B2,B3,phiB1,phiB2,phiA3
3x3_1,-0.07500000000000001,-0.22499999999999998,True,-0.4802854937323059,1.7940700944842937e-09,0.012285664380842469,0.7353735172945327,0.519250422977724,0.23231626396022398,0.18169755523255213,0.31240301858210084,-0.1424205485509177,3.1415646951233613,0.0007847854115421337,3.1411913166234955
ans,J2,J3,Converge,Energy,Sigma,gap,L,A1,A2,B1,B2,B3,phiB1,phiA2,phiB2
q0_1,-0.07500000000000001,-0.22499999999999998,True,-0.48067522998199663,1.7942605665390443e-09,0.0016470477499409822,0.7612479942379554,0.518099466850184,0.2205777277963226,0.1940098086571247,0.20638705387297282,-0.2981833479432859,3.141547891700953,3.214524752720917,3.1413746874845825
ans,J2,J3,Converge,Energy,Sigma,gap,L,A1,A2,A3,B1,B2,phiA1,phiB1,phiA2,phiB2
cb1,-0.07500000000000001,-0.22499999999999998,True,-0.4684740914857124,2.243776259428556e-09,0.031221197785116294,0.702458935899315,0.5112269818473018,0.07763619529566697,-0.2065953718731538,0.1629321610409004,0.24987024001715497,2.0019030413624233,3.1419790702712267,4.190661825549503,5.260420223277245
ans,J2,J3,Converge,Energy,Sigma,gap,L,A1,A3,B1,B2,B3,phiA1,phiB1,phiB2,phiB3
3x3_2,-0.07500000000000001,-0.22499999999999998,False,-0.48760806014213554,9.68235201827504e-07,0.0012722724318416834,0.7816936137003861,0.5200389018528931,-0.04869587366445305,0.20254319337300852,0.21205223815128965,0.31642787791263116,6.111332768428298,3.147798777664657,2.8612605492363663,3.1878554415693965
