ans,J2,J3,Converge,Energy,Sigma,gap,L,A1,A3,B1,B2,B3,phiB1,phiB2,phiA3
3x3_1,0.0,0.0,True,-0.4749607750054812,3.384141125433254e-10,0.017321035623038352,0.7208841272284593,0.5187159150694887,0.0,0.17772514391332328,0.0,0.0,3.141473490823419,0.0,0.0
ans,J2,J3,Converge,Energy,Sigma,gap,L,A1,A2,B1,B2,B3,phiB1,phiA2,phiB2
q0_1,0.0,0.0,True,-0.4646014315498772,8.923133599616321e-10,0.004380126383885185,0.7113383522198102,0.5143172285319075,0.0,0.17949633159724382,0.0,0.0,3.141371914993584,0.0,0.0
ans,J2,J3,Converge,Energy,Sigma,gap,L,A1,A2,A3,B1,B2,phiA1,phiB1,phiA2,phiB2
cb1,0.0,0.0,True,-0.4721789712764829,1.5037590021794062e-10,0.007283283710591956,0.7188547923681851,0.5168609463329789,0.0,0.0,0.17622729295262898,0.0,1.950401015511134,3.141650700640128,0.0,0.0
