ans,J2,J3,Converge,Energy,Sigma,gap,L,A1,A3,B1,B2,B3,phiB1,phiB2,phiA3
3x3_1,-0.3,0.3,True,-0.5962608579294051,1.6481575971596575e-09,0.007792363628876208,1.0200635601421697,0.5171654833452283,0.4263486184915098,0.21699182837314201,0.4315847183023341,-0.18967411083632463,3.1416140765243497,0.00013736936283943494,3.1416235237080996
ans,J2,J3,Converge,Energy,Sigma,gap,L,A1,A2,B1,B2,B3,phiB1,phiA2,phiB2
q0_1,-0.3,0.3,True,-0.4651010892835111,2.6906721861807373e-09,0.0030564058328628545,0.6972171481202845,0.4977404868982648,0.08383063517326259,0.14010951245970904,0.17510457914621308,-0.13317896096906529,3.1415939640555717,3.2318107645102483,3.141100821024865
ans,J2,J3,Converge,Energy,Sigma,gap,L,A1,A2,A3,B1,B2,phiA1,phiB1,phiA2,phiB2
cb1,-0.3,0.3,False,-0.5005767812162744,1.6684564898358598e-05,0.0023530721919194915,0.7949268805957237,0.5118952017436493,0.11214706014466545,-0.4083788369255924,0.1816935595621154,0.010000237769337034,1.9510374129801018,3.139285466342258,4.112729222018836,0.5506458289509698
