ans,J2,J3,Converge,Energy,Sigma,gap,L,A1,A3,B1,B2,B3,phiB1,phiB2,phiA3
3x3_1,0.3,0.0,True,-0.44062300363394896,6.893819095512313e-10,0.08601087020679311,0.6328175959939843,0.4971539167208144,0.0,0.13209271458746252,0.1769949665226542,0.0,3.1417114543865448,-0.0002602705147881933,-0.0
ans,J2,J3,Converge,Energy,Sigma,gap,L,A1,A2,B1,B2,B3,phiB1,phiA2,phiB2
q0_1,0.3,0.0,True,-0.4904651075521992,2.3011229713200374e-09,0.0016101097881270658,0.8022727562682653,0.5198158184192665,0.3618305407074158,0.2247169236965917,0.21412424034494565,0.0,3.1419156936511667,3.153928031378663,3.143299624810566
ans,J2,J3,Converge,Energy,Sigma,gap,L,A1,A3,B1,B2,B3,phiA1,phiB1,phiB2,phiB3
3x3_2,0.3,0.0,False,-0.4670104411926475,7.521929119051828e-08,0.04198945473234088,0.708028728764971,0.5115344317866173,0.0,0.16781845701388115,0.0010018847382694408,0.0,5.491728656232111,3.1415605480798265,3.811798236665078,0.0
ans,J2,J3,Converge,Energy,Sigma,gap,L,A1,A2,B1,B2,B3,phiA1,phiB1,phiA2,phiB2,phiB3
q0_2,0.3,0.0,False,-0.46052399576129566,7.58644490314214e-05,0.08514039428659465,0.6858096893860843,0.5022753275609281,0.01829318742169725,0.14806570438254207,0.027283231574361272,0.0,4.689889100460136,3.15521370158238,0.9335364985574048,3.100678766900636,0.0
