ans,J2,J3,Converge,Energy,Sigma,gap,L,A1,A3,B1,B2,B3,phiB1,phiB2,phiA3
3x3_1,0.3,0.22500000000000003,True,-0.4429136825099113,2.2801985049322782e-09,0.09143148941451111,0.6376230977612422,0.5016936242678135,0.1492041917319021,0.1391376706010822,0.20847909158199612,-0.05560051752819835,3.1416124299792565,0.0002785677440273876,3.1394479195844247
ans,J2,J3,Converge,Energy,Sigma,gap,L,A1,A2,B1,B2,B3,phiB1,phiA2,phiB2
q0_1,0.3,0.22500000000000003,True,-0.4638113249605228,1.6306726867707976e-09,0.0019249013159292974,0.7228438928807808,0.5197939097116505,0.29834287018453404,0.20699225929951243,0.19739296827255187,-0.3049237703638056,3.1416810372210366,3.1541983011919084,3.1431671585061673
ans,J2,J3,Converge,Energy,Sigma,gap,L,A1,A2,A3,B1,B2,phiA1,phiB1,phiA2,phiB2
cb1,0.3,0.22500000000000003,True,-0.45407917238464507,1.1795996966820258e-09,0.0035824450369266367,0.6821897630448752,0.5142480401542981,0.15028179180806212,-0.26404576579821754,0.17679495407043166,0.2631511701966666,1.8740884225950694,3.134480367083241,4.168394002667011,5.222286575143495
ans,J2,J3,Converge,Energy,Sigma,gap,L,A1,A3,B1,B2,B3,phiA1,phiB1,phiB2,phiB3
3x3_2,0.3,0.22500000000000003,False,-0.4775862691445376,1.0373140312210414e-07,0.046108318881857145,0.7338613634779605,0.5078348885267667,-0.2584025021428042,0.16314971534524308,0.00100445086836079,0.0015797241486426583,0.8996648973229564,3.141311558417045,2.6059145943042488,4.795693865403674
