ans,J2,J3,Converge,Energy,Sigma,gap,L,A1,A3,B1,B2,B3,phiB1,phiB2,phiA3
3x3_1,0.0,-0.22499999999999998,True,-0.4673827477987969,6.378680228793595e-10,0.018678380030548877,0.6995842283952335,0.5139454176489875,0.18892482584922704,0.16749181011927455,0.0,-0.12004578181652673,3.1416342094209013,0.0,3.141144420770034
ans,J2,J3,Converge,Energy,Sigma,gap,L,A1,A2,B1,B2,B3,phiB1,phiA2,phiB2
q0_1,0.0,-0.22499999999999998,True,-0.48241422729746186,7.456287980122297e-10,0.0031819849746819286,0.7705339408513847,0.5204063382946554,0.0,0.20279118007499947,0.0,-0.3197742034565705,3.1416646834092083,-0.0,0.0
ans,J2,J3,Converge,Energy,Sigma,gap,L,A1,A2,A3,B1,B2,phiA1,phiB1,phiA2,phiB2
cb1,0.0,-0.22499999999999998,True,-0.46072261981172385,6.806814313892899e-10,0.04334776675290977,0.6834366532313035,0.5087561702541576,0.0,-0.1797224992790842,0.15759866878942452,0.0,1.9977845563753212,3.1416789595609727,0.0,0.0
