ans,J2,J3,Converge,Energy,Sigma,gap,L,A1,A3,B1,B2,B3,phiB1,phiB2,phiA3
3x3_1,-0.07500000000000001,0.14999999999999997,True,-0.49999810218361573,3.1258228132856075e-09,0.001824107195237876,0.7947627244451113,0.5204609669081854,0.34251617760699765,0.19593006899461612,0.3697729395208331,-0.14311810966390007,3.141554013420524,0.00011253707957604424,3.140177168352031
ans,J2,J3,Converge,Energy,Sigma,gap,L,A1,A2,B1,B2,B3,phiB1,phiA2,phiB2
q0_1,-0.07500000000000001,0.14999999999999997,True,-0.462247914630568,3.519170687776837e-09,0.0017913106954867268,0.6911788363269693,0.5079860600521428,0.13726803609585336,0.1594737993192363,0.1776884993684994,-0.18106282810062949,3.141463460906877,3.209721959623515,3.1441735613061947
