ans,J2,J3,Energy,Sigma,gap,L,A1,A3,B1,B2,B3
3x3,-0.3,-0.3,-0.5284492678621615,5.231867687377488e-10,-0.002434563407471942,0.8707617911208024,0.5228188839766956,0.31401083804433205,0.21163512514884114,0.389771943500364,0.18045196688434118
A1,A3,B1,B2,B3
7.123968082112242,-7.8550499438279076,-10.363376823363524,15.191403690550942,8.517964111831589
ans,J2,J3,Energy,Sigma,gap,L,A1,A2,B1,B2,B3
q0,-0.3,-0.3,-0.48378983649650253,9.838094322090533e-10,0.0023854906607978952,0.7495607804328016,0.5100191269388917,0.18934691831056458,0.16760136143087084,0.19864140772351066,0.2419153303088387
A1,A2,B1,B2,B3
17.556511799909913,-14.580003870889868,-4.685363208523086,0.9076073226310655,20.98154983087852
ans,J2,J3,Energy,Sigma,gap,L,A1,A2,A3,B1,B2,phiA1
cb1,-0.3,-0.3,-0.470660124221186,6.377587185782528e-05,0.10787680563642915,0.7076280808353146,0.5056647330116036,0.025197482944914647,0.14815267866538787,0.15711119004846025,0.16193273932864422,2.3560099341432545
A1,A2,A3,B1,B2,phiA1
16.856571694034983,-144.77419263414504,-1355.818957105015,-127.01706353368536,507.264008575703,0.7851301356698315
