ans,J2,J3,Energy,Sigma,gap,L,A1,A3,B1,B2,B3
3x3,0.07500000000000001,0.0,-0.4588567179675412,4.512713252264221e-10,0.01979752045268762,0.6822414256325114,0.5110658878345089,0.0,0.16262979228324898,0.2661829705949722,0.0
A1,A3,B1,B2,B3
16.21608403112873,-0.0,-0.460964599824365,-13.714862578950715,0.0
ans,J2,J3,Energy,Sigma,gap,L,A1,A2,B1,B2,B3
q0,0.07500000000000001,0.0,-0.47050570441108197,2.0659975247815554e-09,0.002823907066916865,0.726134551364072,0.5201445728141741,0.2520385418314206,0.19281500354732792,0.19616413348954514,0.0
A1,A2,B1,B2,B3
24.7247777807047,2.353894856810257,-27.77655883079433,-26.030844146873733,0.0
ans,J2,J3,Energy,Sigma,gap,L,A1,A2,A3,B1,B2,phiA1
cb1,0.07500000000000001,0.0,-0.4687959785528107,9.250035783773799e-10,0.009278662937016046,0.7100154073293231,0.515220416002856,0.040721530558966816,0.0,0.17253329494187766,0.1373883734227521,1.9299770545439405
A1,A2,A3,B1,B2,phiA1
23.797075421327918,5.844991157744062,0.0,-15.075551917931307,-3.231304113171518,0.0009318007632153069
