ans,J2,J3,Energy,Sigma,gap,L,A1,A3,B1,B2,B3
3x3,0.14999999999999997,0.0,-0.44970177643569403,9.560404443517823e-11,0.05622762190658134,0.6580050708411809,0.505127285316216,0.0,0.14987153124984215,0.22863665926943416,0.0
A1,A3,B1,B2,B3
4.193090319404291,-0.0,-5.097700039868869,-7.213563080199492,0.0
ans,J2,J3,Energy,Sigma,gap,L,A1,A2,B1,B2,B3
q0,0.14999999999999997,0.0,-0.4755847744234545,2.4097844072087108e-09,0.002602986026173507,0.7453732680463323,0.5230345928129175,0.290226896544136,0.20556310700229188,0.20261817086933767,0.0
A1,A2,B1,B2,B3
8.077316593357864,45.562220662986874,-5.237699163274101,-15.530354779969002,0.0
ans,J2,J3,Energy,Sigma,gap,L,A1,A2,A3,B1,B2,phiA1
cb1,0.14999999999999997,0.0,-0.466401959953691,4.182300046686116e-09,0.01061531761043016,0.7030967052566831,0.513864047459386,0.040967102629857234,0.0,0.1693190356122287,0.12740442868351554,1.9049656275530753
A1,A2,A3,B1,B2,phiA1
1.3052336989005653,37.952530007601126,0.0,-24.718338487161873,-39.713343724656625,0.0023495870921097506
