ans,J2,J3,Energy,Sigma,gap,L,A1,A2,A3,B1,B2,phiA1
cb1,0.0,-0.22499999999999998,-0.4602496295629874,1.0692198624686859e-08,0.04169821565697672,0.682817624229634,0.5084533800979669,0.0,0.17973002912097144,0.15739178405299567,0.0,2.0084818934713193
A1,A2,A3,B1,B2,phiA1
3.58973961667175,0.0,-0.7797651413454787,-6.305400646056114,0.0,0.029982683003026974
ans,J2,J3,Energy,Sigma,gap,L,A1,A3,B1,B2,B3
3x3,0.0,-0.22499999999999998,-0.46347103631563713,1.993230217803923e-09,0.008561344354264052,0.6955977111650151,0.5122414173501559,0.18760658759017543,0.16750385839255938,0.0,0.11010261671169609
A1,A3,B1,B2,B3
3.6255998203671425,-0.725364213138846,-6.241729355593861,0.0,0.37836400679225335
ans,J2,J3,Energy,Sigma,gap,L,A1,A2,B1,B2,B3
q0,0.0,-0.22499999999999998,-0.48668789272291024,5.662537187116183e-10,0.0018232291916275452,0.7746010903330853,0.5223081664920629,0.0,0.20384548398028027,0.0,0.32791313558319424
A1,A2,B1,B2,B3
4.923617069607644,-0.0,-2.696287637604655,0.0,0.08359979375427429
