ans,J2,J3,Energy,Sigma,L,A1,A2,A3,B1,B2,phiA1
cb1,-0.015,0.010000000000000002,-0.4730577736876842,1.4066577029237185e-11,0.7225911446292335,0.5171245262805643,0.041490418286568145,0.2842981307599698,0.17778822244511064,0.15072378925430568,1.954612051464897
A1,A2,A3,B1,B2,phiA1
3.836542195251219,-0.06100675520303035,0.01970645868924499,-5.688116644511027,0.05917488721075994,0.09530565780993905
ans,J2,J3,Energy,Sigma,L,A1,A3,B1,B2,B3
3x3,-0.015,0.010000000000000002,-0.47424398855637107,3.465117563612685e-12,0.7269211406154518,0.5178995391450478,0.266616183415784,0.18143503535553746,0.3201471802419966,0.12074739725337864
A1,A3,B1,B2,B3
3.75843800463012,0.019539925233363595,-5.543898673300756,0.05717648577442902,-0.02009503674567512
ans,J2,J3,Energy,Sigma,L,A1,A2,B1,B2,B3
q0,-0.015,0.010000000000000002,-0.4680501047617256,1.3997571829995263e-11,0.7108608773808036,0.515579825165793,0.2084511439579697,0.17719192244166604,0.1889552806416786,0.23846000394244862
A1,A2,B1,B2,B3
3.6739500324703838,-0.06361577930912841,-5.888289855529232,0.05956346526936714,-0.02076117056102515
