ans,J2,J3,Energy,Sigma,L,A1,A2,A3,B1,B2,phiA1
cb1,0.015000000000000003,-0.035,-0.4686050592775134,5.644045805245253e-12,0.7090508441709291,0.5151714388334941,0.039300000698601754,0.2560629007037356,0.17228731836293823,0.13947997771389492,1.952067170940196
A1,A2,A3,B1,B2,phiA1
3.772981927088028,0.05867528685132197,-0.07632783295130094,-5.922318191561736,-0.06106226635256674,0.07972077442614676
ans,J2,J3,Energy,Sigma,L,A1,A3,B1,B2,B3
3x3,0.015000000000000003,-0.035,-0.466344008802796,1.183529923235952e-11,0.7047537300318438,0.5150455878336386,0.23253200294195087,0.17336544433942194,0.2951403478215567,0.10890180795169097
A1,A3,B1,B2,B3
3.7297942505996176,-0.0748845430087387,-5.861755525566873,-0.06228351168134681,0.06833422716554176
ans,J2,J3,Energy,Sigma,L,A1,A2,B1,B2,B3
q0,0.015000000000000003,-0.035,-0.4716913879101611,1.9984979271250957e-11,0.7245000530438208,0.5188531639407248,0.23612933431329514,0.18678608714818118,0.19477281567688284,0.2681866043642496
A1,A2,B1,B2,B3
3.4612313009880538,0.06894484982717063,-5.866529484247227,-0.049293902294626706,0.07771561172360555
