ans,J2,J3,Energy,Sigma,L,A1,A2,A3,B1,B2,phiA1
cb1,0.015000000000000003,-0.03,-0.46893617252114933,1.095826842171604e-11,0.7100893455756625,0.5153519149477482,0.039577226742636015,0.25859476158671213,0.17275661215359508,0.1403070967816718,1.951535259640815
A1,A2,A3,B1,B2,phiA1
3.7524428011313633,0.05889733145624675,-0.06428191313280472,-5.909994715988079,-0.060840221747648304,0.08122750250178352
ans,J2,J3,Energy,Sigma,L,A1,A3,B1,B2,B3
3x3,0.015000000000000003,-0.03,-0.46655687978890104,2.4766925340298783e-11,0.7053532934208052,0.5151500492019679,0.2342049093855971,0.17361560386621036,0.2959874816407694,0.10912052402362395
A1,A3,B1,B2,B3
3.744948795714743,-0.0638933350688233,-5.821065851713313,-0.06267208974692304,0.05850875339762879
ans,J2,J3,Energy,Sigma,L,A1,A2,B1,B2,B3
q0,0.015000000000000003,-0.03,-0.4713343760914174,7.78877752136304e-12,0.7233145437141676,0.5186811007352796,0.23450817473259059,0.18623782193419844,0.19437296589203218,0.26622576014174665
A1,A2,B1,B2,B3
3.6107783423798594,-0.08593126210820028,-5.578759676582632,-0.06938893903700756,-0.09425793479048739
