ans,J2,J3,Energy,Sigma,L,A1,A2,A3,B1,B2,phiA1
cb1,0.009999999999999998,-0.025,-0.4694581603786016,1.3285588689022699e-11,0.7116646101899498,0.5156069362368954,0.03982247613692277,0.2619829319785678,0.1734321356738339,0.14187640573258728,1.952542679786592
A1,A2,A3,B1,B2,phiA1
3.8111180871397043,0.06167288901780409,-0.027478019862468374,-5.849432049993216,-0.040745185004792746,0.08305988674611782
ans,J2,J3,Energy,Sigma,L,A1,A3,B1,B2,B3
3x3,0.009999999999999998,-0.025,-0.46766400430067623,1.34246310353814e-11,0.7084665764847874,0.5156236561279629,0.23906236587877655,0.17486125572260053,0.29989691643565475,0.1109999166229646
A1,A3,B1,B2,B3
3.7752578842886315,-0.05773159727879043,-5.7395199702338875,-0.04635181128315397,0.04357625371645019
ans,J2,J3,Energy,Sigma,L,A1,A2,B1,B2,B3
q0,0.009999999999999998,-0.025,-0.4708208654707151,6.041780076659994e-12,0.7213618484491953,0.5182383449017053,0.23052958996049247,0.18486859111064036,0.1935859038148947,0.26206289759289864
A1,A2,B1,B2,B3
3.897104861247762,0.03874678356041611,-5.096589816692592,-0.04007905118777552,0.04762856775632377
