ans,J2,J3,Converge,Energy,Sigma,gap,L,A1,A3,B1,B2,B3,phiB1,phiB2,phiA3
3x3_1,0.3,-0.3,False,-0.4403123185740181,1.3291102624982053e-05,0.1090672591818512,0.6333338869065,0.494363179235911,0.059423836960583794,0.1281757062392279,0.16201060612753002,-0.06259151486235018,3.1335902443016903,0.10000157239089118,3.149038669043499
ans,J2,J3,Converge,Energy,Sigma,gap,L,A1,A2,B1,B2,B3,phiB1,phiA2,phiB2
q0_1,0.3,-0.3,False,-0.5393155460959216,0.00015437475245010053,0.005926525104266466,0.9241663784474311,0.5125805080853114,0.4047835256837866,0.23609705646056348,0.2274052508754852,-0.42253857130017286,3.1351926280405413,3.11411103384098,3.0381707800666975
