ans,J2,J3,Energy,Sigma,L,A1,A2,A3,B1,B2,phiA1
cb1,0.009999999999999998,0.0,-0.4712299511933736,1.4874602534384725e-11,0.7172547555027118,0.5164276062216501,0.04105860241316878,0.0,0.17574521880458532,0.14600649526605045,1.9504713644527338
A1,A2,A3,B1,B2,phiA1
4.057254532558511,0.03952393967657666,0.0,-5.549227743818799,-0.04041211809739629,0.09036523196374846
ans,J2,J3,Energy,Sigma,L,A1,A3,B1,B2,B3
3x3,0.009999999999999998,0.0,-0.4687773003633372,1.6023920146868837e-12,0.7115166360425396,0.515977278517528,0.0,0.17584162481777854,0.303942408509274,0.0
A1,A3,B1,B2,B3
4.093780870070633,-0.0,-5.504041666717899,-0.04080069615942265,0.0
ans,J2,J3,Energy,Sigma,L,A1,A2,B1,B2,B3
q0,0.009999999999999998,0.0,-0.4691971106962426,1.0626581303667946e-11,0.7158577799652652,0.5173508782164608,0.2224535570102396,0.1821608586104843,0.19140967607894302,0.0
A1,A2,B1,B2,B3
3.7726488601806225,-1.1849965452984002,-6.326272838730824,-1.128486193409305,0.0
