ans,J2,J3,Energy,Sigma,L,A1,A2,A3,B1,B2,phiA1
cb1,0.030000000000000002,-0.015,-0.4693859342334579,2.8827758866297955e-11,0.71171331176186,0.5156139342414627,0.040412863737965835,0.2633125778538742,0.173485600709436,0.1410642005291932,1.9463462877339468
A1,A2,A3,B1,B2,phiA1
3.708700013135295,0.11496359419970478,-0.03125277814660524,-5.96867000284103,-0.12378986724889318,0.08438129084336941
ans,J2,J3,Energy,Sigma,L,A1,A3,B1,B2,B3
3x3,0.030000000000000002,-0.015,-0.46457177609884953,1.3368069816329132e-11,0.6996735872927932,0.5141991301443389,0.2290493825770595,0.17112133874406088,0.28981227980563634,0.10367859507914444
A1,A3,B1,B2,B3
3.7609915175863264,-0.031141755841537937,-5.905165245503032,-0.1304512053931951,0.02947642130373878
ans,J2,J3,Energy,Sigma,L,A1,A2,B1,B2,B3
q0,0.030000000000000002,-0.015,-0.4708319277541202,3.5209538472264475e-11,0.7222867297053749,0.5189727907547629,0.23668568246643482,0.18708619954221323,0.19415229729902997,0.26734689106317294
A1,A2,B1,B2,B3
2.827293954661715,-0.6338263247748263,-6.014411191122896,-0.2774447338609728,-0.009436895709294882
