ans,J2,J3,Energy,Sigma,L,A1,A2,A3,B1,B2,phiA1
cb1,0.02,-0.03,-0.46873058510676247,1.8431261209008487e-11,0.709540924072722,0.5152370409930085,0.039590707134505514,0.25750904112777206,0.17248314426772474,0.13966197204188682,1.9504899706809895
A1,A2,A3,B1,B2,phiA1
3.8656855487908346,0.07760458942114312,-0.0648370246451778,-5.83505466182395,-0.08171241461451603,0.08058481104653255
ans,J2,J3,Energy,Sigma,L,A1,A3,B1,B2,B3
3x3,0.02,-0.03,-0.46564080977492395,8.621519119504274e-12,0.7026915851021757,0.5146549007562217,0.2305404121946406,0.17236968390438745,0.29257794748873933,0.10653359546162511
A1,A3,B1,B2,B3
3.724021091699439,-0.06367129046035828,-5.89567283864277,-0.08409939412452433,0.058730798002553285
ans,J2,J3,Energy,Sigma,L,A1,A2,B1,B2,B3
q0,0.02,-0.03,-0.4715435385380584,2.428581506712675e-11,0.7241699738272888,0.518962458718817,0.23695060284899203,0.18707222815426722,0.1947591129533748,0.26861258337647653
A1,A2,B1,B2,B3
3.831157613581499,0.052180482158725956,-7.414624469738481,-0.08815170815750788,0.03963496198343921
