ans,J2,J3,Energy,Sigma,L,A1,A2,A3,B1,B2,phiA1
cb1,0.030000000000000002,0.010000000000000002,-0.47120720549019857,3.1552569863261546e-11,0.7174051313725407,0.5164600366282315,0.041781926542316376,0.27640518929542024,0.17586073456919502,0.14556428320394865,1.9448863997916215
A1,A2,A3,B1,B2,phiA1
3.7296277171459518,0.1008637617869938,0.007660538870748716,-5.854483564755392,-0.15704104682855544,0.09186175153908177
ans,J2,J3,Energy,Sigma,L,A1,A3,B1,B2,B3
3x3,0.030000000000000002,0.010000000000000002,-0.4656641961389914,1.5844581417714828e-11,0.7027428493867881,0.5147065797982674,0.23803267848383236,0.17237494758576222,0.2947447707438135,0.1044418378471999
A1,A3,B1,B2,B3
3.7154723744093676,0.019650947535280714,-5.893785459500963,-0.129340982368572,-0.020039525594443917
ans,J2,J3,Energy,Sigma,L,A1,A2,B1,B2,B3
q0,0.030000000000000002,0.010000000000000002,-0.4691099451811505,9.831222689837583e-12,0.7165404837244969,0.5180781795323636,0.2283938044658095,0.1843324386154115,0.19195396979210433,0.25755666537845406
A1,A2,B1,B2,B3
5.117961610342145,2.133682119930811,-3.8178904481186153,1.1239342789458338,0.2943201238275403
