ans,J2,J3,Energy,Sigma,L,A1,A2,A3,B1,B2,phiA1
cb1,0.02,-0.015,-0.46975475484661844,1.3984467967454398e-11,0.7127549467943552,0.5157690649757494,0.0403251349176648,0.2651251292769672,0.17390115689333524,0.14228137078464392,1.9491409607287786
A1,A2,A3,B1,B2,phiA1
3.722799845545658,0.07466249840589256,-0.04335420911633893,-5.924871704189543,-0.10313971898460807,0.085100265723378
ans,J2,J3,Energy,Sigma,L,A1,A3,B1,B2,B3
3x3,0.02,-0.015,-0.4662844875910509,3.800515576370264e-12,0.7044993569493643,0.5149638747285191,0.23559500773280287,0.17311710878735165,0.2954651516324515,0.1070240939473569
A1,A3,B1,B2,B3
3.788969138643486,-0.031141755841537725,-5.792977208867998,-0.08598677325704641,0.0293653990012768
ans,J2,J3,Energy,Sigma,L,A1,A2,B1,B2,B3
q0,0.02,-0.015,-0.4704850288049013,1.7345350361461023e-11,0.7206472548969264,0.5184393074632738,0.23198475371128183,0.18542436241455154,0.193479844792196,0.26268363825117125
A1,A2,B1,B2,B3
3.8203884493937625,-0.21338486533845097,-5.3294035852454,-0.1734168364412891,-0.008548717290545679
