ans,J2,J3,Energy,Sigma,L,A1,A2,A3,B1,B2,phiA1
cb1,0.005000000000000001,-0.02,-0.4699661577771292,1.1381929747733817e-11,0.7132385232404993,0.5158220585391833,0.04002388525625927,0.26514881354746234,0.17404617778492,0.1431536194587246,1.953919716106268
A1,A2,A3,B1,B2,phiA1
3.578359830066268,0.019761969838288276,-0.04213296378911823,-6.073530567182428,-0.020095036746232867,0.08457420319650347
ans,J2,J3,Energy,Sigma,L,A1,A3,B1,B2,B3
3x3,0.005000000000000001,-0.02,-0.4687427218389307,2.8100930218610943e-11,0.7114331708155294,0.5159632428816834,0.24347179341812708,0.17584516907633968,0.302993818194523,0.11211380091929954
A1,A3,B1,B2,B3
3.6674552277774217,-0.05834221994231607,-5.715428130600239,-0.025812685325349166,0.03386180225099953
ans,J2,J3,Energy,Sigma,L,A1,A2,B1,B2,B3
q0,0.005000000000000001,-0.02,-0.4703651511942132,2.5793961622947843e-11,0.719512298755733,0.5178065515858605,0.22679112877153898,0.18351514902151966,0.19302186624142612,0.25798193005645154
A1,A2,B1,B2,B3
4.240996442202117,0.024424906542382805,-5.108524714206956,-0.018374191058020163,0.06433742428404203
