ans,J2,J3,Energy,Sigma,gap,L,A1,A2,A3,B1,B2,phiA1
cb1,0.07500000000000001,-0.22499999999999998,-0.4585522616960531,1.4352782821511421e-09,0.03135966210805851,0.6784298958470439,0.5074575071977814,0.026247091553890795,-0.17136749955630576,0.1555769129519708,0.10231605650498966,1.9141509593378188
A1,A2,A3,B1,B2,phiA1
3.5192404546080525,0.26145752229922437,-0.8176792576364278,-6.533051877255502,-0.3381184221495914,0.0303251868061235
ans,J2,J3,Energy,Sigma,gap,L,A1,A3,B1,B2,B3
3x3,0.07500000000000001,-0.22499999999999998,-0.4538758980876742,1.003291335991524e-09,0.014582201372300405,0.6693659003243169,0.5062199925838583,-0.14561139980341803,0.15389526087169272,0.23354211448722062,-0.08659235003071027
A1,A3,B1,B2,B3
3.3721914149964505,-0.830002733209767,-7.040257266055505,-0.409727807237914,0.3524958103184872
ans,J2,J3,Energy,Sigma,gap,L,A1,A2,B1,B2,B3
q0,0.07500000000000001,-0.22499999999999998,-0.4938877092555486,2.76574377138604e-10,0.0017999482109640474,0.7993131809496417,0.5236764706866179,0.32108108125492846,0.21449206122685235,0.21419969098541564,-0.35812461937676
A1,A2,B1,B2,B3
3.0375701953744283,6.160516541342531,-3.8101743982110747,-2.2146728895222623,5.121236767990922
