ans,J2,J3,Energy,Sigma,gap,L,A1,A2,A3,B1,B2,phiA1
cb1,-0.15,-0.15,-0.4683515932634865,1.0383585787175838e-09,0.019707160713583863,0.7047781575443145,0.5124419212425415,0.030587359372625866,-0.22045813523520838,0.16686453260662254,0.14619167722161053,2.081948730158784
A1,A2,A3,B1,B2,phiA1
3.7024272536712033,-0.7682188218893771,-0.43326453535996734,-6.09029493503499,0.52341464495953,0.029307112292542566
ans,J2,J3,Energy,Sigma,gap,L,A1,A3,B1,B2,B3
3x3,-0.15,-0.15,-0.4967497932941992,2.785792423540604e-10,0.00306271148322125,0.7880866522049943,0.5223878467309994,-0.29122477222883403,0.19808069147239057,0.35816245369828603,-0.15656151573071636
A1,A3,B1,B2,B3
5.236922007156863,-0.354605234065275,-4.539701947692265,0.46351811278100286,0.3538280779480374
ans,J2,J3,Energy,Sigma,gap,L,A1,A2,B1,B2,B3
q0,-0.15,-0.15,-0.47833962721144074,7.976978569320023e-10,0.0022161118042305413,0.7408426682154526,0.5151951826027679,0.18451175710525247,0.17924808413835705,0.19801201230171495,-0.26068811421715676
A1,A2,B1,B2,B3
3.327116360196669,-0.9210410212290299,-6.7981176243847585,1.1106671138350066,0.5268008251846368
