ans,J2,J3,Energy,Sigma,gap,L,A1,A2,A3,B1,B2,phiA1
cb1,0.07500000000000001,-0.3,-0.4566047210149702,1.2578299370332182e-09,0.04394323958170477,0.6728509789264843,0.505384060841667,0.023259645539586128,-0.15139921917645124,0.15187879020568465,0.09245794133804862,1.894343112691415
A1,A2,A3,B1,B2,phiA1
3.476496868159984,0.2621791672652307,-1.2758127887479986,-6.553368958606143,-0.34122704661854186,0.017942314300967155
ans,J2,J3,Energy,Sigma,gap,L,A1,A3,B1,B2,B3
3x3,0.07500000000000001,-0.3,-0.4529903359352694,4.4880976506601037e-10,0.014329912652054059,0.6674059935436902,0.5048461336055098,-0.1325516773899385,0.15173947435901966,0.22636511267369824,-0.08664529023748013
A1,A3,B1,B2,B3
3.288536110090945,-1.3349876759605195,-7.280009928223308,-0.418554080283684,0.427380353329454
ans,J2,J3,Energy,Sigma,gap,L,A1,A2,B1,B2,B3
q0,0.07500000000000001,-0.3,-0.5040325783228542,1.3630143752999998e-09,0.0016859116919165675,0.8280931698278304,0.5234179433436309,0.3384830667986151,0.21968484033270547,0.21851664610572094,-0.37677140048260455
A1,A2,B1,B2,B3
5.034528349767697,0.06927791673660977,-5.261457936001079,-0.40112357879706906,1.2938539128981574
