ans,J2,J3,Energy,Sigma,L,A1,A2,A3,B1,B2,phiA1
cb1,0.0,0.010000000000000002,-0.4602720092931413,5.313401362856794e-13,0.6818680215341112,0.49931968793805737,0.0,0.15295549078073734,0.1389296769567126,0.0,6.283111189318233
A1,A2,A3,B1,B2,phiA1
3.9398484479168245,0.0,0.019761969837739753,-4.765687844212909,0.0,0.028803159857338972
ans,J2,J3,Energy,Sigma,L,A1,A3,B1,B2,B3
3x3,0.0,0.010000000000000002,-0.4712451691531599,9.318655515712066e-13,0.7185100538907296,0.5169487354641764,0.2574388356489735,0.17854522646047363,0.0,0.11562806195552532
A1,A3,B1,B2,B3
3.7770342402894563,0.019539925235533072,-5.569600336629239,0.0,-0.02009503674567512
ans,J2,J3,Energy,Sigma,L,A1,A2,B1,B2,B3
q0,0.0,0.010000000000000002,-0.4683182376803937,1.0484260827752681e-11,0.7125092775144481,0.5164107665211266,0.0,0.17950472944135312,0.0,0.24436577039039228
A1,A2,B1,B2,B3
3.8755665337083336,-0.0,-6.047273792986515,0.0,-0.020650148258559663
