ans,J2,J3,Energy,Sigma,L,A1,A2,A3,B1,B2,phiA1
cb1,-0.01,-0.015,-0.47093049280955507,3.239262954642913e-11,0.7160275308065933,0.5162488951670973,0.040330710233594844,0.2704772737628165,0.17520239907088234,0.14597250466082826,1.9568286654646736
A1,A2,A3,B1,B2,phiA1
3.781086555168225,-0.04030109579381264,-0.030975222390418812,-5.798972413522703,0.039912517736302444,0.08736033008087964
ans,J2,J3,Energy,Sigma,L,A1,A3,B1,B2,B3
3x3,-0.01,-0.015,-0.47189752354172476,9.632461142083701e-12,0.7203764244408677,0.5172038724991838,0.2550414278620843,0.17929413522903173,0.31269504217523203,0.11816010075533648
A1,A3,B1,B2,B3
3.8210545840568693,-0.0308642000879442,-5.5546123257964135,0.039190872773540754,0.029753977059894635
ans,J2,J3,Energy,Sigma,L,A1,A2,B1,B2,B3
q0,-0.01,-0.015,-0.4696324765635848,1.0641757440577466e-11,0.7164029053620562,0.5167854571508225,0.2184441146715027,0.18057669128015416,0.19131578239068633,0.24959569903812584
A1,A2,B1,B2,B3
4.079514504203437,-0.04252154184187841,-5.529021685078145,0.03924638392151016,0.028088642522180587
