ans,J2,J3,Energy,Sigma,L,A1,A2,A3,B1,B2,phiA1
cb1,-0.02,0.0049999999999999975,-0.47286556393158735,1.986083243285014e-11,0.72193171877496,0.5170364867557873,0.04113305650561239,0.28228705779976926,0.17751789346148442,0.1503828950324862,1.956351303838332
A1,A2,A3,B1,B2,phiA1
3.768707567606171,-0.08198997036840365,0.009992007222715657,-5.72741853958377,0.07871481244358133,0.0941130950951129
ans,J2,J3,Energy,Sigma,L,A1,A3,B1,B2,B3
3x3,-0.02,0.0049999999999999975,-0.4749910025539995,8.007869315032366e-12,0.7290230910047978,0.5181323861639354,0.2677648376603778,0.18215461895615495,0.3218641542195207,0.12205347762494562
A1,A3,B1,B2,B3
3.9488412541980633,0.009880984919144032,-5.357714272374071,0.07116529587833019,-0.009880984919144058
ans,J2,J3,Energy,Sigma,L,A1,A2,B1,B2,B3
q0,-0.02,0.0049999999999999975,-0.4682575958085392,1.7989594265678767e-11,0.7113062677322894,0.51549198447551,0.20789955543281322,0.17694926266385982,0.1890358524417095,0.2379865671880038
A1,A2,B1,B2,B3
4.095390693456426,0.09126033262653832,-5.367151168083629,0.20589085991060882,0.02997602166565118
