ans,J2,J3,Energy,Sigma,L,A1,A2,A3,B1,B2,phiA1
cb1,0.005000000000000001,-0.010000000000000002,-0.47071085853007655,1.2097008561780153e-11,0.7155272251026779,0.516201945906552,0.040703827646319246,0.27043526429396764,0.17506086559907066,0.14495176141995186,1.9523531802218523
A1,A2,A3,B1,B2,phiA1
3.782918423158955,0.019928503291981724,-0.02037259250183086,-5.805800285124324,-0.01976196983773977,0.08792426786623686
ans,J2,J3,Energy,Sigma,L,A1,A3,B1,B2,B3
3x3,0.005000000000000001,-0.010000000000000002,-0.46927901941782,4.4636554263848516e-12,0.713003506142118,0.5162684272379987,0.247378397812042,0.17659408868187965,0.30540636412133637,0.11317575016294715
A1,A3,B1,B2,B3
3.736955189107243,-0.020150547897465586,-5.658806756346041,-0.02026157020161806,0.02009503674567512
ans,J2,J3,Energy,Sigma,L,A1,A2,B1,B2,B3
q0,0.005000000000000001,-0.010000000000000002,-0.46967755510294096,4.303592997243517e-12,0.7173045962335628,0.5174276752180332,0.22354510968900446,0.1824316863842714,0.1919039876224966,0.2541591197196646
A1,A2,B1,B2,B3
4.1996961466255405,0.019428902931440586,-5.092370969481824,-0.019706458686510164,0.01831867990627843
