ans,J2,J3,Energy,Sigma,L,A1,A2,A3,B1,B2,phiA1
cb1,0.005000000000000001,-0.035,-0.4689668012915075,2.0572956521515782e-11,0.7100639447521133,0.515325697741273,0.03923927162636183,0.25770833354024714,0.17269502024989147,0.1406063893001718,1.955250667410447
A1,A2,A3,B1,B2,phiA1
3.7653768985328573,0.01987299214075052,-0.07610578834635172,-5.905054223200573,-0.020261570199930887,0.08032696174870599
ans,J2,J3,Energy,Sigma,L,A1,A3,B1,B2,B3
3x3,0.005000000000000001,-0.035,-0.4681190525299471,6.149687848358184e-12,0.7097572187042879,0.5157921870979761,0.23892317046657238,0.17536259312299288,0.30078353961039295,0.11230721753507128
A1,A3,B1,B2,B3
3.7342906546777708,-0.07449596495426666,-5.757005983190792,-0.02026157020161806,0.06827871601431065
ans,J2,J3,Energy,Sigma,L,A1,A2,B1,B2,B3
q0,0.005000000000000001,-0.035,-0.4713538272687603,6.511623844546641e-12,0.7228897331342693,0.5183215000548047,0.23160893720507625,0.1851397665847005,0.19414387159376295,0.2636777338259621
A1,A2,B1,B2,B3
3.9216407892225127,0.01854072451068833,-5.28133092798472,-0.020206059047576483,0.042743586447983116
