ans,J2,J3,Energy,Sigma,L,A1,A2,A3,B1,B2,phiA1
cb1,0.009999999999999998,0.0049999999999999975,-0.4716406489030543,3.222041891994636e-11,0.7184834445718347,0.5166244046032408,0.04137121721879061,0.2772017219513574,0.1762790353054863,0.14690137137232323,1.9496401455882848
A1,A2,A3,B1,B2,phiA1
3.7959635436989987,0.0395239396765765,0.009936496071478562,-5.754730025990251,-0.040412118095152966,0.09208518392237919
ans,J2,J3,Energy,Sigma,L,A1,A3,B1,B2,B3
3x3,0.009999999999999998,0.0049999999999999975,-0.4690805376386763,1.0182632708507986e-11,0.7124316678068936,0.5161847994861644,0.24942408461680032,0.17634187348234318,0.30557841627003235,0.1118740989844308
A1,A3,B1,B2,B3
3.738398479039012,-0.2867150961009153,-5.665301561354391,-0.053623772095241384,-0.010103029524068868
ans,J2,J3,Energy,Sigma,L,A1,A2,B1,B2,B3
q0,0.009999999999999998,0.0049999999999999975,-0.4688489577216457,1.6542056296880715e-11,0.71478088579452,0.517150726284704,0.22086315980581847,0.1816208181780458,0.1910253873606107,0.25048235656955425
A1,A2,B1,B2,B3
3.5644820430522666,0.03830269435055438,-5.712541551053409,-0.040578651548841944,-0.010158540675299753
