ans,J2,J3,Converge,Energy,Sigma,gap,L,A1,A3,B1,B2,B3,phiB1,phiB2,phiA3
3x3_1,0.14999999999999997,0.3,True,-0.46274809578630705,1.5436464029106275e-09,0.040631320579397466,0.69469092632153,0.5095178960367002,0.28974707013979245,0.16328278301741944,0.29788596964807995,-0.07540871504634933,3.141745168655774,6.635097663672532e-05,3.1423142460667393
ans,J2,J3,Converge,Energy,Sigma,gap,L,A1,A2,B1,B2,B3,phiB1,phiA2,phiB2
q0_1,0.14999999999999997,0.3,True,-0.45516893199604097,1.858350461778413e-09,0.0018545051192717108,0.6786032103172744,0.5124605235900422,0.19042346015453016,0.17268698900308313,0.17571964429824843,-0.2003260391070255,3.141462520155085,3.1590508643651223,3.1414795517746645
