ans,J2,J3,Energy,Sigma,gap,L,A1,A2,B1,B2,B3
q0,0.11249999999999999,0.14999999999999997,-0.4612005849807544,9.860548218047648e-12,-0.0027959456404950535,0.6969368901913169,0.5160470199975213,0.21679347275489833,0.1817369121554595,0.18459488429828713,-0.23465804558829143
A1,A2,B1,B2,B3
3.9891978609318812,0.27977620220553945,-5.650924173039584,-0.4633515793273091,-0.39518388561532447
ans,J2,J3,Energy,Sigma,gap,L,A1,A3,B1,B2,B3
3x3,0.11249999999999999,0.14999999999999997,-0.4600381789644263,2.540783549676065e-11,-0.0005673781763488094,0.685025461550595,0.5115096048424641,-0.2384995058060403,0.16316794013590136,0.2787641870126126,-0.08357605567376997
A1,A3,B1,B2,B3
3.657796288081272,0.20816681711721685,-6.056877221993773,-0.5899725152858082,-0.345778961019505
ans,J2,J3,Energy,Sigma,gap,L,A1,A2,A3,B1,B2,phiA1
cb1,0.11249999999999999,0.14999999999999997,-0.4809845037339524,6.657424236604967e-12,-0.01797313111359074,0.7470839554998211,0.5185396286127967,0.05161933786345421,-0.3379826054244186,0.18507592249739568,0.16343032747012753,1.9364863363137732
A1,A2,A3,B1,B2,phiA1
3.9628300640970338,0.3838040996129166,0.2347011474057581,-5.428435478904703,-0.48250292650209303,0.1234605195854499
