ans,J2,J3,Energy,Sigma,gap,L,A1,A2,B1,B2,B3
q0,-0.3,0.07500000000000001,-0.46908642811062323,1.3597189267780468e-11,-0.0018166001273122092,0.7032658117515674,0.5005580143478664,0.11748666753805936,0.1432826753892646,0.17811559524142517,-0.15160546183183765
A1,A2,B1,B2,B3
3.1254998589247407,-3.6173841699849163,-7.992217998520346,1.092459456231154,-0.19023671526952057
ans,J2,J3,Energy,Sigma,gap,L,A1,A2,A3,B1,B2,phiA1
cb1,-0.3,0.07500000000000001,-0.4952835224171621,8.752342979531355e-12,-0.010632447996978035,0.7844318934093303,0.5201271056448415,0.0404822051502621,-0.35842208388028574,0.19345453170971288,0.18446498129981742,1.9638288382412146
A1,A2,A3,B1,B2,phiA1
3.665734382707342,-1.5216716775512396,0.13566925360919413,-5.095146526912231,1.1370904218210853,0.12846568253621626
