ans,J2,J3,Energy,Sigma,gap,L,A1,A2,B1,B2,B3
q0,0.3,0.0,-0.4929163793682919,5.827658205301175e-12,-0.006331517805243965,0.7981059107398444,0.5222477482740567,0.35519855624985114,0.22493726238682415,0.21242967605000135,0.0
A1,A2,B1,B2,B3
3.9395153805799055,0.42810199829546036,-4.353073457252776,-0.9928724509222775,0.0
ans,J2,J3,Energy,Sigma,gap,L,A1,A3,B1,B2,B3
3x3,0.3,0.0,-0.4381558864411809,1.1097991314822562e-11,0.0835964494515536,0.6308314967069735,0.49573386029568806,0.0,0.13206144260247465,0.1754405479239987,0.0
A1,A3,B1,B2,B3
3.2513991499172334,-0.0,-6.8189898172477115,-2.744915406083237,0.0
ans,J2,J3,Energy,Sigma,gap,L,A1,A2,A3,B1,B2,phiA1
cb1,0.3,0.0,-0.4629166896427795,1.460224687494644e-11,0.0006494144370826941,0.6926946941408676,0.510893514188569,0.04328856748692901,0.0,0.16332120150750748,0.10711880845648947,1.8522606305123859
A1,A2,A3,B1,B2,phiA1
3.6011194026741578,0.7268075030708587,0.0,-6.411038366849198,-1.832034524085202,0.051711457338399214
