ans,J2,J3,Energy,Sigma,gap,L,A1,A2,B1,B2,B3
q0,-0.03749999999999998,0.07500000000000001,-0.4632204919364356,2.896523116177126e-11,-0.0019267640272036595,0.6964983445375413,0.5108614621327848,0.17763659271592405,0.16700375985798965,0.1818426470392818,-0.20239136825877613
A1,A2,B1,B2,B3
3.5920710850234627,-0.1751931932858497,-6.116163131508756,0.14788170688007085,-0.18052226380405045
ans,J2,J3,Energy,Sigma,gap,L,A1,A3,B1,B2,B3
3x3,-0.03749999999999998,0.07500000000000001,-0.48459257874009365,2.40592450323133e-12,-0.007430280219274335,0.7531378684760555,0.5200731168422226,-0.30100085905370894,0.1879466996843633,0.3425597864970804,-0.1320935904697453
A1,A3,B1,B2,B3
3.220979039042504,0.09581224702515101,-4.959255228698112,1.145639139110699,-0.2886579864025407
ans,J2,J3,Energy,Sigma,gap,L,A1,A2,A3,B1,B2,phiA1
cb1,-0.03749999999999998,0.07500000000000001,-0.4801570454293492,1.6428110301087448e-11,-0.014961575251393843,0.7435933715042472,0.518921405993545,0.04423358789134207,-0.32213300782050336,0.18446524371926343,0.16397163583982483,1.9503251554293901
A1,A2,A3,B1,B2,phiA1
3.737898879307977,-0.1566524687746096,0.13211653993039363,-5.435096817052454,0.14632739464559563,0.1151740702809434
