ans,J2,J3,Energy,Sigma,gap,L,A1,A2,B1,B2,B3
q0,0.11249999999999999,0.1875,-0.45925807356930437,7.309872585888749e-12,-0.001974012798922769,0.6902808578272066,0.5145554464561662,0.20489310106703776,0.17776888016231457,0.18132691979823543,-0.22056888179407258
A1,A2,B1,B2,B3
3.706868145769704,0.21421753260142395,-5.993872065346295,-0.4934386232946508,-0.5902500710419645
ans,J2,J3,Energy,Sigma,gap,L,A1,A3,B1,B2,B3
3x3,0.11249999999999999,0.1875,-0.4620630632375039,1.828706575663582e-11,-0.0007091782304751088,0.6908053468548169,0.5119644440644096,-0.255792411184038,0.16496503139662666,0.2879028557880845,-0.08469957539209702
A1,A3,B1,B2,B3
3.6639025147167104,0.24619195571062846,-6.014966302814173,-0.5797584634592567,-0.4490852134608758
ans,J2,J3,Energy,Sigma,gap,L,A1,A2,A3,B1,B2,phiA1
cb1,0.11249999999999999,0.1875,-0.4855294731425641,3.869978621074101e-11,-0.020445513357663096,0.7600969792211588,0.5186886653474285,0.053858429620222165,-0.35805815608989305,0.18802971855667477,0.17033637060866416,1.9391716688538505
A1,A2,A3,B1,B2,phiA1
4.027445044130218,0.39668268669856843,0.28133051444001467,-5.297318139696472,-0.47839510131097995,0.13245630148261966
