ans,J2,J3,Energy,Sigma,gap,L,A1,A2,B1,B2,B3
q0,0.07500000000000001,0.1875,-0.458784239921807,4.9465254017174036e-12,-0.0015726023584329376,0.686941641825866,0.5125234356547097,0.18905259820111292,0.17208983779675777,0.17896004724718614,-0.20530850537630696
A1,A2,B1,B2,B3
3.7080338799455603,0.20694557179012918,-6.061318114092273,-0.30742075551870585,-0.5602740493770852
ans,J2,J3,Energy,Sigma,gap,L,A1,A3,B1,B2,B3
3x3,0.07500000000000001,0.1875,-0.46872684327512526,1.2833154061765795e-11,-0.006169604639139292,0.7091277865816803,0.5143758597710348,-0.2799406080822385,0.1719120596428369,0.308120823990593,-0.09755050191304963
A1,A3,B1,B2,B3
3.721911667753375,0.2890465644611595,-5.864919661036083,-0.3287925487427401,-0.4487521465534883
ans,J2,J3,Energy,Sigma,gap,L,A1,A2,A3,B1,B2,phiA1
cb1,0.07500000000000001,0.1875,-0.48753318798035883,9.435625606563493e-12,-0.020933139554338627,0.7655995537486866,0.5189009177639128,0.05250085320442053,-0.363650485506169,0.18931628548016516,0.1733948313988564,1.9396157942610652
A1,A2,A3,B1,B2,phiA1
3.773870105305832,0.27633451082920146,0.3254063685176334,-5.216604925806223,-0.31252778143198157,0.13496269657409243
