ans,J2,J3,Energy,Sigma,gap,L,A1,A2,B1,B2,B3
q0,0.0,-0.3,-0.493638811983389,4.1335429881519434e-12,-0.008302079167520059,0.796246933086497,0.5223192923916035,0.0,0.20929183709252921,0.0,-0.34452981706373265
A1,A2,B1,B2,B3
3.726463582154338,-0.0,-4.721334434520941,0.0,1.1819434320159417
ans,J2,J3,Energy,Sigma,gap,L,A1,A3,B1,B2,B3
3x3,0.0,-0.3,-0.4626103801767268,3.1339903605957994e-12,-0.015706938753086788,0.6923818965189296,0.510795121402575,-0.17127738494439157,0.16445216425766443,0.0,-0.11069137713690257
A1,A3,B1,B2,B3
3.688827021619545,-1.2168599461404028,-6.421585485583137,0.0,0.47128967395337895
ans,J2,J3,Energy,Sigma,gap,L,A1,A2,A3,B1,B2,phiA1
cb1,0.0,-0.3,-0.4581470173649962,1.0740724788971988e-11,0.06211579966288477,0.6767667631603052,0.5063461759427039,0.0,-0.15902859166538758,0.15336015305830905,0.0,2.0334179708602775
A1,A2,A3,B1,B2,phiA1
3.5700331579846534,0.0,-1.1789458298494537,-6.244282868550499,0.0,0.01895706369658967
