ans,J2,J3,Energy,Sigma,gap,L,A1,A2,B1,B2,B3
q0,0.0,0.0,-0.467177026591575,3.1930348767998495e-13,-0.0035730048936945006,0.7118709630159078,0.5155776531650137,0.0,0.17953312627541926,0.0,0.0
A1,A2,B1,B2,B3
3.959665928476852,-0.0,-5.961731108783397,0.0,0.0
ans,J2,J3,Energy,Sigma,gap,L,A1,A3,B1,B2,B3
3x3,0.0,0.0,-0.47197162946406906,4.8404751663394166e-15,-0.009525818215830062,0.7181910953305527,0.5173006143583957,0.0,0.17780439773166812,0.0,0.0
A1,A3,B1,B2,B3
3.6800562597250064,-0.0,-5.2819415508054135,0.0,0.0
ans,J2,J3,Energy,Sigma,gap,L,A1,A2,A3,B1,B2,phiA1
cb1,0.0,0.0,-0.47175327374047643,5.562740987895822e-12,-0.00892755072789254,0.7183518337135444,0.5165975632509953,0.0,0.0,0.17605852548568268,0.0,1.952878062364795
A1,A2,A3,B1,B2,phiA1
3.7991831902672857,0.0,0.0,-5.749734022231223,0.0,0.09099652142907644
