ans,J2,J3,Energy,Sigma,gap,L,A1,A2,B1,B2,B3
q0,0.2625,0.11249999999999999,-0.4738301638886674,1.5038102410429863e-11,-0.005734777664620374,0.7427879443909281,0.5228773148839687,0.3086372496434991,0.21174958292543689,0.2016046935160651,-0.3261594568457875
A1,A2,B1,B2,B3
3.843814155857217,0.12712053631958042,-4.250266805172487,-1.350586309456503,-0.38691272408186705
ans,J2,J3,Energy,Sigma,gap,L,A1,A3,B1,B2,B3
3x3,0.2625,0.11249999999999999,-0.44180379862838653,1.0311526318837664e-11,0.08150790226125529,0.6384806177642378,0.5001132690958427,-0.1296065639384386,0.13920770130208843,0.2011628944773315,-0.052460876492131894
A1,A3,B1,B2,B3
3.4267033655055457,0.13777867735598193,-6.414757613981692,-2.0539125955565396,-0.24108492979735274
ans,J2,J3,Energy,Sigma,gap,L,A1,A2,A3,B1,B2,phiA1
cb1,0.2625,0.11249999999999999,-0.4711763314857515,1.7535220828784918e-11,-0.011617994683085425,0.7184047315042504,0.5157744950053589,0.05416405748855254,-0.2892696023306884,0.1755100963635543,0.13950374530477136,1.913278981114103
A1,A2,A3,B1,B2,phiA1
3.764766276503906,0.7288614156664153,0.17214007996813052,-5.83522119512736,-1.3408163468398016,0.09725145133643309
