ans,J2,J3,Energy,Sigma,gap,L,A1,A2,B1,B2,B3
q0,0.03749999999999998,-0.11249999999999999,-0.4769202449310772,1.8968802734401547e-11,-0.006087714855994302,0.7461107275672333,0.5208801943916244,0.2669278205336777,0.19765333505656077,0.20179671107397124,-0.3001025344587214
A1,A2,B1,B2,B3
3.1330493754921918,0.12867484855405564,-4.933276009921883,-0.07394085344003543,0.38691272408186705
ans,J2,J3,Energy,Sigma,gap,L,A1,A3,B1,B2,B3
3x3,0.03749999999999998,-0.11249999999999999,-0.4614287780822144,1.5326243479548586e-11,-0.012158764368882753,0.6885897213790043,0.5120131816179925,-0.19383173548943494,0.16495096932629016,0.26837276605911603,-0.10147762713508181
A1,A3,B1,B2,B3
3.62637697648438,-0.29243274468626623,-6.303735311519176,-0.16975310046518644,0.20389245847241
ans,J2,J3,Energy,Sigma,gap,L,A1,A2,A3,B1,B2,phiA1
cb1,0.03749999999999998,-0.11249999999999999,-0.4636890543504448,1.4238375714223256e-12,0.006755627342534617,0.6935868272955622,0.5119231635770545,0.03554986309995366,-0.21636385382485293,0.16448852132803554,0.12420230535524789,1.9495801474026466
A1,A2,A3,B1,B2,phiA1
3.6406988535020446,0.13444800828210646,-0.29926061628771095,-6.265099550262221,-0.16076029396572267,0.05651890067071008
