ans,J2,J3,Energy,Sigma,gap,L,A1,A2,B1,B2,B3
q0,0.11249999999999999,0.0,-0.471712947432668,8.290807590717659e-12,-0.005811974164060154,0.7322981746248808,0.5211247765456196,0.26751078297243047,0.1983560441645392,0.19821098507729065,0.0
A1,A2,B1,B2,B3
4.203748460440693,0.2142730437526552,-4.5283776728410885,-0.49393822365573214,0.0
ans,J2,J3,Energy,Sigma,gap,L,A1,A3,B1,B2,B3
3x3,0.11249999999999999,0.0,-0.4545092911067972,2.4866888222649555e-13,0.0006546097547831522,0.6694831737148372,0.5083246648606206,0.0,0.15584558261466908,0.2467886112788977,0.0
A1,A3,B1,B2,B3
3.552713678800501,-0.0,-6.389999640532551,-0.632993657490033,0.0
ans,J2,J3,Energy,Sigma,gap,L,A1,A2,A3,B1,B2,phiA1
cb1,0.11249999999999999,0.0,-0.46770202076052897,1.2143721520295171e-11,-0.006299221621472853,0.7067949977388668,0.5147819393754426,0.041619676320505644,0.0,0.17130828139871468,0.13327216936754957,1.9213756599644405
A1,A2,A3,B1,B2,phiA1
3.7371772343419707,0.38258285428582894,0.0,-5.9720006717611795,-0.5077605003123153,0.08126406769726202
