ans,J2,J3,Energy,Sigma,gap,L,A1,A2,B1,B2,B3
q0,0.0,-0.1875,-0.48154451269355547,2.5501777654015814e-12,-0.006331932809405731,0.7592044543807385,0.5210056850059827,0.0,0.19917325956707274,0.0,-0.30975696896767846
A1,A2,B1,B2,B3
3.923528169025303,-0.0,-3.664291092775329,0.0,0.48683279629813114
ans,J2,J3,Energy,Sigma,gap,L,A1,A3,B1,B2,B3
3x3,0.0,-0.1875,-0.465009789763882,7.1019764448532745e-12,-0.013651291972126197,0.6987253031404121,0.5133180037980637,-0.19676940883331695,0.16894648490252626,0.0,-0.11226027614112276
A1,A3,B1,B2,B3
3.568922934960028,-0.46090908867313374,-5.865141705641008,0.0,0.2134958876354176
ans,J2,J3,Energy,Sigma,gap,L,A1,A2,A3,B1,B2,phiA1
cb1,0.0,-0.1875,-0.4615956224705598,2.0545898461223053e-12,0.027134175972418937,0.6867483935165477,0.5097767793812229,0.0,-0.19244882091065854,0.16000748757144576,0.0,1.990267291356945
A1,A2,A3,B1,B2,phiA1
3.6058378505288147,0.0,-0.6026845689177662,-6.315281630975278,0.0,0.03849960905633054
