ans,J2,J3,Energy,Sigma,gap,L,A1,A2,B1,B2,B3
q0,0.03749999999999998,0.3,-0.45517892469874743,3.822869108759155e-12,0.0014178593276281404,0.6731189346630995,0.5067980848715086,0.1499856970500771,0.15845246171658156,0.16989557137235517,-0.1614208025806893
A1,A2,B1,B2,B3
3.4737768217496523,0.12062573162552326,-6.753375636492365,-0.15237811012980274,-1.2171930130477904
ans,J2,J3,Energy,Sigma,gap,L,A1,A3,B1,B2,B3
3x3,0.03749999999999998,0.3,-0.48678754321474604,4.148482164804083e-12,-0.0027433405617135033,0.7570347969743857,0.514359531757735,-0.34691465835316204,0.18115578659178386,0.3477064879207247,-0.1117711679336094
A1,A3,B1,B2,B3
3.3075764349632664,0.3985700658404312,-5.829225990794384,-0.15187850976872141,-0.7559508574672691
ans,J2,J3,Energy,Sigma,gap,L,A1,A2,A3,B1,B2,phiA1
cb1,0.03749999999999998,0.3,-0.5072189330126344,1.9573720648034994e-11,-0.024421037150841693,0.8174270427618933,0.5168196188073029,0.055675447036897814,-0.41964047971891216,0.19658378574983923,0.1917716192425195,1.938665344423382
A1,A2,A3,B1,B2,phiA1
3.8246072975312018,0.14499512701604544,0.4638511796883904,-4.854006085963647,-0.15154544286133387,0.1562567630841727
