ans,J2,J3,Energy,Sigma,gap,L,A1,A2,B1,B2,B3
q0,0.07500000000000001,0.0,-0.4696196681440027,7.76854187096349e-12,-0.005070129946198565,0.7237965481821693,0.5194844507572527,0.2485286804504388,0.19191574505540188,0.19511936071847616,0.0
A1,A2,B1,B2,B3
3.857802965967494,0.2291500322826323,-4.672040532227584,-0.311972669919669,0.0
ans,J2,J3,Energy,Sigma,gap,L,A1,A3,B1,B2,B3
3x3,0.07500000000000001,0.0,-0.459457714391839,7.71441223245139e-13,-0.009291708533708757,0.6829997018409447,0.5114749969145419,0.0,0.16285878663056863,0.267203408926475,0.0
A1,A3,B1,B2,B3
3.6156633242967473,-0.0,-6.308897848583683,-0.3777533841287095,0.0
ans,J2,J3,Energy,Sigma,gap,L,A1,A2,A3,B1,B2,phiA1
cb1,0.07500000000000001,0.0,-0.4689539334924541,1.4965366011298597e-11,-0.0075024967626217244,0.7103989720384126,0.5154385970532936,0.041418266558001925,0.0,0.17291252697386475,0.13808932157963794,1.9329543894409082
A1,A2,A3,B1,B2,phiA1
3.747113730412366,0.27028379534499436,0.0,-5.893785459676337,-0.3235189893757706,0.08502581416713895
