ans,J2,J3,Energy,Sigma,gap,L,A1,A2,B1,B2,B3
q0,-0.3,-0.22499999999999998,-0.4791135256007506,1.8520935028960645e-11,-0.003697802928306242,0.7351516067855551,0.5074564856544168,0.1690346318410576,0.16084385046464236,0.1932241107872376,-0.2167713769386469
A1,A2,B1,B2,B3
3.3605340732378863,-2.543187882508846,-6.962319609726819,1.4637180356658064,0.15054624213917123
ans,J2,J3,Energy,Sigma,gap,L,A1,A2,A3,B1,B2,phiA1
cb1,-0.3,-0.22499999999999998,-0.47172041736471293,3.2483651938202174e-05,0.06138041796269041,0.7116533716224597,0.5103363493838489,0.02946437003954365,-0.19696661641348687,0.1646525313206627,0.15546220398770677,2.170375312781826
A1,A2,A3,B1,B2,phiA1
3.740008303054765,-1.9157453401419389,-0.7188138972935576,-5.750733222953386,0.9801603972903195,1.6653345369377348e-08
