ans,J2,J3,Energy,Sigma,gap,L,A1,A2,B1,B2,B3
q0,0.03749999999999998,0.0,-0.46813330855647495,1.9944344805666967e-12,-0.004322263269116653,0.717020062575451,0.5175920396994793,0.23035572788671094,0.1855782550274759,0.19223483075180667,0.0
A1,A2,B1,B2,B3
3.915923141306621,0.1255662240851052,-5.581535234000512,-0.15104584250025255,0.0
ans,J2,J3,Energy,Sigma,gap,L,A1,A3,B1,B2,B3
3x3,0.03749999999999998,0.0,-0.46525372281428146,4.435012799036698e-12,-0.010094635296630756,0.6992536339609159,0.5145575554850776,0.0,0.17034818654231149,0.2886403383799467,0.0
A1,A3,B1,B2,B3
3.7517211559645602,-0.0,-5.9450777634140195,-0.16797674362578618,0.0
ans,J2,J3,Energy,Sigma,gap,L,A1,A2,A3,B1,B2,phiA1
cb1,0.03749999999999998,0.0,-0.4703047297435267,8.008492836363024e-12,-0.008360849722077469,0.7142536232104193,0.5160440808927004,0.04123696365007644,0.0,0.17449787463841726,0.1427030536809498,1.9434403685655561
A1,A2,A3,B1,B2,phiA1
3.775757484447695,0.14249712521063884,0.0,-5.822453630344171,-0.1557087792036782,0.08824074804181237
