ans,J2,J3,Energy,Sigma,gap,L,A1,A2,B1,B2,B3
q0,-0.03749999999999998,0.14999999999999997,-0.4604728414258569,1.4338142459175158e-11,-0.0008127302516730037,0.6872657740466622,0.5083111088398131,0.1598449570742603,0.16096333252372633,0.17678936898181002,-0.18069882131750567
A1,A2,B1,B2,B3
3.527345082687816,-0.17780221739371882,-6.377010031144437,0.14788170688007085,-0.4387046281806306
ans,J2,J3,Energy,Sigma,gap,L,A1,A3,B1,B2,B3
3x3,-0.03749999999999998,0.14999999999999997,-0.49064971334911844,1.0669345148272671e-11,-0.005767311582170474,0.768973121369774,0.5197700250628684,-0.32624057871864065,0.1902698381916604,0.35485283884530344,-0.13361731457908452
A1,A3,B1,B2,B3
4.327871394593785,1.1648459974367142,-4.277578291578266,0.0383026943495679,-0.43087755585702325
ans,J2,J3,Energy,Sigma,gap,L,A1,A2,A3,B1,B2,phiA1
cb1,-0.03749999999999998,0.14999999999999997,-0.4889230755730888,1.5382359643109353e-11,-0.018141180035763857,0.7689911505410617,0.5195032409363409,0.04752421392258312,-0.3608129293059284,0.1904347845978954,0.17613423226473884,1.9426895634207237
A1,A2,A3,B1,B2,phiA1
3.9039882437919005,-0.15631940186722204,0.22593038551121936,-5.3188564663742,0.14666046155298318,0.133633348831097
