ans,J2,J3,Energy,Sigma,gap,L,A1,A2,B1,B2,B3
q0,-0.15,-0.11249999999999999,-0.4721023037958804,1.327411145044755e-11,-0.0032794972867177014,0.7203255992212579,0.5114824145109498,0.18755718251274164,0.16907885109092216,0.19055704538219467,-0.22523702697609355
A1,A2,B1,B2,B3
3.5252356589410283,-1.233901869568399,-6.317224521268372,0.23236967905404526,0.39984682231875013
ans,J2,J3,Energy,Sigma,gap,L,A1,A3,B1,B2,B3
3x3,-0.15,-0.11249999999999999,-0.49971340934450237,5.9240536799122384e-12,-0.01450424116645099,0.7950180717719809,0.5229548426000775,-0.30070157630148203,0.19934370432433682,0.36317638440774025,-0.15857941498672326
A1,A3,B1,B2,B3
3.0139224449499125,-1.0202949596305189,-4.2127412669401565,0.37247982476174,0.40112357879706906
ans,J2,J3,Energy,Sigma,gap,L,A1,A2,A3,B1,B2,phiA1
cb1,-0.15,-0.11249999999999999,-0.4702559680328596,2.3123700997184087e-11,0.006840795681514228,0.7109049780021326,0.5141784073010751,0.036013732736876386,-0.24000280991298908,0.17065643322917154,0.1484739043584014,2.0421278315665465
A1,A2,A3,B1,B2,phiA1
3.738565013122752,-0.7513434319150747,-0.2932654119547351,-5.971612093702561,0.5250799794964678,0.05065188268815746
