ans,J2,J3,Energy,Sigma,gap,L,A1,A2,B1,B2,B3
q0,0.22500000000000003,-0.15,-0.5023548912380869,7.698415415192479e-12,-0.006936382448134763,0.8245638174926868,0.5223666063569512,0.35751934171020106,0.22573700468158733,0.2164954882055465,-0.38391171274300423
A1,A2,B1,B2,B3
6.556644116528787,1.5937251518494122,-3.9067638013534634,-2.187916514628796,0.2707833957060757
ans,J2,J3,Energy,Sigma,gap,L,A1,A3,B1,B2,B3
3x3,0.22500000000000003,-0.15,-0.44222797997730023,2.1427085837190436e-11,0.05517820394188476,0.6399665594169397,0.4978199326643264,-0.09344757582916907,0.13631244137003323,0.18532200997984213,-0.05811128911104877
A1,A3,B1,B2,B3
3.236189094479869,-0.48694381860059366,-6.9860783824537975,-1.8275936319867014,0.27017277304253184
ans,J2,J3,Energy,Sigma,gap,L,A1,A2,A3,B1,B2,phiA1
cb1,0.22500000000000003,-0.15,-0.45844247432028823,7.369850543021475e-12,0.01982714029593855,0.6786585596746432,0.5069009780129304,0.02860171619744222,-0.1708181016039567,0.1551699009277377,0.08551835777713486,1.8068327020109227
A1,A2,A3,B1,B2,phiA1
3.486877453440229,0.6076805725285794,-0.4767297667740422,-6.685096920477918,-1.343924971308752,0.018691570513595934
