ans,J2,J3,Energy,Sigma,gap,L,A1,A2,B1,B2,B3
q0,0.03749999999999998,0.22500000000000003,-0.4573730869294206,2.5390609677352236e-11,-0.00040043644440865923,0.6804152419153179,0.5092540581744783,0.16597434322433316,0.16388729809696606,0.17448976986598452,-0.18102247641798824
A1,A2,B1,B2,B3
3.526234859663191,0.12351231148954867,-6.461720047923336,-0.1520450432224152,-0.7566725024332754
ans,J2,J3,Energy,Sigma,gap,L,A1,A3,B1,B2,B3
3x3,0.03749999999999998,0.22500000000000003,-0.4794406215102711,9.478826863125101e-12,-0.004543960265010731,0.7382290530345632,0.5160821794314115,-0.31721686276117905,0.17986379897231386,0.33459618496559157,-0.1112103637721319
A1,A3,B1,B2,B3
3.3442137947758965,0.322741833258533,-5.614286813226954,-0.1630917623174355,-0.5312417172831374
ans,J2,J3,Energy,Sigma,gap,L,A1,A2,A3,B1,B2,phiA1
cb1,0.03749999999999998,0.22500000000000003,-0.4949865331714498,1.3374607109146703e-11,-0.022171097592601087,0.7858702796119724,0.5186513279423418,0.052889665031726055,-0.3870476418839151,0.19292921169891766,0.1819905438915767,1.9393970606131612
A1,A2,A3,B1,B2,phiA1
3.8902214782865485,0.14455103780619538,0.2731148640577885,-5.47728529198821,-0.22926105458509483,0.14456610353263954
