ans,J2,J3,Energy,Sigma,gap,L,A1,A2,B1,B2,B3
q0,0.1875,-0.15,-0.4966096349313134,8.244923237320493e-12,-0.008180961084582196,0.808835379581574,0.5231051181444871,0.34385938689184903,0.22195498567707495,0.21457354112407168,-0.372272681488482
A1,A2,B1,B2,B3
5.387024160086185,1.9017010188804306,-2.215228001034575,-0.24691360067663481,0.9390266342279574
ans,J2,J3,Energy,Sigma,gap,L,A1,A3,B1,B2,B3
3x3,0.1875,-0.15,-0.44496383001770295,1.894365315540832e-11,0.03712202569167722,0.6460674573396192,0.5000024169839813,-0.10773228701192888,0.14031456946614554,0.19682414938211598,-0.06343325508925524
A1,A3,B1,B2,B3
3.2923108683746705,-0.4787281682183675,-6.910083616418206,-1.3810619314824635,0.2687849942617504
ans,J2,J3,Energy,Sigma,gap,L,A1,A2,A3,B1,B2,phiA1
cb1,0.1875,-0.15,-0.4589721772632513,5.912892711767063e-12,0.0176670161399628,0.6801561715379968,0.5076990880944775,0.030089540947451282,-0.17745513420059397,0.15645131703364865,0.09248454059814869,1.8368270017212758
A1,A2,A3,B1,B2,phiA1
3.507472090547026,0.5438982597638642,-0.4704570066849101,-6.630807014573747,-1.0337286582284833,0.028135016538755053
