ans,J2,J3,Energy,Sigma,gap,L,A1,A2,B1,B2,B3
q0,-0.1875,0.22500000000000003,-0.46210855396717215,6.94713501149446e-12,0.0006706742848944176,0.6858690513848926,0.5009410728711652,0.11532042198017178,0.14403491799035473,0.1714024680303033,-0.13846896887281734
A1,A2,B1,B2,B3
3.2203684163789603,-1.6658896484500474,-7.720823980150726,0.6959988141375106,-0.8411049634560186
ans,J2,J3,Energy,Sigma,gap,L,A1,A3,B1,B2,B3
3x3,-0.1875,0.22500000000000003,-0.5433953298643286,1.0298752568451843e-11,-0.0017158922827749125,0.9016627162775384,0.5194965782179171,-0.3941305658417304,0.20930314231183636,0.40893534175500407,-0.1687009374962495
A1,A3,B1,B2,B3
11.923906306776644,0.33217872896784684,-4.913847106990943,0.8456568778569817,-3.660627356794066
ans,J2,J3,Energy,Sigma,gap,L,A1,A2,A3,B1,B2,phiA1
cb1,-0.1875,0.22500000000000003,-0.5099478078206893,5.661789175056894e-12,-0.017910268145443334,0.8246043160829823,0.5184429502910801,0.04598371358030973,-0.4114500113569826,0.19897405185377864,0.19504280601614513,1.931105431925015
A1,A2,A3,B1,B2,phiA1
4.2732484217822275,-0.8654188476953095,0.4163336342344337,-5.10747000248557,0.712874204111813,0.15389447494129627
