ans,J2,J3,Energy,Sigma,gap,L,A1,A2,B1,B2,B3
q0,0.1875,-0.2625,-0.5132138525996067,8.038696101011851e-12,-0.006597209970924935,0.8536710233326332,0.5216867559201207,0.36465729041487943,0.22775194949884295,0.21997551083901953,-0.39482896951912405
A1,A2,B1,B2,B3
3.51030315925982,2.1469492850201277,-3.3545388689049105,-1.049604847480623,0.5482281295599023
ans,J2,J3,Energy,Sigma,gap,L,A1,A3,B1,B2,B3
3x3,0.1875,-0.2625,-0.4443022474188291,8.713241018497237e-12,0.03220795566295436,0.6449919454082153,0.4984772379560874,-0.09257519347321885,0.13805709454336865,0.18890334846459722,-0.06454499847026123
A1,A3,B1,B2,B3
3.19033688356285,-1.1199374760906267,-7.20506987406111,-1.4426237981979284,0.42760239793437904
ans,J2,J3,Energy,Sigma,gap,L,A1,A2,A3,B1,B2,phiA1
cb1,0.1875,-0.2625,-0.45610750079347795,2.9482067001388285e-07,0.03697483539576146,0.6717923495016648,0.5043146211563674,0.022652394970594625,-0.14347089174177804,0.1505666789233913,0.07277749296163201,1.7840110358019352
A1,A2,A3,B1,B2,phiA1
3.4385272407178036,0.5383471446407384,-1.0992318166813675,-6.715850098260034,-1.082745004765684,2.7755575615628914e-08
