ans,J2,J3,Energy,Sigma,gap,L,A1,A3,B1,B2,B3
3x3,0.19999999999999996,-0.2,-0.4655691188162617,0.3335891888412832,0.03890175616204451,0.6601430639663576,0.5270599999739352,0.09000000002398843,0.16790000000134803,0.3500000000044211,0.09000000003330937
A1,A3,B1,B2,B3
2.5718871476954064,-0.7250311462314585,-7.742695373735842,-1.4030998585212728,0.3576028362317629
