ans,J2,J3,Energy,Sigma,gap,L,A1,A3,B1,B2,B3
3x3,0.09999999999999998,0.3,-0.46522143114091785,0.010398912633700503,0.08570360214068641,0.6634080371474586,0.5093609083849832,0.10999999998705898,0.16790000000767705,0.35000000012469024,0.09000000010704029
A1,A3,B1,B2,B3
3.606781540099746,0.18396395518038844,-5.953570969552402,-0.5055955654142963,-0.7482348074461243
ans,J2,J3,Energy,Sigma,gap,L,A1,A2,B1,B2,B3
q0,0.09999999999999998,0.3,-0.45589042014494574,0.0017414296154209313,0.003563399172499653,0.6734417869503934,0.5104607126285163,0.10999999978626518,0.1703600000149629,0.17401690791325064,0.13999999992645906
A1,A2,B1,B2,B3
3.4946490146126052,0.20372592501871623,-6.537048680144153,-0.3725353359129713,-0.2924882558374975
