ans,J2,J3,Energy,Sigma,gap,L,A1,A3,B1,B2,B3
3x3,0.19999999999999996,0.09999999999999998,-0.45967809452315433,0.15990453964480125,0.04294035059991809,0.6464771321864279,0.5270599999637473,0.10999999998754381,0.16790000000545297,0.3500000000227597,0.0900000003978624
A1,A3,B1,B2,B3
2.8703706078658797,0.10458300891968975,-7.387701561611948,-1.5054624213917123,-0.2095545958979983
