ans,J2,J3,Energy,Sigma,gap,L,A1,A3,B1,B2,B3
3x3,0.09999999999999998,0.19999999999999996,-0.4622840023524456,0.009652328057338405,0.08282034532433312,0.6592062536805132,0.5099721455896352,0.10999999987403775,0.16790000001302877,0.3500000001344536,0.09000000022676656
A1,A3,B1,B2,B3
3.567812711935403,0.18945955915228296,-6.109224237604849,-0.5196398866758045,-0.4635736239322341
ans,J2,J3,Energy,Sigma,gap,L,A1,A2,B1,B2,B3
q0,0.09999999999999998,0.19999999999999996,-0.45960834651139965,0.002152742179099853,0.0026502125431500986,0.6869092013654743,0.5134324405061381,0.1099999993443437,0.17543829716909248,0.17999999614136755,0.13999999998040077
A1,A2,B1,B2,B3
3.5138558729386205,0.042299497238218464,-5.898503907530994,-0.49671378121729504,-0.08493206138382448
