ans,J2,J3,Energy,Sigma,gap,L,A1,A2,B1,B2,B3
q0,0.11249999999999999,-0.22499999999999998,-0.4966181092601245,1.3737704688196141e-11,-0.009197950279819895,0.8080191647235959,0.5232327889332885,0.3312745494083111,0.21821648582284445,0.2146410009996554,-0.3650508591618934
A1,A2,B1,B2,B3
4.694133970417624,1.1372014441235478,-5.568545624612398,-0.8242295734817162,0.027755575615628914
ans,J2,J3,Energy,Sigma,gap,L,A1,A3,B1,B2,B3
3x3,0.11249999999999999,-0.22499999999999998,-0.4507050564734285,3.650436401078292e-11,-0.001847013522338095,0.6600287785011574,0.5036461252448605,-0.12721710883464513,0.14787905426670883,0.21707891115370537,-0.07796223510520917
A1,A3,B1,B2,B3
3.30729887920711,-0.8512079929801075,-7.114586697554159,-0.6987188605478423,0.36071146070071336
ans,J2,J3,Energy,Sigma,gap,L,A1,A2,A3,B1,B2,phiA1
cb1,0.11249999999999999,-0.22499999999999998,-0.45793949424928737,1.3204530858470467e-11,0.02911305875782531,0.6768101920049043,0.5068139919904284,0.02833722028476969,-0.16585370162314136,0.1545465394478673,0.09438557828679525,1.8736353580809892
A1,A2,A3,B1,B2,phiA1
3.494593503461374,0.37114755713218983,-0.831501534293011,-6.595279877785742,-0.5451750162421831,0.025685881199777327
