ans,J2,J3,Energy,Sigma,gap,L,A1,A2,B1,B2,B3
q0,0.14999999999999997,0.03749999999999998,-0.4709916340197414,1.8956437154822933e-11,-0.005735935685616996,0.7312924231704085,0.5215955253389628,0.2743016501641653,0.20075520875875624,0.1981020416585834,-0.29786878614285217
A1,A2,B1,B2,B3
4.637068506951891,0.37847502909471586,-5.061950858475939,-1.0488276913633854,-0.07893685705084863
ans,J2,J3,Energy,Sigma,gap,L,A1,A3,B1,B2,B3
3x3,0.14999999999999997,0.03749999999999998,-0.4510906605177073,4.836246246345386e-12,0.02037163133251679,0.6607141519051992,0.506315037019984,-0.1700752868149375,0.15144388147076326,0.23554678820308136,-0.0710304300157679
A1,A3,B1,B2,B3
3.543887405754731,0.06683542608243442,-6.291411835945837,-0.909217146016772,-0.07710498906021712
ans,J2,J3,Energy,Sigma,gap,L,A1,A2,A3,B1,B2,phiA1
cb1,0.14999999999999997,0.03749999999999998,-0.46906291029813063,1.8089506480097875e-11,-0.008603472024834162,0.7112971824829833,0.5154212825709569,0.04461994729519786,-0.2687872769080431,0.17320391110802574,0.1361706039996437,1.9163260190186162
A1,A2,A3,B1,B2,phiA1
3.752942401291648,0.48550052866858096,0.06855627177060342,-5.869804642344434,-0.7207012764354204,0.08804232343173624
