ans,J2,J3,Energy,Sigma,gap,L,A1,A2,B1,B2,B3
q0,0.1875,-0.3,-0.5191526306360871,1.8998931957799637e-12,-0.0059696875249312656,0.8691269319342669,0.5210668450006172,0.3703744980301012,0.22929296628444312,0.22145426464014717,-0.40096476437480744
A1,A2,B1,B2,B3
7.828071524329516,3.236411139084794,-3.513078716821383,-0.3540501225529624,2.4266144649232047
ans,J2,J3,Energy,Sigma,gap,L,A1,A3,B1,B2,B3
3x3,0.1875,-0.3,-0.4441525224650792,3.2251518632787503e-12,0.030201862247727182,0.6448248997646165,0.4980479926336845,-0.08851560833996999,0.13743903933855256,0.18685958480834391,-0.06509389823752397
A1,A3,B1,B2,B3
3.157474282033945,-1.396049942314903,-7.303657678647824,-1.4626633237924125,0.47206683007061656
ans,J2,J3,Energy,Sigma,gap,L,A1,A2,A3,B1,B2,phiA1
cb1,0.1875,-0.3,-0.4553343761396078,3.58993874299607e-06,0.04345951975279428,0.6697100543257615,0.5036555728680439,0.025083305667916694,-0.13711264723695588,0.14921095584157268,0.07298700106579942,1.8116475507777587
A1,A2,A3,B1,B2,phiA1
3.4199865162065635,0.5321854068540688,-1.3467560400215461,-6.709244271263515,-1.0743073097785327,1.6653345369377348e-08
