ans,J2,J3,Energy,Sigma,gap,L,A1,A2,B1,B2,B3
q0,-0.1875,0.07500000000000001,-0.4655810101184012,5.362620369101385e-12,-0.0011188204559677661,0.6969811728975256,0.5043273945759471,0.1372868421208205,0.15144784764501656,0.1782415098711381,-0.166714853123051
A1,A2,B1,B2,B3
3.432809592140984,-1.549094186259481,-7.256362177798792,0.7256417688950023,-0.19156898289907076
ans,J2,J3,Energy,Sigma,gap,L,A1,A3,B1,B2,B3
3x3,-0.1875,0.07500000000000001,-0.5262626376799077,1.735510674661776e-11,-0.006756675397030768,0.862844675333016,0.5227443933029454,-0.36104775658262045,0.20865551796450404,0.39728286835481075,-0.16939610266139174
A1,A3,B1,B2,B3
0.6146194664324867,8.013811836349305,-4.709788115064839,0.7029932191926491,-0.1907363156306019
ans,J2,J3,Energy,Sigma,gap,L,A1,A2,A3,B1,B2,phiA1
cb1,-0.1875,0.07500000000000001,-0.48832390824082217,2.8701484497152233e-11,-0.012731125474042003,0.7659328966339936,0.5198600796308266,0.04205690803362308,-0.34417375041463655,0.18987005100942328,0.17659534960344492,1.9608364759960986
A1,A2,A3,B1,B2,phiA1
4.0351055830001314,-0.9157119507108291,0.13222756223285614,-5.167644090420254,0.6085132397970483,0.12359419043761477
