ans,J2,J3,Energy,Sigma,gap,L,A1,A2,B1,B2,B3
q0,0.07500000000000001,0.03749999999999998,-0.466922786512678,1.63281643445794e-11,-0.004420950876235803,0.7147240407853629,0.5182432833579964,0.2359636416258364,0.1877699115460848,0.19177667736803375,-0.26084616730398946
A1,A2,B1,B2,B3
3.807232307195818,0.23514523661560816,-5.326239449487957,-0.30503377601576176,-0.07999156892424253
ans,J2,J3,Energy,Sigma,gap,L,A1,A3,B1,B2,B3
3x3,0.07500000000000001,0.03749999999999998,-0.4608124245107095,3.2923064612341515e-11,-0.008819308565894069,0.6868073199735601,0.5123191255472882,-0.2179289170593916,0.16472304227257994,0.27471479762882,-0.09263002441334309
A1,A3,B1,B2,B3
3.6463054797764016,0.06838973831690964,-6.204259328512762,-0.3723688024592775,-0.07771561172376096
ans,J2,J3,Energy,Sigma,gap,L,A1,A2,A3,B1,B2,phiA1
cb1,0.07500000000000001,0.03749999999999998,-0.4717453264513771,1.9030956961026537e-11,-0.010856669616447613,0.7190697716735001,0.5166688686049032,0.043726027663041137,-0.282739110195069,0.17644625214027526,0.1453291561261733,1.9345363575925874
A1,A2,A3,B1,B2,phiA1
3.7954639431347914,0.27133850721838826,0.06894484982922222,-5.769662525523245,-0.32068792066297647,0.09588875804489305
