ans,J2,J3,Energy,Sigma,gap,L,A1,A2,B1,B2,B3
q0,0.14999999999999997,0.0,-0.474480100945447,1.5480824795268364e-11,-0.006586187101351293,0.7425252858788358,0.5223830022765942,0.2866768105025904,0.20466469001132928,0.20138231647605315,0.0
A1,A2,B1,B2,B3
4.098388295403765,0.10136336214827679,-4.376388140769905,-0.2667865928174251,0.0
ans,J2,J3,Energy,Sigma,gap,L,A1,A3,B1,B2,B3
3x3,0.14999999999999997,0.0,-0.45026762611893323,7.861123474268746e-13,0.020507238016159394,0.6585673844655823,0.5054406477923975,0.0,0.14987462408469046,0.22912036635238384,0.0
A1,A3,B1,B2,B3
3.5056957337076255,-0.0,-6.399603069695559,-0.9282019597378621,0.0
ans,J2,J3,Energy,Sigma,gap,L,A1,A2,A3,B1,B2,phiA1
cb1,0.14999999999999997,0.0,-0.4665495280506199,8.689988442671194e-12,-0.004943247337821745,0.7034489783333076,0.5140775765392875,0.04183628514836949,0.0,0.1696923694744997,0.1282690884563951,1.9088848806249517
A1,A2,A3,B1,B2,phiA1
3.71330743931253,0.4799494135454552,0.0,-6.054490242490829,-0.7120415368433441,0.0768671515327668
