ans,J2,J3,Energy,Sigma,gap,L,A1,A2,B1,B2,B3
q0,-0.2625,-0.03749999999999998,-0.470934176225316,9.140608105637582e-12,-0.002382456419751809,0.7107786497489398,0.5042827217086588,0.1411344493806862,0.15176971774649828,0.1834074487949359,-0.17860148807286683
A1,A2,B1,B2,B3
3.355260513870917,-2.387534614456399,-7.240430477395421,0.9062750550015153,0.06650235917504688
ans,J2,J3,Energy,Sigma,gap,L,A1,A2,A3,B1,B2,phiA1
cb1,-0.2625,-0.03749999999999998,-0.4809568732734415,1.8070222903379215e-11,-0.006385861600192102,0.7422512172021021,0.518059681435219,0.03786367649320172,-0.29537160671594215,0.18239922328056168,0.16760043515030218,2.014055566735027
A1,A2,A3,B1,B2,phiA1
3.8322678364011153,-1.4453993557594913,-0.08049116928532385,-5.502709399252126,0.8970602038971265,0.08728345823882933
ans,J2,J3,Energy,Sigma,gap,L,A1,A3,B1,B2,B3
3x3,-0.2625,-0.03749999999999998,-0.5394801110841072,3.415945350128719e-11,-0.009079605012379258,0.8976532342314449,0.5235483348627806,-0.3578591936705046,0.21455217537615362,0.4068581592841687,-0.18206372004869267
A1,A3,B1,B2,B3
10.79925038283136,-9.391709632211587,-3.245737012491645,6.6452399138938745,0.015654144647214707
