ans,J2,J3,Energy,Sigma,gap,L,A1,A2,B1,B2,B3
q0,0.03749999999999998,-0.07500000000000001,-0.4736945718361282,4.132164219526988e-12,-0.005478596431764463,0.7355902848059269,0.519941116729869,0.25488060202213086,0.19370815187347237,0.19867563704167224,-0.28635441200763007
A1,A2,B1,B2,B3
3.9216407898834404,0.05007105841059456,-4.8584469780621475,-0.15365486660812167,0.12156942119645464
ans,J2,J3,Energy,Sigma,gap,L,A1,A3,B1,B2,B3
3x3,0.03749999999999998,-0.07500000000000001,-0.4625281860738873,1.8869972973703927e-11,-0.011516399229279122,0.6916188317494579,0.5128902512858127,-0.20478392019696978,0.16668466345527352,0.274650551011122,-0.10239576038819866
A1,A3,B1,B2,B3
3.6445846340882326,-0.16447954109821694,-6.302458555040857,-0.15054624213917123,0.19356738434339604
ans,J2,J3,Energy,Sigma,gap,L,A1,A2,A3,B1,B2,phiA1
cb1,0.03749999999999998,-0.07500000000000001,-0.4655789941865833,1.1063814398236236e-11,0.0004081431492054142,0.6994715100460298,0.5133281150005125,0.03730064346664643,-0.23277929372924983,0.16764354271329307,0.12988401749265494,1.9470133228938045
A1,A2,A3,B1,B2,phiA1
3.6921021795421893,0.14171996909340123,-0.18174350913113813,-6.12693229484762,-0.1566524687746096,0.06662130291879009
