ans,J2,J3,Energy,Sigma,gap,L,A1,A2,B1,B2,B3
q0,-0.22499999999999998,-0.11249999999999999,-0.4728381754467021,2.187961819117896e-12,-0.0029492172292618422,0.7187685499327128,0.5078445953150075,0.164756580903074,0.1603293064872722,0.18821681965179274,-0.20460891181167798
A1,A2,B1,B2,B3
3.3112401709445294,-1.84385839929746,-6.865397139677043,0.8529843498195078,0.2304822999121825
ans,J2,J3,Energy,Sigma,gap,L,A1,A3,B1,B2,B3
3x3,-0.22499999999999998,-0.11249999999999999,-0.5210435225083477,1.7757537567684033e-11,-0.012046936510223743,0.8513228580747112,0.5239852152097143,-0.330536052715883,0.20922237545949365,0.38966506136409884,-0.1747480407195492
A1,A3,B1,B2,B3
7.264855383937174,-0.46762593797211593,-6.513123373963481,7.55506768257419,1.4523937608146298
ans,J2,J3,Energy,Sigma,gap,L,A1,A2,A3,B1,B2,phiA1
cb1,-0.22499999999999998,-0.11249999999999999,-0.4735503710180016,6.8485281801818764e-12,0.0076608787454946654,0.7193220974250975,0.5146512159573073,0.03571133014321497,-0.24727255200682802,0.17280045883533832,0.15628168969815637,2.0712701529217536
A1,A2,A3,B1,B2,phiA1
3.7586600498684675,-1.2532197501968767,-0.2912670105104098,-5.889233545275374,0.7566169912820442,0.04315846013902558
