ans,J2,J3,Energy,Sigma,gap,L,A1,A2,B1,B2,B3
q0,-0.1875,0.0,-0.4678849575599294,4.359232478550356e-12,-0.001856980187252308,0.7044747969236108,0.5063197473189991,0.15103185586776433,0.15611980155755614,0.18232111726246503,0.0
A1,A2,B1,B2,B3
3.385625113594415,-1.4815926263622714,-7.014944181094052,0.7106537580625627,0.0
ans,J2,J3,Energy,Sigma,gap,L,A1,A3,B1,B2,B3
3x3,-0.1875,0.0,-0.5190945628717738,2.4486474595729663e-12,-0.009205042317691895,0.8455453665311381,0.5235136271170838,0.0,0.20743029211090397,0.389926851894311,0.0
A1,A3,B1,B2,B3
3.4693359296511517,-0.0,-7.866596263284009,2.0371482278846997,0.0
ans,J2,J3,Energy,Sigma,gap,L,A1,A2,A3,B1,B2,phiA1
cb1,-0.1875,0.0,-0.4803951693488171,3.257088798449824e-12,-0.009808389125593842,0.7422051704901088,0.5186021268816294,0.03961752496404052,0.0,0.1833727350958184,0.1660339754777897,1.9856673247960792
A1,A2,A3,B1,B2,phiA1
3.8542502522886934,-0.9372502773885572,0.0,-5.461964214248383,0.6681322162194192,0.10042722209391286
