ans,J2,J3,Energy,Sigma,gap,L,A1,A2,B1,B2,B3
q0,-0.2625,0.3,-0.4635126616420353,6.673154818381729e-12,0.0007913347277627229,0.6873512971872211,0.49773415416928757,0.0975208022292,0.13713794018584788,0.16947993389485247,-0.12165524690393974
A1,A2,B1,B2,B3
3.054723141104887,-3.0683788843077764,-8.273381979506667,0.9394707234378075,-1.368904989362818
ans,J2,J3,Energy,Sigma,gap,L,A1,A3,B1,B2,B3
3x3,-0.2625,0.3,-0.5798516080410671,1.9588268369674876e-11,0.00121576223148952,0.985800160618847,0.5163491695349149,-0.42057489834609757,0.2147306918820036,0.4263324699957398,-0.17937327036712117
A1,A3,B1,B2,B3
3.5470515413749126,1.2886358646824192,-2.72959432834341,4.615530180274163,-0.5261346913698617
ans,J2,J3,Energy,Sigma,gap,L,A1,A2,A3,B1,B2,phiA1
cb1,-0.2625,0.3,-0.5294148331681727,1.2066291288830045e-11,-0.023229649437100635,0.8724469807007029,0.5156714167128035,0.04518925555213263,-0.44391953696853625,0.20310363603615117,0.2048642283096927,1.916345430107635
A1,A2,A3,B1,B2,phiA1
3.1752378504279477,-1.304734098539484,0.4808375919651553,-5.07127673188279,1.0015321905143537,0.16485767195817402
