ans,J2,J3,Energy,Sigma,gap,L,A1,A2,B1,B2,B3
q0,0.11249999999999999,-0.15,-0.48714800276424675,1.7351163650034918e-11,-0.008279356718826703,0.7804868736886018,0.5232817356953059,0.3129576260271419,0.21267229625717216,0.20999351279683529,-0.34491622043799847
A1,A2,B1,B2,B3
3.8973269056441495,0.3538280779480374,-2.4978907831041397,-0.28255175976710234,0.5322409180053
ans,J2,J3,Energy,Sigma,gap,L,A1,A3,B1,B2,B3
3x3,0.11249999999999999,-0.15,-0.45159861731575157,1.8576824989012325e-11,-0.00018197909500727679,0.6620259947587671,0.505023037740634,-0.1413088605560198,0.15006928477858714,0.22481355746232157,-0.07784915273312216
A1,A3,B1,B2,B3
3.392730540952016,-0.46262993436130273,-6.8545169540357165,-0.6766254223578017,0.2611244553918368
ans,J2,J3,Energy,Sigma,gap,L,A1,A2,A3,B1,B2,phiA1
cb1,0.11249999999999999,-0.15,-0.46030953422940507,1.714021270932798e-11,0.015282743649494872,0.683859456853863,0.5092371055361636,0.03244517135910205,-0.19022437303813583,0.1590688163655906,0.10624268202179601,1.89607302238062
A1,A2,A3,B1,B2,phiA1
3.5565439482354577,0.3728684028203588,-0.4576339307504895,-6.496136961686716,-0.535238520171788,0.041762354685559444
