ans,J2,J3,Energy,Sigma,gap,L,A1,A2,B1,B2,B3
q0,-0.11249999999999999,-0.15,-0.4744174078937806,1.558523671137614e-11,-0.003843977760754003,0.7300874547184785,0.5146487338669222,0.21162253632541955,0.17774709732763247,0.19499779678962223,-0.25032856000200043
A1,A2,B1,B2,B3
3.109401625067676,-0.5846434447676074,-5.942579761608613,0.13178347302300608,0.006772360450213455
ans,J2,J3,Energy,Sigma,gap,L,A1,A3,B1,B2,B3
3x3,-0.11249999999999999,-0.15,-0.48818123931432533,3.5778801122789066e-11,-0.013516394618565585,0.7635260255728159,0.5212521285891228,-0.2723275130951172,0.19186699531423446,0.34152762104146905,-0.14785373226071183
A1,A3,B1,B2,B3
2.390088127413037,-1.141975403129436,-5.249023438125278,0.018762769116165146,1.6147083670148277
ans,J2,J3,Energy,Sigma,gap,L,A1,A2,A3,B1,B2,phiA1
cb1,-0.11249999999999999,-0.15,-0.46681936927993867,3.0474964892694036e-11,0.021702856873560467,0.7008376717839438,0.5121946448530158,0.03497848962142502,-0.21743557953545065,0.1658018321192348,0.14109614724454994,2.0557788946446114
A1,A2,A3,B1,B2,phiA1
3.6931568914155832,-0.5390687896067448,-0.4315992008230296,-6.093736626411328,0.4031774913926256,0.03751134403096046
