ans,J2,J3,Energy,Sigma,gap,L,A1,A2,B1,B2,B3
q0,0.03749999999999998,0.2625,-0.45621318533863114,7.861034434675558e-12,0.0004774998719198974,0.6765407544825996,0.5079890769445279,0.15760755109917246,0.16105241402285372,0.17211082961253982,-0.1708131296347016
A1,A2,B1,B2,B3
3.5156322297780207,0.12778667013435552,-6.622480341889059,-0.15376588891058418,-0.9698908343125368
ans,J2,J3,Energy,Sigma,gap,L,A1,A3,B1,B2,B3
3x3,0.03749999999999998,0.2625,-0.4829301664226642,1.813959262925842e-11,-0.0036810147171616927,0.7472786375336796,0.5153930924148868,-0.3322250208379694,0.18067664706533032,0.34145530608903796,-0.11165176580895318
A1,A3,B1,B2,B3
3.767208767158081,0.40045744498229396,-5.461520125038533,-0.05950795411990839,-0.6507017147328042
ans,J2,J3,Energy,Sigma,gap,L,A1,A2,A3,B1,B2,phiA1
cb1,0.03749999999999998,0.2625,-0.5008559572285207,1.3206539727774705e-11,-0.023314170804763643,0.8012824430666952,0.5178918563300782,0.054372578041327495,-0.4039444553452897,0.1949318001122044,0.1871571060319692,1.9390185126243253
A1,A2,A3,B1,B2,phiA1
3.574474050083154,0.18596235662471372,0.08593126210598712,-5.387135182388647,-0.16286971771251046,0.15091405902722954
