ans,J2,J3,Energy,Sigma,L,A1,A3,B1,B2,B3
3x3,0.26999999999999996,0.12,-0.44008589656076796,1.849822664166838e-11,0.6362407028559878,-0.49907875349666064,-0.1272748798821436,0.1385327567350798,0.19887966138533,0.04787172299064313
A1,A3,B1,B2,B3
3.4196534496719937,0.13972156764491842,-6.416089881420327,-2.152777955954855,-0.25884849819083716
ans,J2,J3,Energy,Sigma,L,A1,A2,B1,B2,B3
q0,0.26999999999999996,0.12,-0.47627691966436925,5.643490923257552e-12,0.7468787561104195,0.5240468850812073,0.3149390699030125,0.2131717838930042,0.20297487144879486,0.3342138251330211
A1,A2,B1,B2,B3
4.355849015047425,1.479039113402675,-6.391887019839039,0.044186876381219216,-0.27156055185291933
