ans,J2,J3,Energy,Sigma,L,A1,A3,B1,B2,B3
3x3,0.18,0.06,-0.4471259554575661,3.4530687036756486e-11,0.6528219813466175,-0.5039735312423036,-0.15958982013648143,0.14797888076290897,0.22577799573642404,0.06197313585579038
A1,A3,B1,B2,B3
3.5000891076205614,0.09764411501287729,-6.3662408679695375,-1.185607167961926,-0.12562173523608505
ans,J2,J3,Energy,Sigma,L,A1,A2,B1,B2,B3
q0,0.18,0.06,-0.47350266780068184,1.099750085708952e-11,0.7367337949551541,0.5232992716070722,0.2875296396169689,0.2045775773102095,0.2000912253524312,0.31162060535634606
A1,A2,B1,B2,B3
2.8719249202540347,-0.6186162693198998,-5.1886273057193035,-2.506772567365704,-0.15776269181643454
