ans,J2,J3,Energy,Sigma,L,A1,A3,B1,B2,B3
3x3,-0.24,0.06,-0.5403962908220573,8.561726793976955e-12,0.9001787642996122,0.5219719076402577,0.3716467669741038,0.21341894844777967,0.40860771113075117,0.17522207599766196
A1,A3,B1,B2,B3
1.1590728377706863,-6.105338457684278,-7.802536394964095,-6.89970303112416,-5.2664539397475325
