ans,J2,J3,Energy,Sigma,L,A1,A3,B1,B2,B3
3x3,0.24000000000000005,-0.24,-0.4395378995489745,3.89084545942174e-12,0.6360644837949385,-0.4952903914450462,-0.07763640439465332,0.1333868007777791,0.1751681877931631,0.0529421435753196
A1,A3,B1,B2,B3
3.146094496025245,-0.9932610289789093,-7.195133377776618,-2.096878226663539,0.401623179157347
ans,J2,J3,Energy,Sigma,L,A1,A2,B1,B2,B3
q0,0.24000000000000005,-0.24,-0.5231981278179993,1.936063605969684e-11,0.8753984042272736,0.521498437193922,0.3815483495731353,0.23167423622268468,0.2225780188191665,0.41092647589375786
A1,A2,B1,B2,B3
-8.057332577556679,-0.24114044097487367,-3.995581643204584,-1.38233868791965,0.034861002977030396
