ans,J2,J3,Energy,Sigma,L,A1,A3,B1,B2,B3
3x3,-0.18,0.02999999999999997,-0.5181778237494423,1.9876747542728683e-11,0.8446958033744156,0.5225850735769734,0.34802733336067915,0.20696085831011768,0.39024884862732695,0.16417119785255552
A1,A3,B1,B2,B3
6.234235350511241,4.85544937642501,0.9586775817352964,0.22282176104182327,3.2790437031328294
ans,J2,J3,Energy,Sigma,L,A1,A2,B1,B2,B3
q0,-0.18,0.02999999999999997,-0.46805131958769264,5.6303968830182605e-12,0.7026915885543936,-0.5067701151561544,-0.15017167875101542,0.15539068496855224,0.18132252434987675,0.18305652088540683
A1,A2,B1,B2,B3
2.5560664697312756,-1.4425127759326184,-7.22860660196807,0.26706414858045974,-0.21832535779816012
