ans,J2,J3,Energy,Sigma,L,A1,A3,B1,B2,B3
3x3,0.14999999999999997,0.24000000000000005,-0.45789952982805365,1.0361801296388479e-12,0.6822280717104051,0.5095301185329838,0.25790279009144623,0.1612986381510993,0.28272904507440144,0.07331971536180686
A1,A3,B1,B2,B3
3.644307078527087,0.27189361876034324,-5.951350523326065,-0.8141820551976223,-0.59297011745111
ans,J2,J3,Energy,Sigma,L,A1,A2,B1,B2,B3
q0,0.14999999999999997,0.24000000000000005,-0.4589921136555007,1.073226618243176e-11,0.6877562403834966,0.5155988763751476,0.20930575437851148,0.17908349640002336,0.18022839882891065,0.2231346008225066
A1,A2,B1,B2,B3
3.4554581412609764,-1.2748135880586695,-5.6234461530127815,-0.5011546733287032,-1.9572676813133298
