ans,J2,J3,Energy,Sigma,L,A1,A3,B1,B2,B3
3x3,-0.15,-0.21,-0.49244526521564,1.9041329878796422e-11,0.7774661337091856,0.5212315277712891,0.27546440348130047,0.1955325552762797,0.34924445596704207,0.15261250242185248
A1,A3,B1,B2,B3
4.253486451227045,-2.6374458172942465,-8.082867708689166,-1.2125855874931706,0.13178347301908527
ans,J2,J3,Energy,Sigma,L,A1,A2,B1,B2,B3
q0,-0.15,-0.21,-0.47978967093416236,9.630350994629017e-12,0.742303211577792,-0.5157798961999143,-0.21925123298139074,0.17936517471601202,0.19876967286455627,0.26408548362775486
A1,A2,B1,B2,B3
1.1379786000489978,-1.4039880369771334,-6.012190745407457,-1.1581846592545006,-1.7358336991906766
