ans,J2,J3,Energy,Sigma,L,A1,A3,B1,B2,B3
3x3,-0.3,-0.02999999999999997,-0.5513594420227398,1.9970457340387923e-11,0.9286252977546202,-0.5223682727032897,-0.36826881704479364,0.21762719269667452,0.41512432135023325,0.18425597189458862
A1,A3,B1,B2,B3
5.593081552513991,-9.50850509543879,-9.46487332925275,-6.1901594967748865,-1.3495871087690994
ans,J2,J3,Energy,Sigma,L,A1,A2,B1,B2,B3
q0,-0.3,-0.02999999999999997,-0.4730716124554094,1.5087890127704747e-11,0.7133971400400034,0.5036153966564354,0.13546301188849383,0.14879037618737245,0.1833802872634231,0.17572420692212884
A1,A2,B1,B2,B3
3.2066571614844097,-3.8792302704426707,-7.686351555007401,0.8624212455031597,0.053235194032147354
