ans,J2,J3,Energy,Sigma,L,A1,A3,B1,B2,B3
3x3,-0.09,0.3,-0.5207581575171454,1.382368151659458e-11,0.84494114719884,0.5162377272504769,0.38914160933558917,0.19854246589540167,0.3901968066213464,0.14423630289150757
A1,A3,B1,B2,B3
4.357181282677046,-0.7102096689301411,-5.7792659548350995,0.6115108419623131,0.25679458558815754
ans,J2,J3,Energy,Sigma,L,A1,A2,B1,B2,B3
q0,-0.09,0.3,-0.4588683152727721,7.523470357783662e-12,0.6772042845150025,0.5030287030041549,0.12381350293323566,0.147621518242635,0.1683617249217765,0.14102743959828948
A1,A2,B1,B2,B3
3.383848756184722,-0.5463407504169469,-7.32242044795258,0.35799141429960185,-1.288191775505747
