ans,J2,J3,Energy,Sigma,L,A1,A3,B1,B2,B3
3x3,0.14999999999999997,0.02999999999999997,-0.4496208688085719,5.237957768014541e-12,0.659015380100132,0.5055112130876731,0.16755339252608645,0.1512062626528121,0.2340964236718805,0.06792855624777576
A1,A3,B1,B2,B3
3.515909784941628,0.05423439475433575,-6.39210906444397,-0.9281464485590131,-0.06189493362272874
ans,J2,J3,Energy,Sigma,L,A1,A2,B1,B2,B3
q0,0.14999999999999997,0.02999999999999997,-0.4739207448763888,3.822643476051336e-12,0.7372052888975652,0.5230156050140685,0.28195812695988576,0.20267928112097444,0.20012093993240396,0.30809898889075854
A1,A2,B1,B2,B3
3.1499247656350495,0.0004440892098984548,-4.921507645714413,-2.550404332234596,-0.4078959392464666
