ans,J2,J3,Energy,Sigma,L,A1,A3,B1,B2,B3
3x3,0.21000000000000002,-0.12,-0.44215785709120614,5.383682640959019e-12,0.6413281769114176,0.49840251316520995,0.10306383762862377,0.13848465544132832,0.19146676853409197,0.05595088956741506
A1,A3,B1,B2,B3
3.277100812930751,-0.35610403514780664,-6.896760939917486,-1.636579760642094,0.21943558081672315
ans,J2,J3,Energy,Sigma,L,A1,A2,B1,B2,B3
q0,0.21000000000000002,-0.12,-0.49909137580164586,1.5582055457212513e-11,0.8123388275774499,0.5241466956905694,0.3511078229127955,0.22356182557830095,0.21570234273181177,0.3803338715204544
A1,A2,B1,B2,B3
7.176703674572421,6.224243343634594,-21.105006630588846,4.429012712005348,-18.607337894746234
