ans,J2,J3,Energy,Sigma,L,A1,A3,B1,B2,B3
3x3,0.3,-0.09,-0.43651298938103655,1.9457257844943065e-11,0.6292003615665698,0.4938966621346807,0.0746636866744018,0.1304327201362109,0.1683704298537266,0.0449354353836304
A1,A3,B1,B2,B3
3.1907254616150866,-0.24991120284262294,-6.958711385076012,-2.83406631503363,0.17003065622100264
ans,J2,J3,Energy,Sigma,L,A1,A2,B1,B2,B3
q0,0.3,-0.09,-0.5099068275218662,1.5380226947681622e-11,0.8401389708949547,0.5220038647865202,0.3766744804970972,0.23018066152104322,0.21859737961853765,0.4003907407069095
A1,A2,B1,B2,B3
11.759149207940458,12.857603871888163,12.231216039628938,9.625078511701393,11.920464616699899
