ans,J2,J3,Energy,Sigma,L,A1,A3,B1,B2,B3
3x3,0.3,0.26999999999999996,-0.44036693184719233,5.326607414315752e-12,0.637272881378484,-0.5007924375374423,-0.1674904091329267,0.14117587208135246,0.21750183161284156,0.044979597745139606
A1,A3,B1,B2,B3
3.5323965976388827,0.11995959781383773,-6.078137992734485,-2.2705171077193858,-0.6378786387971078
ans,J2,J3,Energy,Sigma,L,A1,A2,B1,B2,B3
q0,0.3,0.26999999999999996,-0.46453279820410265,4.545026465736254e-12,0.7105079775440416,0.5218048215884133,0.2795111293464306,0.20257022845486658,0.19158291496305077,0.2906653203178418
A1,A2,B1,B2,B3
2.9449220841270445,-0.07682743330390715,-4.669542530542444,-1.9694246234332888,-4.410360965314612
