ans,J2,J3,Energy,Sigma,L,A1,A3,B1,B2,B3
3x3,0.09000000000000002,-0.27,-0.4509892906625357,3.0781060057706242e-12,0.6631540286781593,0.503842904321757,0.12994311358605262,0.15005829522504507,0.2220145065744333,0.08028150604244247
A1,A3,B1,B2,B3
3.298084028279205,-1.1269318811747895,-7.194911333571097,-0.5253575352661549,0.4059530489533765
ans,J2,J3,Energy,Sigma,L,A1,A2,B1,B2,B3
q0,0.09000000000000002,-0.27,-0.503331787612769,2.5314491795272678e-11,0.8229789935552648,0.5242034052660329,0.3380031803676882,0.219697741331765,0.21752301682224026,0.37635850921833175
A1,A2,B1,B2,B3
2.840394585722298,-8.411715768358137,-10.909495528852018,-2.1215251778108524,-15.280776644002705
