ans,J2,J3,Energy,Sigma,L,A1,A3,B1,B2,B3
3x3,-0.06,0.24000000000000005,-0.5046185273314563,2.300979436713357e-11,0.8059792535370482,-0.5178992559880139,-0.3637892373511175,0.19488194524618732,0.37535868048962084,0.13743666705818025
A1,A3,B1,B2,B3
4.302114220652692,-0.9829914660011472,-4.594769009832013,0.09492406861580022,-0.6659117701503542
ans,J2,J3,Energy,Sigma,L,A1,A2,B1,B2,B3
q0,-0.06,0.24000000000000005,-0.45950760916005207,1.1414881193199875e-11,0.6804293845528079,-0.5055859707592405,-0.13925038191605643,0.15320870271806186,0.17151469020720556,0.15787291603619524
A1,A2,B1,B2,B3
3.3093527912449296,-0.3262390357763949,-7.115141808854756,0.23303581286188632,-0.9120482147024273
