ans,J2,J3,Energy,Sigma,L,A1,A3,B1,B2,B3
3x3,-0.27,0.0,-0.5441829769752853,8.65079191421172e-12,0.9105550887801107,0.5224386539542558,0.0,0.21547029047155286,0.4108585358069794,0.0
A1,A3,B1,B2,B3
0.39790393195859575,-0.0,-11.014522626978433,-5.740741216357628,0.0
ans,J2,J3,Energy,Sigma,L,A1,A2,B1,B2,B3
q0,-0.27,0.0,-0.47125961414724815,3.81942276035352e-12,0.7089642739708892,-0.5040199954669862,-0.13622392361451374,0.14945979725241032,0.18199367524408375,-0.0
A1,A2,B1,B2,B3
3.5565439476360603,-2.9988234117257786,-7.0461969590275855,0.9136025269875716,0.0
