ans,J2,J3,Energy,Sigma,L,A1,A3,B1,B2,B3
3x3,0.24000000000000005,0.02999999999999997,-0.4412979839941774,5.528247151897212e-12,0.6390482301342912,-0.4991428214508346,-0.11892149342562554,0.13907406037654488,0.19710791617932566,0.05153939654094362
A1,A3,B1,B2,B3
3.3754665729123436,0.05345723863559446,-6.577294264956215,-1.875666288897159,-0.06111777750549276
ans,J2,J3,Energy,Sigma,L,A1,A2,B1,B2,B3
q0,0.24000000000000005,0.02999999999999997,-0.4831895343370003,2.3023082642800358e-11,0.7673068196129748,0.5244842052240544,0.32701690025376196,0.21667710803635457,0.20778468989492888,0.35067836588519974
A1,A2,B1,B2,B3
5.419997783004099,-0.5156985949946077,-3.6325387143646073,1.8793855360295424,-1.9622081739364259
