ans,J2,J3,Energy,Sigma,L,A1,A3,B1,B2,B3
3x3,-0.18,0.14999999999999997,-0.5306740402532272,1.5788918649603844e-11,0.8740403308101126,0.5207553601781182,0.37590567726150753,0.20834076508669466,0.40130194594176855,0.16457427131084773
A1,A3,B1,B2,B3
8.795963957668407,4.413025500573708,-5.819122961420169,7.216449660049083,5.9144911189096065
ans,J2,J3,Energy,Sigma,L,A1,A2,B1,B2,B3
q0,-0.18,0.14999999999999997,-0.4646058966144965,1.5744961310834812e-11,0.6917055777039526,-0.503624698725818,-0.12927493636658116,0.14832287296380806,0.17494118753928237,0.1564406241142974
A1,A2,B1,B2,B3
3.420597139053147,-1.3080092564232069,-7.408851310421874,0.8893996650501196,-0.3667621761943666
