ans,J2,J3,Energy,Sigma,L,A1,A3,B1,B2,B3
3x3,0.26999999999999996,-0.18,-0.4379350944981622,7.150122058790791e-12,0.6324542723874641,-0.4944213662580348,-0.07445485263292789,0.13163296063386262,0.17076141363442424,0.04883067735785196
A1,A3,B1,B2,B3
3.160471884544995,-0.645150599608388,-7.0931038822103485,-2.4670265830830993,0.31835645231062676
ans,J2,J3,Energy,Sigma,L,A1,A2,B1,B2,B3
q0,0.26999999999999996,-0.18,-0.3925855577466556,0.01384252090286573,0.5832485705561457,0.44572138203006917,-0.18560084175090352,0.06768705568049393,0.11822594581853041,-0.386142429232679
A1,A2,B1,B2,B3
2.998767900990275,0.03935740622183005,-6.4780958375231394,-1.1924350395957222,0.21382895455053413
