ans,J2,J3,Energy,Sigma,L,A1,A3,B1,B2,B3
3x3,-0.06,-0.27,-0.47113052351355117,9.280446205765947e-13,0.718323385952277,0.5152177883140896,0.21142081222243314,0.17680413298076664,0.2966633299226832,0.12559425298740529
A1,A3,B1,B2,B3
3.672617764841058,-0.9222622665286748,-6.284917031064768,0.1411648575964788,0.40850656189867096
ans,J2,J3,Energy,Sigma,L,A1,A2,B1,B2,B3
q0,-0.06,-0.27,-0.4884875221420486,1.1383144520877466e-11,0.7745294152228067,0.5215499745002763,0.27547390900951874,0.19920194379006018,0.2085773204334503,0.32034441910429184
A1,A2,B1,B2,B3
-1.9908519274223055,-5.54711832084189,-3.9689362906143737,1.2417844530062876,-2.2989388170867135
