ans,J2,J3,Energy,Sigma,L,A1,A3,B1,B2,B3
3x3,-0.12,-0.06,-0.4939722149864848,2.1404867196934847e-11,0.7815349071301909,0.5218228212059784,0.30081477706667964,0.1965063605584254,0.3576487622966416,0.14884003369086926
A1,A3,B1,B2,B3
6.565303856472179,1.797229032259609,-0.5644373857026342,5.797917701488358,1.3730128145892935
ans,J2,J3,Energy,Sigma,L,A1,A2,B1,B2,B3
q0,-0.12,-0.06,-0.47106430051191317,1.2194982257210108e-11,0.7154268746863683,-0.5124570574050116,-0.1883890666807564,0.1691692508520802,0.1890135767488002,0.2244473548542773
A1,A2,B1,B2,B3
3.1483149415501908,-0.011213252548380414,-7.059408613412106,0.567268454415344,0.35216274340062076
