ans,J2,J3,Energy,Sigma,L,A1,A3,B1,B2,B3
3x3,0.26999999999999996,0.18,-0.44107590697820936,2.896755822748595e-11,0.6385664308096373,-0.5005193873028363,-0.14762624602903252,0.14088832195802165,0.20979130055565037,0.04825293460409512
A1,A3,B1,B2,B3
3.4843794518212747,0.15432100041830482,-6.249056827370442,-2.0582424652913334,-0.4035105582992064
ans,J2,J3,Energy,Sigma,L,A1,A2,B1,B2,B3
q0,0.26999999999999996,0.18,-0.47001437521497036,4.826724852375251e-12,0.7275253614112672,0.5231637593751874,0.2949200768190184,0.207185532571001,0.19745344356437372,0.31136017355127366
A1,A2,B1,B2,B3
4.913736083860352,0.510147479814239,-3.4924285686533043,-1.3057332992227935,-2.7028379537446123
