ans,J2,J3,Energy,Sigma,L,A1,A3,B1,B2,B3
3x3,0.06,0.18,-0.4699327565994953,2.602697967429659e-12,0.7146207148515307,0.514671599663677,0.286306247442941,0.17452149542253415,0.31465063679806893,0.09999762241433996
A1,A3,B1,B2,B3
3.738009900980459,0.26550983636805264,-5.772882172122881,-0.2703393065256986,-0.4216071936005599
ans,J2,J3,Energy,Sigma,L,A1,A2,B1,B2,B3
q0,0.06,0.18,-0.46046296579319335,1.159068586555784e-11,0.6888572682622898,0.5130914856718052,0.18885281058475448,0.1713716803305267,0.17939123603244095,0.20743316840571296
A1,A2,B1,B2,B3
3.650080237444966,0.2005062782524674,-6.195322032980183,-0.23592239272582577,-1.0619283230223635
