ans,J2,J3,Energy,Sigma,L,A1,A3,B1,B2,B3
3x3,-0.09,0.12,-0.5005431910519068,1.1118537659322234e-11,0.7975958235733296,0.520729367700582,0.33939310208816104,0.19730393021537285,0.37092280064713806,0.14456009117413318
A1,A3,B1,B2,B3
4.821920639739324,1.0119682869438063,-4.318545521058433,0.24058532943579025,-0.860755911014053
ans,J2,J3,Energy,Sigma,L,A1,A2,B1,B2,B3
q0,-0.09,0.12,-0.46346378479651207,1.2642345902102989e-11,0.6919192081882736,-0.5079194236995986,-0.1547360945094263,0.15808739088692647,0.17775972131801057,0.18014361039216828
A1,A2,B1,B2,B3
3.2169822363259972,-1.0372258607827667,-6.802391982827155,0.3638200851790342,-1.3161693957270215
