ans,J2,J3,Energy,Sigma,L,A1,A3,B1,B2,B3
3x3,-0.02999999999999997,0.26999999999999996,-0.49973360097158326,2.02566613030056e-11,0.7928018733207371,0.5164822790154459,0.3627111303630979,0.19097926260086287,0.36884719445104813,0.12930725071847218
A1,A3,B1,B2,B3
3.373523682806522,0.19662049768255122,-5.083267140679663,0.12567724638731634,-0.558553203703302
ans,J2,J3,Energy,Sigma,L,A1,A2,B1,B2,B3
q0,-0.02999999999999997,0.26999999999999996,-0.4581875353736242,3.878489873108422e-12,0.6774303251520862,-0.5058775017977856,-0.14093977752413023,0.15413616186821866,0.17037399123782027,0.1571673015427919
A1,A2,B1,B2,B3
3.282540905933621,-0.5151434834107441,-7.097433751612511,0.11790568521168322,-1.1421974477003742
