ans,J2,J3,Energy,Sigma,L,A1,A3,B1,B2,B3
3x3,0.09000000000000002,-0.3,-0.45069466015528586,1.0943545852660316e-11,0.6625612069578201,0.5033423167924308,0.12526447968675308,0.14929116475491147,0.21947144915408354,0.08043047777748591
A1,A3,B1,B2,B3
3.2652214267485418,-1.3476442184011461,-7.295164472697331,-0.5304645611795622,0.4340972026275679
ans,J2,J3,Energy,Sigma,L,A1,A2,B1,B2,B3
q0,0.09000000000000002,-0.3,-0.5076583088913738,2.1279060202112073e-11,0.8348784613976958,0.5239780605144629,0.34416861946513405,0.22153590451700444,0.21908806661054878,0.3830817713875875
A1,A2,B1,B2,B3
2.6615376570763094,8.57702797672449,-3.918976254507728,-9.388489985681979,4.917288798903374
