ans,J2,J3,Energy,Sigma,L,A1,A3,B1,B2,B3
3x3,-0.09,-0.24,-0.47776334588310365,2.4047641381435565e-12,0.7368380536714726,0.5178092784855547,0.23596519008883635,0.18377594242353076,0.31644429544002123,0.1353217730388858
A1,A3,B1,B2,B3
4.076072812826915,0.472399896990171,-4.23283630379489,1.6425749649296337,-1.3968826096193492
ans,J2,J3,Energy,Sigma,L,A1,A2,B1,B2,B3
q0,-0.09,-0.24,-0.48397962666343863,2.419629928544797e-11,0.7589397789464853,0.5196560240100555,0.2533503460838528,0.19155612865084073,0.20448786930728416,0.2979745059511658
A1,A2,B1,B2,B3
-0.2682298827637911,-4.035993761411759,-9.806822021371513,-0.44297898683684656,-2.819744438250387
