ans,J2,J3,Energy,Sigma,L,A1,A3,B1,B2,B3
3x3,0.02999999999999997,0.0,-0.46521547087556386,9.877509078799522e-13,0.7014808824845983,0.514508517271923,0.0,0.17187286391581608,0.29275541958572016,0.0
A1,A3,B1,B2,B3
3.768874101059837,-0.0,-5.934197577596117,-0.10574874310707505,0.0
ans,J2,J3,Energy,Sigma,L,A1,A2,B1,B2,B3
q0,0.02999999999999997,0.0,-0.4697834739265974,8.745775700662475e-12,0.7187923187693875,0.5184421775589231,0.2317083890080201,0.1854320414919195,0.19284527583164104,0.0
A1,A2,B1,B2,B3
2.8410607201678033,0.17369439219743735,-6.359412996014899,-0.09731104811090124,0.0
