ans,J2,J3,Energy,Sigma,L,A1,A3,B1,B2,B3
3x3,0.14999999999999997,0.18,-0.4546797183793158,1.9401725688778678e-11,0.673018254347575,-0.5088589390429452,-0.22770728309591498,0.1584521080992763,0.26700707865147244,0.07165242109906905
A1,A3,B1,B2,B3
3.63559182697605,0.21987967002046946,-6.025957510578655,-0.8461009671590755,-0.41988634791239415
ans,J2,J3,Energy,Sigma,L,A1,A2,B1,B2,B3
q0,0.14999999999999997,0.18,-0.46230414031344674,6.794927757261503e-12,0.6989311650420853,0.5180801428978339,0.22930610394336723,0.18569154862133253,0.18577789799156005,0.2468317652512843
A1,A2,B1,B2,B3
3.0556668301608356,0.1669220317566913,-5.535349956011397,-0.8886780200840948,-0.7169265181303621
