ans,J2,J3,Energy,Sigma,L,A1,A3,B1,B2,B3
3x3,-0.24,0.0,-0.5342242618041736,5.256884923120948e-12,0.8857919070984772,0.522727569360154,0.0,0.21276037677260187,0.4038153956920435,0.0
A1,A3,B1,B2,B3
-7.82840459165581,-0.0,-8.053668843140773,-8.399725360624764,-0.0
ans,J2,J3,Energy,Sigma,L,A1,A2,B1,B2,B3
q0,-0.24,0.0,-0.4704330117692608,6.022970504969295e-12,0.7076356986193719,-0.5051593883732194,-0.14227757826938614,0.15191619802748454,0.18221152728727993,-0.0
A1,A2,B1,B2,B3
4.188149827168822,-1.1473044736134979,-6.25660634428498,1.8132717550157385,0.0
