ans,J2,J3,Energy,Sigma,L,A1,A3,B1,B2,B3
3x3,0.09000000000000002,0.06,-0.4581895995076228,9.706248898531069e-12,0.6818734143301648,0.510988351708534,0.21656211273155293,0.16305853682921895,0.2710843912743549,0.08551717438097232
A1,A3,B1,B2,B3
3.6422531659314203,0.10308420783910094,-6.165734589374803,-0.46190828944565443,-0.12689849171440165
ans,J2,J3,Energy,Sigma,L,A1,A2,B1,B2,B3
q0,0.09000000000000002,0.06,-0.467856808538471,5.4585142113769015e-12,0.7151001900567047,0.5194656108871948,0.24056839775337577,0.1888970622175819,0.19207642564951133,0.26598859976698425
A1,A2,B1,B2,B3
3.9335756876086503,0.07455147610549938,-6.175782107747363,-1.158961815371715,-0.4358735594669646
