ans,J2,J3,Energy,Sigma,L,A1,A3,B1,B2,B3
3x3,-0.12,0.18,-0.5153616896803856,1.0038041632062513e-11,0.8347795269076488,0.5200379685363381,0.36638610933089283,0.20198332072218858,0.38768141261279554,0.15209605444007795
A1,A3,B1,B2,B3
11.859846436256989,7.840061932979786,4.925615471178831,9.36306587919704,4.3830494787872345
ans,J2,J3,Energy,Sigma,L,A1,A2,B1,B2,B3
q0,-0.12,0.18,-0.4623215661634258,1.2973302236615208e-11,0.6869296475828527,0.504987704871159,0.1363655541251291,0.15148684935859852,0.17387782440902788,0.15986727077078883
A1,A2,B1,B2,B3
3.201994225492756,-0.9577338922175579,-7.249201239074253,0.45680126346842814,-0.5833666882719301
