ans,J2,J3,Energy,Sigma,L,A1,A3,B1,B2,B3
3x3,0.21000000000000002,-0.09,-0.44239828278301147,2.328614989130614e-11,0.6417776908518552,0.49887457717252803,0.10804877865070919,0.13919346696675272,0.194165702627954,0.05585494982120391
A1,A3,B1,B2,B3
3.304689855459525,-0.24358293160227265,-6.82282008647965,-1.6158185900810689,0.16825429938160597
ans,J2,J3,Energy,Sigma,L,A1,A2,B1,B2,B3
q0,0.21000000000000002,-0.09,-0.4948344329803922,2.2628191113316696e-11,0.8005411156230613,0.5243983057972983,0.3445145237609969,0.22169938883255516,0.21393307962577424,0.373007932695003
A1,A2,B1,B2,B3
2.994049452304524,-0.7067679775534277,-7.261191648142926,-3.5536018571144616,-11.76492237093296
