ans,J2,J3,Energy,Sigma,L,A1,A3,B1,B2,B3
3x3,-0.3,0.0,-0.5544700964488197,4.974550668370024e-12,0.9357677420050143,0.5220250022679621,0.0,0.21790553647196823,0.4171461474675602,0.0
A1,A3,B1,B2,B3
20.19140410533326,0.0,14.917400648457658,19.492962801586273,0.0
ans,J2,J3,Energy,Sigma,L,A1,A2,B1,B2,B3
q0,-0.3,0.0,-0.4721776164417019,8.492659957127955e-12,0.710603392681674,-0.5029393802632283,-0.1306878746401726,0.14718062374577778,0.18190545174689782,-0.0
A1,A2,B1,B2,B3
3.17279535923905,-3.6158298578435684,-8.077816193478583,0.8369416270887704,0.0
