ans,J2,J3,Energy,Sigma,L,A1,A3,B1,B2,B3
3x3,0.18,0.0,-0.4459946404091406,7.60804715220907e-12,0.6500113812738583,-0.5025957444234778,0.0,0.14562798582605238,0.21598011258125424,-0.0
A1,A3,B1,B2,B3
3.437916618238226,-0.0,-6.53338494433116,-1.227240531452256,0.0
ans,J2,J3,Energy,Sigma,L,A1,A2,B1,B2,B3
q0,0.18,0.0,-0.4797593344667652,2.5904265334697025e-12,0.75621636792053,0.5242586844261438,0.3069498998733842,0.21056787755211553,0.20531628303817726,0.0
A1,A2,B1,B2,B3
3.892108857636682,-0.24580337765151794,-7.253198041962786,-3.0445646005079805,0.0
