ans,J2,J3,Energy,Sigma,L,A1,A3,B1,B2,B3
3x3,0.3,0.14999999999999997,-0.43818512333686255,1.0469261608308597e-11,0.6320057577528067,0.49777603081081273,0.11969218530833096,0.13610777805693866,0.19227096006960753,0.04429143683576818
A1,A3,B1,B2,B3
3.400724146722515,0.13955503419510307,-6.42308428683181,-2.5265900482155197,-0.32784885917115303
ans,J2,J3,Energy,Sigma,L,A1,A2,B1,B2,B3
q0,0.3,0.14999999999999997,-0.47647836195315507,4.577066214720664e-12,0.7476230405583273,0.5239198151018644,0.32097134623156126,0.2149580359886449,0.20310461347830827,0.3381737229544281
A1,A2,B1,B2,B3
0.8130163209765074,0.11990408665927707,-6.3434812959641365,-2.9994895455405333,-1.050604048200684
