ans,J2,J3,Energy,Sigma,L,A1,A3,B1,B2,B3
3x3,0.02999999999999997,-0.02999999999999997,-0.46396192311821083,5.080272284632715e-12,0.697962373364941,0.5138773351475849,0.22405370930613544,0.17037099691893043,0.2868995181438282,0.10306236596366958
A1,A3,B1,B2,B3
3.678057857660805,-0.06394884621650618,-5.940803404592439,-0.13011813850025414,0.058619775700090984
ans,J2,J3,Energy,Sigma,L,A1,A2,B1,B2,B3
q0,0.02999999999999997,-0.02999999999999997,-0.47192714210278497,3.4558579512850556e-12,0.7259158823589406,0.5194827823030668,0.24166919806370563,0.1887421372119144,0.19552532258629785,0.27314343402379604
A1,A2,B1,B2,B3
3.9652725540829272,0.15765166949208115,-5.872080599370188,-0.08459899447391964,0.09303668947373116
