ans,J2,J3,Energy,Sigma,L,A1,A3,B1,B2,B3
3x3,0.14999999999999997,0.21000000000000002,-0.45618144813237477,2.8708686107377764e-11,0.6773133766115327,-0.5092854301487615,-0.24248086960291784,0.1599215225567218,0.2747866597520784,0.07251081798361608
A1,A3,B1,B2,B3
3.6443070777178876,0.24524826614601317,-5.9803273445998935,-0.8295586440903572,-0.5038192085738884
ans,J2,J3,Energy,Sigma,L,A1,A2,B1,B2,B3
q0,0.14999999999999997,0.21000000000000002,-0.4605645637313576,6.236234274389534e-12,0.6930607826119639,0.5168499603550826,0.21910378704870004,0.1823310894403193,0.18295385248827856,0.23477749715858706
A1,A2,B1,B2,B3
3.2698843634522174,0.3678723991985996,-5.584976925520693,-0.7825962100349863,-0.6186162693370699
