ans,J2,J3,Energy,Sigma,L,A1,A3,B1,B2,B3
3x3,-0.18,-0.3,-0.49530026112821035,3.2239093494210544e-11,0.7849632920300852,0.5209197662330285,0.2683026111994085,0.19674253893042207,0.3501367357299678,0.1576671182759587
A1,A3,B1,B2,B3
8.020029083935562,3.877120846588217,-0.8274492202744405,3.7515546225033627,1.8187673588868125
ans,J2,J3,Energy,Sigma,L,A1,A2,B1,B2,B3
q0,-0.18,-0.3,-0.48589162150763754,7.128115350947773e-12,0.7601029463379808,0.5167619822922713,0.23324731113928723,0.18384936403714144,0.20373204591893523,0.28313649181078354
A1,A2,B1,B2,B3
3.829603300496598,-2.6271207432381702,-4.4897419116997686,-1.2239098623103541,-1.2665424264898453
