ans,J2,J3,Energy,Sigma,L,A1,A3,B1,B2,B3
3x3,-0.02999999999999997,0.12,-0.48505281783883014,1.745026304400624e-11,0.7562198874042261,0.5190841193509986,0.3126886017755888,0.18818814656208757,0.3466839966705155,0.1277952540617545
A1,A3,B1,B2,B3
3.6255443094099182,0.18840484727851248,-5.981215523019617,0.10857981182017792,-0.2632338791454046
ans,J2,J3,Energy,Sigma,L,A1,A2,B1,B2,B3
q0,-0.02999999999999997,0.12,-0.4628372497395242,1.601261978527577e-11,0.6926268105088671,0.5107048540828116,0.17245771181583458,0.16482275465799967,0.17967119554106692,0.19624790082012233
A1,A2,B1,B2,B3
4.091615934263977,-0.1452171716166494,-6.4540039977101475,0.11568523916249908,-0.3681499549547473
