ans,J2,J3,Energy,Sigma,L,A1,A3,B1,B2,B3
3x3,0.02999999999999997,0.24000000000000005,-0.4814035869943787,3.2510345559793987e-11,0.7454022866045913,0.5155385018457984,0.3273370463482346,0.1815595051547439,0.34097894412827584,0.11127519363721806
A1,A3,B1,B2,B3
3.933520176457416,0.37858605143845303,-5.537126312850744,-0.16253665080479784,-0.6676881270082338
ans,J2,J3,Energy,Sigma,L,A1,A2,B1,B2,B3
q0,0.02999999999999997,0.24000000000000005,-0.458245824834559,2.97245409276448e-11,0.6801551375002505,-0.5093553325961915,-0.1632138920821273,0.16236956357198684,0.17368745091840504,0.17908655582476563
A1,A2,B1,B2,B3
3.6070590952479913,-0.07255307466112275,-6.624811810043645,-0.1272870697694867,-0.9388601007463272
