ans,J2,J3,Energy,Sigma,L,A1,A3,B1,B2,B3
3x3,0.18,-0.15,-0.4442007288903605,1.0674117713608429e-11,0.6460677904828772,-0.49977221146837936,-0.11035602610314699,0.14117160976108256,0.1986785864884303,0.060783848380058236
A1,A3,B1,B2,B3
3.288591621600706,-0.4800049246957263,-6.938616347944608,-1.316946551771174,0.2656208586410375
ans,J2,J3,Energy,Sigma,L,A1,A2,B1,B2,B3
q0,0.18,-0.15,-0.4988972213269517,1.5828690427995245e-11,0.8117204367526769,0.524337793236352,0.3461494398715196,0.22216633499943617,0.215732803083479,0.3774639217391535
A1,A2,B1,B2,B3
-0.20061730051595508,4.4071413190324975,-4.891198557143048,2.8674840280757077,3.027023076634434
