ans,J2,J3,Energy,Sigma,L,A1,A3,B1,B2,B3
3x3,0.14999999999999997,-0.06,-0.44787902171033905,1.0926309818119477e-11,0.6546398090566949,0.5034723299732963,0.14230839272714907,0.1476879838525544,0.21998680238243679,0.06672926760587242
A1,A3,B1,B2,B3
3.4224290070438763,-0.14527268276787905,-6.649847339617339,-0.9722223026353203,0.1140199046287755
ans,J2,J3,Energy,Sigma,L,A1,A2,B1,B2,B3
q0,0.14999999999999997,-0.06,-0.48341913340526965,1.9220267284209363e-11,0.7666820161834585,0.5243998068485332,0.31045286002200195,0.21153423412479802,0.20770646756252592,0.34043676056911376
A1,A2,B1,B2,B3
0.9137135491125125,-3.826050587455562,-8.3694162713523,-6.064038160322165,-0.6000755448753184
