ans,J2,J3,Energy,Sigma,L,A1,A3,B1,B2,B3
3x3,-0.15,0.14999999999999997,-0.5211966836833838,1.8965618571313332e-11,0.8502676783753105,0.5207916491162137,0.36779332669411136,0.20517796847088202,0.39340224285207215,0.15860450625933473
A1,A3,B1,B2,B3
2.105315921241868,-5.086042698664795,-7.138400981616222,-0.012101430969733741,-1.9897417047844523
ans,J2,J3,Energy,Sigma,L,A1,A2,B1,B2,B3
q0,-0.15,0.14999999999999997,-0.4638159011439569,3.6266231459873864e-12,0.6904400342526049,-0.5046796533702379,-0.13512998943614546,0.1506884108018626,0.17513041039686372,0.16112969775348995
A1,A2,B1,B2,B3
3.2698843634522166,-1.1990408665594907,-7.2749029024973995,0.5414002579423478,-0.4840017275709351
