ans,J2,J3,Energy,Sigma,L,A1,A3,B1,B2,B3
3x3,0.02999999999999997,0.09000000000000002,-0.4698793407361357,1.0906018787219187e-11,0.7145329205131496,0.5159502252406888,0.26785550945220277,0.17626251260940654,0.31127588818657587,0.1073895711030457
A1,A3,B1,B2,B3
3.7371772345419507,0.1542654892713569,-5.618283616260306,-0.12789769243656227,-0.19295676167946654
ans,J2,J3,Energy,Sigma,L,A1,A2,B1,B2,B3
q0,0.02999999999999997,0.09000000000000002,-0.46440575168383985,4.4402338965083186e-12,0.7007322861627358,0.5150084643541011,0.20299768756615785,0.17582243037481338,0.18500845207288322,0.2274048824763661
A1,A2,B1,B2,B3
4.061972979511481,0.6220579607134967,-5.337175146121703,0.06145084441458515,-0.07455147610136094
