ans,J2,J3,Energy,Sigma,L,A1,A3,B1,B2,B3
3x3,0.02999999999999997,-0.06,-0.46283744985293507,9.760204386753879e-12,0.6948214607208698,0.513205409322716,0.21423286254608573,0.16888872346722106,0.2812629879040447,0.10208002876398542
A1,A3,B1,B2,B3
3.6697866969435977,-0.12367884494642765,-6.010358877083135,-0.13933298960564752,0.13816725541432437
ans,J2,J3,Energy,Sigma,L,A1,A2,B1,B2,B3
q0,0.02999999999999997,-0.06,-0.4742615740454663,3.59856789953888e-11,0.7336037828739682,0.5204396413361752,0.2516623171712864,0.192045139284581,0.19814913552647107,0.2847916579893478
A1,A2,B1,B2,B3
4.411915276814354,-3.7835290460325597,-4.84168261024624,-1.0131895322427695,-5.153877325476787
