ans,J2,J3,Energy,Sigma,L,A1,A3,B1,B2,B3
3x3,0.24000000000000005,0.12,-0.4426030629137183,6.66221951757999e-12,0.64202673560676,0.5011196507611346,0.14429456259463302,0.1422482276649059,0.21086306976969912,0.05211355160787218
A1,A3,B1,B2,B3
3.468614284100567,0.14643841694370083,-6.335931779044775,-1.7735257707331344,-0.2600697435179228
ans,J2,J3,Energy,Sigma,L,A1,A2,B1,B2,B3
q0,0.24000000000000005,0.12,-0.47305532059880984,2.7314452958304154e-11,0.7366095118088137,0.5236408226600715,0.2991623895989044,0.20838729841287817,0.20017848140452466,0.3191134797069608
A1,A2,B1,B2,B3
6.825651154245111,2.55184762237913,-2.7352564656876086,0.8986145161048625,1.233790847400447
