ans,J2,J3,Energy,Sigma,L,A1,A3,B1,B2,B3
3x3,-0.27,0.21000000000000002,-0.5688501991493213,2.380790266966413e-11,0.9648809049364278,-0.5183516709251217,-0.4058876873300968,0.21591335070414214,0.4234143290272522,0.17861182592227393
A1,A3,B1,B2,B3
-5.245137656655108,-3.837929973819027,-8.556821917438855,-0.44908521350983616,-6.591949208515719
