ans,J2,J3,Energy,Sigma,L,A1,A3,B1,B2,B3
3x3,-0.09,-0.18,-0.4802173261028323,1.2949300730654478e-11,0.7437374542134482,-0.518994715885079,-0.25173916769010246,0.18646587338083398,0.32552999773953517,0.13705084939100456
A1,A3,B1,B2,B3
4.8087089857485115,-0.11790568521495594,-4.33164615274862,0.9807710200607891,0.9121592370555217
ans,J2,J3,Energy,Sigma,L,A1,A2,B1,B2,B3
q0,-0.09,-0.18,-0.4790178421160626,6.091246018804234e-12,0.7430546922310409,0.5180273286236912,0.235071103608009,0.18538536513386195,0.1998634345014071,0.27691978027839936
A1,A2,B1,B2,B3
5.920930411630546,2.1829205110742045,-3.048006291715209,2.085553951696299,2.124966869364218
