ans,J2,J3,Energy,Sigma,L,A1,A3,B1,B2,B3
3x3,0.18,-0.09,-0.4447814653556085,3.825384237681057e-12,0.6472493604388229,-0.5007906959541055,-0.12115017994014976,0.14273499119957467,0.204565308466636,0.060735710999957226
A1,A3,B1,B2,B3
3.34643424026116,-0.24119595209933276,-6.779410366218098,-1.2831402606723439,0.16769918786929447
ans,J2,J3,Energy,Sigma,L,A1,A2,B1,B2,B3
q0,0.18,-0.09,-0.49068572588464354,1.2376618922773586e-11,0.788568457843643,0.5246460723018196,0.3321132752555951,0.21809840989298712,0.2120263211608462,0.36193903815150774
A1,A2,B1,B2,B3
2.3994140004155065,-0.9110490141067279,-7.910005983311484,-5.679900993813291,-4.047651103619679
