ans,J2,J3,Energy,Sigma,L,A1,A3,B1,B2,B3
3x3,-0.12,0.26999999999999996,-0.5261385154204389,1.6771274414493474e-11,0.8592602134749944,0.5174843845578888,0.389002957498054,0.20210206128244093,0.39566867670363703,0.15141566893651762
A1,A3,B1,B2,B3
12.472467503911348,7.1642691786872,2.1062041000706304,6.6622263268969695,2.7556845694930745
ans,J2,J3,Energy,Sigma,L,A1,A2,B1,B2,B3
q0,-0.12,0.26999999999999996,-0.46027259365599854,1.1352333321063837e-11,0.6804516151972964,0.5027788886474658,0.12261570598605535,0.14685077411111533,0.16960246147990712,0.14226932650645832
A1,A2,B1,B2,B3
3.2642777364527444,-0.8563705300429016,-7.572165117348442,0.4521938379414727,-1.1335932193227123
