ans,J2,J3,Energy,Sigma,L,A1,A3,B1,B2,B3
3x3,-0.3,-0.09,-0.5455031842299833,1.408145039623789e-11,0.9148628014214363,0.5228654954293549,0.3569696072472468,0.21688304852024934,0.4107400165204137,0.18392520206241478
A1,A3,B1,B2,B3
2.9870550479138234,8.324674284151923,3.6782799029803415,-0.42532644078026755,1.7492673976444497
