ans,J2,J3,Energy,Sigma,L,A1,A3,B1,B2,B3
3x3,-0.18,-0.24,-0.4983430269213951,1.9447700702631674e-11,0.7934149182780348,0.521794006198705,0.2823725883612989,0.1990591737681331,0.3578920747319678,0.1591506185008127
A1,A3,B1,B2,B3
4.0768499680389505,-3.409383886314574,-6.501021942801624,0.7699396676614862,-2.4404922526584
ans,J2,J3,Energy,Sigma,L,A1,A2,B1,B2,B3
q0,-0.18,-0.24,-0.48141049921473145,6.850893555812165e-12,0.7458683602296095,0.5150881456740821,0.2161919171299751,0.17798532716022142,0.19946199750497196,0.263302352530457
A1,A2,B1,B2,B3
4.336642155757454,-1.8937074130467808,-6.971090371413928,1.2606582444243535,-1.2836398612115512
