ans,J2,J3,Energy,Sigma,L,A1,A3,B1,B2,B3
3x3,-0.02999999999999997,0.06,-0.4805335640556829,1.7682072286195762e-11,0.7442190747703452,0.5190465421219204,0.2920474386837681,0.18605235920227117,0.33626021337731204,0.12622145068462265
A1,A3,B1,B2,B3
4.2743586440864805,0.2580158309223703,-5.206057807206369,-0.5168088180193539,-0.1398881010986074
ans,J2,J3,Energy,Sigma,L,A1,A2,B1,B2,B3
q0,-0.02999999999999997,0.06,-0.46537577608190417,5.984690927854345e-12,0.7010770481656454,0.5128973060154788,0.18806962123577967,0.17012103263975678,0.18406903889876328,0.21530714789058777
A1,A2,B1,B2,B3
3.267552895100379,-0.14005463456007064,-6.394329510493278,0.11723955140343602,-0.1433297924827992
