ans,J2,J3,Energy,Sigma,L,A1,A3,B1,B2,B3
3x3,0.02999999999999997,0.02999999999999997,-0.4666108482470451,5.816350235514453e-12,0.7053991987122802,0.5150790600945306,0.24511162845979997,0.1733714474767221,0.29882483004800414,0.10525491667016075
A1,A3,B1,B2,B3
3.8362646394950484,0.0774935671208318,-5.699274385908797,-0.0558442181385337,-0.06056266599318116
ans,J2,J3,Energy,Sigma,L,A1,A2,B1,B2,B3
q0,0.02999999999999997,0.02999999999999997,-0.4678223334421129,1.9211172383573556e-11,0.7122262097024123,0.5173340596366703,0.22185556679440105,0.18215008528617951,0.19017518775494863,0.24990428063168135
A1,A2,B1,B2,B3
3.876010623778756,-0.1604827382047911,-6.380285189231407,-0.10702549957068035,-0.04962696919926789
