ans,J2,J3,Energy,Sigma,L,A1,A3,B1,B2,B3
3x3,-0.21,-0.15,-0.5122062845399215,1.361297468572422e-11,0.8304239052717517,0.523153815902832,0.31624877627600845,0.20624473403049104,0.3801188985426993,0.1677022014459221
A1,A3,B1,B2,B3
1.1741718709063966,-2.1788126860644086,-5.105471600889328,-2.914890551471136,-3.4541258743027496
ans,J2,J3,Energy,Sigma,L,A1,A2,B1,B2,B3
q0,-0.21,-0.15,-0.47597474841805576,8.773250687529895e-12,0.7268002422819904,-0.5107743625532749,-0.18186382823500208,0.1658205661319771,0.19194774880828086,0.22514973673859096
A1,A2,B1,B2,B3
3.041011886913494,-3.0506708269742306,-8.576361842671675,0.09514611320754476,-0.733857419255392
