ans,J2,J3,Energy,Sigma,L,A1,A3,B1,B2,B3
3x3,0.26999999999999996,-0.15,-0.43803734656016374,7.249810294287029e-12,0.632551319704987,-0.4947343566767069,-0.07762930660934818,0.13207659068344219,0.17238358847449603,0.048541436165210644
A1,A3,B1,B2,B3
3.1818991885693344,-0.4947708909232113,-7.03431757266445,-2.442379631800207,0.2714495295203077
ans,J2,J3,Energy,Sigma,L,A1,A2,B1,B2,B3
q0,0.26999999999999996,-0.15,-0.5139651270864243,8.644295336508434e-12,0.8512578643437931,0.5220654639167397,0.3769933345378046,0.23038889537624857,0.22003423645772985,0.40339428697335433
A1,A2,B1,B2,B3
9.389378162277449,8.292366794131809,2.083333505647115,0.2610134330816076,1.609046229764661
