ans,J2,J3,Energy,Sigma,L,A1,A3,B1,B2,B3
3x3,-0.27,-0.27,-0.521573457833584,6.79016192805832e-12,0.8547015426067104,0.5229445051573841,0.31215011344619015,0.21001361467539817,0.3865890660079697,0.17690632748227572
A1,A3,B1,B2,B3
-0.41544545583696446,-10.996759060111065,-9.561462732923033,2.9553026695718976,-0.7130962487351041
