ans,J2,J3,Energy,Sigma,L,A1,A3,B1,B2,B3
3x3,0.0,0.24000000000000005,-0.48864362850601306,6.562844361255511e-12,0.7645435072483884,0.5165524736277434,0.34096747814585177,0.1863080746252935,0.0,0.12059377500814067
A1,A3,B1,B2,B3
3.7427838599855425,-0.018096635301353962,-5.793254764945737,0.0,-0.5772049505014644
ans,J2,J3,Energy,Sigma,L,A1,A2,B1,B2,B3
q0,0.0,0.24000000000000005,-0.45853437294012467,2.4951405454995136e-12,0.6798090923982195,0.508007906987371,0.0,0.15903800096588835,0.0,0.1710621266148796
A1,A2,B1,B2,B3
3.3911762288990057,-0.0,-6.788292150791661,0.0,-0.9083289676204661
