ans,J2,J3,Energy,Sigma,L,A1,A3,B1,B2,B3
3x3,0.24000000000000005,0.0,-0.44097702862378163,3.312013189641216e-13,0.6383834018115301,0.49856861385414525,0.0,0.13819480978600007,0.19348337868427457,0.0
A1,A3,B1,B2,B3
3.3459901516086044,-0.0,-6.653511075229352,-1.9054757771074573,0.0
ans,J2,J3,Energy,Sigma,L,A1,A2,B1,B2,B3
q0,0.24000000000000005,0.0,-0.48697736338215925,1.2940436349966319e-11,0.7783320104593242,0.5244871665618306,0.33513444812372595,0.2190227482206703,0.20998873537349444,0.0
A1,A2,B1,B2,B3
-3.3172353754550135,-1.279643058322465,-8.386735750071342,-3.2079894295589337,-0.0
