ans,J2,J3,Energy,Sigma,L,A1,A3,B1,B2,B3
3x3,0.3,-0.06,-0.43662818995082076,3.010742612357348e-12,0.6293238466486911,-0.4942439751925122,-0.07832908306519915,0.13092310884884362,0.1702699196826204,0.044730593030379184
A1,A3,B1,B2,B3
3.212374810951879,-0.1504352198364078,-6.90175694352815,-2.804201315514779,0.11568523916570989
ans,J2,J3,Energy,Sigma,L,A1,A2,B1,B2,B3
q0,0.3,-0.06,-0.5051633540317871,1.741043878171274e-11,0.8277628873969147,0.522512370211465,0.37155210801587085,0.22886064717134202,0.21715491216295713,0.39478680167781044
A1,A2,B1,B2,B3
-1.82132087199503,-15.326961921827015,-8.297695863499055,-5.7019944320026745,-3.9014347312606055
