ans,J2,J3,Energy,Sigma,L,A1,A3,B1,B2,B3
3x3,0.14999999999999997,0.14999999999999997,-0.4533705771239614,2.7859421410820272e-11,0.6693004435855501,-0.5083006490677194,-0.21380273929998286,0.15694206559075422,0.25953943184586703,0.07080749859760982
A1,A3,B1,B2,B3
3.619882171984026,0.19440005161687135,-6.084133197405019,-0.8625877790765567,-0.3406164239543168
ans,J2,J3,Energy,Sigma,L,A1,A2,B1,B2,B3
q0,0.14999999999999997,0.14999999999999997,-0.4642245253223027,1.9665410569150934e-11,0.705384427990195,0.5192600633381537,0.23977746008216563,0.18912382398234723,0.18866965097050437,0.2591616308522822
A1,A2,B1,B2,B3
5.190237128096646,1.9953483310589535,-3.686884131216745,0.2948197241804374,0.5335176744825518
