ans,J2,J3,Energy,Sigma,L,A1,A3,B1,B2,B3
3x3,-0.18,0.26999999999999996,-0.5456157991218696,1.22695862751532e-11,0.906917410047797,0.517419681907514,0.4018705348258595,0.20811121892895706,0.40956819692493385,0.16329109974113146
A1,A3,B1,B2,B3
0.24258373089357763,-1.5394352459421627,-3.217426325267967,1.502575841691501,-0.5790923296593964
ans,J2,J3,Energy,Sigma,L,A1,A2,B1,B2,B3
q0,-0.18,0.26999999999999996,-0.4620632549695568,1.6669234920520955e-11,0.6837614486780841,-0.5010203733297712,-0.11297734327951425,0.14285375726130195,0.1697204275420967,0.13523697195149606
A1,A2,B1,B2,B3
3.205269383415575,-1.5377699114052286,-7.834122239580613,0.7059908213381296,-1.079358824568376
