ans,J2,J3,Energy,Sigma,L,A1,A3,B1,B2,B3
3x3,-0.02999999999999997,0.24000000000000005,-0.4963922097551541,1.502362129079272e-11,0.784776270095348,0.5173343242539948,0.3530756026531037,0.1907540628160334,0.3649743219840714,0.12932697757193934
A1,A3,B1,B2,B3
2.7042812435266654,-0.3814726312604406,-5.7716054156446,-0.8566480858941643,-1.1518563880143255
ans,J2,J3,Energy,Sigma,L,A1,A2,B1,B2,B3
q0,-0.02999999999999997,0.24000000000000005,-0.4589610456405476,1.5289236159428944e-11,0.679918576117791,0.5067523180800088,0.14643578002761115,0.15599443428082788,0.1720201021674556,0.16402636141074875
A1,A2,B1,B2,B3
3.695432848813811,-0.020761170559872675,-6.674771846150291,0.11951550859734192,-0.7941425295348279
