ans,J2,J3,Energy,Sigma,L,A1,A3,B1,B2,B3
3x3,0.18,0.3,-0.4569744854394845,1.0663940656048027e-11,0.6805518514282906,0.5079542064147873,0.2713220266756072,0.1591369006928786,0.28454748450147543,0.06704192260154171
A1,A3,B1,B2,B3
3.6157188348386082,0.30031532816050405,-5.924871704189543,-0.9983125437409439,-0.7742695373720354
ans,J2,J3,Energy,Sigma,L,A1,A2,B1,B2,B3
q0,0.18,0.3,-0.45677294368318894,3.066577247375079e-12,0.681456709291215,0.514755328331614,0.20425374524224177,0.17766473099901875,0.17717374201733316,0.21418103823057652
A1,A2,B1,B2,B3
3.6127767438238476,-0.18651746813147635,-6.070588476167259,-1.152911099887688,-1.463718035703505
