ans,J2,J3,Energy,Sigma,L,A1,A3,B1,B2,B3
3x3,0.12,-0.21,-0.44875656227467675,2.195892341336077e-11,0.6572092339821609,-0.5027459310936745,-0.1261934576590656,0.1473173083492072,0.21517296477651665,0.07279457379122874
A1,A3,B1,B2,B3
3.3118507937852937,-0.7678302438079109,-7.051415007243168,-0.7587819261574859,0.34339198151587413
ans,J2,J3,Energy,Sigma,L,A1,A2,B1,B2,B3
q0,0.12,-0.21,-0.4989359299686208,3.9653751426319557e-11,0.811204068448178,0.5244360969451513,0.3362640226522393,0.21923142364561113,0.21579612190516761,0.3718535809981784
A1,A2,B1,B2,B3
-4.5065062794971205,-4.895417405315874,-6.426414955905771,-9.998113447964345,-3.7666536556382346
