ans,J2,J3,Energy,Sigma,L,A1,A3,B1,B2,B3
3x3,0.12,-0.15,-0.4494792252775095,1.2232066901105899e-11,0.6588068209263458,-0.5038479995862041,-0.13746866259008275,0.14906375581305312,0.22142893381978876,0.07288997680279263
A1,A3,B1,B2,B3
3.3758551511583588,-0.4661826480521099,-6.867728608205637,-0.7411293801076114,0.2608468996351588
ans,J2,J3,Energy,Sigma,L,A1,A2,B1,B2,B3
q0,0.12,-0.15,-0.49098366571139074,7.074705523359783e-12,0.7884498591568906,0.5245400092797312,0.32171032318422,0.21486824258460221,0.2120664805402973,0.3557943796668651
A1,A2,B1,B2,B3
6.914691040805042,-2.673861132798737,-5.038414130483652,0.5375699885075049,-3.8559155872460114
