ans,J2,J3,Energy,Sigma,L,A1,A3,B1,B2,B3
3x3,0.12,0.06,-0.4540419769647205,5.799857819473325e-12,0.6706233326571287,-0.5085828989177172,-0.19676124000967457,0.15756763832548298,0.2548475097151092,0.0763495296608052
A1,A3,B1,B2,B3
3.592570684779075,0.1013633621508875,-6.247280470531095,-0.6714628852919515,-0.12617684674839663
ans,J2,J3,Energy,Sigma,L,A1,A2,B1,B2,B3
q0,0.12,0.06,-0.46931032709431963,1.651961957664418e-11,0.721165146835115,0.5209612362426976,0.25588374419963,0.19413877683067493,0.19464985322712458,0.28092315331320084
A1,A2,B1,B2,B3
4.395483976052669,0.8747447211975274,-6.761924353580771,0.6786793349331636,-0.7127631818870576
