ans,J2,J3,Energy,Sigma,L,A1,A2,B1,B2,B3
q0,-0.02,0.010000000000000002,-0.46663430313568494,4.663477107669225e-12,0.7090277760854662,0.5144554074516072,0.20372931656126925,0.1759478103669867,0.18848208618450268,-0.23255521534759183
A1,A2,B1,B2,B3
4.143407838354012,-0.06550315845093514,-5.454470208669861,0.02425837308733786,-0.03419486915743722
ans,J2,J3,Energy,Sigma,L,A1,A2,A3,B1,B2,phiA1
cb1,-0.02,0.010000000000000002,-0.4732756029538517,2.352005862053337e-11,0.7229810829984136,0.5170942689887139,0.041326949562265014,-0.284137652801306,0.17769011034082338,0.15099605660536386,1.957041506956683
A1,A2,A3,B1,B2,phiA1
3.491262833799103,-0.08237854842702165,0.01931788063058379,-5.9113824944407485,0.07860379014112201,0.09475855100605592
ans,J2,J3,Energy,Sigma,L,A1,A3,B1,B2,B3
3x3,-0.02,0.010000000000000002,-0.4765064255485364,3.165126876169683e-12,0.7309075214159683,-0.518712296867794,0.2689775228739646,0.1821244766110358,0.3222236289969991,-0.12465293407550199
A1,A3,B1,B2,B3
5.693778780830521,0.021982415889974783,-7.097877840822347,2.5658364324909324,-0.09803269307420524
