ans,J2,J3,Converge,Energy,Sigma,gap,L,A1,A3,B1,B2,B3,phiB1,phiB2,phiA3
3x3_1,0.3,0.0,True,-0.448687768942785,1.0945198516113772e-09,0.011208209941217327,0.6615619634449948,0.5056648527966328,0.0,0.13344608020258605,0.21249658523738918,0.0,3.14173689250524,0.00026699553360009094,0.0
ans,J2,J3,Converge,Energy,Sigma,gap,L,A1,A2,B1,B2,B3,phiB1,phiA2,phiB2
q0_1,0.3,0.0,True,-0.4944763935035743,1.0878070356005769e-09,0.0018110227967384988,0.8012131555256528,0.5216045068325649,0.3573871912292011,0.2225674985529641,0.21304268427391337,0.0,3.1412870835566227,3.141372392618673,3.142522376700659
ans,J2,J3,Converge,Energy,Sigma,gap,L,A1,A2,A3,B1,B2,phiA1,phiB1,phiA2,phiB2
cb1,0.3,0.0,True,-0.44599011141053774,2.3537057196225915e-09,0.07991326129043973,0.6534633639691175,0.5004407049410382,0.06746169296558409,0.0,0.13605436578024205,0.18527360931774936,2.266531307546429,3.143247557271944,4.238532081516805,5.430255844896485
