ans,J2,J3,Converge,Energy,Sigma,gap,L,A1,A3,B1,B2,B3,phiB1,phiB2,phiA3
3x3_1,0.3,-0.07500000000000001,True,-0.4483976910257261,3.9433855872133435e-09,0.00908126399097129,0.6613522136922969,0.504866165661003,0.10312598678379231,0.13254270858087697,0.20843244984884823,0.09077737063479624,3.141531476816701,-0.00012160013965595134,-0.008752812400307551
ans,J2,J3,Converge,Energy,Sigma,gap,L,A1,A2,B1,B2,B3,phiB1,phiA2,phiB2
q0_1,0.3,-0.07500000000000001,True,-0.5053757101941574,1.7929012657523644e-09,0.0017571545248980796,0.8306582134908896,0.5206363594938154,0.37175226656301874,0.22662967305725595,0.2171106750812916,0.38903713642775584,3.1412196133309327,3.1414588165133512,3.1416219379794814
