ans,J2,J3,Converge,Energy,Sigma,gap,L,A1,A3,B1,B2,B3,phiB1,phiB2,phiA3
3x3_1,0.22500000000000003,0.14999999999999997,True,-0.4592253607533721,3.7777057895939385e-09,0.006867231251030035,0.6868938892829157,0.5151601288819452,0.1926443577114638,0.14747335419924698,0.26608700964670606,0.10876333406061647,3.1417222752353853,-0.00042507753502724483,0.002038306187660832
ans,J2,J3,Converge,Energy,Sigma,gap,L,A1,A2,B1,B2,B3,phiB1,phiA2,phiB2
q0_1,0.22500000000000003,0.14999999999999997,True,-0.468371452997873,1.5269412502487676e-09,0.002473194498356903,0.7229864377448257,0.5206901196283752,0.27709033153786267,0.19835187759175443,0.1948784103116093,0.29020523130682274,3.141301110748206,3.1416973025558224,3.142895456993649
ans,J2,J3,Converge,Energy,Sigma,gap,L,A1,A2,A3,B1,B2,phiA1,phiB1,phiA2,phiB2
cb1,0.22500000000000003,0.14999999999999997,True,-0.45800184913196884,3.9776591381454635e-09,0.004201020376982273,0.6894605521231376,0.5141394042834156,0.12950466796940957,0.251113748167634,0.16902140399280952,0.26048931381191737,1.9235665104708652,3.144947539831677,4.049332490281051,5.240026323015744
