ans,J2,J3,Converge,Energy,Sigma,gap,L,A1,A3,B1,B2,B3,phiB1,phiB2,phiA3
3x3_1,0.3,0.07500000000000001,True,-0.44923187285502103,2.887033502225156e-09,0.014713996087238435,0.6625571984909253,0.5066733045597378,0.12852522047241605,0.13464607622106486,0.2184882119334848,0.08439761058036513,3.141578497287274,0.0004396897793344319,0.006591748620057625
ans,J2,J3,Converge,Energy,Sigma,gap,L,A1,A2,B1,B2,B3,phiB1,phiA2,phiB2
q0_1,0.3,0.07500000000000001,True,-0.48457105368078235,2.7714124772397458e-09,0.001954553783791236,0.7732922451007984,0.5220931352219711,0.33985504305898345,0.21744943235018568,0.20805288453818993,0.35315259406002475,3.1411821948872287,3.141968368124239,3.1424524594096255
ans,J2,J3,Converge,Energy,Sigma,gap,L,A1,A2,A3,B1,B2,phiA1,phiB1,phiA2,phiB2
cb1,0.3,0.07500000000000001,True,-0.4485157486262849,2.2927751122384226e-09,0.005970353610442842,0.663719233651583,0.5067509321079187,0.12155413084365203,0.1739544977051265,0.1559523069788661,0.21440133940581535,1.850032994744018,3.1456745276563054,4.017558710868264,5.161305817666361
