ans,J2,J3,Converge,Energy,Sigma,gap,L,A1,A3,B1,B2,B3,phiB1,phiB2,phiA3
3x3_1,0.3,-0.22499999999999998,True,-0.4483830558040216,1.6236733962979001e-09,0.006605293779622465,0.6626840846426524,0.5036969263350793,0.08848080928385421,0.13131221350813244,0.20417268289034948,0.09935702446517336,3.141729369102023,0.0002977063124781689,-0.0003522932112883685
