ans,J2,J3,Converge,Energy,Sigma,gap,L,A1,A3,B1,B2,B3,phiB1,phiB2,phiA3
3x3_1,0.14999999999999997,0.0,True,-0.46735856283988936,5.503483917569295e-10,0.0034226198007359003,0.7085862294004317,0.5199638071347802,0.0,0.15586760568746658,0.2874194116015445,0.0,3.1414938288331564,7.583238766432079e-05,0.0
ans,J2,J3,Converge,Energy,Sigma,gap,L,A1,A2,B1,B2,B3,phiB1,phiA2,phiB2
q0_1,0.14999999999999997,0.0,True,-0.4758490828908465,2.2351811087982293e-09,0.0022139029075988995,0.745028639133886,0.5218637158460739,0.28681549181325333,0.20161963683753908,0.20174680038306597,0.0,3.141363343565119,3.141390004745582,3.1406780153158977
ans,J2,J3,Converge,Energy,Sigma,gap,L,A1,A2,A3,B1,B2,phiA1,phiB1,phiA2,phiB2
cb1,0.14999999999999997,0.0,True,-0.45776580031314346,1.0485711216853992e-09,0.008323717380858464,0.6818848351121304,0.5105065975088006,0.09347640904706833,0.0,0.1568659608269219,0.2371464105462197,1.9775541772173455,3.1423262655027187,4.105998952030886,5.246675121472348
