ans,J2,J3,Converge,Energy,Sigma,gap,L,A1,A2,B1,B2,B3,phiB1,phiA2,phiB2
q0_1,-0.3,-0.3,True,-0.4849027684157977,2.7931937098213506e-09,0.002063539262470227,0.752038218569726,0.5085286213680785,0.18133011681252428,0.16189887208905873,0.19758709304750613,0.23407480477844414,3.1416330897829745,3.1432468401463836,3.140979144822873
ans,J2,J3,Converge,Energy,Sigma,gap,L,A1,A2,A3,B1,B2,phiA1,phiB1,phiA2,phiB2
cb1,-0.3,-0.3,True,-0.5026456709239401,3.3779864819594563e-09,0.008147966580834854,0.7910347142351681,0.5113100989139531,0.04903132376844898,0.2528652267136861,0.16340646765613756,0.29938666924928004,2.036913314745954,3.143158421456239,4.209657266869507,5.2991195944843295
ans,J2,J3,Converge,Energy,Sigma,gap,L,A1,A3,B1,B2,B3,phiB1,phiB2,phiA3
3x3_1,-0.3,-0.3,True,-0.58170102152463,1.109599947347139e-09,0.001321742428458096,1.0009830095099979,0.5319916276018166,0.3178765267835711,0.20030321829116077,0.42434586572502325,0.2461672346749293,3.1416096486386236,9.124654180794123e-05,-2.8935244860989947e-05
