ans,J2,J3,Converge,Energy,Sigma,gap,L,A1,A3,B1,B2,B3,phiB1,phiB2,phiA3
3x3_1,0.0,0.3,True,-0.5180791441286182,1.5670757727709807e-09,0.0023143875081494915,0.8364312146013085,0.5275800702106261,0.34728026584824184,0.17997831110958395,0.0,0.18269771427248918,3.1415760378316513,0.0,-0.000334292259278365
ans,J2,J3,Converge,Energy,Sigma,gap,L,A1,A2,B1,B2,B3,phiB1,phiA2,phiB2
q0_1,0.0,0.3,True,-0.45761090616108885,1.9967690867562624e-11,0.0052897120326970025,0.67761735742887,0.5047562192538531,0.0,0.15015034177068035,0.0,0.15116467085700347,3.141556078454264,0.0,0.0
ans,J2,J3,Converge,Energy,Sigma,gap,L,A1,A2,A3,B1,B2,phiA1,phiB1,phiA2,phiB2
cb1,0.0,0.3,True,-0.5110176560717659,3.565030717983907e-10,0.004802817253811349,0.825934862239492,0.5169582669246436,0.0,0.41337652407005865,0.1933135628274181,0.0,1.946545080876408,3.1415945672598276,0.0,0.0
