ans,J2,J3,Converge,Energy,Sigma,gap,L,A1,A3,B1,B2,B3,phiB1,phiB2,phiA3
3x3_1,0.14999999999999997,0.22500000000000003,True,-0.47491187298827753,4.463528487245823e-09,0.004043208848300237,0.7274737706919249,0.5223016400445556,0.26409405744812786,0.16103341217632336,0.31808345313774267,0.13638748304597567,3.1413988264376393,-0.00016359698021969365,0.00028532150205793163
ans,J2,J3,Converge,Energy,Sigma,gap,L,A1,A2,B1,B2,B3,phiB1,phiA2,phiB2
q0_1,0.14999999999999997,0.22500000000000003,True,-0.45985061121231424,2.9649758214570264e-09,0.0035059375909123674,0.6917376439760596,0.5144739680676238,0.21016040871839559,0.17599005989010313,0.1808978201780848,0.2210451939311544,3.141398271495121,3.142591140332254,3.142184616475105
ans,J2,J3,Converge,Energy,Sigma,gap,L,A1,A2,A3,B1,B2,phiA1,phiB1,phiA2,phiB2
cb1,0.14999999999999997,0.22500000000000003,True,-0.4738323109751721,2.6651366114500176e-09,0.003107525173485953,0.7335582750107578,0.5185902508456316,0.14299188616639674,0.3330369892550523,0.18289763215237803,0.3066904549617715,1.9410398016380004,3.144283353256321,4.053504367770481,5.273955127615278
