ans,J2,J3,Converge,Energy,Sigma,gap,L,A1,A3,B1,B2,B3,phiB1,phiB2,phiA3
3x3_1,0.22500000000000003,-0.22499999999999998,True,-0.45555775498294493,1.8324271249865674e-09,0.004269145063338196,0.6801392654131231,0.5096312417775546,0.11872793552781194,0.14033185061559333,0.23374947418555914,0.12042967479851444,3.14165691459666,0.0003742721829095537,-0.001291853961946777
ans,J2,J3,Converge,Energy,Sigma,gap,L,A1,A2,B1,B2,B3,phiB1,phiA2,phiB2
q0_1,0.22500000000000003,-0.22499999999999998,True,-0.514979636225902,4.416730039420171e-09,0.001656012708126902,0.8571122968342177,0.5209306131232477,0.37188500624894416,0.22743205141712333,0.22081355935717206,0.3965693218341919,3.1416164344184883,3.141884079015749,3.142459706744478
