ans,J2,J3,Converge,Energy,Sigma,gap,L,A1,A3,B1,B2,B3,phiB1,phiB2,phiA3
3x3_1,0.3,-0.15,True,-0.44830672162492724,1.0669309869418593e-09,0.007643486414850303,0.6617599349683879,0.5042240863280634,0.09501411390087504,0.13185853715805923,0.205726483005235,0.09483130591241279,3.1414862499232408,-0.0002156851226000404,0.0025100555598537183
