ans,J2,J3,Converge,Energy,Sigma,gap,L,A1,A2,B1,B2,B3,phiB1,phiA2,phiB2
q0_1,-0.15,0.22500000000000003,True,-0.46297900017904003,2.7750213227561194e-09,0.004846788803791967,0.6887652407249336,0.5015185931578429,0.11847419319634926,0.14168051396419887,0.17137787677843247,0.14162951208589833,3.141568434778632,3.146097965468508,3.1415705352896963
ans,J2,J3,Converge,Energy,Sigma,gap,L,A1,A2,A3,B1,B2,phiA1,phiB1,phiA2,phiB2
cb1,-0.15,0.22500000000000003,True,-0.5317203181901882,3.9590135029350985e-09,0.002385015069870259,0.8735610388295509,0.5166561493983743,0.11066544159134341,0.4161486287396203,0.19489651855994267,0.35830428313481366,1.9510866775184073,3.1444134087517677,4.196338439821488,5.3021586803002005
ans,J2,J3,Converge,Energy,Sigma,gap,L,A1,A3,B1,B2,B3,phiB1,phiB2,phiA3
3x3_1,-0.15,0.22500000000000003,True,-0.5601649113889172,3.398006751407712e-09,0.0017583392020238753,0.9416235675993069,0.530553580000832,0.3651467350070669,0.19290609409333015,0.4174977836834353,0.21789482699623353,3.1417723795048373,-0.0002609989632276916,-3.3436820040237805e-05
