ans,J2,J3,Converge,Energy,Sigma,gap,L,A1,A3,B1,B2,B3,phiB1,phiB2,phiA3
3x3_1,0.07500000000000001,0.22500000000000003,True,-0.49184546315766087,1.191396209362837e-09,0.0027632621942938504,0.7716188338475639,0.5267772507315779,0.30105429347417867,0.1716446777072974,0.35249029172608143,0.16297079538438236,3.1415931154411996,-0.0008460231989934516,0.00012504922385896946
ans,J2,J3,Converge,Energy,Sigma,gap,L,A1,A2,B1,B2,B3,phiB1,phiA2,phiB2
q0_1,0.07500000000000001,0.22500000000000003,True,-0.45901385733463945,1.7149696049975242e-09,0.003953720025800905,0.6855640075788556,0.5104787648688304,0.17754977243782302,0.16437615551335175,0.1761036322714518,0.190785811251669,3.1413652354002832,3.1432828589444473,3.1433884972769524
ans,J2,J3,Converge,Energy,Sigma,gap,L,A1,A2,A3,B1,B2,phiA1,phiB1,phiA2,phiB2
cb1,0.07500000000000001,0.22500000000000003,True,-0.4857177581991369,6.304410704019154e-09,0.0029097048979116217,0.7629187175543262,0.5190495673649169,0.1405536525452725,0.35958859964479106,0.1864518527492971,0.32311302779164525,1.9482313350651395,3.1430328344529945,4.0509263982097625,5.284489234664433
