ans,J2,J3,Converge,Energy,Sigma,gap,L,A1,A3,B1,B2,B3,phiB1,phiB2,phiA3
3x3_1,0.14999999999999997,0.07500000000000001,True,-0.46911669287015245,1.2435233969238147e-09,0.003561471773996697,0.7128615007085709,0.5211662322622505,0.21636301328594953,0.15778396950005674,0.29664311931399473,0.1378442625630787,3.1415264169602533,-0.00028845625682507773,0.0030153243064471296
ans,J2,J3,Converge,Energy,Sigma,gap,L,A1,A2,B1,B2,B3,phiB1,phiA2,phiB2
q0_1,0.14999999999999997,0.07500000000000001,True,-0.4693058399900699,5.044996821824358e-09,0.002456927559771521,0.7237666995462965,0.5200033377404276,0.2614838739360668,0.19326133150702168,0.19486272503370994,0.2802516455450371,3.1413879702540735,3.1418153693676505,3.1423516430949046
ans,J2,J3,Converge,Energy,Sigma,gap,L,A1,A2,A3,B1,B2,phiA1,phiB1,phiA2,phiB2
cb1,0.14999999999999997,0.07500000000000001,True,-0.4614087016652774,2.010119474372929e-09,0.005065625198519932,0.6941717111307961,0.5139636323593569,0.1108164169453603,0.24065549495873703,0.16560001382261158,0.2588993619502946,1.9537940323797485,3.1432198667309104,4.075113993040625,5.24995966557077
