ans,J2,J3,Converge,Energy,Sigma,gap,L,A1,A3,B1,B2,B3,phiB1,phiB2,phiA3
3x3_1,0.0,0.14999999999999997,True,-0.5069543489880861,5.583539404979561e-10,0.002151293235023587,0.8119216377201757,0.5303986982941293,0.31109885618319627,0.18022130107903223,0.0,0.18707913435669912,3.141661372016074,0.0,1.4011276923239177e-05
ans,J2,J3,Converge,Energy,Sigma,gap,L,A1,A2,B1,B2,B3,phiB1,phiA2,phiB2
q0_1,0.0,0.14999999999999997,True,-0.46191263425234036,2.0874031521186955e-10,0.0037281646162792594,0.6918305225759569,0.509436562645549,0.0,0.16091603586017325,0.0,0.18886078246868296,3.141506855142711,0.0,0.0
ans,J2,J3,Converge,Energy,Sigma,gap,L,A1,A2,A3,B1,B2,phiA1,phiB1,phiA2,phiB2
cb1,0.0,0.14999999999999997,True,-0.48927562387569934,8.132195212530561e-10,0.005952521681363467,0.7679733806952389,0.5190137548763484,0.0,0.3439828153166321,0.18334627689783214,0.0,1.9594432840087461,3.141631628562756,0.0,0.0
