ans,J2,J3,Energy,Sigma,gap,L,A1,A3,B1,B2,B3
3x3,0.0,0.14999999999999997,-0.48094021666359765,3.9957840936418476e-11,0.005558772990945158,0.7435773470716793,0.5177723319795897,0.306959847535353,0.18338558011001868,0.0,0.11858909899371693
A1,A3,B1,B2,B3
0.9136025269640413,1.2295719997723609,-2.591815650987428,0.0,-5.558220550483384
ans,J2,J3,Energy,Sigma,gap,L,A1,A2,B1,B2,B3
q0,0.0,0.14999999999999997,-0.46063247046191946,9.099809168070716e-10,0.0042059557602640765,0.6892380849553034,0.5105748506309209,0.0,0.16593188285921875,0.0,0.1945441087735407
A1,A2,B1,B2,B3
16.533940883078913,-0.0,-5.740574682278066,0.0,-24.569402068408408
ans,J2,J3,Energy,Sigma,gap,L,A1,A2,A3,B1,B2,phiA1
cb1,0.0,0.14999999999999997,-0.48644428702692044,2.7052726963121743e-10,0.004140050128510515,0.7622911620384829,0.5190847190292975,0.0,0.3531209229251093,0.18862731135279778,0.0,1.9383195689519293
A1,A2,A3,B1,B2,phiA1
4.324651747822372,0.0,5.322298157750538,-9.836131908969037,0.0,0.0011258255117052585
