ans,J2,J3,Energy,Sigma,gap,L,A1,A3,B1,B2,B3
3x3,0.07500000000000001,0.14999999999999997,-0.4657466593043273,1.8180700644777437e-09,0.015793651441338243,0.7017491909116765,0.5137494123871476,0.26315508666341164,0.17000820760047294,0.29870883499610856,0.09401872454425368
A1,A3,B1,B2,B3
13.307577262366976,1.9287349495300532,-16.06464961056986,-13.664958053993814,-34.53193286873102
ans,J2,J3,Energy,Sigma,gap,L,A1,A2,B1,B2,B3
q0,0.07500000000000001,0.14999999999999997,-0.46102925439918546,3.558711189288612e-09,0.0038344001426534246,0.694135522800561,0.5145435306314783,0.20253492483351257,0.17641571543204046,0.18266130861921945,0.22188514640240023
A1,A2,B1,B2,B3
28.52112990225919,7.825462500221647,-6.1046168120526545,-28.192559398121375,-43.0340763024617
ans,J2,J3,Energy,Sigma,gap,L,A1,A2,A3,B1,B2,phiA1
cb1,0.07500000000000001,0.14999999999999997,-0.4825024507341763,1.4121397954364757e-08,0.004532575707651498,0.7514006347572028,0.5185973046552348,0.04941801104041449,0.34171949436279636,0.18594841473531004,0.16555578300862772,1.9342437309483846
A1,A2,A3,B1,B2,phiA1
29.205082796579518,8.579248422790897,9.980682946775232,-24.76674421103553,-96.4481827736563,0.0056387941782531925
