ans,J2,J3,Energy,Sigma,gap,L,A1,A3,B1,B2,B3
3x3,0.07500000000000001,-0.07500000000000001,-0.4566724942612359,3.426367421846566e-10,0.021461363243440373,0.6762418898688279,0.5093101089225542,0.18040539946508646,0.15916284590334592,0.2527571671747137,0.08706605825458544
A1,A3,B1,B2,B3
8.093359316063697,-8.72102390303553,-12.325862552842182,-5.560607529986328,4.269751219254658
ans,J2,J3,Energy,Sigma,gap,L,A1,A2,B1,B2,B3
q0,0.07500000000000001,-0.07500000000000001,-0.47703249541916104,1.6090463998973916e-09,0.00249248169469355,0.7473966287376093,0.5221431670399697,0.27696252055736426,0.20092246313562834,0.20280663373335941,0.3089240695715909
A1,A2,B1,B2,B3
10.716871834404174,17.86093495326213,-21.461832311331364,-14.104828416350301,22.707391522658327
