ans,J2,J3,Energy,Sigma,gap,L,A1,A3,B1,B2,B3
3x3,-0.3,0.3,-0.5917461468038311,2.37425673861157e-09,-0.0010296607658857228,1.0140268240682637,0.5150076564693762,0.42352508078614126,0.2157576950493939,0.42848245262846607,0.1789217806735086
A1,A3,B1,B2,B3
3.3549829581147605,17.360113346853723,-24.620083749482546,35.68645379203872,-13.48909872689319
ans,J2,J3,Energy,Sigma,gap,L,A1,A2,B1,B2,B3
q0,-0.3,0.3,-0.46516895043994977,6.155461200078381e-10,0.0058232050091323265,0.6910334310907045,0.4971532043342149,0.09472365375893492,0.13555559953076976,0.17018359718604273,0.12120562203357314
A1,A2,B1,B2,B3
20.017987267806348,-6.0408900104391705,-1.1523559884096812,11.357859097671508,-6.928568829778214
ans,J2,J3,Energy,Sigma,gap,L,A1,A2,A3,B1,B2,phiA1
cb1,-0.3,0.3,-0.5315908498700059,1.6996626335648825e-09,0.0009572451431783426,0.8777300818004795,0.5152604227052776,0.043406069528546254,0.4436370172581082,0.20326351671367276,0.20536555755352054,1.9118186075855923
A1,A2,A3,B1,B2,phiA1
5.2976512066038595,-0.9746647933184249,33.36630971517707,-11.766254637279872,9.00834962180852,0.0018377753363552074
