ans,J2,J3,Energy,Sigma,gap,L,A1,A3,B1,B2,B3
3x3,0.14999999999999997,0.3,-0.46272772067080176,3.679163896147226e-10,0.043205506385874524,0.694644304367269,0.5095244392625067,0.2895347003687281,0.16329729478045246,0.2978521243662977,0.07546177969764273
A1,A3,B1,B2,B3
10.145051465570987,6.558420473368187,-13.69127033967743,-5.10880227011512,-2.903566276302172
ans,J2,J3,Energy,Sigma,gap,L,A1,A2,B1,B2,B3
q0,0.14999999999999997,0.3,-0.4553362824149369,1.4556008163502243e-09,0.004901057016029232,0.6780823439861622,0.5125798870314389,0.18992880808506385,0.17292386121378026,0.17515448205227754,0.19964265669910003
A1,A2,B1,B2,B3
7.491618436716863,32.28328715465523,-8.74667005490437,-8.12788725212954,-14.652612456700354
