ans,J2,J3,Energy,Sigma,gap,L,A1,A3,B1,B2,B3
3x3,0.14999999999999997,-0.15,-0.44746556411770627,1.2728673128032535e-09,0.05751679573494061,0.6526807597648681,0.5020831906746595,0.1231898305254746,0.14487501690851895,0.2092474075230567,0.06761528841502314
A1,A3,B1,B2,B3
3.516964497407571,-27.681079650676566,-4.167499678686681,-21.007806605410906,5.963229909866641
ans,J2,J3,Energy,Sigma,gap,L,A1,A2,B1,B2,B3
q0,0.14999999999999997,-0.15,-0.4931896114138328,9.867739992871274e-09,0.0021648863586881365,0.7982231154229079,0.5240053849629603,0.33280057315005884,0.21849321272955213,0.21380858055182309,0.3647812164653668
A1,A2,B1,B2,B3
80.18630204276178,9.21618337201835,-53.54594545536884,-20.283663637599147,8.623435299170978
ans,J2,J3,Energy,Sigma,gap,L,A1,A2,A3,B1,B2,phiA1
cb1,0.14999999999999997,-0.15,-0.45950411769445165,5.938977388669124e-09,0.02513243491003856,0.6817056134141845,0.5083369982523775,0.030868374233186762,0.18318068848963168,0.15754196443436635,0.09893557094928306,1.8645438031899308
A1,A2,A3,B1,B2,phiA1
45.65614553087016,43.28398750530482,-22.353063844349208,-33.22214725542949,-16.014689574461727,0.001100678772014696
