ans,J2,J3,Energy,Sigma,gap,L,A1,A3,B1,B2,B3
3x3,-0.3,-0.15,-0.5397306849592418,1.452621339796111e-09,-0.001948296737198255,0.8995243348143697,0.5231196034729626,0.3433140102408811,0.214933860373519,0.4031457362161704,0.1821400641686722
A1,A3,B1,B2,B3
10.148770712703481,-1.7329471191374068,-34.46487539804366,12.314482766839774,2.6733060209949144
ans,J2,J3,Energy,Sigma,gap,L,A1,A2,B1,B2,B3
q0,-0.3,-0.15,-0.4764270730910447,4.014563340104947e-09,0.0029917887177107415,0.7262638401796859,0.5060430646100275,0.15621325939060124,0.15617063383543187,0.18970215104286556,0.20131128977183568
A1,A2,B1,B2,B3
15.041357048772852,-23.054724795912307,-1.7035817201360715,9.298839476201692,56.27992516465952
