ans,J2,J3,Energy,Sigma,gap,L,A1,A3,B1,B2,B3
3x3,-0.22499999999999998,0.14999999999999997,-0.5452512220102389,3.0654887959321093e-09,-0.0009947513865970709,0.9089664334962914,0.5203442031752533,0.3848887374699332,0.21142446825799177,0.40895346092352813,0.17079090829569937
A1,A3,B1,B2,B3
16.37756597006046,14.446221996422537,-7.3688832813445515,48.12961140743255,-14.758416710947131
ans,J2,J3,Energy,Sigma,gap,L,A1,A2,B1,B2,B3
q0,-0.22499999999999998,0.14999999999999997,-0.46513671838336906,2.212409963862036e-09,0.004728467048424078,0.6937459214235848,0.5016973220713811,0.1207426427510178,0.14517782972828036,0.17492262845121004,0.1490527019587678
A1,A2,B1,B2,B3
31.15591118429961,-10.238976333454275,-2.3503976542826877,18.91437007017771,-27.81375130211927
