ans,J2,J3,Energy,Sigma,gap,L,A1,A3,B1,B2,B3
3x3,0.07500000000000001,-0.22499999999999998,-0.4538510994387674,1.4922562389043397e-09,0.02285818712919635,0.6690347479275658,0.5060666880308464,0.14491293317896792,0.1535657467945875,0.23251360810432598,0.08517853493601012
A1,A3,B1,B2,B3
31.25333325471047,-13.923917574487632,-5.9293681076155735,-13.495982109645865,10.213274670434203
ans,J2,J3,Energy,Sigma,gap,L,A1,A2,B1,B2,B3
q0,0.07500000000000001,-0.22499999999999998,-0.49384394899784534,2.8364891027120404e-10,0.0020695031511911125,0.7986124322565571,0.5237411147401152,0.3201448671019366,0.21450842908136258,0.21391060930389036,0.35745618217854125
A1,A2,B1,B2,B3
4.015565657766729,3.7267966490617255,-10.18229944804716,-8.295031328486857,9.008238599506058
ans,J2,J3,Energy,Sigma,gap,L,A1,A2,A3,B1,B2,phiA1
cb1,0.07500000000000001,-0.22499999999999998,-0.45853379096984853,3.625178130143267e-10,0.035323374781280385,0.6784402132873925,0.5074047799481579,0.029775162571825095,0.17102808101543615,0.15550138573328307,0.10247690397769835,1.915336389984368
A1,A2,A3,B1,B2,phiA1
3.9158676301553896,6.066258606551855,-6.0389471201460765,-11.902812069308766,-0.3168576512280197,0.0011495133056538265
