ans,J2,J3,Energy,Sigma,gap,L,A1,A3,B1,B2,B3
3x3,-0.07500000000000001,-0.07500000000000001,-0.4826477082137819,3.177127321666859e-09,0.0024791821241665177,0.7489328586226984,0.5198986129963672,0.27161609861560226,0.18760014763450958,0.33264420487619145,0.1347829394369484
A1,A3,B1,B2,B3
38.17779425929757,-25.425328509243172,-5.16264808680944,6.333156221671743,31.72340168333676
ans,J2,J3,Energy,Sigma,gap,L,A1,A2,B1,B2,B3
q0,-0.07500000000000001,-0.07500000000000001,-0.47111438524742,2.71261755597049e-09,0.002903490374972677,0.7206253954924046,0.5148032835712854,0.2079840784141392,0.17666642524560472,0.19214453623774055,0.24304782455333726
A1,A2,B1,B2,B3
17.600199075928913,-15.459244995241761,-27.975233241051,31.82715202498798,19.19064906985568
ans,J2,J3,Energy,Sigma,gap,L,A1,A2,A3,B1,B2,phiA1
cb1,-0.07500000000000001,-0.07500000000000001,-0.469391593572344,1.013317940239713e-09,0.012120727760975412,0.7099631716295575,0.5147852131709406,0.03698367658799969,0.24853655657562268,0.17158540589817875,0.14378426198455668,1.9913985183254845
A1,A2,A3,B1,B2,phiA1
6.160405519040069,-15.424217458814837,-10.090261959305735,-1.3485879080121776,25.149715643379977,0.00011491680329545062
