ans,J2,J3,Energy,Sigma,gap,L,A1,A3,B1,B2,B3
3x3,-0.3,-0.07500000000000001,-0.5464535333368347,2.063640809705089e-09,-0.0017369186024789088,0.9158072366000891,0.5227502277647496,0.3575709839344076,0.21608975611874046,0.4090523534512108,0.1824789529591844
A1,A3,B1,B2,B3
1.003974681168529,-26.015856136041293,-12.204237620494496,31.511238063330893,15.617507287402077
ans,J2,J3,Energy,Sigma,gap,L,A1,A2,B1,B2,B3
q0,-0.3,-0.07500000000000001,-0.47364519847218284,1.65512011495449e-09,0.003356500700213392,0.7174553870981996,0.5041814882332123,0.14219655906533424,0.15139002282944702,0.1856155512356229,0.18364324604475588
A1,A2,B1,B2,B3
22.47413366518458,-13.687162514486317,-7.456812944894864,13.422596367718143,26.961544108417
