ans,J2,J3,Energy,Sigma,gap,L,A1,A3,B1,B2,B3
3x3,0.3,-0.15,-0.4371066002544075,6.878092416710857e-12,0.08917445736110534,0.6297697947286478,0.49367345149442404,0.06844475497738498,0.12959838851567163,0.16510820335867166,0.04686371922387189
A1,A3,B1,B2,B3
2.1327384303049257,-0.8506528814677949,-0.9424128144530641,-0.7767675391789908,0.33822944445205394
ans,J2,J3,Energy,Sigma,gap,L,A1,A2,B1,B2,B3
q0,0.3,-0.15,-0.5179736942821989,1.8519078740643044e-11,0.002133622648142601,0.8636783120826208,0.5203425992273615,0.38459058391510237,0.23236659533988047,0.2210647102645819,0.40842203120479476
A1,A2,B1,B2,B3
3.437139461937022,0.7678302438307583,-0.545785638905727,-2.316258296275464,0.6727951529228449
