ans,J2,J3,Energy,Sigma,gap,L,A1,A3,B1,B2,B3
3x3,-0.07500000000000001,-0.22499999999999998,-0.47588197113487696,1.4298650512549853e-10,0.0026925074654603914,0.7299250553028945,0.5172440320148481,0.22964466455393462,0.18095651046809977,0.3089081886213474,0.13064208983045617
A1,A3,B1,B2,B3
5.26323429284048,-7.497003018386295,-4.520606111668712,0.7809308755213351,6.167177879490282
ans,J2,J3,Energy,Sigma,gap,L,A1,A2,B1,B2,B3
q0,-0.07500000000000001,-0.22499999999999998,-0.4820787405397625,3.0509365979552537e-09,0.0022665689598236204,0.756526918103055,0.5193814035242715,0.25375744620310275,0.1921157719738918,0.20412886054942145,0.2964406283678192
A1,A2,B1,B2,B3
22.875923377796425,-6.012523812159998,-27.695068460786842,1.8105517085587053,41.48714705110024
