ans,J2,J3,Energy,Sigma,gap,L,A1,A3,B1,B2,B3
3x3,-0.22499999999999998,0.07500000000000001,-0.5367736358905161,5.214116452586568e-10,-0.0011411866431130257,0.8897639100402507,0.5218113653718561,0.3692946079491095,0.21110723899909192,0.4035690049060928,0.17115453715884177
A1,A3,B1,B2,B3
7.792766432146436,6.875500169201132,-11.003309374757464,15.584311618965785,-7.033373883302829
ans,J2,J3,Energy,Sigma,gap,L,A1,A2,B1,B2,B3
q0,-0.22499999999999998,0.07500000000000001,-0.4669661147770239,3.303363063738231e-09,0.00418110777133656,0.699554319358116,0.50338487997731,0.1317927066733788,0.14888292027394878,0.1784090154593188,0.1632333994277723
A1,A2,B1,B2,B3
10.515144310829783,-11.671441590976883,-34.56118724542989,22.914337094448456,-36.565417360634456
