ans,J2,J3,Energy,Sigma,gap,L,A1,A3,B1,B2,B3
3x3,-0.22499999999999998,-0.3,-0.5069988278272866,1.9628071187524224e-09,-0.001702433061326718,0.8147804744172257,0.5221126207160744,0.286201294167717,0.2025341026396922,0.36534633783720266,0.16669039516150444
A1,A3,B1,B2,B3
16.643908473668034,-8.32911517534285,-29.815705460123354,9.321321492450352,25.30908815856492
ans,J2,J3,Energy,Sigma,gap,L,A1,A2,B1,B2,B3
q0,-0.22499999999999998,-0.3,-0.48389555546456975,3.402477881564194e-09,0.002274159138194769,0.7540006915974551,0.5138556401073462,0.21449094439006317,0.17720945520320253,0.2013882483664563,0.26486693648170234
A1,A2,B1,B2,B3
20.346613283095394,-34.883873567537194,-16.299295246824386,28.333335677643845,26.517232853962014
ans,J2,J3,Energy,Sigma,gap,L,A1,A2,A3,B1,B2,phiA1
cb1,-0.22499999999999998,-0.3,-0.46697351159495526,2.482859752667783e-05,0.1096102830043064,0.698634605421975,0.5050829120591311,0.02680055735946938,0.14312336431751357,0.15470470262537342,0.15740409624789214,2.364322210054364
A1,A2,A3,B1,B2,phiA1
29.314384253353865,-89.52605323742091,-777.3262589161334,-81.85663258331033,339.20177777702065,0.4908536320757939
