ans,J2,J3,Energy,Sigma,gap,L,A1,A2,B1,B2,B3
q0,-0.3,0.22500000000000003,-0.46712221568392026,2.714387631312946e-09,0.003120024696047071,0.6949920891918248,0.49869574737134587,0.10225532975207687,0.13772507339863943,0.17258871461216627,0.1319928892722143
A1,A2,B1,B2,B3
2.8980706723302774,-3.8756220455127277,-8.408274076998623,1.2441714325461817,-0.7218670106112768
ans,J2,J3,Energy,Sigma,gap,L,A1,A3,B1,B2,B3
3x3,-0.3,0.22500000000000003,-0.5817724501853948,7.170999800459674e-07,-0.0038429892771147806,0.9949725947481868,0.5175065310956896,0.41351446711204476,0.21770054531910837,0.4284358776190752,0.1824670467957379
A1,A3,B1,B2,B3
5.279443549000007,6.498024340828579,-15.356160787405315,6.294964549624638,-0.11080025785759062
