ans,J2,J3,Energy,Sigma,gap,L,A1,A3,B1,B2,B3
3x3,-0.07500000000000001,-0.15,-0.4784174206332501,4.760854030004647e-09,-0.0024413690575824957,0.7386870324549752,0.5187027919047111,0.2514818128282575,0.18506164327612273,0.3225472419105143,0.13336651820773424
A1,A3,B1,B2,B3
2.9043434324194095,-0.6713518629908322,-5.931921620572211,0.12667644710973036,0.48061554736023027
ans,J2,J3,Energy,Sigma,gap,L,A1,A2,B1,B2,B3
q0,-0.07500000000000001,-0.15,-0.47720834573089166,3.302234372620664e-09,0.001260085040518922,0.7379874468997836,0.5178969843579462,0.23219882054806792,0.18461861070932076,0.19843590669696587,0.2724138024609772
A1,A2,B1,B2,B3
2.917555086412449,-4.102052031385028,-9.325984429153777,4.783284879295024,0.7309708394132031
ans,J2,J3,Energy,Sigma,gap,L,A1,A2,A3,B1,B2,phiA1
cb1,-0.07500000000000001,-0.15,-0.4653552784758878,8.275199278495635e-09,0.01849705183350187,0.6972436245641683,0.5117019941816995,0.03503394634498936,0.2129513347372221,0.16451710229124192,0.13669795291770134,2.0390850372882556
A1,A2,A3,B1,B2,phiA1
3.676337012592512,-0.3388400671155978,-0.4343747583845925,-6.155576048882949,0.2773337115513641,0.03973598117212873
