ans,J2,J3,Energy,Sigma,gap,L,A1,A2,B1,B2,B3
q0,-0.07500000000000001,0.22500000000000003,-0.4601928911392736,1.6002181672721608e-08,0.003100163084542287,0.6819508478539235,0.5054237679473694,0.13867280337585128,0.15272266350263464,0.172009587599851,0.158392587812893
A1,A2,B1,B2,B3
3.2945313144239208,-0.5289102489314246,-7.078782005009998,0.23747670496732098,-0.9487410856934275
ans,J2,J3,Energy,Sigma,gap,L,A1,A3,B1,B2,B3
3x3,-0.07500000000000001,0.22500000000000003,-0.507185734754621,5.9331226207873345e-09,-0.0021308678194453573,0.8129218902846981,0.5185240326152045,0.3644880442234629,0.1967394428927147,0.3784803469598724,0.14121926892398745
A1,A3,B1,B2,B3
6.09778894045121,2.1341817202369384,-2.656208586415687,2.378208741049548,-0.09603429163007604
