ans,J2,J3,Energy,Sigma,gap,L,A1,A3,B1,B2,B3
3x3,0.22500000000000003,-0.15,-0.44090074279298075,2.014489761891383e-08,0.09157490071022925,0.6386739952966807,0.4971221145825013,0.09291224403190837,0.1363012739978295,0.18460185459212167,0.05449596229432834
A1,A3,B1,B2,B3
3.2324698473473745,-0.4881095527764501,-6.987022072024729,-1.8399171075600407,0.26884050541298166
ans,J2,J3,Energy,Sigma,gap,L,A1,A2,B1,B2,B3
q0,0.22500000000000003,-0.15,-0.5059757982594763,1.0878898479141938e-08,0.001011306475097633,0.8309062833522108,0.5234873943894804,0.36244753288393705,0.22667172998454757,0.2181529170820664,0.3913681369965797
A1,A2,B1,B2,B3
20.904056263759685,10.540124328883849,-13.736789483687062,-2.3844259899874487,6.561751142442063
ans,J2,J3,Energy,Sigma,gap,L,A1,A2,A3,B1,B2,phiA1
cb1,0.22500000000000003,-0.15,-0.45830178299462854,6.052743658213311e-09,0.016839971034710934,0.6784605780018378,0.5067812287395864,0.028675433697650538,0.17043026747816226,0.15500438622737966,0.08554691067944109,1.8090507155123154
A1,A2,A3,B1,B2,phiA1
3.4816038940732597,0.6056266599330229,-0.4783395901597487,-6.72184530259301,-1.3476997295924775,0.017950196884441993
