ans,J2,J3,Energy,Sigma,gap,L,A1,A3,B1,B2,B3
3x3,-0.07500000000000001,0.14999999999999997,-0.49930741300649595,1.4813690136484341e-08,-0.0022547236344311037,0.7939460413676185,0.520067471203927,0.3423360014601769,0.19578751926708998,0.3693486126162769,0.14075696925713932
A1,A3,B1,B2,B3
5.03375119365046,7.934652934693531,-3.462563569200938,9.270806344829907,-0.28843594179761567
ans,J2,J3,Energy,Sigma,gap,L,A1,A2,B1,B2,B3
q0,-0.07500000000000001,0.14999999999999997,-0.46228413990800143,1.4781346440403875e-08,0.002529099414824636,0.6887139222239583,0.5076309130992616,0.1525972469430254,0.15749151880727608,0.1761154939644392,0.1761767429644243
A1,A2,B1,B2,B3
3.851974295088212,-0.25318636076576695,-6.882161507348883,0.37309044742528386,-0.5169753514167041
