ans,J2,J3,Energy,Sigma,gap,L,A1,A3,B1,B2,B3
3x3,-0.07500000000000001,0.07500000000000001,-0.4925678573933996,1.8022354324270637e-08,-0.002365794299260983,0.7768815450336072,0.5207141228840751,0.31910245919941893,0.19397853191014638,0.3589635267620452,0.13975446930258545
A1,A3,B1,B2,B3
6.822209464019124,0.10980105713542798,-3.131384040955254,1.8797186029928525,-0.7972511539833249
ans,J2,J3,Energy,Sigma,gap,L,A1,A2,B1,B2,B3
q0,-0.07500000000000001,0.07500000000000001,-0.46488046366202435,6.263321740378467e-09,0.0020830143983648756,0.6972424306521352,0.5100887141232888,0.16904477323892791,0.16312969026011115,0.1810450934983085,0.19665051014250454
A1,A2,B1,B2,B3
3.3325564530173324,-0.5394573676653636,-6.31844576659546,0.08110179194886769,-0.42521541843143495
ans,J2,J3,Energy,Sigma,gap,L,A1,A2,A3,B1,B2,phiA1
cb1,-0.07500000000000001,0.07500000000000001,-0.4819031982745958,2.257971945335897e-08,0.000948156409590785,0.7488655064910272,0.5191726533166338,0.04388768852241219,0.3278455151495365,0.18588205297407281,0.1676412633061389,1.954763394494447
A1,A2,A3,B1,B2,phiA1
3.9438452503759436,-0.464628335805628,2.6287860777074457,-3.3485436645719346,2.7887692155559307,0.1172890895517753
