ans,J2,J3,Energy,Sigma,gap,L,A1,A3,B1,B2,B3
3x3,0.0,0.0,-0.47065984061173205,1.6806443254491488e-09,-0.0007409064029560319,0.7167962738312929,0.5166543351638939,0.0,0.1778004690113262,0.0,0.0
A1,A3,B1,B2,B3
4.128031250161257,-0.0,-5.25574028742426,0.0,0.0
ans,J2,J3,Energy,Sigma,gap,L,A1,A2,B1,B2,B3
q0,0.0,0.0,-0.4689607074229577,6.33852227211967e-10,0.0015716671407136607,0.7145736632455472,0.5168085573342553,0.0,0.18056639559404256,0.0,0.0
A1,A2,B1,B2,B3
4.002020936866302,-0.0,-4.728772928785929,0.0,0.0
ans,J2,J3,Energy,Sigma,gap,L,A1,A2,A3,B1,B2,phiA1
cb1,0.0,0.0,-0.47159503853554646,2.3103941491203344e-09,0.0018161121083252346,0.7182256739730111,0.5164948052260266,0.0,0.0,0.17601300715150925,0.0,1.953911340999608
A1,A2,A3,B1,B2,phiA1
3.4957592376372304,0.0,0.0,-6.003031405299453,0.0,0.09055661776002921
