ans,J2,J3,Energy,Sigma,gap,L,A1,A3,B1,B2,B3
3x3,-0.07500000000000001,-0.07500000000000001,-0.48222358376397445,4.73097616082677e-09,-0.0024457009893264305,0.7492916439921374,0.5199059442608346,0.2734554620741534,0.1884196336155894,0.33498421139043816,0.1361285996728682
A1,A3,B1,B2,B3
4.778399897986674,-0.23236967905404526,-4.329980818340573,0.15365486660812167,0.22537527399890678
ans,J2,J3,Energy,Sigma,gap,L,A1,A2,B1,B2,B3
q0,-0.07500000000000001,-0.07500000000000001,-0.47218034620672567,6.6887446399557675e-09,0.0014679660844006738,0.7214403755993797,0.5153962958884356,0.2093131391197985,0.17688831588016315,0.19228490566665848,0.2453877669176001
A1,A2,B1,B2,B3
3.6033953598746393,-1.2430612095215565,-7.679412661332208,2.0130008770991026,1.845801289590554
ans,J2,J3,Energy,Sigma,gap,L,A1,A2,A3,B1,B2,phiA1
cb1,-0.07500000000000001,-0.07500000000000001,-0.46936209193616046,3.06270203990475e-09,0.0031550485689023243,0.7100369605541532,0.5148354180173885,0.037441045657439165,0.24957047775300434,0.17176539366977228,0.14422135349319049,1.993551897470018
A1,A2,A3,B1,B2,phiA1
3.6891045773757014,-0.3363420653101912,-0.19262369477246466,-5.9467986091021885,0.3115840918610502,0.06846386235714874
