ans,J2,J3,Energy,Sigma,gap,L,A1,A3,B1,B2,B3
3x3,-0.07500000000000001,-0.3,-0.47294139333321994,4.139078823460426e-08,-0.0024199124768673097,0.7233584152911605,0.5155306300049709,0.21277935423719516,0.1783292160532009,0.3001795723706566,0.12942099600862103
A1,A3,B1,B2,B3
3.555711280966989,-1.6152634785271403,-5.821010340412158,0.12734258092450546,0.3959055305813308
ans,J2,J3,Energy,Sigma,gap,L,A1,A2,B1,B2,B3
q0,-0.07500000000000001,-0.3,-0.49062485621344554,1.8967025162951482e-08,0.0009781911605753972,0.7802942372333732,0.5214851667895928,0.27738825109583076,0.19975726084412254,0.2094216544433424,0.32379769618209103
A1,A2,B1,B2,B3
6.690203946391193,-5.112466006096383,-8.294143150067157,1.9106938253798944,6.530886942357483
ans,J2,J3,Energy,Sigma,gap,L,A1,A2,A3,B1,B2,phiA1
cb1,-0.07500000000000001,-0.3,-0.46030975047648476,8.095647126401274e-09,0.09533873658255418,0.6824275720960372,0.5057198634363244,0.032126112845891536,0.1531524522366599,0.15297609485755947,0.13689668101648858,2.2158742435902163
A1,A2,A3,B1,B2,phiA1
3.6975422723628526,-0.3436695372727172,-1.0735301536612951,-5.809241976351132,0.2819411371035585,2.7911006839076435e-05
