ans,J2,J3,Energy,Sigma,gap,L,A1,A2,B1,B2,B3
q0,-0.15,0.3,-0.4605815114727469,2.251227815288365e-09,0.003876520697188442,0.6802623489026375,0.5012566149220751,0.11388295215166455,0.14353017055125508,0.16838711442390375,0.13362924373200333
A1,A2,B1,B2,B3
3.1206703887676213,-1.261046822520484,-7.823020009567472,0.5992428775414282,-1.4004908344134037
ans,J2,J3,Energy,Sigma,gap,L,A1,A3,B1,B2,B3
3x3,-0.15,0.3,-0.5397478141365128,1.0883139996628326e-08,-0.0029209727506955417,0.8914968230019795,0.5164427473752221,0.4023732723510491,0.20497541355854834,0.4049211735506631,0.15715791000562587
A1,A3,B1,B2,B3
3.5732528047560663,5.866418462119327,-5.7022164767772665,0.6510347816401918,-2.2581936320875684
