ans,J2,J3,Energy,Sigma,gap,L,A1,A3,B1,B2,B3
3x3,0.14999999999999997,-0.07500000000000001,-0.44764962887191423,1.5355025127703073e-08,0.05370298383778036,0.6541010022679189,0.5031594730350195,0.13921736444056895,0.14717793640014043,0.21795542290315803,0.06729520306486368
A1,A3,B1,B2,B3
3.405664639188899,-0.18990364836213303,-6.695921594968013,-0.9794387523243131,0.14066525722000733
ans,J2,J3,Energy,Sigma,gap,L,A1,A2,B1,B2,B3
q0,0.14999999999999997,-0.07500000000000001,-0.48518708192291815,2.1899254241568573e-08,0.0011367475167147335,0.772010100778195,0.5245258324686736,0.3149615474863683,0.21286939263340637,0.20887916207531243,0.34501217600546846
A1,A2,B1,B2,B3
11.423417767275623,6.074585279236544,-4.582778601047721,-3.6585179330472783,5.917044632042234
ans,J2,J3,Energy,Sigma,gap,L,A1,A2,A3,B1,B2,phiA1
cb1,0.14999999999999997,-0.07500000000000001,-0.4623942864977646,9.562628458735774e-09,0.004924780737901722,0.6907385293877515,0.5110923001588188,0.03632396459080607,0.21361695487249063,0.16307706401006689,0.11332770127940614,1.8923323481539542
A1,A2,A3,B1,B2,phiA1
3.605948872831277,0.4704014955336788,-0.1836308882730009,-6.421863041339293,-0.7354117315117037,0.05484587783932682
