ans,J2,J3,Energy,Sigma,gap,L,A1,A3,B1,B2,B3
3x3,0.22500000000000003,0.3,-0.45022340279855944,6.3833050195255285e-09,0.08500201534804012,0.662773685669886,0.5057954068811149,0.2408692015038367,0.15278373414291274,0.26303767398910927,0.05735058097355191
A1,A3,B1,B2,B3
3.6107783429883966,0.24091839634365897,-5.907274669425533,-1.3700152123874432,-0.7538414337204813
ans,J2,J3,Energy,Sigma,gap,L,A1,A2,B1,B2,B3
q0,0.22500000000000003,0.3,-0.45805904523815105,6.553781776833619e-09,0.002363011730021304,0.6873824629310494,0.5172611009615474,0.2263722356128923,0.18530182716889476,0.18086320057212535,0.23588894116303888
A1,A2,B1,B2,B3
4.247213691854768,0.7479017405387367,-4.959033184093187,-0.395516952522712,-0.09425793479067579
