ans,J2,J3,Energy,Sigma,gap,L,A1,A3,B1,B2,B3
3x3,-0.15,-0.07500000000000001,-0.5017240507403188,3.0389119289555664e-10,0.004077616660522458,0.801323897051517,0.522952738271414,0.3106833998114431,0.20071529455724055,0.36830370902070875,0.1583322048745218
A1,A3,B1,B2,B3
4.1522341120980855,-5.859090990156801,-5.539568803669681,1.999289622744982,14.752532528916618
ans,J2,J3,Energy,Sigma,gap,L,A1,A2,B1,B2,B3
q0,-0.15,-0.07500000000000001,-0.47090931597784175,6.458540285823117e-11,0.0026474699367777517,0.7159254827674031,0.5108649823063223,0.18095458794517771,0.16656510168017172,0.18880425661360847,0.21780051929927915
A1,A2,B1,B2,B3
5.757561094554831,-1.224631507312779,-4.878653037110325,1.5067391778700312,1.9658719097037647
ans,J2,J3,Energy,Sigma,gap,L,A1,A2,A3,B1,B2,phiA1
cb1,-0.15,-0.07500000000000001,-0.47256352859171447,6.611882416439131e-09,0.01078841558289904,0.718535292060445,0.5158150106705323,0.03719291983252118,0.26043601908185177,0.17472000937589485,0.15247779432704267,2.0139114470354924
A1,A2,A3,B1,B2,phiA1
29.436619808365094,-48.5615991863142,-16.159906746082697,-9.505396469933203,43.508752156640185,3.380284385734455
