ans,J2,J3,Energy,Sigma,gap,L,A1,A3,B1,B2,B3
3x3,0.07500000000000001,0.07500000000000001,-0.46184988184213865,1.0790536317642284e-11,0.015311375252160548,0.6908282667582879,0.5128901686280786,0.2326114014734708,0.1668185144381536,0.28301872704964115,0.09308078703790829
A1,A3,B1,B2,B3
1.8455237338343977,0.6520894935135857,-2.2002955013533665,-1.2451706332683443,-0.7533973445106312
ans,J2,J3,Energy,Sigma,gap,L,A1,A2,B1,B2,B3
q0,0.07500000000000001,0.07500000000000001,-0.46522694179766044,5.686775309532689e-10,0.0027883031463031616,0.7083700041590502,0.5175151314684138,0.22655614541000405,0.18443529570224604,0.18934157916089028,0.2505505144364071
A1,A2,B1,B2,B3
5.566658245470535,17.09571373353924,-5.929479129918036,-13.838985513103808,-4.330147351794267
ans,J2,J3,Energy,Sigma,gap,L,A1,A2,A3,B1,B2,phiA1
cb1,0.07500000000000001,0.07500000000000001,-0.4749605722910861,3.7340090177168655e-09,0.007241317416872696,0.7291123947802478,0.5177474612697505,0.04608210788794314,0.30347849872335736,0.18014974354658203,0.15281765757746166,1.935446039618251
A1,A2,A3,B1,B2,phiA1
13.804291043584271,15.022094679295606,53.115511988721664,-11.312617509418033,-11.95377130613906,1.5022039168144372
