ans,J2,J3,Energy,Sigma,gap,L,A1,A3,B1,B2,B3
3x3,0.22500000000000003,0.3,-0.45092948186102366,1.634879114831847e-08,0.08574787113463221,0.6634004443705814,0.5060620561456551,0.24016039767646924,0.15257544398519862,0.2624508301339912,0.05832871576625492
A1,A3,B1,B2,B3
13.905154805371467,80.78560043145444,-88.71520185138593,-27.323532325596034,-31.814495482507255
ans,J2,J3,Energy,Sigma,gap,L,A1,A2,B1,B2,B3
q0,0.22500000000000003,0.3,-0.45703605270001696,2.930641252327375e-09,0.0036919302792284415,0.6866280435676897,0.5166907547723852,0.22495365552093982,0.18512321388010505,0.180827765551894,0.23390360450734926
A1,A2,B1,B2,B3
3.1977753778278384,32.63556092036879,-25.15337937936124,-22.148061162852173,-27.057467377744615
ans,J2,J3,Energy,Sigma,gap,L,A1,A2,A3,B1,B2,phiA1
cb1,0.22500000000000003,0.3,-0.49564537199829106,4.537917405915074e-09,0.005235656584707506,0.7878085362148266,0.5168211489411976,0.06673065577966064,0.39995293562600875,0.19205883843094287,0.1813417012648668,1.956913316829616
A1,A2,A3,B1,B2,phiA1
29.58477907100132,20.946910872510216,24.427571077012544,-49.264925472414234,-9.228062758381839,1.0723288923486505
