ans,J2,J3,Energy,Sigma,gap,L,A1,A3,B1,B2,B3
3x3,0.0,-0.15,-0.4654617546585134,1.807452517030436e-09,0.00830662814189763,0.7010125678628872,0.5139659525194317,0.20684305050698165,0.1707562586190125,0.0,0.11177898482867743
A1,A3,B1,B2,B3
8.395228956459277,-1.3813394872386198,-40.55777935718652,0.0,9.493739128174639
ans,J2,J3,Energy,Sigma,gap,L,A1,A2,B1,B2,B3
q0,0.0,-0.15,-0.47922774854994576,5.030548769418901e-10,0.0020211673475727587,0.7511465597617575,0.5209069103842546,0.0,0.1964258273342206,0.0,0.30221925611642597
A1,A2,B1,B2,B3
14.672929538050994,-0.0,-16.842971461983325,0.0,2.018496481070997
ans,J2,J3,Energy,Sigma,gap,L,A1,A2,A3,B1,B2,phiA1
cb1,0.0,-0.15,-0.46303397043645406,1.499209113635856e-09,0.021607509224268122,0.6912265678467697,0.5110732291602277,0.0,0.20636194168786554,0.16276748842681465,0.0,1.9798355846444144
A1,A2,A3,B1,B2,phiA1
35.13778157326897,0.0,-5.56465984402621,-3.666622561127042,0.0,1.4836976092169605
