ans,J2,J3,Energy,Sigma,gap,L,A1,A3,B1,B2,B3
3x3,-0.15,0.14999999999999997,-0.5219801875240885,6.645291689269188e-09,0.004111303214678883,0.8513138530240622,0.5212330433601012,0.36799552564931043,0.20540546329848264,0.39393945268866287,0.1610339296678665
A1,A3,B1,B2,B3
43.52607163582434,12.03359634160961,-63.476113254523625,10.90294521333135,-21.397994487415417
ans,J2,J3,Energy,Sigma,gap,L,A1,A2,B1,B2,B3
q0,-0.15,0.14999999999999997,-0.46298708480245504,1.5141411172077087e-09,0.0040199195226639515,0.6900414531265793,0.504207773082797,0.13431230578976516,0.15071743115554084,0.1751394191216071,0.15959856982557485
A1,A2,B1,B2,B3
2.529143561247338,-9.087619545766756,-16.927292900703605,23.71247642685148,-24.00718512873823
ans,J2,J3,Energy,Sigma,gap,L,A1,A2,A3,B1,B2,phiA1
cb1,-0.15,0.14999999999999997,-0.4958269246140691,3.017327787139833e-11,0.005134103032100495,0.7876966885430962,0.5198385005664378,0.04511245774122369,0.376354465383635,0.19426269516111264,0.18441696359106727,1.942915450427311
A1,A2,A3,B1,B2,phiA1
0.379363207514416,-1.5716317136593716,0.34228175849193576,-5.124789481669723,0.5914158052178209,0.0910460595804352
