ans,J2,J3,Energy,Sigma,L,A1,A2,A3,B1,B2,phiA1
cb1,0.0,-0.025,-0.4696461530916166,4.464286657632775e-12,0.7117671092046508,0.515251096597743,0.0,0.2594388298155513,0.172684039862151,0.0,1.9632636062154107
A1,A2,A3,B1,B2,phiA1
3.779920820152996,0.0,-0.05268008251835829,-5.798972413522703,0.0,0.08067377876861109
ans,J2,J3,Energy,Sigma,L,A1,A3,B1,B2,B3
3x3,0.0,-0.025,-0.46937483123056933,3.46351279250136e-12,0.7131397622459099,0.5161133111346679,0.24452490163517682,0.17634495914491718,0.0,0.11274033683436754
A1,A3,B1,B2,B3
3.7768121956845686,-0.052235993307059296,-5.632549982127107,0.0,0.049349413444489516
ans,J2,J3,Energy,Sigma,L,A1,A2,B1,B2,B3
q0,0.0,-0.025,-0.47054011418213876,1.0387653143395137e-11,0.7198939059802186,0.5177054242119585,0.0,0.18324425906641229,0.0,0.2576678996289869
A1,A2,B1,B2,B3
3.6275427100488735,-0.0,-6.290412635036498,0.0,-0.13433698597937538
