ans,J2,J3,Energy,Sigma,L,A1,A2,A3,B1,B2,phiA1
cb1,0.24000000000000005,0.18,-0.47846469976564576,9.491998998282894e-12,0.7406992459549668,0.5175000023747217,0.05930791965074535,0.33344097431501,0.1829225156505966,0.15764415672994123,1.9352772849415625
A1,A2,A3,B1,B2,phiA1
3.869460307933116,0.3377298440902971,0.4667377595514823,-5.48927570079554,-1.687761042078632,0.12061187604247031
ans,J2,J3,Energy,Sigma,L,A1,A3,B1,B2,B3
3x3,0.24000000000000005,0.18,-0.44300811158980247,0.0030349107723019186,0.6570406088190011,0.5072110566799795,0.2810439221975012,0.16000000002870915,0.22086205358580294,0.023178763064624738
A1,A3,B1,B2,B3
3.5800251646035224,0.2053357484282539,-6.119105222680793,-1.6061041386169548,-0.4141131881830345
