ans,J2,J3,Energy,Sigma,L,A1,A2,A3,B1,B2,phiA1
cb1,0.02999999999999997,-0.06,-0.46652405852521395,1.153583138309322e-11,0.7027149968350378,0.5139613426949968,0.038034333939061166,0.24106466383638933,0.16929449601236995,0.1333850756326247,1.9496448201621048
A1,A2,A3,B1,B2,phiA1
3.7062575233044854,0.114575016141087,-0.13977707880390713,-6.083633596706216,-0.12423395645185828,0.07095907750262162
ans,J2,J3,Energy,Sigma,L,A1,A3,B1,B2,B3
3x3,0.02999999999999997,-0.06,-0.4628374498348784,1.1881261840142185e-11,0.6948192269163319,0.5132040034772148,0.21421983965547287,0.16888886941633507,0.28126650232744704,0.10207625252041339
A1,A3,B1,B2,B3
3.7854719361157296,-0.09015010959688023,-5.966616089914206,-0.08465450562749885,0.11401990462877551
ans,J2,J3,Energy,Sigma,L,A1,A2,B1,B2,B3
q0,0.02999999999999997,-0.06,-0.4742615742484608,1.66253018792841e-11,0.7335983274852271,0.5204398632239373,0.2516151509543163,0.19204295213086392,0.19817254431393286,0.28471042981897005
A1,A2,B1,B2,B3
3.454458940538982,-0.051070259138324844,-4.456102153805396,-0.16509016376601268,-0.12545520178239172
