ans,J2,J3,Energy,Sigma,L,A1,A2,A3,B1,B2,phiA1
cb1,0.3,0.21000000000000002,-0.4793412609239499,2.43620498008808e-11,0.7434557043634538,0.5170341909369023,0.06604472959775746,0.34049598818563587,0.18327252834785265,0.1586082412884181,1.944025357275887
A1,A2,A3,B1,B2,phiA1
2.366218331984809,0.5870859354206085,0.2888800310389601,-5.714095863287925,-1.5293322163756469,0.12350159783766247
ans,J2,J3,Energy,Sigma,L,A1,A3,B1,B2,B3
3x3,0.3,0.21000000000000002,-0.4374015402535216,0.0065060670303131295,0.6472895418088602,0.5057161888497258,0.2880772234595162,0.16000000001055434,0.20758456452501095,0.012499243485632198
A1,A3,B1,B2,B3
3.5502711883377804,0.2023381462390553,-6.12510042701393,-2.187416914197875,-0.4886091531405122
