ans,J2,J3,Energy,Sigma,L,A1,A2,A3,B1,B2,phiA1
cb1,-0.02999999999999997,0.02999999999999997,-0.47536898608595246,2.765007447379704e-11,0.7296048050741751,0.517850028001233,0.042292598769149675,0.29728418194616973,0.18023709179501812,0.15572154469293686,1.9549718924447657
A1,A2,A3,B1,B2,phiA1
5.26567678260721,0.6959988141361185,0.9805489753469768,-4.135247699698273,1.041167152462491,0.10223163426939491
ans,J2,J3,Energy,Sigma,L,A1,A3,B1,B2,B3
3x3,-0.02999999999999997,0.02999999999999997,-0.47853848262418486,1.57773006513184e-11,0.7388036608145592,0.5188341439904133,0.28178830549783024,0.18482362930709798,0.33083195183623926,0.1253310264184493
A1,A3,B1,B2,B3
3.9303005296858307,-0.3392841563247692,-5.681122239455708,0.1211253319998099,-0.5488942633583446
ans,J2,J3,Energy,Sigma,L,A1,A2,B1,B2,B3
q0,-0.02999999999999997,0.02999999999999997,-0.4668328121171922,7.684906843954933e-12,0.7059494463987924,0.5140205652002038,0.1965173905914795,0.17297997831248557,0.1864220486726887,0.22546312446670547
A1,A2,B1,B2,B3
3.1493141429714733,-0.14671597269984876,-7.611744567754811,0.11907141938750485,-0.06411537967019516
