ans,J2,J3,Energy,Sigma,L,A1,A2,A3,B1,B2,phiA1
cb1,0.06,-0.21,-0.45928341228986513,0.00014440711401371854,0.6823878845513832,0.5090505763217946,0.03695282700904452,0.16574301257640428,0.16000000002006692,0.0893889207752069,1.8947507467032536
A1,A2,A3,B1,B2,phiA1
3.538946913484588,0.2145505995083801,-0.7413514246712629,-6.559586207348479,-0.2655653474900719,0.03797752667909341
ans,J2,J3,Energy,Sigma,L,A1,A3,B1,B2,B3
3x3,0.06,-0.21,-0.4550730847713203,0.0001081684844857062,0.6767556730020198,0.5084789923397719,0.15097688913184912,0.16000000017284996,0.2231811676259537,0.10009472997636765
A1,A3,B1,B2,B3
3.4834912726280267,-0.7253087020061534,-6.734279800642052,-0.31158409185209035,0.3353428645872595
