ans,J2,J3,Energy,Sigma,L,A1,A2,A3,B1,B2,phiA1
cb1,0.12,0.24000000000000005,-0.4922701550401747,2.205349158847319e-11,0.7791658250757548,0.5182571009884452,0.05716862512056016,0.38404259537778623,0.1915879512648288,0.1788674255928457,1.9425898742316723
A1,A2,A3,B1,B2,phiA1
3.5718095150151847,-1.1598499938235811,-1.2854162179084352,-7.330691609079316,-2.1908030945492465,0.14315405527688918
ans,J2,J3,Energy,Sigma,L,A1,A3,B1,B2,B3
3x3,0.12,0.24000000000000005,-0.46295568247682917,8.95831205096495e-12,0.6958144872408887,0.5112074857094082,0.27718713770173614,0.16622220388469128,0.29778877512284935,0.08186423050287908
A1,A3,B1,B2,B3
3.6580183320696977,0.2964850587255551,-5.944800207480971,-0.6106781746938461,-0.6006306563210083
ans,J2,J3,Energy,Sigma,L,A1,A2,B1,B2,B3
q0,0.12,0.24000000000000005,-0.4584555037228726,1.739549536493324e-11,0.6847204890852328,0.5139346103881256,0.19598888456534191,0.17436750753477914,0.17813095130026982,0.21015351118562164
A1,A2,B1,B2,B3
3.992084441009527,0.22809532040245128,-5.653977286189065,-0.5304090500283294,-0.6590283873978832
