ans,J2,J3,Energy,Sigma,L,A1,A2,A3,B1,B2,phiA1
cb1,0.14999999999999997,-0.15,-0.45949491357734407,7.622394765995015e-05,0.6833174481166098,0.509230529033318,0.03651356342222596,0.17088506534027997,0.16000000009338725,0.09862935521307431,1.8856763074596294
A1,A2,A3,B1,B2,phiA1
3.531286374614261,0.46440629119980487,-0.4680700271685063,-6.625477944225875,-0.7671641100143486,0.04070835335500072
ans,J2,J3,Energy,Sigma,L,A1,A3,B1,B2,B3
3x3,0.14999999999999997,-0.15,-0.4475327694556593,0.0028465386375878424,0.6634610104499837,0.5073274160965167,0.0710703672372538,0.16000000006165316,0.18573471408288972,0.1279736701825501
A1,A3,B1,B2,B3
3.4139358001462843,-0.4549138843397029,-6.888267733779306,-0.994815341186765,0.2587929870470481
