ans,J2,J3,Energy,Sigma,L,A1,A2,A3,B1,B2,phiA1
cb1,-0.12,-0.21,-0.46454334229622346,3.6169523359332998e-09,0.6937542754098616,0.5092490967986449,0.03340064975659986,0.18807693187424193,0.1600001457932873,0.14101577458532952,2.1402103294793187
A1,A2,A3,B1,B2,phiA1
3.704370143339986,-0.5890288257136986,-0.662248034205964,-5.9205418343936325,0.43276493501003205,0.01630248713787896
ans,J2,J3,Energy,Sigma,L,A1,A3,B1,B2,B3
3x3,-0.12,-0.21,-0.48540564074367853,6.315103370505806e-12,0.758113210454134,0.5199856916419935,0.26013435092427245,0.1904987711565152,0.335595001648967,0.1446799385014883
A1,A3,B1,B2,B3
4.062861158833168,-0.3878009025007915,-6.081024572598424,-0.3899103262475751,0.29731772598577005
ans,J2,J3,Energy,Sigma,L,A1,A2,B1,B2,B3
q0,-0.12,-0.21,-0.4804456268922558,1.0065437292186641e-11,0.7460517954413498,0.5173575642117983,0.23142403582104717,0.1838446610444011,0.2004138625612449,0.27550821675062576
A1,A2,B1,B2,B3
4.183098312406507,-2.979283486658341,-6.8419714340336695,-3.609001986241948,-3.2409630538390934
