ans,J2,J3,Energy,Sigma,L,A1,A2,A3,B1,B2,phiA1
cb1,0.3,0.02999999999999997,-0.4643292082413276,2.3448158963414045e-11,0.6975705726307662,0.512041535394158,0.04683861992092975,0.235564995179589,0.1660470255596807,0.1146208743225437,1.8692319694216284
A1,A2,A3,B1,B2,phiA1
3.614664123768009,0.7380762667693277,0.05434541705378404,-6.340095115386996,-1.7971735211083777,0.06274939456944789
ans,J2,J3,Energy,Sigma,L,A1,A3,B1,B2,B3
3x3,0.3,0.02999999999999997,-0.4186559522523809,0.011341529007473252,0.6408060854384556,0.5043653132002386,0.9371688379016049,0.16000000003432024,0.170660008380882,3.2190865528633875e-09
A1,A3,B1,B2,B3
3.455236096656567,0.054012350152457284,-6.422862241862884,-2.4358293160858264,-0.06150635556423367
