ans,J2,J3,Energy,Sigma,L,A1,A2,A3,B1,B2,phiA1
cb1,0.3,-0.09,-0.4591401902667382,0.00014601571622899697,0.6835018282433476,0.5088288798978554,0.04904823543809244,0.15096106743521898,0.16000000006328804,0.09650774420669243,1.8889988954779435
A1,A2,A3,B1,B2,phiA1
3.4896530111886936,0.6915579220378847,-0.2401967513707456,-6.738276603530809,-1.900646307002534,0.03964435446582709
ans,J2,J3,Energy,Sigma,L,A1,A3,B1,B2,B3
3x3,0.3,-0.09,-0.43855924154657344,0.015215687232954698,0.6402604769202794,0.5030456251835215,1.1845550314552517e-09,0.16000000000089182,0.1370409077804857,0.1685628335277773
A1,A3,B1,B2,B3
3.2515656835447477,-0.24380497620768438,-7.081557562367926,-2.815525590524728,0.16814327707464488
