ans,J2,J3,Energy,Sigma,L,A1,A2,A3,B1,B2,phiA1
cb1,0.18,0.3,-0.49809591462324454,2.7055233973404628e-11,0.7944890560548867,0.5168878086381823,0.06355457251476922,0.4049047489917774,0.1932519041674541,0.18404186179076368,1.9518210601822528
A1,A2,A3,B1,B2,phiA1
3.5150771176733,-1.2966294704571268,-0.5071498777040621,-8.181788580185817,-3.1583624605349905,0.15079972826052168
ans,J2,J3,Energy,Sigma,L,A1,A3,B1,B2,B3
3x3,0.18,0.3,-0.45697484770939006,1.1388923792717778e-05,0.681481636294873,0.5081099291686351,0.2753595523725129,0.16000000042075535,0.2835358994947213,0.06565729988519771
A1,A3,B1,B2,B3
3.6134428776384966,0.3038125306879608,-5.932643265361549,-0.9970912984138525,-0.7756573161527225
ans,J2,J3,Energy,Sigma,L,A1,A2,B1,B2,B3
q0,0.18,0.3,-0.45677294367794835,4.822525320531429e-12,0.6814567257047638,0.5147555971253462,0.2042562626985794,0.17766478088651516,0.17717712112613215,0.21418295972704168
A1,A2,B1,B2,B3
3.619549105076621,-0.22698509739045936,-6.0265126220909515,-1.0693113061359014,-1.5056844660354167
