ans,J2,J3,Energy,Sigma,L,A1,A2,A3,B1,B2,phiA1
cb1,-0.15,-0.09,-0.47149406864190746,1.8401189487536528e-11,0.7152482894608881,0.5150902901996557,0.03672457546695636,0.25186966114942305,0.17299686242833412,0.15086334722264658,2.0261322192554916
A1,A2,A3,B1,B2,phiA1
3.688660487544188,-0.7454037387318393,-0.22171153801720028,-5.926814594482579,0.5271894032568333,0.060323435135969355
ans,J2,J3,Energy,Sigma,L,A1,A3,B1,B2,B3
3x3,-0.15,-0.09,-0.499752298921611,2.0442681261862992e-11,0.7972351140635704,0.5224430598205151,0.3063648280178255,0.1999803675799618,0.36565643708655515,0.1556054832927808
A1,A3,B1,B2,B3
4.676925513786201,-0.24824586833324927,-3.7916336735870115,1.6791013026261457,0.1708633234847274
ans,J2,J3,Energy,Sigma,L,A1,A2,B1,B2,B3
q0,-0.15,-0.09,-0.4726270645080394,2.2709658609402693e-11,0.7190082468736227,0.5119090066283425,0.18605731504260528,0.1680058986861808,0.18995833395209014,0.22450300991390604
A1,A2,B1,B2,B3
5.716704886285168,1.2324585796681289,-4.685252186341295,1.834643548240323,2.5646706979590292
