ans,J2,J3,Energy,Sigma,L,A1,A2,A3,B1,B2,phiA1
cb1,0.14999999999999997,0.12,-0.47597716385767064,2.7012431131081412e-11,0.7329283839293883,0.5176932551386724,0.05085390932564628,0.31516149352503314,0.1811417079104676,0.153936045528873,1.9300038827893726
A1,A2,A3,B1,B2,phiA1
4.610978265096095,0.6514788708487388,0.5216937992703177,-4.914291196327363,-0.3554934124941311,0.11253066256577657
ans,J2,J3,Energy,Sigma,L,A1,A3,B1,B2,B3
3x3,0.14999999999999997,0.12,-0.4521378059801893,0.00024198480878708122,0.6707894281575658,0.5091276045611499,0.2458812702056355,0.1600000000185442,0.24714437630510344,0.05453806003742384
A1,A3,B1,B2,B3
3.615219234477486,0.17180701305580254,-6.141642749740358,-0.8704148512793587,-0.2665090370610023
ans,J2,J3,Energy,Sigma,L,A1,A2,B1,B2,B3
q0,0.14999999999999997,0.12,-0.4663378854217661,9.286187110188817e-12,0.7124500872563546,0.5203684879945849,0.2504245063953993,0.19258661819757442,0.1915762235190951,0.27162941156170234
A1,A2,B1,B2,B3
4.850064793408829,0.6150635556411064,-5.192068997095731,-0.15037970868100284,0.5857536677910611
