ans,J2,J3,Energy,Sigma,L,A1,A2,A3,B1,B2,phiA1
cb1,-0.12,0.0,-0.4769077841397845,1.614403871873647e-11,0.7330658568295016,0.5180017823793097,0.04018905076782934,0.0,0.18096397454771387,0.15992737158370915,1.9761109499294562
A1,A2,A3,B1,B2,phiA1
3.9026559755046217,-0.8495426584414706,0.0,-5.574762873693879,-0.6333822355649648,0.09766442099514129
ans,J2,J3,Energy,Sigma,L,A1,A3,B1,B2,B3
3x3,-0.12,0.0,-0.49836732021089836,4.729147787387683e-13,0.7930818451792497,0.522012019593757,0.0,0.19848504331618544,0.36611004545175196,0.0
A1,A3,B1,B2,B3
-0.27455815394352895,-0.0,-6.829092846568596,-1.316391440441564,-0.0
ans,J2,J3,Energy,Sigma,L,A1,A2,B1,B2,B3
q0,-0.12,0.0,-0.46828867387009115,1.1467927830459695e-11,0.7062953008960807,0.5104215096415449,0.17312809863608708,0.16396739758222928,0.18473501993766436,0.0
A1,A2,B1,B2,B3
4.511335749654498,-0.13605783166376456,-5.6711302319190136,0.8071321389232768,0.0
