ans,J2,J3,Energy,Sigma,L,A1,A2,A3,B1,B2,phiA1
cb1,0.0,-0.12,-0.4643079358816188,3.0097015513338983e-12,0.6953327486995908,0.5121181648860437,0.0,0.21827404104136255,0.16508417535947065,0.0,1.9744126029167814
A1,A2,A3,B1,B2,phiA1
3.650746372070257,0.0,-0.32968072715263036,-6.285361120623512,0.0,0.05353632537299113
ans,J2,J3,Energy,Sigma,L,A1,A3,B1,B2,B3
3x3,0.0,-0.12,-0.4656049757209553,2.5210525955354905e-12,0.7026739758929947,0.5142137428994399,0.21499453798490306,0.17196362893534348,0.0,0.11039303078253032
A1,A3,B1,B2,B3
3.7503333773844623,-0.34355851497910317,-5.80158143763064,0.0,0.12323475573314589
ans,J2,J3,Energy,Sigma,L,A1,A2,B1,B2,B3
q0,0.0,-0.12,-0.47779161736141307,4.5071534046695006e-12,0.7436607608373453,0.5207433559096202,0.0,0.19353258271532534,0.0,0.2936527158087426
A1,A2,B1,B2,B3
13.279932706815694,0.0,3.5280667277446893,0.0,7.8738127129283235
