ans,J2,J3,Energy,Sigma,L,A1,A2,A3,B1,B2,phiA1
cb1,0.12,0.02999999999999997,-0.46939978755865386,2.7073721124771684e-11,0.712573206895556,0.5156707049293625,0.043767908787417674,0.27071688099675706,0.1739066036327551,0.13853821737799293,1.923124354754877
A1,A2,A3,B1,B2,phiA1
3.913203094236783,0.41561198926759624,0.05545564008607251,-5.897560218111957,-0.5401235014640671,0.08938844664485192
ans,J2,J3,Energy,Sigma,L,A1,A3,B1,B2,B3
3x3,0.12,0.02999999999999997,-0.45287979170685055,0.00016171491818162202,0.6720583624464075,0.5092490896751607,0.30603538319070417,0.16000000009192591,0.24156124203928184,0.014936816850342906
A1,A3,B1,B2,B3
3.585798324329899,0.05512257317278866,-6.308231714930749,-0.6770140004336669,-0.061672889017865766
ans,J2,J3,Energy,Sigma,L,A1,A2,B1,B2,B3
q0,0.12,0.02999999999999997,-0.471781492121382,1.9970620388076272e-11,0.7292754684067447,0.5218785523142278,0.26631868472679027,0.1975144494477744,0.19746158241423858,0.29298347195190066
A1,A2,B1,B2,B3
7.257971999961286,3.577804719149873,-2.9051205884502025,1.412425731964502,1.7653656316489252
