ans,J2,J3,Energy,Sigma,L,A1,A2,A3,B1,B2,phiA1
cb1,-0.3,0.0,-0.4865129600137761,1.4518562251789008e-11,0.7590067723257992,0.519248105591911,0.03865147007952169,0.0,0.18746255157343608,0.17538464771364726,1.9951043699874558
A1,A2,A3,B1,B2,phiA1
3.864464304322036,-2.5456303731579304,0.0,-5.78836978363726,0.43787196089913255,0.1043559683114086
ans,J2,J3,Energy,Sigma,L,A1,A3,B1,B2,B3
3x3,-0.3,0.0,-0.5550761825604262,0.006003546514499436,0.9478438779193924,0.5222755973818637,0.0,0.19999999991278367,0.4067334234503755,0.0
A1,A3,B1,B2,B3
0.6948885911501023,-0.0,-46.21170113102211,-0.3432809592146355,0.0
