ans,J2,J3,Energy,Sigma,L,A1,A2,A3,B1,B2,phiA1
cb1,0.02999999999999997,-0.21,-0.4598968211373352,7.00782739764263e-05,0.6835225224626474,0.5092402944438071,0.03884137167347716,0.17353500549978515,0.16000000008670853,0.0879720069026905,1.9079255164444735
A1,A2,A3,B1,B2,phiA1
3.5540459466200818,0.11424194923359751,-0.7321365736086481,-6.507960837066158,-0.12573275753823956,0.03893172451095509
ans,J2,J3,Energy,Sigma,L,A1,A3,B1,B2,B3
3x3,0.02999999999999997,-0.21,-0.458753271815139,4.005939643032928e-12,0.683762390012097,0.5097200192059975,0.17323783903741227,0.16222124970904436,0.2574770435742191,0.09844106586095118
A1,A3,B1,B2,B3
3.4676705952997726,-0.7189249196145364,-6.586564627212075,-0.13428147484305233,0.35094149808331004
