ans,J2,J3,Energy,Sigma,L,A1,A2,A3,B1,B2,phiA1
cb1,0.3,-0.02999999999999997,-0.46141081123215677,8.775403047661624e-12,0.6883162432008509,0.5096358800576795,0.03978901074964896,0.20581049656594785,0.16083211331307218,0.09994077723985785,1.8349135713707294
A1,A2,A3,B1,B2,phiA1
3.534672554054631,0.7163714066379494,-0.06633582571937909,-6.586176048787839,-1.9065304890337367,0.040294145797678434
ans,J2,J3,Energy,Sigma,L,A1,A3,B1,B2,B3
3x3,0.3,-0.02999999999999997,-0.43644592008840927,0.015087227996915701,0.639827077276182,0.5029857724405681,5.304605274801287e-09,0.16000000000871561,0.13529526024549435,0.3809278128730216
A1,A3,B1,B2,B3
3.2702174303599847,-0.06683542608243442,-6.997680212859907,-2.77833311919879,0.05889733146120984
