ans,J2,J3,Energy,Sigma,L,A1,A2,A3,B1,B2,phiA1
cb1,0.21000000000000002,0.21000000000000002,-0.4833919508678223,1.2856325294026108e-11,0.7548127122961249,0.5179755758240904,0.05995583504389772,0.3553865903039399,0.18652903532256368,0.16656158450110248,1.9417597285404566
A1,A2,A3,B1,B2,phiA1
5.145106563295682,1.232680624238846,0.04951594689818309,-5.3199666895358435,-1.2014833572135935,0.1310911601496303
ans,J2,J3,Energy,Sigma,L,A1,A3,B1,B2,B3
3x3,0.21000000000000002,0.21000000000000002,-0.4478315685108082,0.001171707301081596,0.6647428168824847,0.5079651305314187,0.2651259631500354,0.16000000001524878,0.24069636689167098,0.04185067575557583
A1,A3,B1,B2,B3
3.60927954209886,0.22948309918862508,-6.036726673916297,-1.302347119071385,-0.4978240042396876
ans,J2,J3,Energy,Sigma,L,A1,A2,B1,B2,B3
q0,0.21000000000000002,0.21000000000000002,-0.4630361089816314,6.043655402409908e-12,0.7035093893541058,0.5200499972195471,0.25036312332909266,0.19297150760729473,0.188352238270722,0.26564355218488
A1,A2,B1,B2,B3
5.323519402180433,1.6160961457923768,-3.842981488687725,-0.6871170299200637,-0.38119507554660625
