ans,J2,J3,Energy,Sigma,L,A1,A2,A3,B1,B2,phiA1
cb1,-0.02999999999999997,0.09000000000000002,-0.48126545310753854,2.7228988783983965e-11,0.7474121065314577,0.5190856407621244,0.0451525972948586,0.32934648012845635,0.18564281383663458,0.16598861051722727,1.9476303705110685
A1,A2,A3,B1,B2,phiA1
2.6921798125576033,-0.14932499681178513,0.33417713044860503,-5.545341963540554,-0.05573319583761812,0.11898666496511016
ans,J2,J3,Energy,Sigma,L,A1,A3,B1,B2,B3
3x3,-0.02999999999999997,0.09000000000000002,-0.4827024295296405,6.868676267878835e-12,0.750023106993253,0.5191334940067587,0.3023700285032936,0.18717895344792376,0.34152314817078944,0.1270638324048169
A1,A3,B1,B2,B3
3.9842573678008173,0.08637535131566443,-5.416445070378253,0.07061018437385791,-0.21416202144382002
ans,J2,J3,Energy,Sigma,L,A1,A2,B1,B2,B3
q0,-0.02999999999999997,0.09000000000000002,-0.4640477372857333,7.740115262080874e-12,0.6966496100396564,0.5117890274224443,0.18002486475909993,0.16739993029826195,0.18182301010869006,0.20553830868632894
A1,A2,B1,B2,B3
2.975564239608339,-0.522248910797124,-6.501355009709002,-0.7308043059377636,-0.3286260152792679
