ans,J2,J3,Energy,Sigma,L,A1,A2,A3,B1,B2,phiA1
cb1,0.14999999999999997,0.0,-0.4664119165685073,7.398928371249233e-12,0.7034286275167138,0.5140396901566807,0.04186791725388776,0.0,0.16976715039081217,0.12840636511496487,1.9091272436284257
A1,A2,A3,B1,B2,phiA1
3.6841085739620287,0.4803379916031133,0.0,-6.151301690396571,-0.7177591854386499,0.07695384329783247
ans,J2,J3,Energy,Sigma,L,A1,A3,B1,B2,B3
3x3,0.14999999999999997,0.0,-0.449659215867165,0.0017623401066853453,0.6631326995404242,0.5077140442999541,0.0,0.1600000000097593,0.1905018825795207,0.0
A1,A3,B1,B2,B3
3.51291218277518,-0.0,-6.461942092697684,-0.9347522756081603,0.0
