ans,J2,J3,Energy,Sigma,L,A1,A2,A3,B1,B2,phiA1
cb1,0.02999999999999997,-0.15,-0.4621226855283589,2.793093231279639e-11,0.6889191461810754,0.510549238980003,0.034099517229209224,0.20202771497292835,0.1616693200945793,0.12055894392833313,1.961560499232797
A1,A2,A3,B1,B2,phiA1
3.6001757124964753,0.11424194923370022,-0.45008441419463047,-6.419142994737955,-0.12490009027007984,0.04567957123659839
ans,J2,J3,Energy,Sigma,L,A1,A3,B1,B2,B3
3x3,0.02999999999999997,-0.15,-0.4601205024861342,5.544636387397127e-12,0.6873680704100295,0.5110966503740226,0.1880207933279878,0.16470529407732862,0.26607653886615207,0.09959126739913708
A1,A3,B1,B2,B3
3.5570435479970577,-0.4264366637695057,-6.336930980118678,-0.13328227410598348,0.26334490144056033
