ans,J2,J3,Energy,Sigma,L,A1,A2,A3,B1,B2,phiA1
cb1,-0.09,-0.27,-0.4609663144348792,7.599826969387781e-05,0.6853964829459579,0.5091034580885194,0.024092697923160503,0.17420327294606358,0.1600000001675529,0.122879058357111,1.956510184937934
A1,A2,A3,B1,B2,phiA1
3.5962344207597,-0.4151679000577284,-1.0133560656966045,-6.269040841813299,0.31813440770558676,0.0333141958464788
ans,J2,J3,Energy,Sigma,L,A1,A3,B1,B2,B3
3x3,-0.09,-0.27,-0.47669177080348546,1.2189691872482806e-11,0.7338267842374616,0.5171753787370122,0.22849274516713394,0.1824453034097594,0.3121002504242031,0.1345279210744904
A1,A3,B1,B2,B3
3.7965186552113406,-0.9043876758829453,-5.40112399233821,-0.34305891464657434,0.3271827253472981
ans,J2,J3,Energy,Sigma,L,A1,A2,B1,B2,B3
q0,-0.09,-0.27,-0.4867359387824942,1.5953263718317964e-11,0.7676036587378928,0.5203364059694464,0.26230147202298587,0.19456666775157536,0.20671608026921628,0.3081656595536897
A1,A2,B1,B2,B3
2.194355807801799,-0.5412337245036811,-6.837752586539985,-1.9056978217123755,-3.071098931052926
