ans,J2,J3,Energy,Sigma,L,A1,A2,A3,B1,B2,phiA1
cb1,0.18,0.21000000000000002,-0.4848722182459462,2.7043850157988363e-11,0.7589135485623478,0.5182083873688716,0.058351369942129076,0.36008851420076166,0.1875797546928201,0.1690972375426104,1.9413506797235114
A1,A2,A3,B1,B2,phiA1
3.2442937220128596,2.3926416403648894,1.5097922911847306,-2.7885471710228256,1.909028490786152,0.1333434029857192
ans,J2,J3,Energy,Sigma,L,A1,A3,B1,B2,B3
3x3,0.18,0.21000000000000002,-0.4518406771642875,0.0003080470423523833,0.6709884381356754,0.5086537923048703,0.25473950145110225,0.16000000003682532,0.25567884902273497,0.05599839299440544
A1,A3,B1,B2,B3
3.626987599341787,0.2376432384466364,-6.008971098636766,-1.054989429264601,-0.5009326287103697
ans,J2,J3,Energy,Sigma,L,A1,A2,B1,B2,B3
q0,0.18,0.21000000000000002,-0.46161028989226416,2.0681996537136108e-11,0.6977281924941626,0.5185025502577878,0.23425828588208575,0.1875467331430228,0.18551996639553897,0.24972067147610588
A1,A2,B1,B2,B3
3.2382985176808945,0.5921929613174373,-6.227629523341517,-0.9117151477950497,-0.7492340081459932
