ans,J2,J3,Energy,Sigma,L,A1,A2,A3,B1,B2,phiA1
cb1,0.3,0.14999999999999997,-0.4730872977619187,6.149108833931175e-12,0.724873449488666,0.5160918035914597,0.06016546367222171,0.3046916476142947,0.17771878284823842,0.14459887573906258,1.923408546981402
A1,A2,A3,B1,B2,phiA1
4.388711615603598,1.1389778009606701,0.6401545960686563,-5.685452109251858,-1.5103474027389625,0.10520502247125581
ans,J2,J3,Energy,Sigma,L,A1,A3,B1,B2,B3
3x3,0.3,0.14999999999999997,-0.4353371369510628,0.008009849237284778,0.6449732231705715,0.5055014317611277,0.32008340378528216,0.16000000002717218,0.19471672467598258,2.8888225145351498e-08
A1,A3,B1,B2,B3
3.52207152272619,0.17791323969106532,-6.238509708629178,-2.2847834735884716,-0.3342326415634034
