ans,J2,J3,Energy,Sigma,L,A1,A2,A3,B1,B2,phiA1
cb1,-0.09,0.02999999999999997,-0.4781821482582582,3.558418236127419e-11,0.7374503686318868,0.5184873092186573,0.041681237039128516,0.30704763928194895,0.18261802227476415,0.16170831016091125,1.9637756857236934
A1,A2,A3,B1,B2,phiA1
2.697397860174678,-0.4020117572159652,0.05662137425576972,-5.821010340238949,0.33462121961206526,0.10574933151400732
ans,J2,J3,Energy,Sigma,L,A1,A3,B1,B2,B3
3x3,-0.09,0.02999999999999997,-0.49282843315862723,1.523179076288739e-11,0.7779738182717479,0.5212411874803131,0.3127039992691913,0.1949181767802815,0.35831588270628406,0.14301147760663765
A1,A3,B1,B2,B3
6.538880547032764,2.4753532556992983,-2.920108599282197,1.3891110484082174,1.469935284641566
ans,J2,J3,Energy,Sigma,L,A1,A2,B1,B2,B3
q0,-0.09,0.02999999999999997,-0.466803712401125,2.1711242902974295e-11,0.7028765052922045,0.5108869746394924,0.17524652820578654,0.16505629299244445,0.18370864868293982,0.20558769617200026
A1,A2,B1,B2,B3
2.9292679388285645,-0.6210587599913082,-7.569056492459245,0.31408209367454615,-0.0686117829236018
