ans,J2,J3,Energy,Sigma,L,A1,A2,A3,B1,B2,phiA1
cb1,0.02999999999999997,0.3,-0.5076871114550021,3.2366388385145745e-11,0.8191437462033602,0.5168395823385888,0.05545874129161458,0.42083177689204687,0.1970421883491513,0.19243532440853067,1.9377791671399827
A1,A2,A3,B1,B2,phiA1
-0.9426903702596644,-0.21949109196795435,0.9811040869682129,-4.71389594037736,-2.5225377341757587,0.15680362563979502
ans,J2,J3,Energy,Sigma,L,A1,A3,B1,B2,B3
3x3,0.02999999999999997,0.3,-0.4875539242967306,2.921387345383857e-12,0.7609104178153395,0.5140009756970864,0.35042651697755545,0.1824148531569538,0.35096416430342214,0.111645167049458
A1,A3,B1,B2,B3
3.4682257068121154,0.44519943292322434,-5.794698054877786,-0.1284528039631348,-0.79869444391374
