ans,J2,J3,Energy,Sigma,L,A1,A2,A3,B1,B2,phiA1
cb1,0.0,0.21000000000000002,-0.49497256412982327,2.3747185204724545e-12,0.7862542064630595,0.5189497622559673,0.0,0.3852099080565212,0.19340136794417348,0.0,1.9385478068474578
A1,A2,A3,B1,B2,phiA1
4.954925358067002,0.0,1.4825918272460692,-5.769495992218147,0.0,0.1442100550083538
ans,J2,J3,Energy,Sigma,L,A1,A3,B1,B2,B3
3x3,0.0,0.21000000000000002,-0.48570036174492937,3.979692099082126e-12,0.7571183136186338,0.5171335458602051,0.3301471505209974,0.18574921598029095,0.0,0.12028750835740028
A1,A3,B1,B2,B3
3.961941885009613,0.35438318949898556,-5.20961052088526,0.0,-0.4383160501211351
ans,J2,J3,Energy,Sigma,L,A1,A2,B1,B2,B3
q0,0.0,0.21000000000000002,-0.45945313878071703,7.644004744982895e-12,0.682814165245527,0.508999120087978,0.0,0.16121405460000066,0.0,0.1789978893757509
A1,A2,B1,B2,B3
3.369859946076803,-0.0,-6.81715794905423,0.0,-0.7001066393077916
