ans,J2,J3,Energy,Sigma,L,A1,A2,A3,B1,B2,phiA1
cb1,-0.09,0.3,-0.5161778385087729,4.8062448186481346e-11,0.8404815952420841,0.5164960809999871,0.050671027845139036,0.43159948719618463,0.19981658482858392,0.198228298312082,1.9281870782175006
A1,A2,A3,B1,B2,phiA1
1.9907409055618948,-2.71893618730157,0.080935258495012,-6.11055650539178,-3.1512570330022767,0.16073662401051614
ans,J2,J3,Energy,Sigma,L,A1,A3,B1,B2,B3
3x3,-0.09,0.3,-0.5207581575311244,4.446505297563995e-12,0.8449393870612555,0.5162386293098731,0.38913311262605893,0.19854276338043303,0.3901899773790963,0.14423358021622482
A1,A3,B1,B2,B3
3.1733504707512687,-0.417110790350837,-5.156208793113188,0.10913492332043458,-2.2200019600976404
