ans,J2,J3,Energy,Sigma,L,A1,A2,A3,B1,B2,phiA1
cb1,-0.09,-0.09,-0.4690431022965756,1.0613746177946646e-11,0.7087677771817201,0.5144744411558602,0.036849148423920314,0.24428630807612356,0.17095367552783147,0.14414681763370216,2.004964107630255
A1,A2,A3,B1,B2,phiA1
3.76809694494273,-0.402344824123352,-0.2254862962946598,-5.978939565487179,0.3280709037851832,0.062481497753466446
ans,J2,J3,Energy,Sigma,L,A1,A3,B1,B2,B3
3x3,-0.09,-0.09,-0.48478453728092985,1.488673739463572e-11,0.7564207103975917,0.5204188653157158,0.27713025784007805,0.19040315482308137,0.3397152530402857,0.1397659087111784
A1,A3,B1,B2,B3
3.793632074504805,-0.23725466038826198,-6.180722600549895,-1.255662240987947,-0.16697754289865513
ans,J2,J3,Energy,Sigma,L,A1,A2,B1,B2,B3
q0,-0.09,-0.09,-0.47288376477193683,1.0773764188780497e-11,0.7229875089405898,0.5150978658440235,0.20792668163327296,0.1761741984537737,0.19273439188410332,0.24501041456836825
A1,A2,B1,B2,B3
1.6535661725980266,-1.1941558853175742,-6.131206653309988,-0.26501023598485024,-0.4701794509147634
