ans,J2,J3,Energy,Sigma,L,A1,A2,A3,B1,B2,phiA1
cb1,0.26999999999999996,0.12,-0.4714324556284904,1.5739826136083436e-11,0.719687750178391,0.5158410510778206,0.055365967911738756,0.29256506986681485,0.17606389872127612,0.14064569373804844,1.915171529202266
A1,A2,A3,B1,B2,phiA1
3.628985999980643,0.7335243523683738,0.1647015857210981,-5.909495115626984,-1.5191736757849599,0.09904206343971127
ans,J2,J3,Energy,Sigma,L,A1,A3,B1,B2,B3
3x3,0.26999999999999996,0.12,-0.4372555008181276,0.006306494625135668,0.6490396419043439,0.5061433922146152,0.3385634382832924,0.16000000004448334,0.19709149484189573,5.768421769427381e-09
A1,A3,B1,B2,B3
3.529232461234021,0.16148193895195248,-6.261213769489048,-1.984579167721797,-0.2626232564750808
