ans,J2,J3,Energy,Sigma,L,A1,A2,A3,B1,B2,phiA1
cb1,0.26999999999999996,-0.18,-0.4571112359041365,0.0008992044665906764,0.6783514699512652,0.507956648278893,0.048028641799926254,0.12592254815166298,0.16000000000810463,0.08524328873968195,1.886724711902979
A1,A2,A3,B1,B2,phiA1
3.457456543472783,0.6488143355894253,-0.6113443084922628,-6.806666341849549,-1.6643353362121729,0.031052083126975473
ans,J2,J3,Energy,Sigma,L,A1,A3,B1,B2,B3
3x3,0.26999999999999996,-0.18,-0.44066733874396935,0.01300558138582347,0.6443835415320305,0.5038384544419174,4.166460954024842e-09,0.1600000000008005,0.1504542293679932,0.12060328083475438
A1,A3,B1,B2,B3
3.2584490655744687,-0.6130651541980114,-7.165046333817337,-2.422451128504262,0.3091971123577969
