ans,J2,J3,Energy,Sigma,L,A1,A2,A3,B1,B2,phiA1
cb1,-0.18,0.0,-0.4798955379401999,6.6828748532334815e-12,0.7412303073985661,0.5185299701018463,0.039705631264289554,0.0,0.183229699017104,0.1655180796322178,1.9843197153391408
A1,A2,A3,B1,B2,phiA1
3.9279690613339926,-1.115996184350975,0.0,-5.350719867021727,0.5125899704826367,0.10015432927425967
ans,J2,J3,Energy,Sigma,L,A1,A3,B1,B2,B3
3x3,-0.18,0.0,-0.5154514852938873,0.0008016015915632542,0.8397525569717675,0.5228290552733086,0.0,0.19999999999888468,0.37428717329978495,0.0
A1,A3,B1,B2,B3
0.15809575868002454,-0.0,-23.65818652024272,-4.497069383537039,0.0
ans,J2,J3,Energy,Sigma,L,A1,A2,B1,B2,B3
q0,-0.18,0.0,-0.46913090043717054,9.397246568741462e-05,0.7072691480187471,0.508317567123076,0.1490506511933058,0.16000000000008818,0.18502198753842314,0.0
A1,A2,B1,B2,B3
3.05577785246333,-2.988498337597458,-6.924738560137193,-0.509703390590102,0.0
