ans,J2,J3,Energy,Sigma,L,A1,A2,A3,B1,B2,phiA1
cb1,-0.12,-0.06,-0.4722058490835233,2.4227870273006617e-11,0.7182609633988336,0.5160043430454528,0.0378831173732493,0.26392252798502225,0.17505373103104932,0.1513059595532882,1.999502104074414
A1,A2,A3,B1,B2,phiA1
3.861133634390639,-0.5670464098261645,-0.13800072197595223,-5.805633751348348,0.5034861416804763,0.0751337325690273
ans,J2,J3,Energy,Sigma,L,A1,A3,B1,B2,B3
3x3,-0.12,-0.06,-0.49397221500874977,9.23995191706703e-12,0.7815398306394938,0.5218232688479196,0.300807902327938,0.19650609659290244,0.357664495410133,0.14883226394653926
A1,A3,B1,B2,B3
3.7148062397697044,-0.1544320227250503,-5.219269461199748,-0.22903901000514013,0.11746159600184657
ans,J2,J3,Energy,Sigma,L,A1,A2,B1,B2,B3
q0,-0.12,-0.06,-0.47106430052396864,1.3809354933576177e-11,0.7154227216347221,0.5124553969693668,0.18839349003995726,0.16916917954683627,0.18900853813898905,0.22445025811505456
A1,A2,B1,B2,B3
5.132227975069758,0.7931988399198409,-4.733713421367429,1.104893954074079,0.777433673013789
