ans,J2,J3,Energy,Sigma,L,A1,A2,A3,B1,B2,phiA1
cb1,-0.15,0.0,-0.47837379075635644,8.44645136735905e-12,0.737084730633725,0.5182815770389121,0.03995026136139334,0.0,0.18210949976527127,0.16277838000114955,1.9804510060431049
A1,A2,A3,B1,B2,phiA1
3.854361274797407,-0.9029443859258337,0.0,-5.658140622845375,0.6535882946136631,0.09891440999590029
ans,J2,J3,Energy,Sigma,L,A1,A3,B1,B2,B3
3x3,-0.15,0.0,-0.5066564476257448,0.00013753370644204393,0.8153250576479497,0.522487576754343,0.0,0.1999999999697269,0.3695065302790387,0.0
A1,A3,B1,B2,B3
3.2679414731589906,-0.0,-23.224866473745713,-0.7868150576382611,0.0
ans,J2,J3,Energy,Sigma,L,A1,A2,B1,B2,B3
q0,-0.15,0.0,-0.4686193359329387,1.904583054288337e-11,0.7059225885085434,0.5089901699668028,0.16426651562614794,0.16057127811888042,0.1838136509026988,0.0
A1,A2,B1,B2,B3
3.8211100952081036,-0.6677436381779985,-7.8355655299475435,0.905331365403645,0.0
