ans,J2,J3,Energy,Sigma,L,A1,A2,A3,B1,B2,phiA1
cb1,0.02999999999999997,0.26999999999999996,-0.5025272484920665,7.113806521732148e-12,0.80609821200519,0.5177249105681492,0.054434844505858004,0.40845691922534755,0.19574998954108286,0.18883188341263094,1.938216915855486
A1,A2,A3,B1,B2,phiA1
2.5398572130069192,0.7447376049170652,1.217470568936678,-4.7220005681952095,1.3821166433914542,0.15294033817139724
ans,J2,J3,Energy,Sigma,L,A1,A3,B1,B2,B3
3x3,0.02999999999999997,0.26999999999999996,-0.48436201874629214,6.546457415301113e-12,0.7529454874689088,0.5148775046484777,0.3390131599186206,0.18209385883623666,0.3461466280974938,0.11156187388607876
A1,A3,B1,B2,B3
3.7237990462676525,0.2716715741553941,-5.681011217153243,-0.12911893776364744,-0.6868949853342105
ans,J2,J3,Energy,Sigma,L,A1,A2,B1,B2,B3
q0,0.02999999999999997,0.26999999999999996,-0.4573269124795702,1.2465654553169046e-11,0.6771398449204437,0.5083377824284755,0.15662387281352422,0.16014762350439618,0.1717839157203782,0.17100538624613026
A1,A2,B1,B2,B3
3.3795188871398176,0.10136336215088738,-6.767586491381869,-0.12156942119283728,-1.0716982856387742
