ans,J2,J3,Energy,Sigma,L,A1,A2,A3,B1,B2,phiA1
cb1,0.12,0.26999999999999996,-0.49686181266520024,2.097685398726118e-11,0.79134784177126,0.517703605186314,0.058618431237018216,0.39824150408677905,0.19331818884057958,0.18342212974267974,1.9442800747337188
A1,A2,A3,B1,B2,phiA1
7.314704396510071,1.7407186803063013,2.882916128358446,-2.7724489371653465,2.4356072713501953,0.14907486356499935
ans,J2,J3,Energy,Sigma,L,A1,A3,B1,B2,B3
3x3,0.12,0.26999999999999996,-0.4651848814482566,3.782756582516045e-12,0.7020292815050704,0.5110268133619069,0.2922137816304116,0.16729553879441905,0.3051711626002847,0.08255567492702938
A1,A3,B1,B2,B3
3.6415870313080148,0.32979174946424306,-5.950351322603932,-0.6018519016480935,-0.6974976152193594
ans,J2,J3,Energy,Sigma,L,A1,A2,B1,B2,B3
q0,0.12,0.26999999999999996,-0.4571952235929768,3.035226833399339e-12,0.6804960242898181,0.5127232985764124,0.18739184104879486,0.17148338467825575,0.1757129905228496,0.19982060784826366
A1,A2,B1,B2,B3
3.9922509744632295,0.5431766147816952,-5.882461184650124,-0.435262936791341,-0.6610267888421488
