ans,J2,J3,Energy,Sigma,L,A1,A2,A3,B1,B2,phiA1
cb1,0.26999999999999996,0.18,-0.4772183306829997,2.362404086020592e-11,0.7371400978338144,0.5171160914249165,0.061125263899451034,0.3281337334302139,0.18175451823572364,0.154727464742305,1.9346462806951497
A1,A2,A3,B1,B2,phiA1
3.143707516696816,0.7217559883073708,0.12212453272208153,-6.455835865700724,-1.9168000520647008,0.1176601260868922
ans,J2,J3,Energy,Sigma,L,A1,A3,B1,B2,B3
3x3,0.26999999999999996,0.18,-0.43960804926470587,0.004959050538197338,0.6514593377555165,0.5064432118469397,0.2913752875702992,0.16000000000388032,0.21046758597713106,0.01312386394692698
A1,A3,B1,B2,B3
3.5590974605922634,0.19900747718736989,-6.150746578542022,-1.9088064461762038,-0.41194825328675233
