ans,J2,J3,Energy,Sigma,L,A1,A2,A3,B1,B2,phiA1
cb1,0.02999999999999997,0.06,-0.475408983229361,6.885366172177191e-12,0.7303649872789829,0.5178934370300872,0.04453564615018992,0.30328167262131955,0.18058075051739902,0.15477457031032463,1.9428133639822254
A1,A2,A3,B1,B2,phiA1
3.8701264408885865,0.35804692544089683,0.6397105068587577,-5.747957665220788,-0.14255263636554166,0.10643234071875839
ans,J2,J3,Energy,Sigma,L,A1,A3,B1,B2,B3
3x3,0.02999999999999997,0.06,-0.4681611189061723,1.4325951747872517e-11,0.7097440956562924,0.5155670123921219,0.2563352223634074,0.17484380672243985,0.3050286958295092,0.10631853884318244
A1,A3,B1,B2,B3
3.921529766920068,0.10691447727118877,-5.509259715239308,-0.12861933741684653,-0.12595480214347204
ans,J2,J3,Energy,Sigma,L,A1,A2,B1,B2,B3
q0,0.02999999999999997,0.06,-0.4660335957862475,5.4136890239230245e-12,0.7062152715626577,0.5161832202792977,0.21229240726896575,0.1789382369366881,0.18754331652023842,0.23848237246264237
A1,A2,B1,B2,B3
3.659017532791692,0.07110978472512534,-5.777878175733545,-0.13311574064859502,-0.18390844402368486
