ans,J2,J3,Energy,Sigma,L,A1,A2,A3,B1,B2,phiA1
cb1,0.09000000000000002,-0.02999999999999997,-0.46638987297352036,1.433400635166214e-11,0.7029053703079402,0.5140473398567325,0.03966625225820736,0.2453337841807517,0.16956899800419858,0.13060974785903637,1.926413145013981
A1,A2,A3,B1,B2,phiA1
3.7343461649998138,0.3147482274806023,-0.06483702463617949,-6.164346810936253,-0.3999578446315137,0.07494587173103003
ans,J2,J3,Energy,Sigma,L,A1,A3,B1,B2,B3
3x3,0.09000000000000002,-0.02999999999999997,-0.45523604743521845,1.8043847551414112e-05,0.6750490542853991,0.5093772140915753,0.15132182827273852,0.16000000040966145,0.24920888221506687,0.10653972417872291
A1,A3,B1,B2,B3
3.569200490114615,-0.0653366250005049,-6.408262809096856,-0.47933879086769393,0.058064664187837615
ans,J2,J3,Energy,Sigma,L,A1,A2,B1,B2,B3
q0,0.09000000000000002,-0.02999999999999997,-0.47512466949824916,1.9334180980616718e-11,0.7389739587903644,0.5222604501604978,0.27136632503403163,0.19893421552320556,0.20032582891934578,0.3017627488122364
A1,A2,B1,B2,B3
3.8126168890692673,-2.82251999549889,-8.206768597784958,-1.918909475811543,-1.3283818491088228
