ans,J2,J3,Energy,Sigma,L,A1,A2,A3,B1,B2,phiA1
cb1,0.21000000000000002,-0.09,-0.46054742541673194,1.2477116287822345e-06,0.6855846137880166,0.5094409016627076,0.035799646430348595,0.19352506795871285,0.16000000139864282,0.10149141700433909,1.8599497359337795
A1,A2,A3,B1,B2,phiA1
3.540390203416611,0.5879741138402985,-0.23853141684688006,-6.606382108202137,-1.1707301794649183,0.041876951906263185
ans,J2,J3,Energy,Sigma,L,A1,A3,B1,B2,B3
3x3,0.21000000000000002,-0.09,-0.44382976837921323,0.00607160657549913,0.6543163016081559,0.5061687124332521,4.1615685314065364e-10,0.16000000001559983,0.16984590668684083,0.17571136178799657
A1,A3,B1,B2,B3
3.388456181734698,-0.23631097079146457,-6.855183087646427,-1.5878409698613822,0.16631140908406605
