ans,J2,J3,Energy,Sigma,L,A1,A2,A3,B1,B2,phiA1
cb1,0.21000000000000002,-0.06,-0.4617798497383086,8.881421062272008e-12,0.6891908967374099,0.5104516015973083,0.036993202407546256,0.20912681166514485,0.16199980880612314,0.10696255589889533,1.864369040212916
A1,A2,A3,B1,B2,phiA1
3.5732528049472747,0.5937472735683461,-0.14438450434820532,-6.512124173047546,-1.1735057370264432,0.049483378505975374
ans,J2,J3,Energy,Sigma,L,A1,A3,B1,B2,B3
3x3,0.21000000000000002,-0.06,-0.44326128004661197,0.0058200526271237245,0.6542575787811618,0.5061971895592822,7.867077065750919e-10,0.16000000000369072,0.16792502483320132,0.22866107869545352
A1,A3,B1,B2,B3
3.396949388626168,-0.14499512701604544,-6.813272168846246,-1.5783485629129674,0.11379786002712326
