ans,J2,J3,Energy,Sigma,L,A1,A2,A3,B1,B2,phiA1
cb1,0.09000000000000002,-0.15,-0.4606544567503663,1.0292720438914875e-06,0.6852005868159416,0.5096377757135586,0.03320523126207289,0.19186010705849862,0.16000000310353052,0.10928312804815545,1.9115066260938331
A1,A2,A3,B1,B2,phiA1
3.5588199048361595,0.3094191569624235,-0.4591327318454757,-6.538880547940141,-0.4126698982523243,0.04382198492960521
ans,J2,J3,Energy,Sigma,L,A1,A3,B1,B2,B3
3x3,0.09000000000000002,-0.15,-0.4527776021853793,0.0004150305086632907,0.6728153652388956,0.5084922889203392,0.1330750110463201,0.160000000149276,0.21430826933785457,0.10798866466113166
A1,A3,B1,B2,B3
3.4823255384523333,-0.45086157031060436,-6.7221228581489285,-0.4998779168213677,0.2566280521418483
