ans,J2,J3,Energy,Sigma,L,A1,A2,A3,B1,B2,phiA1
cb1,0.0,0.06,-0.4767578167538994,9.802371532681696e-12,0.7341820553337751,0.518245673815496,0.0,0.30840831448346406,0.1818046097784144,0.0,1.9471153689208398
A1,A2,A3,B1,B2,phiA1
3.7261305154463393,0.0,0.10358380820882009,-5.543787650998298,0.0,0.10871259448235082
ans,J2,J3,Energy,Sigma,L,A1,A3,B1,B2,B3
3x3,0.0,0.06,-0.47404638840037894,1.134153881344475e-11,0.7262140605185109,0.5174714239781055,0.2749013749026021,0.18059289187616265,0.0,0.11655604985601381
A1,A3,B1,B2,B3
4.2045256158493265,0.10569323194410345,-5.174749517911132,0.0,-0.12589929099224084
ans,J2,J3,Energy,Sigma,L,A1,A2,B1,B2,B3
q0,0.0,0.06,-0.4655788486514479,4.133000994487738e-12,0.7032273357099739,0.514518868049779,0.0,0.17436867721946495,0.0,0.22631985257957024
A1,A2,B1,B2,B3
4.166722521867211,-0.0,-5.297540184437837,0.0,0.3061995101995044
