ans,J2,J3,Energy,Sigma,L,A1,A2,A3,B1,B2,phiA1
cb1,0.24000000000000005,0.26999999999999996,-0.490058328245778,3.825430782289955e-11,0.7732821425824242,0.5173177853411419,0.06602795375130055,0.3827921450963005,0.1898370575474381,0.1753283210344315,1.9539487081758329
A1,A2,A3,B1,B2,phiA1
2.5853763570088795,0.7820410985443961,-0.371591646341297,-6.1096683269720575,-1.5023537969614553,0.14248850987968273
ans,J2,J3,Energy,Sigma,L,A1,A3,B1,B2,B3
3x3,0.24000000000000005,0.26999999999999996,-0.4466239862447545,0.0016643675042937595,0.6630746479706541,0.5070985624826884,0.2731877502835202,0.16000000000011036,0.2439445032800583,0.03853041270031282
A1,A3,B1,B2,B3
3.5972336222806858,0.2495781359354973,-5.982603301799478,-1.5056844659533404,-0.6675215935552078
ans,J2,J3,Energy,Sigma,L,A1,A2,B1,B2,B3
q0,0.24000000000000005,0.26999999999999996,-0.46053438583329437,1.0951998167540552e-11,0.6960801140814026,0.519253349885924,0.2450468613080128,0.191448841179296,0.18526103063874538,0.25647556237876395
A1,A2,B1,B2,B3
5.8845706075802,2.7085000907949386,-3.2516211944254043,0.7937539514321369,1.0035305919566717
