ans,J2,J3,Energy,Sigma,L,A1,A2,A3,B1,B2,phiA1
cb1,-0.12,0.02999999999999997,-0.4796752881955877,5.038272859681666e-12,0.7415718443127098,0.5187576087525572,0.04136316479414298,0.3116357787458924,0.18377046797433466,0.16452038300487395,1.967374811270773
A1,A2,A3,B1,B2,phiA1
3.4181546476398577,-0.5601075159222713,0.05417888360159928,-5.6614712916050625,0.39712677591864676,0.10731883159898666
ans,J2,J3,Energy,Sigma,L,A1,A3,B1,B2,B3
3x3,-0.12,0.02999999999999997,-0.5007934938653584,3.072865247173537e-11,0.7993066706265186,0.5219574503127602,0.3259416137018332,0.1993418909789529,0.3701483975057018,0.15082827170676152
A1,A3,B1,B2,B3
3.5234037903565847,0.0014432899320097408,-7.812639424488444,0.8529843498178017,-0.0790478793553469
ans,J2,J3,Energy,Sigma,L,A1,A2,B1,B2,B3
q0,-0.12,0.02999999999999997,-0.46707113485761437,2.257169153326711e-11,0.7023070973820186,0.5094338450071222,0.16604897863919965,0.1615613478071759,0.18271372424790405,0.19709169986249514
A1,A2,B1,B2,B3
4.435340983614839,-0.07199796314479906,-6.153799691860438,1.13853371171922,-0.06283862319191422
