ans,J2,J3,Energy,Sigma,L,A1,A2,A3,B1,B2,phiA1
cb1,0.21000000000000002,0.02999999999999997,-0.4665786083664576,1.3165960023074798e-11,0.7042936062606787,0.5139708097263107,0.04489790553629214,0.2533986338511013,0.16995487022143205,0.12683839911186257,1.8974301511617377
A1,A2,A3,B1,B2,phiA1
3.7465586182686326,0.6132316876504784,0.055233595481123283,-6.027567334298912,-1.0720868636973815,0.0779574904632112
ans,J2,J3,Energy,Sigma,L,A1,A3,B1,B2,B3
3x3,0.21000000000000002,0.02999999999999997,-0.43594476702369234,0.003978552407223672,0.6559979220027582,0.5070247966782803,0.6901339884109005,0.16000000002204356,0.19560570510168343,2.5410740182241327e-08
A1,A3,B1,B2,B3
3.5247360587675667,0.05484501742099465,-6.355194148520866,-1.4389600622551655,-0.06156186671546493
