ans,J2,J3,Energy,Sigma,L,A1,A2,A3,B1,B2,phiA1
cb1,0.0,-0.09,-0.4658260696476993,2.547789375786066e-12,0.700120813589165,0.5132856822932113,0.0,0.23170767009340443,0.16773096662307158,0.0,1.9670752195961305
A1,A2,A3,B1,B2,phiA1
3.6745606551338246,0.0,-0.2265410081680224,-6.169564858809647,0.0,0.06298402355235762
ans,J2,J3,Energy,Sigma,L,A1,A3,B1,B2,B3
3x3,0.0,-0.09,-0.466681258994813,1.9679065350826885e-11,0.7056746666332468,0.5148878471348554,0.22400480922478305,0.1734044896187739,0.0,0.11135348160741682
A1,A3,B1,B2,B3
3.5297320623796398,-0.2988165270689692,-5.85465009820909,0.0,0.09908740494759702
ans,J2,J3,Energy,Sigma,L,A1,A2,B1,B2,B3
q0,0.0,-0.09,-0.47530177190171463,3.469407068740534e-12,0.7355755742039913,0.5198819582410786,0.0,0.1903065202894149,0.0,0.28243249077602345
A1,A2,B1,B2,B3
1.9462209622720437,-0.0,-5.889178034275821,0.0,-1.1379786002385093
