ans,J2,J3,Energy,Sigma,L,A1,A2,A3,B1,B2,phiA1
cb1,0.09000000000000002,-0.09,-0.46318228826162394,3.775648212592678e-12,0.6928417408139433,0.5117613399086217,0.03615274923094208,0.2174702450192505,0.16432850114499656,0.11992157694068571,1.9216793764914482
A1,A2,A3,B1,B2,phiA1
3.6253222648049808,0.31191715876781384,-0.23125945602253875,-6.340927783007432,-0.40617509355830117,0.058269589153664446
ans,J2,J3,Energy,Sigma,L,A1,A3,B1,B2,B3
3x3,0.09000000000000002,-0.09,-0.453844002396879,0.00016050694411570539,0.6737304371111066,0.508954500314581,0.14095748517282794,0.16000000003790601,0.23088655141218734,0.10762824725697506
A1,A3,B1,B2,B3
3.5248470802882323,-0.22942758804492705,-6.565248345138349,-0.4883315973673328,0.16470158570297724
