ans,J2,J3,Energy,Sigma,L,A1,A2,A3,B1,B2,phiA1
cb1,0.02999999999999997,0.12,-0.48154016659610555,1.955557704688177e-11,0.7487001904899431,0.518962979448237,0.04782404810143673,0.3356905929030076,0.1858996923402719,0.16573439122391706,1.9410508119516094
A1,A2,A3,B1,B2,phiA1
3.6427527662925288,0.11513012765339882,0.7396305790859153,-6.764588889215303,-0.1312283615140733,0.12250254144394655
ans,J2,J3,Energy,Sigma,L,A1,A3,B1,B2,B3
3x3,0.02999999999999997,0.12,-0.4717782190720736,1.7378073230092985e-12,0.7197793409108474,0.5162050620676953,0.2796335965160172,0.17759774023497624,0.31751416027159324,0.1084204921146447
A1,A3,B1,B2,B3
3.9189762548340483,0.1961208972996417,-5.772604616687177,-0.12756462552917533,-0.26334490144056044
ans,J2,J3,Energy,Sigma,L,A1,A2,B1,B2,B3
q0,0.02999999999999997,0.12,-0.46292645701801327,2.4388892890021303e-11,0.6957538587572685,0.5138291641986958,0.19409985869254165,0.17282967267503488,0.18251909961279983,0.21673159543932574
A1,A2,B1,B2,B3
2.946809462614685,0.20233814623191398,-6.58190169050853,-0.03269606807423797,-0.3525513214592279
