ans,J2,J3,Energy,Sigma,L,A1,A2,A3,B1,B2,phiA1
cb1,0.0,0.14999999999999997,-0.48671881327498334,6.616910200899513e-12,0.7634497614611074,0.5193425041263028,0.0,0.3559473793820671,0.1893659945449568,0.0,1.9413521473928252
A1,A2,A3,B1,B2,phiA1
2.526756581879603,0.0,0.11668443990082514,-7.5909278864650895,0.0,0.13176347790665416
ans,J2,J3,Energy,Sigma,L,A1,A3,B1,B2,B3
3x3,0.0,0.14999999999999997,-0.4804471352161709,1.2053882022774216e-11,0.7434922823267316,0.5177511595421213,0.30810354507189547,0.1841095106408178,0.0,0.11917121520041636
A1,A3,B1,B2,B3
3.1317171080302226,0.12789769243656227,-5.541012093744405,0.0,-0.4591882429840463
ans,J2,J3,Energy,Sigma,L,A1,A2,B1,B2,B3
q0,0.0,0.14999999999999997,-0.4615647621859823,2.4262507370495134e-13,0.6897972324286762,0.5111156972343979,0.0,0.1660224952251792,0.0,0.19641660084885218
A1,A2,B1,B2,B3
3.4433567110591805,-0.0,-6.363909399264497,0.0,-0.7724376694028471
