ans,J2,J3,Energy,Sigma,L,A1,A2,A3,B1,B2,phiA1
cb1,0.12,-0.18,-0.4590898818655677,0.0001525297074956839,0.6823154404570758,0.5090578660058452,0.03636478153465097,0.1637459092055134,0.16000000020546246,0.09461713762903548,1.8870900349425104
A1,A2,A3,B1,B2,phiA1
3.527289571725282,0.39163117193569863,-0.5979106098946847,-6.620592962549877,-0.5820899318095201,0.03874766618681718
ans,J2,J3,Energy,Sigma,L,A1,A3,B1,B2,B3
3x3,0.12,-0.18,-0.44958430298115615,0.001650109419513586,0.6678778915561484,0.5077085108822766,0.10260270361612496,0.16000000008566548,0.19131245977330089,0.11684237489414115
A1,A3,B1,B2,B3
3.421041228263383,-0.5844769113133291,-6.90969503853752,-0.7380207556393189,0.3000377724029138
