ans,J2,J3,Energy,Sigma,L,A1,A2,A3,B1,B2,phiA1
cb1,0.3,-0.27,-0.45523139335811674,0.0025909011362334165,0.6722403102029157,0.5063259138756189,0.04830426481163197,0.10480515767948839,0.16000000005793405,0.07014926563361348,1.8636052826196028
A1,A2,A3,B1,B2,phiA1
3.412992110576352,0.6574740751823601,-1.121103210265362,-6.826983423200733,-1.972533247849543,0.016322515561349976
ans,J2,J3,Energy,Sigma,L,A1,A3,B1,B2,B3
3x3,0.3,-0.27,-0.4391359480216459,0.017825423677429515,0.639490888126351,0.5021783570615759,0.012298884630118467,0.1600000000004753,0.1386768019294454,0.0969346888874986
A1,A3,B1,B2,B3
3.14820391924807,-1.1593503934636602,-7.44898587275668,-2.9828362003402153,0.4304334666467427
