ans,J2,J3,Energy,Sigma,L,A1,A2,A3,B1,B2,phiA1
cb1,0.26999999999999996,-0.15,-0.45781739891122575,0.0005369085211296617,0.6802464523412188,0.5083603728741357,0.047732559883781396,0.13461655511931347,0.1600000001023386,0.08987748416335131,1.8900217959698842
A1,A2,A3,B1,B2,phiA1
3.4725555758374314,0.6530331830829966,-0.4740097203500801,-6.784905970191411,-1.6559531523762614,0.034833114170936846
ans,J2,J3,Energy,Sigma,L,A1,A3,B1,B2,B3
3x3,0.26999999999999996,-0.15,-0.4405050716285775,0.012508345352248837,0.6446257410795778,0.5039838982888581,3.356395278008063e-10,0.16000000002891265,0.14895604658072598,0.13218629159068948
A1,A3,B1,B2,B3
3.27227134295571,-0.4739542092124793,-7.1126993186026,-2.404076937454183,0.26489921368264985
