ans,J2,J3,Energy,Sigma,L,A1,A2,A3,B1,B2,phiA1
cb1,0.18,-0.09,-0.46111430330472586,1.9446377258464128e-11,0.6869825059991258,0.5099430910761651,0.03494468443911769,0.20170047788996892,0.16082841525765565,0.10561858325971174,1.8696149700760534
A1,A2,A3,B1,B2,phiA1
3.5523806112944176,0.5338507413899387,-0.2365330153893512,-6.544043085367836,-0.962840918104241,0.04614287285588866
ans,J2,J3,Energy,Sigma,L,A1,A3,B1,B2,B3
3x3,0.18,-0.09,-0.4463982694285378,0.0038482692540499153,0.6593872581211336,0.5070950071933744,5.304494735719095e-08,0.16000000006129664,0.18560386041438512,0.1629001646821597
A1,A3,B1,B2,B3
3.4369174167528125,-0.23359092437419404,-6.755818127320357,-1.2533862836771665,0.1658118087322035
