ans,J2,J3,Energy,Sigma,L,A1,A2,A3,B1,B2,phiA1
cb1,0.24000000000000005,0.09000000000000002,-0.46995230286782386,2.713409590078687e-11,0.7149814825435461,0.5154866015689753,0.05119113850068278,0.2808986054096057,0.17443067758384878,0.13699771728514923,1.9096203871374373
A1,A2,A3,B1,B2,phiA1
3.935074488691975,1.0444423104140266,0.4694578059618084,-6.0833560409500675,-0.8428258091658948,0.09318089078095518
ans,J2,J3,Energy,Sigma,L,A1,A3,B1,B2,B3
3x3,0.24000000000000005,0.09000000000000002,-0.439184145544114,0.004754779097345754,0.6531471782154418,0.5067539290010382,0.36744702117340083,0.16000000000664305,0.1998163470079284,4.599803274661178e-09
A1,A3,B1,B2,B3
3.5355607332585524,0.13566925360529286,-6.2863048098448555,-1.6966983374287914,-0.19301227283108346
