ans,J2,J3,Converge,Energy,Sigma,gap,L,A1,A2,B1,B2,B3,phiB1,phiA2,phiB2
q0_1,-0.22499999999999998,-0.3,True,-0.48379465560284285,2.5780365944438064e-09,0.0019078534362575702,0.7535809586285248,0.5140772574909873,0.21498966804735187,0.17779336451371844,0.2010159714315398,0.26506460812744986,3.1416539844073177,3.1414370339115774,3.141849811157743
ans,J2,J3,Converge,Energy,Sigma,gap,L,A1,A2,A3,B1,B2,phiA1,phiB1,phiA2,phiB2
cb1,-0.22499999999999998,-0.3,True,-0.48420947955122007,4.462396001711122e-09,0.009656414186116572,0.7423688122988111,0.5131612923840686,0.0630316684239666,0.2407833996467718,0.17048134599330872,0.2782569986802971,1.9940899000191228,3.14324730791938,4.184488562788867,5.269217089881498
ans,J2,J3,Converge,Energy,Sigma,gap,L,A1,A3,B1,B2,B3,phiB1,phiB2,phiA3
3x3_1,-0.22499999999999998,-0.3,True,-0.5080247039409902,2.179838035917953e-09,0.00346888203733451,0.8178652538390759,0.5225547380276404,0.28911667088072024,0.20365528275981754,0.3689153382050174,0.1701649201244813,3.1416513800173034,-9.452673015584515e-05,0.00038962392986026774
