ans,J2,J3,Converge,Energy,Sigma,gap,L,A1,A2,B1,B2,B3,phiB1,phiA2,phiB2
q0_1,0.22500000000000003,-0.07500000000000001,True,-0.4935788055965653,2.80302909618462e-09,0.001916927516991972,0.7998130626522032,0.5234609847725458,0.3464146891263654,0.22162019863128213,0.2138976398552313,0.3719422147240906,3.141722303786469,3.1418011400416535,3.142137548478274
ans,J2,J3,Converge,Energy,Sigma,gap,L,A1,A3,B1,B2,B3,phiB1,phiB2,phiA3
3x3_1,0.22500000000000003,-0.07500000000000001,True,-0.44217842478216673,1.6737047816763745e-09,0.09334519026814321,0.640228792164194,0.49856486618336776,0.10452040434817331,0.13789628616217636,0.19056428876246487,0.0548742987387896,3.1416554400377628,-0.0007248007267654014,0.008105025567403064
