ans,J2,J3,Converge,Energy,Sigma,gap,L,A1,A2,B1,B2,B3,phiB1,phiA2,phiB2
q0_1,0.22500000000000003,-0.3,True,-0.5287176374571909,2.074186797517059e-09,0.0016426329683534595,0.8924349612201576,0.5201656407483487,0.3845649530169208,0.23213616893381642,0.22421274833067914,0.41398345348977345,3.1415048286547744,3.141836568818082,3.141195976518664
