ans,J2,J3,Converge,Energy,Sigma,gap,L,A1,A2,B1,B2,B3,phiB1,phiA2,phiB2
q0_1,0.3,0.14999999999999997,True,-0.475538232795501,2.2034736971286013e-09,0.0023805667217708945,0.7474207279887004,0.52279863428496,0.32130857394004714,0.21383811437941871,0.2030432293140536,0.3353435026913488,3.1414377572896424,3.1417151348000916,3.1413093031434087
ans,J2,J3,Converge,Energy,Sigma,gap,L,A1,A3,B1,B2,B3,phiB1,phiB2,phiA3
3x3_1,0.3,0.14999999999999997,True,-0.43893422463928544,1.0620786342386687e-09,0.08599743435938713,0.6326950694609376,0.4981308005566154,0.11971078723382493,0.13607756093271167,0.1921247979864867,0.04549795009814564,3.141673080816268,0.00033079333540639126,-0.0021747900974466864
