ans,J2,J3,Converge,Energy,Sigma,gap,L,A1,A2,B1,B2,B3,phiB1,phiA2,phiB2
q0_1,0.3,-0.22499999999999998,True,-0.530982133711004,3.854522834970977e-09,0.0017144082886326253,0.8961596170986887,0.5185119797391213,0.3946939115434918,0.23399788733630192,0.22368499092294308,0.4181492233307214,3.141585581176386,3.141766922621913,3.1417356012625586
