ans,J2,J3,Converge,Energy,Sigma,gap,L,A1,A2,B1,B2,B3,phiB1,phiA2,phiB2
q0_1,0.22500000000000003,-0.3,True,-0.5287176374571909,2.074186797517059e-09,0.0016426329683534595,0.8924349612201576,0.5201656407483487,0.3845649530169208,0.23213616893381642,0.22421274833067914,0.41398345348977345,3.1415048286547744,3.141836568818082,3.141195976518664
ans,J2,J3,Converge,Energy,Sigma,gap,L,A1,A3,B1,B2,B3,phiB1,phiB2,phiA3
3x3_1,0.22500000000000003,-0.3,True,-0.44108211850056994,2.5202156543521645e-09,0.08606230930919954,0.6386640311177165,0.4958335422265976,0.0766468397421326,0.13394132482098822,0.17612870786918935,0.05709841129703085,3.1415328831938716,0.0009067453726109124,-0.0011409180397787952
ans,J2,J3,Converge,Energy,Sigma,gap,L,A1,A2,A3,B1,B2,phiA1,phiB1,phiA2,phiB2
cb1,0.22500000000000003,-0.3,True,-0.44266242964343666,1.1402486827727528e-09,0.10162652360224085,0.6435583315174194,0.4969975292766143,0.05957896039846563,0.08812795269618039,0.1368557780135446,0.170997518860427,2.2998683298193616,3.1428253913989823,4.237765471683871,5.464977588620095
