ans,J2,J3,Converge,Energy,Sigma,gap,L,A1,A2,B1,B2,B3,phiB1,phiA2,phiB2
q0_1,0.14999999999999997,-0.15,True,-0.4932778498857514,1.0045853080431865e-09,0.0018006107835768655,0.7984631322421668,0.5238726797610437,0.3333596644740173,0.2181015254132057,0.213970283295026,0.3645002064269026,3.141606905559249,3.1419220779917527,3.1411060062702116
ans,J2,J3,Converge,Energy,Sigma,gap,L,A1,A3,B1,B2,B3,phiB1,phiB2,phiA3
3x3_1,0.14999999999999997,-0.15,True,-0.4474680758590808,2.8820016691135163e-09,0.05331029746069382,0.6526809578756068,0.5020907822039531,0.1233253719007787,0.1448882891659575,0.2093074405157973,0.06762269199910843,3.141606397194817,-3.1020153269376735e-05,-0.007286877558177749
ans,J2,J3,Converge,Energy,Sigma,gap,L,A1,A2,A3,B1,B2,phiA1,phiB1,phiA2,phiB2
cb1,0.14999999999999997,-0.15,True,-0.44977073972017895,1.8142340869645121e-09,0.012292726047685765,0.6602907421517821,0.5052178066681887,0.08964901925956457,0.15139607178831613,0.15311071560889356,0.2066985892851382,1.8834101682312823,3.142400246581938,4.052762005588168,5.1600593138116
