ans,J2,J3,Converge,Energy,Sigma,gap,L,A1,A2,B1,B2,B3,phiB1,phiA2,phiB2
q0_1,0.0,0.14999999999999997,True,-0.4606436836060178,8.3182433675607e-10,0.003542581405488421,0.6892457478050288,0.5105845221962559,0.0,0.1659291755764899,0.0,0.1946054052852272,3.1413354154239364,0.0,0.0
