ans,J2,J3,Converge,Energy,Sigma,gap,L,A1,A2,B1,B2,B3,phiB1,phiA2,phiB2
q0_1,-0.07500000000000001,0.22500000000000003,True,-0.45932669275035853,4.0747979588979126e-09,0.004463951643240771,0.6814627013980434,0.5049981415580174,0.13829327724193463,0.15289692993127607,0.17207374863545113,0.15678003631217113,3.141639773499012,3.141990428631723,3.1446149310541975
ans,J2,J3,Converge,Energy,Sigma,gap,L,A1,A2,A3,B1,B2,phiA1,phiB1,phiA2,phiB2
cb1,-0.07500000000000001,0.22500000000000003,True,-0.5131986120878748,2.8050223508985574e-09,0.0024112380052065886,0.830879609900569,0.5179065008710891,0.11695486903347155,0.41215831943052217,0.1973909856488959,0.3512453337802951,1.9392340599739089,3.1432783262526014,4.2017330395153225,5.294524605223879
ans,J2,J3,Converge,Energy,Sigma,gap,L,A1,A3,B1,B2,B3,phiB1,phiB2,phiA3
3x3_1,-0.07500000000000001,0.22500000000000003,True,-0.5078721705637389,2.863308238879523e-09,0.005068591777113906,0.8136450805200074,0.5189558959714434,0.36437534393217635,0.196904300272748,0.3788528419716902,0.14355888276789497,3.141548686717052,-8.354143661936087e-05,-0.0006238185053221082
