ans,J2,J3,Converge,Energy,Sigma,gap,L,A1,A2,B1,B2,B3,phiB1,phiA2,phiB2
q0_1,0.14999999999999997,-0.22499999999999998,True,-0.5037580497603718,2.673768295280053e-09,0.00168123620967489,0.827755930902757,0.523363523822997,0.34964080646118545,0.22289821780851649,0.2182400070349299,0.38247607396426914,3.141639633583261,3.141215691862919,3.1412919408304196
ans,J2,J3,Converge,Energy,Sigma,gap,L,A1,A3,B1,B2,B3,phiB1,phiB2,phiA3
3x3_1,0.14999999999999997,-0.22499999999999998,True,-0.4467869965657362,9.557026925329899e-10,0.051846096359132704,0.6513162171863921,0.5008834688302147,0.11100606860970327,0.14305043466455233,0.20267391471608528,0.06805328573975483,3.1416994678103918,-0.0006307300523714478,-0.002234337152945489
