ans,J2,J3,Converge,Energy,Sigma,gap,L,A1,A2,B1,B2,B3,phiB1,phiA2,phiB2
q0_1,0.14999999999999997,-0.3,True,-0.5151733117211329,2.600752622689634e-09,0.0015756122471812023,0.8583532706584786,0.5224333798020424,0.36305065832694483,0.22676346846538326,0.2217149170711871,0.3972271421437088,3.1416460757585765,3.1419065920031453,3.1428621457278685
