ans,J2,J3,Converge,Energy,Sigma,gap,L,A1,A2,B1,B2,B3,phiB1,phiA2,phiB2
q0_1,0.0,-0.22499999999999998,True,-0.4866878935996154,3.882066825626279e-10,0.0017839148923594716,0.774587641105795,0.5223024416721648,0.0,0.2038426124104118,0.0,0.3278846789256558,3.1414862847974505,0.0,0.0
ans,J2,J3,Converge,Energy,Sigma,gap,L,A1,A2,A3,B1,B2,phiA1,phiB1,phiA2,phiB2
cb1,0.0,-0.22499999999999998,True,-0.4602497254546765,1.8076043959971218e-09,0.041007225498926214,0.6828347375739392,0.5084769269926191,0.0,0.17980988844647386,0.15744166693286282,0.0,2.0047730710893448,3.1416326676988278,0.0,0.0
ans,J2,J3,Converge,Energy,Sigma,gap,L,A1,A3,B1,B2,B3,phiB1,phiB2,phiA3
3x3_1,0.0,-0.22499999999999998,True,-0.4634710356681242,1.346326042660473e-09,0.008561369398574839,0.6955925887333823,0.5122395858251215,0.1877024112606619,0.1674978284442561,0.0,0.11019761468332376,3.1415427157730207,0.0,0.00038760587881640557
