ans,J2,J3,Converge,Energy,Sigma,gap,L,A1,A2,B1,B2,B3,phiB1,phiA2,phiB2
q0_1,0.07500000000000001,0.0,True,-0.47056303499206853,4.0903472466726e-09,0.002333179416887288,0.7263155646825905,0.5200828213275025,0.2530413470317465,0.19263467663501535,0.19644992341604894,0.0,3.141502992040849,3.1424726057062915,3.1429368011784375
ans,J2,J3,Converge,Energy,Sigma,gap,L,A1,A2,A3,B1,B2,phiA1,phiB1,phiA2,phiB2
cb1,0.07500000000000001,0.0,True,-0.4622786445937796,3.043744964609548e-09,0.005274771258402672,0.6946487690880252,0.5142869850239191,0.10672811762584303,0.0,0.17051384958816346,0.2616023028314852,1.9389107286353504,3.1424968514612988,4.055332431546981,5.241233669982664
ans,J2,J3,Converge,Energy,Sigma,gap,L,A1,A3,B1,B2,B3,phiB1,phiB2,phiA3
3x3_1,0.07500000000000001,0.0,True,-0.4588997228627696,1.9383424554510552e-10,0.016519861801769044,0.6825286416860835,0.5112751486574978,0.0,0.1630607120089245,0.2674617029179976,0.0,3.1416619630656157,0.00015555432650239714,0.0
