ans,J2,J3,Converge,Energy,Sigma,gap,L,A1,A2,B1,B2,B3,phiB1,phiA2,phiB2
q0_1,-0.07500000000000001,0.14999999999999997,True,-0.4613774567531723,4.913693633598178e-10,0.003886311375072906,0.6881279131276259,0.5071659328264749,0.15206485434808437,0.15763552426826527,0.1761591009374433,0.17427126125105344,3.1416546436375272,3.142720654807175,3.1411263073310267
ans,J2,J3,Converge,Energy,Sigma,gap,L,A1,A2,A3,B1,B2,phiA1,phiB1,phiA2,phiB2
cb1,-0.07500000000000001,0.14999999999999997,True,-0.5013719703327875,5.105001435560482e-09,0.0026176112418963495,0.8000661284476172,0.5192531498728429,0.11050027327253523,0.3812910001186288,0.19360572959989392,0.3378249658886275,1.9427500399872637,3.1428591672472086,4.195350647457358,5.286947342977552
ans,J2,J3,Converge,Energy,Sigma,gap,L,A1,A3,B1,B2,B3,phiB1,phiB2,phiA3
3x3_1,-0.07500000000000001,0.14999999999999997,True,-0.5000370727138169,1.5037078050217933e-09,0.005044594314233012,0.7947537125393055,0.5204880325979708,0.3424226865069849,0.19596645866879525,0.3697307875854866,0.1432881535024297,3.1416353438486286,0.0007182445546662271,0.00016231933024993397
