ans,J2,J3,Energy,Sigma,gap,L,A1,A2,A3,B1,B2,phiA1
cb1,0.22500000000000003,-0.15,-0.4583601020420702,3.5860522151451453e-10,0.018656532137522764,0.678510894622731,0.5068269732886334,0.024703761040298807,-0.17026519218987438,0.15508389317391305,0.08445109062577702,1.7994739068485932
A1,A2,A3,B1,B2,phiA1
3.46750406166052,0.5819789095085071,-0.4834466160730244,-6.791400775085776,-1.3634648965421547,0.017111867478547538
ans,J2,J3,Energy,Sigma,gap,L,A1,A3,B1,B2,B3
3x3,0.22500000000000003,-0.15,-0.44168499344351736,1.2772044856155094e-09,0.09154158893918027,0.6393582760691239,0.49748028848122194,-0.09300616613879216,0.13626886939916555,0.18448159884948723,-0.055293931390551165
A1,A3,B1,B2,B3
3.2443492337108637,-0.48683279629813114,-6.95221658020273,-1.8262613643571513,0.269562150378988
ans,J2,J3,Energy,Sigma,gap,L,A1,A2,B1,B2,B3
q0,0.22500000000000003,-0.15,-0.5048344611225085,8.109561105741922e-10,0.0017939669750370224,0.8324954759552171,0.5222038680570794,0.36574449529657194,0.22610802630816154,0.218231656795481,-0.39084108782737026
A1,A2,B1,B2,B3
3.0613289681014066,1.0447198661722723,-6.3050675791487265,-7.584377570424294,4.125921826414469
