ans,J2,J3,Energy,Sigma,gap,L,A1,A3,B1,B2,B3
3x3,0.0,-0.22499999999999998,-0.46341783335613,3.931211461341581e-10,0.002773809262611945,0.6955331097301157,0.5121902216560472,-0.18755313975700444,0.16743435721766842,0.0,-0.10994896431287755
A1,A3,B1,B2,B3
2.111033570173504,-18.10190886075702,-5.52408119247616,0.0,5.519973367285047
ans,J2,J3,Energy,Sigma,gap,L,A1,A2,B1,B2,B3
q0,0.0,-0.22499999999999998,-0.4856752371728449,2.5241887633401557e-10,0.0002519173694075949,0.7713225723878798,0.5217918821468991,0.0,0.20289370495209905,0.0,-0.3230037507953096
A1,A2,B1,B2,B3
6.999623103354224,-0.0,-4.223177363371633,0.0,13.623102645965446
ans,J2,J3,Energy,Sigma,gap,L,A1,A2,A3,B1,B2,phiA1
cb1,0.0,-0.22499999999999998,-0.46027707940777657,7.060410098793755e-10,0.040668970715491116,0.6828718510516981,0.5085364838603109,0.0,-0.18011864364207855,0.15755579491859953,0.0,1.9981278886079838
A1,A2,A3,B1,B2,phiA1
12.897904966280294,0.0,-3.827049788185377,-13.321066472116172,0.0,0.0018643710342214348
