ans,J2,J3,Energy,Sigma,gap,L,A1,A3,B1,B2,B3
3x3,-0.07500000000000001,0.3,-0.51682281622551,3.6381114197947576e-11,0.0015585448886781858,0.8343872769274105,0.5164601427283798,-0.38539631421337867,0.19681204960852516,0.3861892044691486,-0.1426292137338416
A1,A3,B1,B2,B3
4.535816167106077,1.4702683515110948,-2.3175905639050143,1.2466694343515883,-2.5923707624997405
ans,J2,J3,Energy,Sigma,gap,L,A1,A2,B1,B2,B3
q0,-0.07500000000000001,0.3,-0.4575931537803974,7.445081897292816e-09,0.010654064002994072,0.6755972893655564,0.5028590145568004,0.12477848234110396,0.14854712353774713,0.16783833579969304,-0.1403203490436816
A1,A2,B1,B2,B3
9.293066316473642,-36.18860766607668,-40.40290324525131,33.4402505686171,-57.43222564191797
ans,J2,J3,Energy,Sigma,gap,L,A1,A2,A3,B1,B2,phiA1
cb1,-0.07500000000000001,0.3,-0.5150067711218593,3.681078432947545e-10,-0.019145176974259458,0.8371968103481934,0.5164952457283895,0.05041800722384395,-0.4297353594776167,0.1992132111371971,0.19708320397259593,1.9250946201392893
A1,A2,A3,B1,B2,phiA1
2.0372592501871623,-5.926481527751548,14.644840895527977,-2.1449508835758024,10.146439244351768,0.00026099475580743103
