ans,J2,J3,Energy,Sigma,gap,L,A1,A3,B1,B2,B3
3x3,0.22500000000000003,0.22500000000000003,-0.4476050127571218,9.579486263432865e-12,0.0849610463093824,0.6537644988696625,0.5049823015622442,-0.19813407593977203,0.14900116645564632,0.24086530749670454,-0.05707145664757073
A1,A3,B1,B2,B3
1.7321699630201692,0.4302669331934794,-0.7866485240981547,-1.4647727475392003,-1.9051427102567686
ans,J2,J3,Energy,Sigma,gap,L,A1,A2,B1,B2,B3
q0,0.22500000000000003,0.22500000000000003,-0.4613541815721219,3.296213402103038e-11,0.004429372011915289,0.700912292302376,0.5192098173824112,0.24927626385376644,0.19311181405148384,0.18714997141752854,-0.2618023033328357
A1,A2,B1,B2,B3
0.02220446049250313,2.612687843850381,-2.8849145294884693,-1.7275625374679748,-3.850753049761124
ans,J2,J3,Energy,Sigma,gap,L,A1,A2,A3,B1,B2,phiA1
cb1,0.22500000000000003,0.22500000000000003,-0.4846157980471789,1.039157768765314e-10,-0.010754430421445376,0.7578857255436792,0.517787546726796,0.06085972894945141,-0.3604356730991827,0.18688223388827896,0.16760338634894956,1.9390693874927956
A1,A2,A3,B1,B2,phiA1
5.5284665734234295,1.4592771435673058,2.3631097079146457,-2.501998608295253,-3.5138558729386205,0.000685790615406745
