ans,J2,J3,Energy,Sigma,gap,L,A1,A3,B1,B2,B3
3x3,-0.15,0.07500000000000001,-0.5141774354563386,1.5500579186774583e-09,0.0012099527042676017,0.8329101983749525,0.5223759874938284,-0.34945942712809475,0.20441373651792996,0.38624733742813905,-0.16082299113561455
A1,A3,B1,B2,B3
22.868706928136362,10.55344700517935,-0.4886091531375314,16.280865544615608,-25.50293309866447
ans,J2,J3,Energy,Sigma,gap,L,A1,A2,B1,B2,B3
q0,-0.15,0.07500000000000001,-0.4648734588058339,3.4616415132904984e-09,0.005730126498340949,0.6958270692585392,0.5059292684496987,0.14605212969977566,0.154815387046024,0.17832109712748992,-0.17425496664494444
A1,A2,B1,B2,B3
24.067803305882762,-20.591528482327703,-20.769941322384966,28.675839480740706,-34.70845832964642
ans,J2,J3,Energy,Sigma,gap,L,A1,A2,A3,B1,B2,phiA1
cb1,-0.15,0.07500000000000001,-0.48609917638415223,4.6878702417832745e-09,-0.00941211553326849,0.7600771950297214,0.5196739224291952,0.042110189326485935,-0.3392808313358082,0.1886240724163746,0.17343001659335058,1.95427029676005
A1,A2,A3,B1,B2,phiA1
29.571234350100895,-11.86462039726166,33.70359547005819,-2.3968604878632505,40.65447978263137,0.002963408695100256
