ans,J2,J3,Energy,Sigma,L,A1,A3,B1,B2,B3
3x3,-0.21,-0.06,-0.4591582147290012,4.349081963965402,0.5000000075271275,0.5213222884110061,0.2126045465108977,9.008190712195274e-05,5.3197241298708065e-05,5.320178483726929e-05
A1,A3,B1,B2,B3
2.220445969032283,-1.1102230259034183,-4.440892098508346,0.0,0.0
ans,J2,J3,Energy,Sigma,L,A1,A2,B1,B2,B3
q0,-0.21,-0.06,-0.47179700133078134,9.213648853948536e-15,0.7136659993858014,0.5080128773353532,0.1611064573046157,0.15872470426321966,0.18604611737699375,0.19973298177531976
A1,A2,B1,B2,B3
4.440892103175606,-1.1102230257939012,-7.771561180557309,3.330669077381704,0.5551115128969512
ans,J2,J3,Energy,Sigma,L,A1,A2,A3,B1,B2
0-pi,-0.21,-0.06,-0.43260217748450003,0.045294456222606506,0.5000000075271275,0.34341157628818797,0.01753005906504524,0.2723862698891387,0.1271424500151166,0.1953267053836889
A1,A2,A3,B1,B2
-24.424906703379005,-2.220446048509685,-2.775557579819041,-9.43689571983211,-0.5551115132986538
ans,J2,J3,Energy,Sigma,L,A1,A2,A3,B1,B2,phiA1
cb1,-0.21,-0.06,-0.4763072821469182,4.9583605678633815e-12,0.7293197473191269,0.516853391120399,0.037498502155365376,0.27621369333164125,0.17832889839563046,0.16038956907766222,-2.020526661330991
A1,A2,A3,B1,B2,phiA1
-7.771561180557303,-3.330669075070588,0.0,-13.322676309526827,-29.976021696435335,0.0
ans,J2,J3,Energy,Sigma,L,A1,A2,A3,B1,B2,phiB1
cb2,-0.21,-0.06,-0.43260240189891686,0.045290616211776,0.5000000075271275,0.3434103345899379,0.017502866662699325,0.2724170868565508,0.12714163249547858,0.19532819023312098,3.141592661539536
A1,A2,A3,B1,B2,phiB1
-23.314683412467623,0.0,-0.5551115098702213,-6.661338154032731,0.0,0.5551115190599266
