ans,J2,J3,Energy,Sigma,L,A1,A3,B1,B2,B3
3x3,-0.21,0.24000000000000005,-0.4566188688877182,4.33029038440862,0.5000000075271275,0.5200964386007265,0.09959376710526016,5.31989662521104e-05,5.319812016979508e-05,5.319894259009361e-05
A1,A3,B1,B2,B3
4.440892125490019,0.0,-4.440892098502926,2.220446049251463,0.0
ans,J2,J3,Energy,Sigma,L,A1,A2,B1,B2,B3
q0,-0.21,0.24000000000000005,-0.5086922597806551,0.36379116783370485,0.5053297394541092,0.3534526305704899,0.41107040209355405,0.015214108582477653,0.15105429182899244,0.022497477083140788
A1,A2,B1,B2,B3
-1.1102230313725048,-4.440892125490019,-13.322676293269883,-2.220446051546628,-2.220446047490535
ans,J2,J3,Energy,Sigma,L,A1,A2,A3,B1,B2
0-pi,-0.21,0.24000000000000005,-0.4327357178521293,0.195974398142888,0.7207643910392071,0.3400152235786986,6.363542131241556e-05,0.7976998232755589,0.10166416173648704,0.35560971613422926
A1,A2,A3,B1,B2
1.1102230313725048,-5.551115123128657,-1.1102230011694867,-7.771561180630039,-2.220446039480885
ans,J2,J3,Energy,Sigma,L,A1,A2,A3,B1,B2,phiA1
cb1,-0.21,0.24000000000000005,-0.5371301780940574,0.3287223711058312,0.809049372170179,0.5361339063519498,0.415080658358228,0.30687106372255535,0.16139250949317585,0.20251176727793638,0.812567979814667
A1,A2,A3,B1,B2,phiA1
991.4291400193716,969.2246961383435,75.4951661730555,692.7791680943441,562.8830740782158,843.7694996034394
ans,J2,J3,Energy,Sigma,L,A1,A2,A3,B1,B2,phiB1
cb2,-0.21,0.24000000000000005,-0.4328014171430993,0.19594998169511932,0.7206356415700532,0.3400247395142183,6.362739985265646e-05,0.7973071006935026,0.10167092606679361,0.35545273495100604,3.141401460147702
A1,A2,A3,B1,B2,phiB1
3.3306690996686297,-4.440892098502926,0.0,-4.440892103266728,-1.1102230320663942,-2.2204460762396
