ans,J2,J3,Energy,Sigma,L,A1,A3,B1,B2,B3
3x3,0.26999999999999996,0.26999999999999996,-0.44335255626827413,4.808988522864618e-11,0.6447310109588626,0.5027021627481812,0.1894899907500976,0.1451271449140274,0.2317295664428647,0.048681158750129946
A1,A3,B1,B2,B3
4.996003505138981,0.5551115128969485,-4.996003616072579,-2.220446051587794,-2.2204460500471255
ans,J2,J3,Energy,Sigma,L,A1,A2,B1,B2,B3
q0,0.26999999999999996,0.26999999999999996,-0.46213216208958435,1.1375190288458703e-09,0.7025533151833184,0.5206142434193066,0.26197611115029834,0.19702887642006897,0.18832322280845099,0.27350628435462077
A1,A2,B1,B2,B3
0.5551115128971423,-1.110223019631006,-4.440892103175588,-1.6653345386908032,-1.1102230319568729
ans,J2,J3,Energy,Sigma,L,A1,A2,A3,B1,B2
0-pi,0.26999999999999996,0.26999999999999996,-0.4493555666229939,2.581978720643304e-13,0.6594277927083865,0.5015595364891567,0.10196734106980128,0.12478551756021455,0.15025696862289653,0.18475732853277585
A1,A2,A3,B1,B2
3.885780590278654,3.8857805902786553,0.5551115128969538,-2.220446051587802,0.5551115128969512
ans,J2,J3,Energy,Sigma,L,A1,A2,A3,B1,B2,phiA1
cb1,0.26999999999999996,0.26999999999999996,-0.48848472547820054,8.100175384014572e-10,0.7691068355046738,0.5171303195619856,0.06843659282932381,0.37859639833517783,0.1889467211232624,0.17317174637591848,-1.9571420983602341
A1,A2,A3,B1,B2,phiA1
4.440892103175614,0.0,1.1102230196309264,-4.440892103175588,3.3306690773817755,3.3306691143595692
ans,J2,J3,Energy,Sigma,L,A1,A2,A3,B1,B2,phiB1
cb2,0.26999999999999996,0.26999999999999996,-0.4493555666157249,8.019026372030134e-09,0.659402969797692,0.5015504122602654,0.10200052759890685,0.12476158365163434,0.15027667156873362,0.18476299791185236,3.1415926594971344
A1,A2,A3,B1,B2,phiB1
5.55111512896939,1.1102230257943204,0.5551115128969061,-2.7755575644847847,-0.5551115128969908,1.1102230381198532
