ans,J2,J3,Energy,Sigma,L,A1,A3,B1,B2,B3
3x3,-0.27,0.26999999999999996,-0.46126014112563485,0.3337850291600518,0.7678760837872945,0.34119838117273066,0.9794967141777919,0.17763166250439016,0.3287896306431913,0.3829001703003685
A1,A3,B1,B2,B3
-5.551115095232766,3.3306690774641687,-24.424906565711865,-2.2204460391339405,0.0
ans,J2,J3,Energy,Sigma,L,A1,A2,B1,B2,B3
q0,-0.27,0.26999999999999996,-0.4999991223528848,6.519456567734097e-08,0.5000000075271275,5.018466968711328e-05,6.610696135189607e-05,5.320180202837322e-05,5.320180202837317e-05,0.0018149427321517194
A1,A2,B1,B2,B3
0.0,-3.3306690738785494,-4.440892098502926,0.0,-3.33066907391503
ans,J2,J3,Energy,Sigma,L,A1,A2,A3,B1,B2
0-pi,-0.27,0.26999999999999996,-0.44920811758225554,0.2149325027837151,0.749808476102415,0.3294602560955845,6.281645189233683e-05,0.7736893928187814,0.09990508652603342,0.34537986197665815
A1,A2,A3,B1,B2
6.661338188235029,0.0,1.1102230258213897,-6.661338154726621,0.0
ans,J2,J3,Energy,Sigma,L,A1,A2,A3,B1,B2,phiA1
cb1,-0.27,0.26999999999999996,-0.51032289894272,0.013268518108019954,0.8090332936158002,0.5179767563503197,0.05812471450271593,0.2668441440691357,0.19595464737989443,0.17384889379440957,-1.5990615768798309
A1,A2,A3,B1,B2,phiA1
-182.07657623019762,-2.2204460504190577,-4.440892126877798,-72.16449667660983,-4.440892103266728,-3.330669114240307
ans,J2,J3,Energy,Sigma,L,A1,A2,A3,B1,B2,phiB1
cb2,-0.27,0.26999999999999996,-0.4494079543397431,0.21490577914344533,0.7494397736161801,0.3294710571831305,6.285567107502848e-05,0.7723065671430296,0.099924629614484,0.3453718413252643,3.1419558685728632
A1,A2,A3,B1,B2,phiB1
4.440892125490019,0.0,0.0,-2.2204460518068365,-1.1102230193934979,-1.1102230381199694
