ans,J2,J3,Energy,Sigma,L,A1,A3,B1,B2,B3
3x3,-0.27,-0.09,-0.5328951728121414,5.352231240238874,0.5000000075271275,0.51970617367216,6.61069613518972e-05,0.24185358911314633,0.28513172361656236,0.0010108552698972688
A1,A3,B1,B2,B3
2.2204460627450096,0.0,-5.551115126047645,0.0,0.0
ans,J2,J3,Energy,Sigma,L,A1,A2,B1,B2,B3
q0,-0.27,-0.09,-0.4611976036788733,0.19579122434568294,0.5000000075271275,0.345555860698437,0.3262379212492639,0.018038553217977926,0.013701235780537557,0.4999468041291525
A1,A2,B1,B2,B3
-14.98801093133507,-2.775557583982377,-6.6613381452471625,0.0,0.0
ans,J2,J3,Energy,Sigma,L,A1,A2,A3,B1,B2
0-pi,-0.27,-0.09,-0.4348540313208458,0.053957783311508856,0.5000000075271275,0.3385779336202757,0.016530300527021154,0.2996228825525593,0.1279478941730101,0.19953119085457932
A1,A2,A3,B1,B2
-22.204460392033294,-1.1102230242656845,-0.5551115156862524,-6.106226641427966,1.1102230265973076
ans,J2,J3,Energy,Sigma,L,A1,A2,A3,B1,B2,phiA1
cb1,-0.27,-0.09,-0.47706503702116687,4.758556891712872e-12,0.7298293352222893,0.5159626616307642,0.03619494329581199,0.26570957514908605,0.17690009705042423,0.162610456543361,-2.0596915111624443
A1,A2,A3,B1,B2,phiA1
4.440892103175603,0.0,1.110223019630921,-5.551115128969503,3.3306690773816907,1.1102230381198541
ans,J2,J3,Energy,Sigma,L,A1,A2,A3,B1,B2,phiB1
cb2,-0.27,-0.09,-0.434852748904597,0.05395787503149455,0.5000000075271275,0.33857545157653696,0.01650897223898305,0.2995938395808707,0.12794898910219465,0.19953478046489742,3.1415593279019927
A1,A2,A3,B1,B2,phiB1
-22.204460392033294,0.0,-1.1102230320663942,-7.216449666637495,1.1102230265973076,1.1102230381198421
