ans,J2,J3,Energy,Sigma,L,A1,A3,B1,B2,B3
3x3,0.21000000000000002,0.24000000000000005,-0.4492344949355134,1.9286043061154516e-09,0.6594624668417762,0.5058950814589092,0.2162461105351286,0.15203963216553432,0.25244986781155576,0.058695839640846854
A1,A3,B1,B2,B3
1.1102230257942847,0.5551115128969485,-7.216449667660372,-0.5551115159784364,0.0
ans,J2,J3,Energy,Sigma,L,A1,A2,B1,B2,B3
q0,0.21000000000000002,0.24000000000000005,-0.46086015233537414,5.7544321547961796e-12,0.6966405390380096,0.5188352479997359,0.2394055511641399,0.18946372254466037,0.18534684140901403,0.2530674979321809
A1,A2,B1,B2,B3
1.1102230011420005,-1.110223025793897,-6.661338154763403,-2.220446051587836,-2.7755575490773134
ans,J2,J3,Energy,Sigma,L,A1,A2,A3,B1,B2
0-pi,0.21000000000000002,0.24000000000000005,-0.451966256329878,2.7741276110442912e-09,0.664594756253578,0.5009409640157275,0.09111753819236203,0.14090620167225051,0.14609884401616435,0.19187564849299327
A1,A2,A3,B1,B2
4.996003505138685,3.3306690773816063,2.7755575644847847,-2.7755575644847847,1.6653345386908878
ans,J2,J3,Energy,Sigma,L,A1,A2,A3,B1,B2,phiA1
cb1,0.21000000000000002,0.24000000000000005,-0.4873337702213911,6.15428602613008e-11,0.7658890179366511,0.5178416867496268,0.062046540256864284,0.3714629376959416,0.188765105957036,0.17221256958748105,-1.9468288565089844
A1,A2,A3,B1,B2,phiA1
6.661338006852003,4.440892093931144,4.440892078523684,-1.110223025793897,4.440892103175609,2.2204460762397056
ans,J2,J3,Energy,Sigma,L,A1,A2,A3,B1,B2,phiB1
cb2,0.21000000000000002,0.24000000000000005,-0.4519662563592307,3.6857871037443557e-09,0.6646076582877529,0.5009453591562253,0.09112824816414695,0.14088380479138604,0.14609065902209875,0.191867731702975,3.1415926620856727
A1,A2,A3,B1,B2,phiB1
4.996003505139362,0.5551115128969061,0.0,-4.996003616072748,0.5551115128969485,0.5551115190599266
