ans,J2,J3,Energy,Sigma,L,A1,A3,B1,B2,B3
3x3,0.14999999999999997,-0.24,-0.44582259846129607,9.30764132265683e-10,0.6502604252050331,0.5001975099406422,0.10842049075101053,0.14259027138192493,0.20109472371239978,0.06585003456470157
A1,A3,B1,B2,B3
3.3306690773818373,0.0,-7.216449667660372,-1.6653345386908032,1.110223025793897
ans,J2,J3,Energy,Sigma,L,A1,A2,B1,B2,B3
q0,0.14999999999999997,-0.24,-0.4288613502008478,4.425629015105434,0.5000000075271275,0.5244228232406938,0.26520479892570864,5.319867883843421e-05,5.3198587594865954e-05,5.3197169414376244e-05
A1,A2,B1,B2,B3
3.3306690941175146,1.1102230190465532,-4.440892098502926,0.0,0.0
ans,J2,J3,Energy,Sigma,L,A1,A2,A3,B1,B2
0-pi,0.14999999999999997,-0.24,-0.44901257258807786,3.8327546637261503e-13,0.6574082408117726,0.5004738296179095,0.0983872291612054,0.08542061561459977,0.1491473687689464,0.1693005369244772
A1,A2,A3,B1,B2
5.551115005709992,2.2204460515878024,0.5551115128969508,-3.330669077381704,-0.5551115128969508
ans,J2,J3,Energy,Sigma,L,A1,A2,A3,B1,B2,phiA1
cb1,0.14999999999999997,-0.24,-0.4568298646719692,1.0616898359612588e-09,0.6740367487969571,0.5054758072605787,0.02532985348874095,0.15514241803604265,0.15250384015080706,0.0836662895148827,1.8272054662083692
A1,A2,A3,B1,B2,phiA1
6.106226641865855,3.3306690727595303,3.3306690773816907,-2.7755575644847847,0.5551115128969485,2.7755575952996265
ans,J2,J3,Energy,Sigma,L,A1,A2,A3,B1,B2,phiB1
cb2,0.14999999999999997,-0.24,-0.44901257258812133,4.112245617255626e-13,0.6574082833872655,0.5004738465093,0.09838698818860704,0.0854203006802842,0.14914736669833917,0.1693003708377415,3.141592649645216
A1,A2,A3,B1,B2,phiB1
5.551115005709992,2.775557564484754,0.0,-3.330669077381704,-0.5551115128969512,0.0
