ans,J2,J3,Energy,Sigma,L,A1,A3,B1,B2,B3
3x3,0.3,0.3,-0.44119214196088985,4.790915596266489e-11,0.6396517366200316,0.5014816265460419,0.18403552984357086,0.14266397802836495,0.22594603548271183,0.04467192500966644
A1,A3,B1,B2,B3
2.220446002284001,-2.220446051587802,-4.996003616072579,-3.8857805902786393,-1.6653345352241649
ans,J2,J3,Energy,Sigma,L,A1,A2,B1,B2,B3
q0,0.3,0.3,-0.4619400038914899,1.5927246814492837e-09,0.7025305537499795,0.5208384529407005,0.26822841393255065,0.19912260713023325,0.18843268918012868,0.2778113098266868
A1,A2,B1,B2,B3
3.3306690034264674,-1.110223019630667,-6.661338154763381,-3.885780590278597,-4.99600364380597
ans,J2,J3,Energy,Sigma,L,A1,A2,A3,B1,B2
0-pi,0.3,0.3,-0.44843679315263024,1.2902775057993273e-09,0.6577560153631874,0.501742338257579,0.10694639700306086,0.1197460171444881,0.1521291599666447,0.18234627352800298
A1,A2,A3,B1,B2
6.661338154762997,0.5551115128969485,0.5551115128969061,-3.8857805902787663,-0.5551115128969485
ans,J2,J3,Energy,Sigma,L,A1,A2,A3,B1,B2,phiA1
cb1,0.3,0.3,-0.4913839299200511,1.359182687792515e-11,0.7769190368810897,0.5164383490244786,0.07324157017717661,0.39001505170934764,0.19001616570908894,0.1764066756497892,-1.967554587809866
A1,A2,A3,B1,B2,phiA1
0.0,0.0,-1.1102230196309424,-3.3306690773817014,-2.2204460515878046,-1.1102230381198528
ans,J2,J3,Energy,Sigma,L,A1,A2,A3,B1,B2,phiB1
cb2,0.3,0.3,-0.44843679313466345,1.3579607853911588e-09,0.657758042868415,0.5017427022823612,0.10695572245435021,0.11974905699260638,0.1521307490785076,0.18234339895719484,3.1415926658942404
A1,A2,A3,B1,B2,phiB1
7.771561007993961,3.8857805902786815,1.6653345386908878,-1.6653345386908032,1.110223025793897,1.1102230381198532
