ans,J2,J3,Energy,Sigma,L,A1,A3,B1,B2,B3
3x3,0.09000000000000002,-0.24,-0.45121570912825587,4.904292780976632e-11,0.6635142436860398,0.5041570680025053,0.13404329290168807,0.15050401890997336,0.2234871169545708,0.07833733150509774
A1,A3,B1,B2,B3
3.8857805039969806,1.110223025793897,-5.551115128969527,2.220446051587794,0.555111512896959
ans,J2,J3,Energy,Sigma,L,A1,A2,B1,B2,B3
q0,0.09000000000000002,-0.24,-0.3791611792049302,4.992220070441079,0.5000000075271275,0.5266516530369278,0.8307865889751656,0.17047319653342888,0.0002801475666534131,2.732909174981286e-07
A1,A2,B1,B2,B3
2.220446018336088,1.1102230258213897,-4.4408921008381155,0.0,1.1102230246251554
ans,J2,J3,Energy,Sigma,L,A1,A2,A3,B1,B2
0-pi,0.09000000000000002,-0.24,-0.4514863357219442,1.0410218343188639e-10,0.6622415357661249,0.5001764091862992,0.09086694413719777,0.09652755869712122,0.14599624222409324,0.1745499793527533
A1,A2,A3,B1,B2
2.7755575644847585,-0.5551115128969485,-1.110223025793897,-5.5511151289694,-1.665334538690856
ans,J2,J3,Energy,Sigma,L,A1,A2,A3,B1,B2,phiA1
cb1,0.09000000000000002,-0.24,-0.45773254234118993,4.185000748615084e-09,0.6763674157103648,0.5066457279454292,0.028887117967573102,0.16483529318699988,0.15424478715095433,0.09799727887186092,-1.9015509329135019
A1,A2,A3,B1,B2,phiA1
5.5511150057098755,3.3306690727594455,1.1102230257943204,-3.8857805902784275,3.3306690773817755,3.3306691143595692
ans,J2,J3,Energy,Sigma,L,A1,A2,A3,B1,B2,phiB1
cb2,0.09000000000000002,-0.24,-0.45148633575140845,3.35362643439336e-11,0.6622399169675922,0.5001758124138398,0.09086601726970188,0.09653135094139315,0.14599832654773442,0.1745370352483025,3.1415926531871157
A1,A2,A3,B1,B2,phiB1
6.106226641866453,0.0,0.0,-3.3306690773817014,-1.6653345386908878,-1.1102230381198532
