ans,J2,J3,Energy,Sigma,L,A1,A3,B1,B2,B3
3x3,-0.12,-0.3,-0.4807639167730333,9.977857855881392e-13,0.7446396191143895,0.5175721677626942,0.23378874184013854,0.1850316434641243,0.3178107823768435,0.13701727427691202
A1,A3,B1,B2,B3
7.7715610079939825,3.3306690773817027,-3.330669077381704,2.22044603926185,2.2204460515878024
ans,J2,J3,Energy,Sigma,L,A1,A2,B1,B2,B3
q0,-0.12,-0.3,-0.48795981883882444,1.5218975754459928e-10,0.7701568649461144,0.5195813084762764,0.2580049772073168,0.1928678781776033,0.20700504043759926,0.3061829627972667
A1,A2,B1,B2,B3
-4.440892103175614,-4.440892078523684,-12.21245328373292,-4.440892103175588,-2.2204460392618848
ans,J2,J3,Energy,Sigma,L,A1,A2,A3,B1,B2
0-pi,-0.12,-0.3,-0.4619345105516504,7.46398001807162e-13,0.6842517101984337,0.4987223688565591,0.07113884148511551,0.12853888560333265,0.1377568782842169,0.18942410234444443
A1,A2,A3,B1,B2
6.106226675762825,0.5551115128969506,1.1102230257939023,-2.220446051587802,4.440892103175599
ans,J2,J3,Energy,Sigma,L,A1,A2,A3,B1,B2,phiA1
cb1,-0.12,-0.3,-0.45416006722873575,9.393117261980767e-05,0.6675687081285807,0.49935587366159434,3.329239078851242e-05,0.09052041301919433,0.1455283724137656,1.230847392787327e-05,1.3808964779111208
A1,A2,A3,B1,B2,phiA1
4.440892078524024,6.661338147754388,3.885780590271651,-1.6653345386924971,1.1102230246253553,7.2164497478097855
ans,J2,J3,Energy,Sigma,L,A1,A2,A3,B1,B2,phiB1
cb2,-0.12,-0.3,-0.4619345105662937,1.2619158300299736e-10,0.6842534788581485,0.49872254246326364,0.07113757690600071,0.12854032091619474,0.13775472531726507,0.18942646226619386,3.1415927299635396
A1,A2,A3,B1,B2,phiB1
1.6653345479353172,-1.110223025793897,-1.6653345386908454,-6.661338154763381,0.0,-1.6653345571797795
