ans,J2,J3,Energy,Sigma,L,A1,A3,B1,B2,B3
3x3,0.02999999999999997,-0.21,-0.458524268584928,1.472951221467358e-14,0.6828143931413126,0.5092729925474141,0.17109813669826746,0.1613192371473647,0.2546048761775014,0.0948974718127785
A1,A3,B1,B2,B3
4.440892004567993,3.885780590278654,-3.885780590278654,1.110223031956877,2.7755575644847528
ans,J2,J3,Energy,Sigma,L,A1,A2,B1,B2,B3
q0,0.02999999999999997,-0.21,-0.48878805050190244,5.677801713424944e-10,0.7795887163826871,0.5234322837023961,0.298184477864503,0.20717377651594948,0.21009275957731008,0.33784340726217404
A1,A2,B1,B2,B3
-4.440892103175783,0.0,-7.771561180557321,-1.110223025793897,-1.110223019630921
ans,J2,J3,Energy,Sigma,L,A1,A2,A3,B1,B2
0-pi,0.02999999999999997,-0.21,-0.45469612914326946,1.7412039885853453e-10,0.6689367304124145,0.499860480058443,0.08340265513966245,0.11128586857595564,0.1429426112785035,0.18122310607621908
A1,A2,A3,B1,B2
1.110223019630921,-4.996003616072557,-4.440892103175609,-10.547118745042148,-4.996003616072536
ans,J2,J3,Energy,Sigma,L,A1,A2,A3,B1,B2,phiA1
cb1,0.02999999999999997,-0.21,-0.4598822744472034,2.476222055537112e-12,0.6822558134633473,0.5084821481519262,0.03216650375163357,0.1810658282575533,0.15750720661594347,0.11445450340364313,-1.9738167692452122
A1,A2,A3,B1,B2,phiA1
2.220446051587804,-0.5551115117413923,-1.665334538690852,-6.661338154763408,-3.3306690773816907,-1.1102230381198528
ans,J2,J3,Energy,Sigma,L,A1,A2,A3,B1,B2,phiB1
cb2,0.02999999999999997,-0.21,-0.4546961291542172,1.7670730795983547e-10,0.6689368128124095,0.49986045993947625,0.08340261967012975,0.11128605276397466,0.142942594001588,0.18121852874982605,3.1415925843105743
A1,A2,A3,B1,B2,phiB1
1.6653345479352668,-2.7755575644847528,-2.7755575644847528,-8.881784206351345,-4.4408921031756305,-1.6653345571797795
