ans,J2,J3,Energy,Sigma,L,A1,A3,B1,B2,B3
3x3,-0.3,-0.15,-0.5096071856028332,4.353446105070564,0.5000000075271275,0.5198211686697795,0.5775539652426903,5.3198854510855265e-05,5.31972366548672e-05,0.0004166084736190144
A1,A3,B1,B2,B3
4.440891982473486,-2.2204460023389734,-4.440892098502926,0.0,-1.1102230246344604
ans,J2,J3,Energy,Sigma,L,A1,A2,B1,B2,B3
q0,-0.3,-0.15,-0.5000005063053059,6.70253707062126e-08,0.5000000075271275,4.8398513681368024e-05,6.610696135189607e-05,5.320180202837322e-05,5.320180202837317e-05,0.0018151271758751353
A1,A2,B1,B2,B3
0.0,-4.440892098505636,-4.440892098502926,0.0,-2.2204460492766867
ans,J2,J3,Energy,Sigma,L,A1,A2,A3,B1,B2
0-pi,-0.3,-0.15,-0.434404224387461,0.05860177217812461,0.5000000075271275,0.33834359559401056,0.019779559492771357,0.24301060241298078,0.12854274988709166,0.19942478242234546
A1,A2,A3,B1,B2
-25.53512945194851,-2.220446048531369,-1.1102230259034183,-8.326672691847024,-0.5551115126047644
ans,J2,J3,Energy,Sigma,L,A1,A2,A3,B1,B2,phiA1
cb1,-0.3,-0.15,-0.47500564324553246,2.2033563010163286e-12,0.7201895738832075,0.5107195013451541,0.032480747892304235,0.210973896850324,0.16636974356818324,0.16331914079753176,2.2286633426694946
A1,A2,A3,B1,B2,phiA1
5.551115005709992,-1.1102230250235283,2.7755575644847537,-2.7755575644847528,3.8857805902786606,0.5551115190599264
ans,J2,J3,Energy,Sigma,L,A1,A2,A3,B1,B2,phiB1
cb2,-0.3,-0.15,-0.43440500855891895,0.058607939796672996,0.5000000075271275,0.33834667336834423,0.019801623801096693,0.24299822870095636,0.12854539673006746,0.19942086898221523,3.1415926492399517
A1,A2,A3,B1,B2,phiB1
-22.75957215562636,0.5551115122195784,1.6653345385081828,-4.996003616218438,2.2204460518068365,1.1102230381198532
