ans,J2,J3,Energy,Sigma,L,A1,A3,B1,B2,B3
3x3,0.24000000000000005,-0.12,-0.44001364486859085,1.7613784899387904e-12,0.6366952400749626,0.4966424904039113,0.09150582841809782,0.13537585882832717,0.18231417439455874,0.05152943652471675
A1,A3,B1,B2,B3
1.1102230319568782,-2.775557564484754,-8.881784206351208,-4.996003616072557,-0.5551115117414095
ans,J2,J3,Energy,Sigma,L,A1,A2,B1,B2,B3
q0,0.24000000000000005,-0.12,-0.3971115739665463,4.49637887288749,0.5000000075271275,0.5239991137230775,0.3345964777458815,5.319847956369861e-05,5.3198599140658054e-05,5.319707127804385e-05
A1,A2,B1,B2,B3
4.440892125490019,1.1102230313725048,-4.440892098502926,0.0,2.220446049251124
ans,J2,J3,Energy,Sigma,L,A1,A2,A3,B1,B2
0-pi,0.24000000000000005,-0.12,-0.4467133347761541,7.24662326233357e-10,0.6535924533679663,0.5010707739478698,0.10951888603010461,0.07823376011395193,0.1538045294105714,0.16537665580924513
A1,A2,A3,B1,B2
0.5551115005711909,-1.6653345386908454,-3.330669077381712,-7.216449667660356,-3.3306690773817333
ans,J2,J3,Energy,Sigma,L,A1,A2,A3,B1,B2,phiA1
cb1,0.24000000000000005,-0.12,-0.4589706230096672,3.585618100667216e-10,0.6807289954964253,0.5075404795782036,0.031035451533526832,0.1792306262846255,0.1565397154603335,0.08933861975396763,-1.815312518680642
A1,A2,A3,B1,B2,phiA1
7.216449507423109,3.3306690727594455,2.2204460515878033,-5.551115128969527,1.110223025793897,2.775557595299637
ans,J2,J3,Energy,Sigma,L,A1,A2,A3,B1,B2,phiB1
cb2,0.24000000000000005,-0.12,-0.44671333478063124,7.510793982415829e-10,0.6535931612423082,0.5010707575398056,0.10951762407330805,0.07823298481347389,0.1538032699672449,0.16537638980161595,3.1415926525975295
A1,A2,A3,B1,B2,phiB1
2.2204460022840857,0.5551115128969485,-1.110223025793897,-1.6653345386908878,-1.110223025793897,0.0
