ans,J2,J3,Energy,Sigma,L,A1,A3,B1,B2,B3
3x3,0.18,0.09000000000000002,-0.4477674159233842,5.791348379970194e-13,0.6546160134451289,0.5046339691736974,0.16957988599097173,0.14924063837799662,0.23118920586335764,0.061886975159932085
A1,A3,B1,B2,B3
1.6653345386908551,-1.665334538690852,-7.216449667660359,-1.1102230257939023,-0.5551115117413883
ans,J2,J3,Energy,Sigma,L,A1,A2,B1,B2,B3
q0,0.18,0.09000000000000002,-0.4705502231295976,1.4772908192626885e-09,0.7276279466421933,0.5225211083613164,0.2770204232020414,0.20130064265389516,0.19727753528826367,0.299803153236539
A1,A2,B1,B2,B3
2.220446051587722,1.110223019631006,-4.440892103175588,1.1102230257936427,1.110223019631006
ans,J2,J3,Energy,Sigma,L,A1,A2,A3,B1,B2
0-pi,0.18,0.09000000000000002,-0.4510532525546866,2.112726136212387e-09,0.662342844683658,0.5010908107975877,0.09417777027235621,0.11863841089989163,0.1474724290258816,0.1831230396879109
A1,A2,A3,B1,B2
3.3306690034257898,2.220446051587794,-0.5551115128969485,-4.996003616072579,-1.6653345386908032
ans,J2,J3,Energy,Sigma,L,A1,A2,A3,B1,B2,phiA1
cb1,0.18,0.09000000000000002,-0.4719975197565627,1.4386018757232227e-11,0.7210942657033048,0.516529037154088,0.04943323726461313,0.2925986171708225,0.1770701131798005,0.1441756718426882,1.9206281517957948
A1,A2,A3,B1,B2,phiA1
0.0,-2.7755575625588222,-3.3306690958706398,-10.547118745042063,-2.7755575644847528,-1.6653345571797846
ans,J2,J3,Energy,Sigma,L,A1,A2,A3,B1,B2,phiB1
cb2,0.18,0.09000000000000002,-0.4510532525741585,2.1001565313191843e-09,0.6623425606780761,0.5010907912123888,0.09417732251985539,0.11862961409360953,0.14747248937145438,0.18312276293425073,3.1415926530468936
A1,A2,A3,B1,B2,phiB1
3.8857805902786406,1.6653345386908454,1.110223025793897,-4.440892103175588,0.0,0.5551115190599266
