ans,J2,J3,Energy,Sigma,L,A1,A3,B1,B2,B3
3x3,0.14999999999999997,0.02999999999999997,-0.44955708400163474,1.5845868724697096e-09,0.6589858134501417,0.5054260904535033,0.16703759678333965,0.1510952346948253,0.23364580485974154,0.06717230771411682
A1,A3,B1,B2,B3
2.775557564485034,-0.5551115128969908,-6.661338154763213,-1.110223025793897,-0.5551115128969485
ans,J2,J3,Energy,Sigma,L,A1,A2,B1,B2,B3
q0,0.14999999999999997,0.02999999999999997,-0.47377672845776586,1.0545813055737232e-10,0.7370955782796352,0.5229448071684966,0.2818082351818314,0.20264954776794933,0.20009059306965127,0.30810448698252396
A1,A2,B1,B2,B3
3.3306690773817103,3.3306690958706184,-5.551115128969485,1.1102230257939816,2.220446039261842
ans,J2,J3,Energy,Sigma,L,A1,A2,A3,B1,B2
0-pi,0.14999999999999997,0.02999999999999997,-0.4517092972527518,8.983816078105141e-10,0.663495936997997,0.5008720650357754,0.09180284186821158,0.11694540025951317,0.1465419567531704,0.18266606234725397
A1,A2,A3,B1,B2
2.2204460515878917,-1.110223025793897,0.0,-6.106226641866476,-1.110223025793897
ans,J2,J3,Energy,Sigma,L,A1,A2,A3,B1,B2,phiA1
cb1,0.14999999999999997,0.02999999999999997,-0.4683685798966715,3.125987677942611e-11,0.7096720832480358,0.5151348576229644,0.04416312688487826,0.2651197925247673,0.1726291311285534,0.13478764633306728,-1.9152502214530331
A1,A2,A3,B1,B2,phiA1
-32.19646774802316,-1.1102230234827872,-1.1102230196309317,-19.42890295139324,-2.220446051587794,-0.5551115190599423
ans,J2,J3,Energy,Sigma,L,A1,A2,A3,B1,B2,phiB1
cb2,0.14999999999999997,0.02999999999999997,-0.4517092973639853,1.019477210995542e-09,0.6634979424968417,0.5008720613585191,0.09180244023984054,0.11692663467251252,0.1465417262240936,0.18264938304170822,3.1415926473058744
A1,A2,A3,B1,B2,phiB1
2.775557564484695,0.0,-0.5551115128969505,-7.771561180557279,-1.6653345386908032,0.0
