ans,J2,J3,Energy,Sigma,L,A1,A3,B1,B2,B3
3x3,-0.12,0.06,-0.5022840917055352,3.8519831482909125e-12,0.8028009530200033,0.5209859329762716,0.33102655327778746,0.19824350469484925,0.36926129108994027,0.14533463156803444
A1,A3,B1,B2,B3
5.551115128969506,4.440892078523706,-1.110223025793897,0.0,2.2204460515878024
ans,J2,J3,Energy,Sigma,L,A1,A2,B1,B2,B3
q0,-0.12,0.06,-0.465830961785242,1.3044554624928075e-12,0.6986009385100151,0.5084094707911531,0.15930508843643706,0.15927218054254869,0.18071657845082606,0.188918591425326
A1,A2,B1,B2,B3
1.1102230257939034,-0.5551115128969485,-6.106226641866465,1.1102230257939023,-2.7755575644847528
ans,J2,J3,Energy,Sigma,L,A1,A2,A3,B1,B2
0-pi,-0.12,0.06,-0.4712179283348008,2.1628119936056376e-09,0.7076034490682377,0.49657880532679033,0.05425211171803954,0.20066981766640335,0.13230551477050273,0.2174250188393393
A1,A2,A3,B1,B2
3.885780611849076,0.5551115117413883,-0.5551115128971602,-1.1102230257936427,1.110223025793897
ans,J2,J3,Energy,Sigma,L,A1,A2,A3,B1,B2,phiA1
cb1,-0.12,0.06,-0.4827190973276766,5.733909445308789e-12,0.750814547175547,0.5193164674698891,0.04253713450305932,0.32743477409215777,0.18644988257416273,0.16917958920358972,1.9601229319148443
A1,A2,A3,B1,B2,phiA1
1.1102230257939034,1.1102230250235205,-1.110223019630921,-5.551115128969516,0.0,0.0
ans,J2,J3,Energy,Sigma,L,A1,A2,A3,B1,B2,phiB1
cb2,-0.12,0.06,-0.4712179283369737,2.1623244714032353e-09,0.7076034606238145,0.496578817579395,0.05425212959895104,0.20066970207730656,0.13230551407007785,0.21742498878356753,3.1415926461984856
A1,A2,A3,B1,B2,phiB1
6.106226607970087,-1.1102230250235205,0.0,-5.5511151289695695,0.0,0.5551115190599266
