ans,J2,J3,Energy,Sigma,L,A1,A3,B1,B2,B3
3x3,-0.21,0.21000000000000002,-0.4576463036114208,4.337229038007958,0.5000000075271275,0.5206390946025651,0.03262943833349374,5.319886257748596e-05,5.319743978837721e-05,5.319877673445883e-05
A1,A3,B1,B2,B3
3.3306690201618054,1.1102230250360565,-4.440892098502926,2.220446049251463,1.1102230246257314
ans,J2,J3,Energy,Sigma,L,A1,A2,B1,B2,B3
q0,-0.21,0.21000000000000002,-0.42506495078061685,9.963066713908498e-13,0.5000000075271275,0.33930867634720563,0.04921972842092164,0.08097327883631167,0.0907912983013617,0.05440415030385846
A1,A2,B1,B2,B3
-33.30669095870631,0.5551115117413883,-14.432899335320718,2.2204460515878033,0.5551115117413883
ans,J2,J3,Energy,Sigma,L,A1,A2,A3,B1,B2
0-pi,-0.21,0.21000000000000002,-0.4208543473662877,0.2057409619068831,0.7077803958472355,0.33979566021566066,6.334271241129972e-05,0.8490028492766366,0.10264987300593043,0.3585149834814111
A1,A2,A3,B1,B2
3.3306690996686297,1.1102230246257314,1.1102230258213897,0.0,4.440892127571687
ans,J2,J3,Energy,Sigma,L,A1,A2,A3,B1,B2,phiA1
cb1,-0.21,0.21000000000000002,-0.5061944211785799,0.0010539602024192572,0.8090393522151238,0.5198214141647013,0.0581991555094557,0.34585206122694584,0.194095581752644,0.19233324424046858,2.1022268014481154
A1,A2,A3,B1,B2,phiA1
-344.16913799613064,-717.2040741651828,3.330669058874383,-718.3142976887349,5.55111512897499,-714.9836365493754
ans,J2,J3,Energy,Sigma,L,A1,A2,A3,B1,B2,phiB1
cb2,-0.21,0.21000000000000002,-0.42082120457999794,0.20575578218208143,0.7078067024008875,0.3397893969328706,6.334580992957643e-05,0.8492158838563094,0.10264755695114368,0.3584775728032382,3.1412355056129546
A1,A2,A3,B1,B2,phiB1
586.1977608699939,22.204460492514627,84.37694808610543,154.32100058530958,122.12453351481335,-1.1102230381199694
