ans,J2,J3,Energy,Sigma,L,A1,A3,B1,B2,B3
3x3,0.3,0.0,-0.4368732203333449,2.252780193176534e-09,0.6296504104549209,0.4949934633802046,0.0,0.13205313692997797,0.1747010997834596,0.0
A1,A3,B1,B2,B3
3.3306690588926786,-0.0,-6.10622664186673,-1.1102230257939816,0.0
ans,J2,J3,Energy,Sigma,L,A1,A2,B1,B2,B3
q0,0.3,0.0,-0.37802999399668824,4.563802406506093,0.5000000075271275,0.5236440087125847,0.35015219426598243,5.3198569558932096e-05,8.653513585610284e-05,0.0
A1,A2,B1,B2,B3
4.440892081081098,1.1102230313725048,-2.220446049251463,-1.1102230246270866,0.0
ans,J2,J3,Energy,Sigma,L,A1,A2,A3,B1,B2
0-pi,0.3,0.0,-0.4457226585151832,2.8879647386400336e-09,0.652359639763606,0.5014282210811981,0.11766573917891449,0.0,0.1570802502914943,0.1636509589580293
A1,A2,A3,B1,B2
1.1102230011423817,-2.7755575644847528,0.0,-6.661338154763403,-3.3306690773817755
ans,J2,J3,Energy,Sigma,L,A1,A2,A3,B1,B2,phiA1
cb1,0.3,0.0,-0.46273869317991756,2.365145817850127e-10,0.6926817063934526,0.5108463031427981,0.04348029967621525,0.0,0.16341704976733631,0.10733318200618432,1.8530474373503116
A1,A2,A3,B1,B2,phiA1
2.220446051587807,0.0,0.0,-8.326672693454185,-2.7755575644847847,1.1102230381198845
ans,J2,J3,Energy,Sigma,L,A1,A2,A3,B1,B2,phiB1
cb2,0.3,0.0,-0.44572265851764786,2.9080141623991705e-09,0.6523600969976372,0.5014282575225427,0.11766556174725903,0.0,0.15707982948877386,0.16365029325827488,3.141592654219829
A1,A2,A3,B1,B2,phiB1
1.110223001141704,-0.5551115128969512,0.0,-3.330669077381712,-1.6653345386908032,-0.5551115190599266
