ans,J2,J3,Energy,Sigma,L,A1,A3,B1,B2,B3
3x3,-0.3,-0.27,-0.5346533797125922,0.7236810093767039,0.7964458412307696,0.5146548196968025,0.39692201177201925,5.319888809932061e-05,5.319686638577403e-05,5.32005903267907e-05
A1,A3,B1,B2,B3
1.1102230011261187,-4.440892128265577,-8.881784197005851,-1.1102230246257314,-3.330669073877194
ans,J2,J3,Energy,Sigma,L,A1,A2,B1,B2,B3
q0,-0.3,-0.27,-0.5000009009518249,4.9384400920473684e-08,0.5000000075271275,1.9870348341264816e-06,1.3444913518069129e-06,5.3201822653315004e-05,5.3201813741020145e-05,0.0018150959916103536
A1,A2,B1,B2,B3
3.3306690738755016,2.2204460492503557,0.0,4.440892098502926,3.3306690739150295
ans,J2,J3,Energy,Sigma,L,A1,A2,A3,B1,B2
0-pi,-0.3,-0.27,-0.4751944836381426,3.587736623606042e-10,0.714452771475179,0.4970445648926014,0.05656486435627753,0.16686418382546508,0.13212316423389206,0.205917137754829
A1,A2,A3,B1,B2
3.8857806118490656,-1.1102230250235205,0.0,-3.3306690773816063,-1.110223025793897
ans,J2,J3,Energy,Sigma,L,A1,A2,A3,B1,B2,phiA1
cb1,-0.3,-0.27,-0.47160299008615864,4.1844827585337615e-05,0.7101459546405379,0.5058044942241187,0.025512547331795112,0.15016766067230639,0.1574643975005558,0.1642803304416461,-2.3765288062013923
A1,A2,A3,B1,B2,phiA1
6.661338154762997,-1.6653345363795533,-0.555111512886657,-4.440892103174571,3.3306690773795733,-1.6653345572068896
ans,J2,J3,Energy,Sigma,L,A1,A2,A3,B1,B2,phiB1
cb2,-0.3,-0.27,-0.475194483550443,1.6946950915443268e-12,0.7144499289133811,0.49704425530660684,0.05657528068423296,0.16686740580070647,0.13212378249846646,0.20591553914965843,3.141592654113242
A1,A2,A3,B1,B2,phiB1
3.330669058892778,0.0,0.5551115128969512,-3.8857805902786553,1.110223025793897,-1.1102230381198532
