ans,J2,J3,Energy,Sigma,L,A1,A3,B1,B2,B3
3x3,0.26999999999999996,0.09000000000000002,-0.4396548736635013,9.244463733058732e-17,0.6353818973050214,0.49839169781051956,0.1188154467133865,0.13750991366399723,0.19428783379137685,0.047433497295184764
A1,A3,B1,B2,B3
4.996003588339164,1.1102230257939012,-3.8857805902786544,-3.330669077381704,1.1102230234827852
ans,J2,J3,Energy,Sigma,L,A1,A2,B1,B2,B3
q0,0.26999999999999996,0.09000000000000002,-0.47957604203574633,2.900348067589015e-09,0.7571577645811406,0.5241994842120652,0.32399245237997254,0.2158387163976693,0.20542584766712194,0.34457533373814586
A1,A2,B1,B2,B3
-3.330669077382176,-4.4408921278274915,-5.5511151289694,-6.661338154763408,-2.2204460639137458
ans,J2,J3,Energy,Sigma,L,A1,A2,A3,B1,B2
0-pi,0.26999999999999996,0.09000000000000002,-0.4472650435613241,3.3470334985630963e-09,0.6551091467870443,0.501568721185193,0.10997887978799702,0.09318825752027919,0.15382943091775683,0.17155293300349558
A1,A2,A3,B1,B2
4.996003505139362,0.0,-0.5551115128969697,-6.106226641866391,-2.7755575644847847
ans,J2,J3,Energy,Sigma,L,A1,A2,A3,B1,B2,phiA1
cb1,0.26999999999999996,0.09000000000000002,-0.4689914956193191,1.3726013350498411e-10,0.7122353986351322,0.5149083051731131,0.05239564460240658,0.27506496752060217,0.17314133031270498,0.1333753525540115,-1.904189412600611
A1,A2,A3,B1,B2,phiA1
-1.665334538690834,-2.220446046965553,-4.440892127827513,-7.771561180557363,-4.996003616072579,-1.6653345571797846
ans,J2,J3,Energy,Sigma,L,A1,A2,A3,B1,B2,phiB1
cb2,0.26999999999999996,0.09000000000000002,-0.4472650432902348,3.456720324165882e-09,0.6551130785038733,0.5015689389193375,0.10998788549107125,0.09323695731400934,0.15382943698224857,0.17154714648971878,3.141592655091623
A1,A2,A3,B1,B2,phiB1
4.996003505139362,-1.6653345386908032,-3.3306690773816063,-7.216449667660372,-2.220446051587794,-0.5551115190599266
