ans,J2,J3,Energy,Sigma,L,A1,A3,B1,B2,B3
3x3,-0.15,-0.02999999999999997,-0.5029365582888116,7.141828945901989e-11,0.805184319865397,0.5217957386058755,0.31836919518702383,0.19993576461829082,0.368315520111205,0.15085802970677592
A1,A3,B1,B2,B3
5.551115005710045,4.440892078523706,-2.220446051587836,3.330669058892774,4.440892103175604
ans,J2,J3,Energy,Sigma,L,A1,A2,B1,B2,B3
q0,-0.15,-0.02999999999999997,-0.46972375708695246,7.961486241305732e-11,0.7098576248590989,0.5098852053954905,0.17112754901993932,0.16291497474665118,0.18573884693267634,0.20641447536454266
A1,A2,B1,B2,B3
2.2204460515878015,-2.7755575644847528,-6.661338154763424,0.0,-1.1102230257939023
ans,J2,J3,Energy,Sigma,L,A1,A2,A3,B1,B2
0-pi,-0.15,-0.02999999999999997,-0.47047256867884046,3.497401911863009e-09,0.7050753519589212,0.49731357773280677,0.05765482581362291,0.1838379467164521,0.13335912239971,0.21131277983282853
A1,A2,A3,B1,B2
1.6653345294463393,-2.7755575625586317,-2.220446051587794,-5.551115128968892,-1.110223025793897
ans,J2,J3,Energy,Sigma,L,A1,A2,A3,B1,B2,phiA1
cb1,-0.15,-0.02999999999999997,-0.4757901332009098,1.877068639474945e-10,0.7291025340806342,0.5173801871225401,0.038882427084771326,0.284181316206646,0.1792158300320799,0.1585429145804969,-1.9926123450118458
A1,A2,A3,B1,B2,phiA1
3.3306690773817103,0.0,0.0,-7.771561180557321,2.2204460515878046,2.2204460762396843
ans,J2,J3,Energy,Sigma,L,A1,A2,A3,B1,B2,phiB1
cb2,-0.15,-0.02999999999999997,-0.47047256868170456,3.494471940712574e-09,0.7050753412684639,0.49731357445141333,0.05765487812475096,0.18383830779242707,0.13335912143128828,0.2113127881870966,3.1415926490464483
A1,A2,A3,B1,B2,phiB1
3.3306690958705336,-1.6653345352239954,1.1102230257938122,-4.996003616072748,1.110223025793897,0.5551115190599266
