ans,J2,J3,Energy,Sigma,L,A1,A3,B1,B2,B3
3x3,-0.3,0.3,-0.499190101354845,0.33931858260017767,0.7699066702836582,0.33579313345552975,0.8638694373198907,0.17680093435600244,0.330529782554048,0.3809554720921179
A1,A3,B1,B2,B3
-6.661338188235029,0.0,-35.52713682613383,-1.1102230197404426,-1.1102230341480623
ans,J2,J3,Energy,Sigma,L,A1,A2,B1,B2,B3
q0,-0.3,0.3,-0.7669285425699841,1.4814518269250834,0.706046451521805,0.3495977147802417,0.5237140608472566,0.09502452871788573,0.21575097601264503,0.15812707657647526
A1,A2,B1,B2,B3
2912787.8079802543,-224.26505120481846,-209.83215187562328,-72.16449667747719,-19.984014464873752
ans,J2,J3,Energy,Sigma,L,A1,A2,A3,B1,B2
0-pi,-0.3,0.3,-0.4626292766664887,0.22147201417007745,0.7712836597460182,0.32407689108218884,4.1713105326449736e-05,0.7493012620596411,0.09883188132356295,0.341454276666632
A1,A2,A3,B1,B2
2.2204460627450096,2.220446049251463,2.2204460516427793,1.1102230255564736,2.2204460637858436
ans,J2,J3,Energy,Sigma,L,A1,A2,A3,B1,B2,phiA1
cb1,-0.3,0.3,-0.5111183668844318,0.023196424712399397,0.8090345103545596,0.5168361639635004,0.060412384032444616,0.255261764754786,0.1952511428402338,0.16407864998738175,-1.508692312465775
A1,A2,A3,B1,B2,phiA1
-105.47118745025645,-1.1102230252095289,-2.2204460641327883,-41.07825195426314,-2.220446051459892,1.1102230383113987
ans,J2,J3,Energy,Sigma,L,A1,A2,A3,B1,B2,phiB1
cb2,-0.3,0.3,-0.46266858979049186,0.221453334804246,0.7711319481253293,0.32408085590709335,4.172209646690924e-05,0.7490754873395313,0.09889952896141371,0.3412933731789045,3.13462360658657
A1,A2,A3,B1,B2,phiB1
2163.82468928299,-2.220446049251463,-3.3306690774641687,-8.881784206533457,1108.002585892974,1081.3572391287382
