ans,J2,J3,Energy,Sigma,L,A1,A3,B1,B2,B3
3x3,0.26999999999999996,-0.02999999999999997,-0.43858732685367957,5.854827030937197e-16,0.6333495297987679,0.4962401561322081,0.09374902691214271,0.13428923721132938,0.18083180638635235,0.047494161998231
A1,A3,B1,B2,B3
6.10622660797009,2.2204460515878024,-3.330669077381704,1.1102230257939012,1.1102230234827852
ans,J2,J3,Energy,Sigma,L,A1,A2,B1,B2,B3
q0,0.26999999999999996,-0.02999999999999997,-0.3846208549473016,4.536796995040697,0.5000000075271275,0.5240433042768885,0.3499640117429872,5.319851075430426e-05,4.240226866913943e-05,5.319744234366652e-05
A1,A2,B1,B2,B3
5.551115033603009,1.1102230313725048,-3.330669073877194,0.0,-1.110223024625562
ans,J2,J3,Energy,Sigma,L,A1,A2,A3,B1,B2
0-pi,0.26999999999999996,-0.02999999999999997,-0.44637221053645454,8.600990262448502e-09,0.6533010337194921,0.5013421857119594,0.11285675132863038,0.07955475258424731,0.15512426270870538,0.16578050003927364
A1,A2,A3,B1,B2
5.5511150057098755,2.2204460515876243,2.7755575644847847,-3.3306690773809287,-1.1102230257939816
ans,J2,J3,Energy,Sigma,L,A1,A2,A3,B1,B2,phiA1
cb1,0.26999999999999996,-0.02999999999999997,-0.4619076809253248,1.1156835130637482e-12,0.6899649859740914,0.510321071924023,0.039791794372880246,0.21172255794394787,0.162101805077697,0.10456305076448985,-1.8491509395874688
A1,A2,A3,B1,B2,phiA1
3.885780590278662,3.330669075070593,1.1102230257939023,-4.440892103175604,-0.5551115128969538,2.2204460762397056
ans,J2,J3,Energy,Sigma,L,A1,A2,A3,B1,B2,phiB1
cb2,0.26999999999999996,-0.02999999999999997,-0.4463722097048271,8.51936112383265e-09,0.6533011490656037,0.5013421247934897,0.11285959302041244,0.07960771579919519,0.1551244926743519,0.16577946462249335,3.1415926530735288
A1,A2,A3,B1,B2,phiB1
4.440892103175783,2.220446051587963,2.220446051587963,-3.3306690773822836,1.1102230257939816,2.2204460762397065
