ans,J2,J3,Energy,Sigma,L,A1,A3,B1,B2,B3
3x3,0.09000000000000002,0.3,-0.4735785374271053,6.653832194361284e-11,0.7246414168466494,0.5115795807030692,0.32169301608763573,0.17249298542487096,0.3243498038326547,0.09043101847379124
A1,A3,B1,B2,B3
6.66133815476341,3.3306690588927848,-2.220446051587794,1.110223019630921,2.220446051587794
ans,J2,J3,Energy,Sigma,L,A1,A2,B1,B2,B3
q0,0.09000000000000002,0.3,-0.4558803462465268,4.6664481365645863e-11,0.6752830169134999,0.5099966448255503,0.16854578745554702,0.16484797768546594,0.17205767519901977,0.18022552638177913
A1,A2,B1,B2,B3
1.6653345017129795,0.5551115128969485,-6.661338154763403,0.0,-0.5551115128969485
ans,J2,J3,Energy,Sigma,L,A1,A2,A3,B1,B2
0-pi,0.09000000000000002,0.3,-0.462725339548401,3.8034774470835534e-11,0.68953151869027,0.496172940951111,0.05735634426167449,0.21811058868221161,0.13347130003881685,0.2221811160935612
A1,A2,A3,B1,B2
3.8857806118490705,0.0,0.5551115128969505,-4.996003616072557,1.110223025793897
ans,J2,J3,Energy,Sigma,L,A1,A2,A3,B1,B2,phiA1
cb1,0.09000000000000002,0.3,-0.46468483120323156,0.027866823148202123,0.8090363310987085,0.5099427978347268,0.4531693776820582,0.45621539181433707,0.18823328574697526,0.21425745051685957,1.6486764441313668
A1,A2,A3,B1,B2,phiA1
7.7715611805762554,3.330669096893072,2.2204460391339405,-4.440892103266728,1.1102230259034183,0.0
ans,J2,J3,Energy,Sigma,L,A1,A2,A3,B1,B2,phiB1
cb2,0.09000000000000002,0.3,-0.46272533776561936,7.485701611245672e-09,0.6895342577593471,0.4961724681477975,0.05725350191734558,0.21806710632634302,0.13345354929406034,0.22215154018003302,3.1415926090204187
A1,A2,A3,B1,B2,phiB1
7.216449707719716,2.220446046965553,1.6653345386911418,-3.3306690773822836,2.7755575644847426,2.2204460762397065
