ans,J2,J3,Energy,Sigma,L,A1,A3,B1,B2,B3
3x3,-0.06,0.24000000000000005,-0.5038703259200646,1.0698778115640244e-09,0.8042472130333502,0.5171046460431835,0.361731126430407,0.19328937048952383,0.3716342176063485,0.132234729266766
A1,A3,B1,B2,B3
6.661338006852257,3.3306690588927634,2.2204460515878024,7.771561223698141,3.3306690773816063
ans,J2,J3,Energy,Sigma,L,A1,A2,B1,B2,B3
q0,-0.06,0.24000000000000005,-0.4593747330770589,1.1694246622319296e-13,0.680368052082581,0.5055175989980253,0.13916918662643155,0.1531880998371176,0.1715074701169308,0.1580302318221626
A1,A2,B1,B2,B3
3.3306690034259963,-2.7755575644847537,-9.436895719248161,-2.2204460515878033,-3.3306690773817014
ans,J2,J3,Energy,Sigma,L,A1,A2,A3,B1,B2
0-pi,-0.06,0.24000000000000005,-0.39697299761888716,0.1972693915393073,0.6704422177768917,0.3434937243221222,6.61069613518972e-05,0.8338819689364153,0.1026178578585779,0.4709566260746999
A1,A2,A3,B1,B2
2.2204460682961247,1.1102230246257314,1.1102230011694867,-4.440892103266728,0.0
ans,J2,J3,Energy,Sigma,L,A1,A2,A3,B1,B2,phiA1
cb1,-0.06,0.24000000000000005,-0.5035118696829028,1.7972460231469268e-09,0.808756618218041,0.5183822893540859,0.05015876822540127,0.4053931372912209,0.1967099865775762,0.19032515515037335,-1.934720067091038
A1,A2,A3,B1,B2,phiA1
-11.10223025793878,-6.661338150141165,-3.3306690588926786,-11.10223025793897,0.0,0.0
ans,J2,J3,Energy,Sigma,L,A1,A2,A3,B1,B2,phiB1
cb2,-0.06,0.24000000000000005,-0.39695232116176804,0.1973019838422171,0.6704772879738917,0.3434817501907157,6.61069613518972e-05,0.8338676639408447,0.10256674534512004,0.47139772480316444,3.141266830418343
A1,A2,A3,B1,B2,phiB1
2.2204460627450096,-3.330669073877194,-2.2204460516427793,-7.771561180283094,0.0,-2.2204460762396
