ans,J2,J3,Energy,Sigma,L,A1,A3,B1,B2,B3
3x3,-0.09,-0.3,-0.4749754656078429,5.246911095851254e-11,0.7285703248133836,0.5158576419732496,0.21762969061081033,0.17966275439338267,0.3032546189456987,0.12875734438480674
A1,A3,B1,B2,B3
1.1102230011420005,-4.4408921031756305,-8.881784206351261,-2.2204460639137458,-1.110223025793897
ans,J2,J3,Energy,Sigma,L,A1,A2,B1,B2,B3
q0,-0.09,-0.3,-0.48956349907595065,9.01544015594077e-10,0.7766552728581596,0.520842803389011,0.27089579199591535,0.1974548697897058,0.2087628508691747,0.31803698350836157
A1,A2,B1,B2,B3
313.0828863220435,-1.110223019630921,-26.645352619053867,1.110223025793897,1.1102230196309237
ans,J2,J3,Energy,Sigma,L,A1,A2,A3,B1,B2
0-pi,-0.09,-0.3,-0.46012396640419945,1.625037749166938e-10,0.6802780404754564,0.49894211910766867,0.07370855169449987,0.12307067616457457,0.13880047946160803,0.18697560359817028
A1,A2,A3,B1,B2
2.7755575490773134,-1.110223025793897,-2.220446051587794,-4.996003616072579,-1.6653345386908507
ans,J2,J3,Energy,Sigma,L,A1,A2,A3,B1,B2,phiA1
cb1,-0.09,-0.3,-0.4567078978112843,0.0001453369901243404,0.6734473085658614,0.5043864644646164,0.006149946758752691,0.14586243923097464,0.15307518739814313,0.05508016811564476,1.6255284616938686
A1,A2,A3,B1,B2,phiA1
4.996003505138007,1.110223024642592,-0.555111512908341,-5.5511151289695695,3.33066907044257,0.5551115191556993
ans,J2,J3,Energy,Sigma,L,A1,A2,A3,B1,B2,phiB1
cb2,-0.09,-0.3,-0.4601239664048355,1.6374450520918674e-10,0.6802780278907946,0.49894210685068857,0.07370810044992307,0.123070562258833,0.13880048730596678,0.18697535165177526,3.1415926591577517
A1,A2,A3,B1,B2,phiB1
2.7755575490773134,-2.2204460515878153,-3.3306690773816907,-5.5511151289694,-2.2204460515878046,0.0
