ans,J2,J3,Energy,Sigma,L,A1,A3,B1,B2,B3
3x3,0.14999999999999997,0.26999999999999996,-0.45975573161437167,5.0567216619831265e-14,0.6876882844793372,0.5094182460514574,0.27271836680110895,0.16234135188516954,0.28980961587141757,0.07285403703343339
A1,A3,B1,B2,B3
0.0,-1.6653345479353159,-6.661338154763407,-3.3306690588927768,-2.7755575644847528
ans,J2,J3,Energy,Sigma,L,A1,A2,B1,B2,B3
q0,0.14999999999999997,0.26999999999999996,-0.45741788687735224,2.031125778693622e-11,0.6828538959548592,0.5142863499952931,0.19985539396779498,0.17596131062647088,0.17763754269562237,0.21216224259224473
A1,A2,B1,B2,B3
2.2204460022839965,1.110223025793897,-12.21245328373291,0.5551115128969485,-0.5551115128969485
ans,J2,J3,Energy,Sigma,L,A1,A2,A3,B1,B2
0-pi,0.14999999999999997,0.26999999999999996,-0.4566167796929232,1.4700238079518894e-12,0.6747818697961074,0.4992838369762337,0.07555386271065768,0.17552689663920765,0.14011324867491118,0.20590745618943276
A1,A2,A3,B1,B2
2.220446063913755,-2.2204460515878024,-0.5551115128969506,-7.2164496676603616,-4.996003616072557
ans,J2,J3,Energy,Sigma,L,A1,A2,A3,B1,B2,phiA1
cb1,0.14999999999999997,0.26999999999999996,-0.495052197859183,1.5930429683356127e-11,0.7866405601677214,0.5176479963283539,0.06025739903653208,0.3945339732466556,0.19248443430077378,0.18148459597649025,1.9465099643094128
A1,A2,A3,B1,B2,phiA1
-1.1102230011420005,-6.661338140896701,-4.440892127827508,-7.771561180557279,-5.551115128969508,-3.3306691143595586
ans,J2,J3,Energy,Sigma,L,A1,A2,A3,B1,B2,phiB1
cb2,0.14999999999999997,0.26999999999999996,-0.4566167796906443,4.092924688053533e-12,0.6747818691258409,0.49928391817086143,0.07555094159481611,0.1755271623589612,0.14011314681403192,0.2059076360868364,3.1415926561900114
A1,A2,A3,B1,B2,phiB1
6.106226607970087,0.5551115128969485,1.1102230257939023,-3.3306690773817014,0.0,-1.1102230381198532
