ans,J2,J3,Energy,Sigma,L,A1,A3,B1,B2,B3
3x3,0.3,0.14999999999999997,-0.4381419758973308,1.1047852147688452e-10,0.6319883992773196,0.4977475283107917,0.11962784621805617,0.13610606347647228,0.19220327362138467,0.04399583443516564
A1,A3,B1,B2,B3
1.1102230319568729,-1.6653345386908454,-8.32667269345427,-2.7755575644847,-2.220446050047062
ans,J2,J3,Energy,Sigma,L,A1,A2,B1,B2,B3
q0,0.3,0.14999999999999997,-0.4763171770397283,6.074592709034807e-09,0.7474722198737245,0.5238369834794326,0.3208789136546734,0.21494187703542086,0.20303829753522634,0.3382586429398744
A1,A2,B1,B2,B3
-113.24274611648363,2.220446039261842,-125.45520191471078,2.220446051587794,5.551115159784449
ans,J2,J3,Energy,Sigma,L,A1,A2,A3,B1,B2
0-pi,0.3,0.14999999999999997,-0.4467748469232871,5.957624450757799e-09,0.6544598106016973,0.5017317954697358,0.11390452872842216,0.09272743746114419,0.15531362130410709,0.17098693898387962
A1,A2,A3,B1,B2
4.996003616072247,0.5551115128969908,0.5551115128971602,-4.996003616072748,0.0
ans,J2,J3,Energy,Sigma,L,A1,A2,A3,B1,B2,phiA1
cb1,0.3,0.14999999999999997,-0.473064858760188,2.465190328815662e-16,0.7248999698626623,0.5160835200470839,0.06024569273047481,0.3047470196957121,0.1777353813143088,0.14461525193536112,-1.9235848798824053
A1,A2,A3,B1,B2,phiA1
2.2204460515878024,1.1102230250235292,-2.220446039261851,-6.661338154763408,-3.330669077381704,0.0
ans,J2,J3,Energy,Sigma,L,A1,A2,A3,B1,B2,phiB1
cb2,0.3,0.14999999999999997,-0.4467748475740384,2.499124166729875e-09,0.6544545861718816,0.5017319523141792,0.11392665694852311,0.09265647136518292,0.15532786210823105,0.17097663803308016,3.1415926527357567
A1,A2,A3,B1,B2,phiB1
4.996003616072925,1.110223025793897,1.110223025793897,-6.10622664186646,1.110223025793897,0.5551115190599266
