ans,J2,J3,Energy,Sigma,L,A1,A3,B1,B2,B3
3x3,0.21000000000000002,0.12,-0.4453851013684232,2.858080037470658e-13,0.6488103514237391,0.5031959888445718,0.1621313497941086,0.1462716745644235,0.22363560223246126,0.05667872274829452
A1,A3,B1,B2,B3
2.775557564484753,-2.775557564484753,-8.326672693454265,-2.220446051587802,-0.5551115117413936
ans,J2,J3,Energy,Sigma,L,A1,A2,B1,B2,B3
q0,0.21000000000000002,0.12,-0.4701882403993314,4.432061784405319e-09,0.7272758659889553,0.5227904734668225,0.2827833384256908,0.2032732518206668,0.1972250607437042,0.303432309305532
A1,A2,B1,B2,B3
4.440892103175603,2.2204460639137458,-3.3306690773809287,2.2204460515876243,2.2204460639137564
ans,J2,J3,Energy,Sigma,L,A1,A2,A3,B1,B2
0-pi,0.21000000000000002,0.12,-0.45002408801571303,3.362768808431927e-09,0.6603365355372932,0.5012869783391358,0.0980324815118111,0.1149974350065299,0.14898981810548542,0.18133493200933995
A1,A2,A3,B1,B2
7.771561180557959,-0.5551115128969485,1.110223025793897,-1.6653345386911418,-0.5551115128969498
ans,J2,J3,Energy,Sigma,L,A1,A2,A3,B1,B2,phiA1
cb1,0.21000000000000002,0.12,-0.4735493303034557,8.283651488319753e-09,0.725978607938271,0.5168351981141461,0.0529225031768394,0.3039806188397383,0.1786323794784792,0.14750540253039715,-1.9234816711754332
A1,A2,A3,B1,B2,phiA1
6.6613381547634205,2.220446050047041,2.220446039262012,-4.440892103174571,0.0,3.3306691143595692
ans,J2,J3,Energy,Sigma,L,A1,A2,A3,B1,B2,phiB1
cb2,0.21000000000000002,0.12,-0.45002408806263616,3.6696504608899947e-09,0.6603349311532927,0.5012870063051087,0.09803527315674668,0.11498693087603176,0.14899182823634258,0.18133695634753302,3.1415926567592156
A1,A2,A3,B1,B2,phiB1
6.661338154762997,1.6653345386908454,1.6653345386908507,-3.8857805902787663,0.0,-0.5551115190599266
