ans,J2,J3,Energy,Sigma,L,A1,A3,B1,B2,B3
3x3,0.3,-0.15,-0.4362839660614791,2.25900180971352e-11,0.629017685852873,0.49325553792112203,0.06824940184407005,0.12957291366238644,0.1650636613582435,0.0451934440774287
A1,A3,B1,B2,B3
3.8857805687082454,-1.1102230257939076,-5.5511151289695055,-2.7755575644847634,3.330669075070604
ans,J2,J3,Energy,Sigma,L,A1,A2,B1,B2,B3
q0,0.3,-0.15,-0.3883812874139855,4.53609972076279,0.5000000075271275,0.5234001638015536,0.3258917807058394,5.319856360885833e-05,5.319862023264732e-05,5.3200225564667414e-05
A1,A2,B1,B2,B3
3.3306690201618054,1.1102230190465532,-4.440892098502926,0.0,-1.1102230246257314
ans,J2,J3,Energy,Sigma,L,A1,A2,A3,B1,B2
0-pi,0.3,-0.15,-0.4449948650944406,4.4154640276999526e-10,0.6508429396984823,0.50104492877989,0.11998838483058592,0.06407860079552914,0.1581724822786992,0.1584941240974663
A1,A2,A3,B1,B2
0.0,-0.5551115128969485,-1.6653345386908878,-7.771561180557321,-1.6653345386908032
ans,J2,J3,Energy,Sigma,L,A1,A2,A3,B1,B2,phiA1
cb1,0.3,-0.15,-0.4574310640619734,6.656013887802287e-15,0.6761227357259529,0.5052406055672349,0.025072880201883654,0.15765272497945476,0.15272351405706386,0.07193955756517706,1.748215962093385
A1,A2,A3,B1,B2,phiA1
6.106226641866457,2.7755575606328935,1.1102230257939014,-4.9960036160725565,-1.110223025793901,1.1102230381198532
ans,J2,J3,Energy,Sigma,L,A1,A2,A3,B1,B2,phiB1
cb2,0.3,-0.15,-0.4449948651199193,3.074751778446089e-11,0.6508356011078978,0.5010399832887098,0.11998693236633512,0.06406761681714873,0.1581716381555469,0.15849552289041907,3.141592646824799
A1,A2,A3,B1,B2,phiB1
1.110223025793898,-1.6653345386908454,-1.6653345386908454,-4.996003616072557,-3.885780590278597,-2.2204460762397065
