ans,J2,J3,Energy,Sigma,L,A1,A3,B1,B2,B3
3x3,-0.24,0.02999999999999997,-0.4570322169214184,4.343742575844272,0.5000000075271275,0.5210411703447438,6.610696135189609e-05,5.3198934194809144e-05,5.319841622827837e-05,5.319439432849293e-05
A1,A3,B1,B2,B3
3.330668975752885,0.0,-4.440892098502926,0.0,1.110223024625562
ans,J2,J3,Energy,Sigma,L,A1,A2,B1,B2,B3
q0,-0.24,0.02999999999999997,-0.4789184855196706,0.01979766403625034,0.7124423996965833,0.5078573609913861,0.04180436478352479,0.1753076709970034,0.16858837665827284,0.4999735020831082
A1,A2,B1,B2,B3
0.5551115127372225,-3.330669071006355,-8.326672693928693,0.5551115126047644,1.6653345480995914
ans,J2,J3,Energy,Sigma,L,A1,A2,A3,B1,B2
0-pi,-0.24,0.02999999999999997,-0.4329780522925621,0.06095271934066072,0.5000000075271275,0.3331517204454675,5.5322778263215615e-05,6.613927399310555e-05,0.13230968818232963,0.20414506739635824
A1,A2,A3,B1,B2
-23.31468367131261,0.0,1.1102230246257314,-8.326672694622582,1.1102230265973076
ans,J2,J3,Energy,Sigma,L,A1,A2,A3,B1,B2,phiA1
cb1,-0.24,0.02999999999999997,-0.48617599953212864,1.6867237753565849e-09,0.759307036034876,0.519544541894698,0.040107242860531134,0.3287363062197822,0.18811811127224393,0.1746851797995454,1.9777306202412637
A1,A2,A3,B1,B2,phiA1
-1506.572646002324,-45.51914402596468,1.110223031956788,-620.6146714187909,-32.19646774802327,1.1102230381199694
ans,J2,J3,Energy,Sigma,L,A1,A2,A3,B1,B2,phiB1
cb2,-0.24,0.02999999999999997,-0.43296350458402494,0.060921872846869,0.5000000075271275,0.33312241139256393,5.534127362475841e-05,6.612264963805063e-05,0.13227836649477953,0.20422745077590748,3.141592648854534
A1,A2,A3,B1,B2,phiB1
-22.204460638552327,0.0,1.1102230246257314,-6.661338156808289,1.1102230265973076,0.0
