ans,J2,J3,Energy,Sigma,L,A1,A3,B1,B2,B3
3x3,-0.21,0.06,-0.5037643873379529,5.035948273125605,0.5000000075271275,0.5210830677452899,0.03444185374863304,0.19946547765439188,0.2789538172314831,0.0014005542864410359
A1,A3,B1,B2,B3
2.2204460134412036,-1.1102230250360565,-4.4408921008381155,0.0,0.0
ans,J2,J3,Energy,Sigma,L,A1,A2,B1,B2,B3
q0,-0.21,0.06,-0.4676952531208646,8.670382535235785e-13,0.7005637030770058,0.5047198499418047,0.13800540090132088,0.15088280513515226,0.17920204927549674,0.1706097557778109
A1,A2,B1,B2,B3
3.8857805039969953,0.0,-4.996003616072557,4.996003616072547,2.7755575644847528
ans,J2,J3,Energy,Sigma,L,A1,A2,A3,B1,B2
0-pi,-0.21,0.06,-0.4328845317217196,0.056547643991090024,0.5000000075271275,0.3386609031668999,6.28683897119415e-05,5.4787266735440676e-05,0.13263260609081767,0.1988587297375619
A1,A2,A3,B1,B2
-23.86979518699886,-1.665334536938597,0.5551115123128657,-7.77156117924226,2.2204460518068365
ans,J2,J3,Energy,Sigma,L,A1,A2,A3,B1,B2,phiA1
cb1,-0.21,0.06,-0.48778417705000277,3.721759469171225e-09,0.7645539887031756,0.5198141048920591,0.041388732745753956,0.33989693671011356,0.18962235248463352,0.1764637707727853,1.965704169690197
A1,A2,A3,B1,B2,phiA1
7.771561007993961,2.220446050047041,5.551115159784449,-4.440892103175588,3.3306690773816907,1.1102230381198634
ans,J2,J3,Energy,Sigma,L,A1,A2,A3,B1,B2,phiB1
cb2,-0.21,0.06,-0.43287732286819414,0.056511949041222066,0.5000000075271275,0.33864730928756787,6.288370257345142e-05,5.4291932204785586e-05,0.13260865925899318,0.1988775662562414,3.141754338262513
A1,A2,A3,B1,B2,phiB1
-22.75957190155657,1.1102230246257314,1.665334536938597,-5.551115128823202,1.6653345392020722,1.6653345571797846
