ans,J2,J3,Energy,Sigma,L,A1,A3,B1,B2,B3
3x3,-0.12,0.24000000000000005,-0.5185739940304953,0.0024136151720250375,0.8090028835450049,0.5150377675203122,0.28866836599152645,0.1998743694725279,0.31477119663954317,0.1370948807664103
A1,A3,B1,B2,B3
6.661338154754866,4.440892127571687,-3.3306690775367827,4.440892078614826,2.220446051589996
ans,J2,J3,Energy,Sigma,L,A1,A2,B1,B2,B3
q0,-0.12,0.24000000000000005,-0.46077263087668086,7.792158480595205e-13,0.6823780034959716,0.5034125994584802,0.12684206565598555,0.1482815591998254,0.17092832949669262,0.14792735474276184
A1,A2,B1,B2,B3
3.8857805902786553,2.220446051587802,-3.330669077381704,3.3306690773817014,1.1102230257939023
ans,J2,J3,Energy,Sigma,L,A1,A2,A3,B1,B2
0-pi,-0.12,0.24000000000000005,-0.40259453244592924,0.22429685105460345,0.6852699962884635,0.3324253123489781,6.61069613518972e-05,0.8519213337404087,0.10161047839964155,0.38953433556324824
A1,A2,A3,B1,B2
5.551115162413639,3.330669073877194,1.1102230011694867,-2.220446051459892,3.3306690955052933
ans,J2,J3,Energy,Sigma,L,A1,A2,A3,B1,B2,phiA1
cb1,-0.12,0.24000000000000005,-0.5063658187850694,0.0006797923133176505,0.8090360637252987,0.5188482853154268,0.048958063979554545,0.3627061170337569,0.19712877178344093,0.18869451636188855,-1.8300035655872313
A1,A2,A3,B1,B2,phiA1
-4304.334671002951,-7.77156117516566,-395.2393993767785,1141.3092705161305,-98.80984929565726,-2.2204460762758527
ans,J2,J3,Energy,Sigma,L,A1,A2,A3,B1,B2,phiB1
cb2,-0.12,0.24000000000000005,-0.4025150616408666,0.22435638792382076,0.6853647631434266,0.3324044091230688,6.61069613518972e-05,0.8523313513770829,0.1015622591945131,0.3895722810155458,3.1355600749409422
A1,A2,A3,B1,B2,phiB1
34.41691398920099,-1.1102230246257314,0.0,-3.3306690773633103,-1.1102230197404426,-1.1102230381216633
