ans,J2,J3,Energy,Sigma,L,A1,A3,B1,B2,B3
3x3,0.24000000000000005,-0.21,-0.43959264094204975,1.1960262229213882e-10,0.636125732578539,0.49556462859413297,0.08054506375658767,0.13382181679496405,0.17660822311659788,0.0522609564581237
A1,A3,B1,B2,B3
4.99600364380597,3.330669077381712,-3.8857805902786815,1.1102230257938122,2.7755575625588222
ans,J2,J3,Energy,Sigma,L,A1,A2,B1,B2,B3
q0,0.24000000000000005,-0.21,-0.41304129156568625,4.46964658340858,0.5000000075271275,0.5243013553468843,0.2782943094607816,5.319860335842308e-05,4.0007225512783684e-05,5.3198088618311434e-05
A1,A2,B1,B2,B3
4.440892125490019,0.0,-4.440892098502926,-1.1102230246257314,0.0
ans,J2,J3,Energy,Sigma,L,A1,A2,A3,B1,B2
0-pi,0.24000000000000005,-0.21,-0.4462118063236946,8.458451047113875e-10,0.6524984587693339,0.5008467081867843,0.11087422298089007,0.07124271008562509,0.15439431020146926,0.16229880156410967
A1,A2,A3,B1,B2
6.106226506280982,1.6653345386908032,1.110223025793897,-2.7755575644847847,0.0
ans,J2,J3,Energy,Sigma,L,A1,A2,A3,B1,B2,phiA1
cb1,0.24000000000000005,-0.21,-0.4565658361143672,4.8749138752329714e-14,0.6734810734106286,0.5045156565785973,0.021677566095228334,0.14816087513275011,0.15130675207439057,0.069739029828288,-1.7505644597192112
A1,A2,A3,B1,B2,phiA1
3.3306690773817045,-0.5551115121265795,0.0,-6.106226641866457,-0.5551115128969508,0.5551115190599266
ans,J2,J3,Energy,Sigma,L,A1,A2,A3,B1,B2,phiB1
cb2,0.24000000000000005,-0.21,-0.44621180587380754,1.7274369483047995e-09,0.6525005914685555,0.5008471151131971,0.11089877666630317,0.07124801542992756,0.15439678926234243,0.16230016954543658,3.1415926510566377
A1,A2,A3,B1,B2,phiB1
8.326672508564982,2.7755575644847847,2.220446051587794,-2.775557564484446,0.5551115128969485,0.5551115190599266
