ans,J2,J3,Energy,Sigma,L,A1,A3,B1,B2,B3
3x3,-0.09,-0.15,-0.48081776393253284,3.6994655204325805e-09,0.7450840001451775,0.5188111645320946,0.25638559619855256,0.18618628081456162,0.3254803573858733,0.13267721292563991
A1,A3,B1,B2,B3
0.0,-1.110223019630921,-7.771561180557279,-2.220446039261842,-2.220446051587802
ans,J2,J3,Energy,Sigma,L,A1,A2,B1,B2,B3
q0,-0.09,-0.15,-0.47668831413132184,4.5004637902375163e-10,0.7358036735918166,0.5170317540660659,0.22579056526009209,0.18225054490891796,0.1974327328314909,0.2662532085212825
A1,A2,B1,B2,B3
-31.086244031975973,0.0,-17.76356841270235,1.110223025793897,0.0
ans,J2,J3,Energy,Sigma,L,A1,A2,A3,B1,B2
0-pi,-0.09,-0.15,-0.4627956129460005,1.5211398375686732e-10,0.686805529843162,0.4988430161271261,0.06941572422198329,0.14469906316773687,0.1374460807234376,0.19576370777162252
A1,A2,A3,B1,B2
3.330669095870629,-1.6653345386908032,-2.7755575644847426,-5.551115128969485,-0.5551115128969485
ans,J2,J3,Energy,Sigma,L,A1,A2,A3,B1,B2,phiA1
cb1,-0.09,-0.15,-0.4658481360539319,1.3354972611401756e-07,0.6985410613493683,0.5117375647798853,0.035204210018161396,0.21385296430982403,0.16477751416440573,0.1389894450057824,-2.055822290934503
A1,A2,A3,B1,B2,phiA1
4.440892004567832,2.220446046965638,1.6653345386908032,-1.6653345386911418,1.1102230257939816,4.996003671539354
ans,J2,J3,Energy,Sigma,L,A1,A2,A3,B1,B2,phiB1
cb2,-0.09,-0.15,-0.4627956129444602,1.507918713686444e-10,0.6868055404390855,0.498843027277011,0.06941551969218031,0.1446992471724711,0.13744609246846443,0.19576372944656925,3.141592659238376
A1,A2,A3,B1,B2,phiB1
6.106226675762822,0.5551115128969908,1.110223025793897,-3.3306690773816907,0.0,-0.5551115190599266
