ans,J2,J3,Energy,Sigma,L,A1,A3,B1,B2,B3
3x3,-0.18,-0.3,-0.4939625021192111,1.2326592593563803e-10,0.7808938954869216,0.5201858510081128,0.26384714622176086,0.19501215586405815,0.3447001772804288,0.15212059600258793
A1,A3,B1,B2,B3
6.6613381547634205,3.3306690958706184,0.0,3.3306690958705336,3.3306690773816907
ans,J2,J3,Energy,Sigma,L,A1,A2,B1,B2,B3
q0,-0.18,-0.3,-0.4857805259104987,1.3920313489239838e-11,0.760045984869274,0.5166971998490714,0.23319199695778023,0.1838301843818149,0.2036395637520028,0.2832081416823165
A1,A2,B1,B2,B3
3.3306690034259963,4.440892103175609,1.1102230257939023,3.3306690773816907,5.551115098154627
ans,J2,J3,Energy,Sigma,L,A1,A2,A3,B1,B2
0-pi,-0.18,-0.3,-0.4657859097485771,6.635719208420312e-11,0.6928296352089591,0.4982506324933047,0.06629877711801686,0.1395417426292893,0.13581032494408365,0.19431408006581688
A1,A2,A3,B1,B2
0.5551115159784364,-3.885780590278654,-2.2204460515878046,-6.661338154763408,-1.6653345386908032
ans,J2,J3,Energy,Sigma,L,A1,A2,A3,B1,B2,phiA1
cb1,-0.18,-0.3,-0.4650359480097838,1.0063727823332715e-05,0.6940951227100225,0.5044298643763938,0.02743095101446927,0.13637757388038482,0.15287253199461218,0.15633675222102128,2.3922115606779286
A1,A2,A3,B1,B2,phiA1
3.8857805902786406,0.0,-2.220446051589996,-2.7755575644847847,1.6653345386897866,1.6653345572068896
ans,J2,J3,Energy,Sigma,L,A1,A2,A3,B1,B2,phiB1
cb2,-0.18,-0.3,-0.46578590974950296,6.638544932834717e-11,0.692829719132499,0.4982507821117778,0.06629865378327575,0.13954184156407437,0.13581053671761698,0.19431397043453774,3.1415926531239737
A1,A2,A3,B1,B2,phiB1
1.665334529446387,-2.220446051587802,-4.440892103175609,-6.106226641866476,-2.7755575644847847,-0.5551115190599266
