ans,J2,J3,Energy,Sigma,L,A1,A3,B1,B2,B3
3x3,0.14999999999999997,-0.21,-0.44605987642829603,5.650838386054732e-10,0.6507029481006417,0.5006506604528238,0.11284548899324827,0.14326771395657506,0.20351235071564247,0.06569050803702295
A1,A3,B1,B2,B3
2.77555756448478,0.0,-6.10622664186656,-0.5551115128968214,-0.5551115128969485
ans,J2,J3,Energy,Sigma,L,A1,A2,B1,B2,B3
q0,0.14999999999999997,-0.21,-0.42227360843428907,4.432505396934227,0.5000000075271275,0.5243506857679833,0.304626162475027,5.3198692069766906e-05,6.593203664051472e-05,5.319731202974021e-05
A1,A2,B1,B2,B3
3.3306690201618054,0.0,-4.440892098502926,-1.110223024626409,-1.1102230246257314
ans,J2,J3,Energy,Sigma,L,A1,A2,A3,B1,B2
0-pi,0.14999999999999997,-0.21,-0.44923823560455106,3.902232971655909e-11,0.6579183010302359,0.5005407420477469,0.0978911120616777,0.08805986131578537,0.14895373175983656,0.17044649116235708
A1,A2,A3,B1,B2
1.6653345017130008,-1.1102230257939076,-1.6653345386908454,-6.106226641866476,-2.7755575644847634
ans,J2,J3,Energy,Sigma,L,A1,A2,A3,B1,B2,phiA1
cb1,0.14999999999999997,-0.21,-0.4575940647175832,1.320368081176038e-09,0.6763095145099017,0.5064168492129411,0.027512177219720158,0.1641503512296574,0.15410141185903395,0.08916313523507936,-1.8439787032013317
A1,A2,A3,B1,B2,phiA1
2.775557564484695,2.220446048506318,0.5551115128969485,-6.106226641866391,0.0,2.2204460762396
ans,J2,J3,Energy,Sigma,L,A1,A2,A3,B1,B2,phiB1
cb2,0.14999999999999997,-0.21,-0.44923823559955134,4.08451222605645e-13,0.6579179248177076,0.5005407529690048,0.09789277413121923,0.08805945081063868,0.14895500355116661,0.17044405993323175,3.141592652921548
A1,A2,A3,B1,B2,phiB1
4.996003505138992,0.0,0.5551115128969512,-4.440892103175606,-0.5551115128969485,-0.5551115190599266
