ans,J2,J3,Energy,Sigma,L,A1,A3,B1,B2,B3
3x3,0.06,-0.06,-0.45820712842116473,3.2240375417833426e-12,0.6817596386808019,0.5103248267143832,0.19322561188075324,0.16223938770196034,0.26214560014175853,0.08898144643748963
A1,A3,B1,B2,B3
1.1102230257939034,-1.1102230257939023,-8.32667269345426,-3.330669058892774,-1.110223025793897
ans,J2,J3,Energy,Sigma,L,A1,A2,B1,B2,B3
q0,0.06,-0.06,-0.4757710096106005,2.5306451996097604e-09,0.740172761753619,0.5217278704675437,0.26615016249689577,0.19706673473181785,0.20044425412124395,0.29883119717932416
A1,A2,B1,B2,B3
243.13884264886437,0.0,-136.55743217264992,4.440892103175588,3.3306690958706606
ans,J2,J3,Energy,Sigma,L,A1,A2,A3,B1,B2
0-pi,0.06,-0.06,-0.4551693384989578,6.3364944063086665e-12,0.6704306654502298,0.5001426297141611,0.08264088683716267,0.12526696260850523,0.14283672637158257,0.18681709251377404
A1,A2,A3,B1,B2
1.6653345386908762,-1.665334538690856,-0.5551115128969505,-5.5511151289695055,-2.2204460515878024
ans,J2,J3,Energy,Sigma,L,A1,A2,A3,B1,B2,phiA1
cb1,0.06,-0.06,-0.46554443525703265,1.9668601157141445e-10,0.7000961558761478,0.5134600024838856,0.03803575887208446,0.23627790087174735,0.16815485621653814,0.12939169894410454,1.9373414331032508
A1,A2,A3,B1,B2,phiA1
-7.771561180557324,-12.76756478777057,-6.661338154763424,-12.212453283732952,-7.216449667660372,-6.106226709659196
ans,J2,J3,Energy,Sigma,L,A1,A2,A3,B1,B2,phiB1
cb2,0.06,-0.06,-0.4551693384991378,6.6979221233921526e-12,0.6704305534359623,0.5001426174715117,0.08264191020697707,0.1252703139985316,0.14283684769733113,0.18681687283527712,3.141592646949524
A1,A2,A3,B1,B2,phiB1
1.6653345017130219,-2.220446051587794,-2.2204460515877993,-5.5511151289695055,-1.110223025793901,-1.1102230381198532
