ans,J2,J3,Energy,Sigma,L,A1,A3,B1,B2,B3
3x3,-0.06,0.3,-0.5107025629426837,0.0002400572083457426,0.8090636669655685,0.5139504088975516,0.36580218433424727,0.1930780522294089,0.323586892585245,0.1341320945976632
A1,A3,B1,B2,B3
5.551115005760697,1.110223031979658,-6.661338154726621,3.330669095852238,2.220446051589996
ans,J2,J3,Energy,Sigma,L,A1,A2,B1,B2,B3
q0,-0.06,0.3,-0.4579923066702105,2.1135936675039762e-09,0.6759947004528217,0.5039433058273218,0.1294526763399872,0.14989304308287787,0.1684890372668069,0.14571777421159568
A1,A2,B1,B2,B3
3.8857805039969806,-2.220446051587794,-8.326672693453677,-1.1102230257939816,-3.330669077381945
ans,J2,J3,Energy,Sigma,L,A1,A2,A3,B1,B2
0-pi,-0.06,0.3,-0.4153462851448283,0.1947031293631558,0.6909204478789706,0.33715734723984336,6.209978470432184e-05,0.7698330115819771,0.10036163392048086,0.44037387071830436
A1,A2,A3,B1,B2
6.661338193786144,2.220446049251463,1.1102230258213897,-2.2204460518068365,3.330669095852238
ans,J2,J3,Energy,Sigma,L,A1,A2,A3,B1,B2,phiA1
cb1,-0.06,0.3,-0.5261268752619682,4.904443924474862,0.5000000075271275,0.5292031590218547,0.6860053102005595,0.17307442474311685,0.1543891999166926,0.2726290242168916,1.5284435253574413
A1,A2,A3,B1,B2,phiA1
2.2204460627450096,1.1102230011694867,0.0,-3.330669075628587,1.1102230327602836,0.0
ans,J2,J3,Energy,Sigma,L,A1,A2,A3,B1,B2,phiB1
cb2,-0.06,0.3,-0.4153475693130403,0.19470352786766665,0.6908972337094897,0.33715660228549527,6.303135033027679e-05,0.7700003573729799,0.10035103092125644,0.4394428541070343,3.1415927794225182
A1,A2,A3,B1,B2,phiB1
2.2204460627450096,1.1102230246257314,1.1102230258213897,-5.551115129170147,1.1102230320663942,-2.2204460762397065
