ans,J2,J3,Energy,Sigma,L,A1,A3,B1,B2,B3
3x3,0.18,-0.24,-0.4435112040815572,1.8789810108725236e-10,0.6449053207744772,0.49843290958449304,0.09722866132225562,0.1392147949477303,0.19155629030444365,0.06081311102064623
A1,A3,B1,B2,B3
-0.5551115159783093,-4.440892103175605,-9.436895719248167,-3.3306690773817755,-2.775557558706941
ans,J2,J3,Energy,Sigma,L,A1,A2,B1,B2,B3
q0,0.18,-0.24,-0.4310406906223935,4.383816513624523,0.5000000075271275,0.5212346763333161,0.26660496683607154,5.31985864740403e-05,5.808829887268829e-05,5.319691213157007e-05
A1,A2,B1,B2,B3
3.330668975752885,2.220446040868664,-4.440892098502926,0.0,1.1102230246253926
ans,J2,J3,Energy,Sigma,L,A1,A2,A3,B1,B2
0-pi,0.18,-0.24,-0.44792430113610177,1.1546818996192386e-10,0.6553873323640811,0.5005965882980509,0.10244888271597412,0.07994852919564291,0.15085674657218487,0.16666884870948595
A1,A2,A3,B1,B2
1.1102230011419982,2.220446051587802,-0.5551115128969485,-6.661338154763381,-0.5551115128969512
ans,J2,J3,Energy,Sigma,L,A1,A2,A3,B1,B2,phiA1
cb1,0.18,-0.24,-0.4564799894864876,1.4482993181792014e-15,0.6731201315181453,0.5048491151744785,0.023204575749579952,0.14980023576698262,0.15159574020998007,0.07657527992218295,1.7916883549607037
A1,A2,A3,B1,B2,phiA1
6.661338154763407,1.6653345363797363,1.1102230257939014,-6.106226641866457,1.665334538690852,2.2204460762397065
ans,J2,J3,Energy,Sigma,L,A1,A2,A3,B1,B2,phiB1
cb2,0.18,-0.24,-0.447924301122044,2.5175756233029947e-13,0.6553893759891714,0.5005967342362954,0.10244978093848466,0.07994536588844249,0.15085454263146397,0.1666682285571394,3.141592660075386
A1,A2,A3,B1,B2,phiB1
2.775557564484754,-1.110223025793901,-2.7755575644847528,-5.5511151289695055,-1.6653345386908507,-1.1102230381198532
