ans,J2,J3,Energy,Sigma,L,A1,A3,B1,B2,B3
3x3,0.3,0.06,-0.4372648942347754,4.931690289993506e-11,0.6302969500314789,0.495957451037997,0.09755090409437629,0.13342760295673187,0.1804113265932884,0.04394554877436947
A1,A3,B1,B2,B3
1.6653345294464241,-1.110223025793897,-7.216449667660352,-4.440892103175609,-1.1102230250235416
ans,J2,J3,Energy,Sigma,L,A1,A2,B1,B2,B3
q0,0.3,0.06,-0.48753207212853344,1.5791878591305703e-09,0.7800612431134027,0.5238350789124665,0.34598044087970553,0.2220521554913741,0.20999676781692295,0.36646729641874065
A1,A2,B1,B2,B3
2634.559181709962,2364.775031813871,-6.661338154763403,2458.0337791076977,-1.1102230319568729
ans,J2,J3,Energy,Sigma,L,A1,A2,A3,B1,B2
0-pi,0.3,0.06,-0.44609383184717044,6.401924840903631e-09,0.6530644754576608,0.5015428856266557,0.11641672699528725,0.08155982450514628,0.15649609262704847,0.16625528039263088
A1,A2,A3,B1,B2
8.881784206351567,2.2204460515876243,3.885780590278597,-2.7755575644847847,0.5551115128969908
ans,J2,J3,Energy,Sigma,L,A1,A2,A3,B1,B2,phiA1
cb1,0.3,0.06,-0.46608463606697775,7.528074966620828e-14,0.7032529137400803,0.5132102990968147,0.050406757940546956,0.2520866679860329,0.16891461393729237,0.12218949943022461,1.884746344528909
A1,A2,A3,B1,B2,phiA1
8.881784009135988,-0.5551115125117642,0.5551115098154632,-5.5511151289695055,1.110223025793901,4.440892152479413
ans,J2,J3,Energy,Sigma,L,A1,A2,A3,B1,B2,phiB1
cb2,0.3,0.06,-0.44609383222836063,5.082880135525859e-09,0.6530700074124739,0.5015451115434905,0.11640596010693899,0.081797255126966,0.1564931195851091,0.1662584770641535,3.141594167240838
A1,A2,A3,B1,B2,phiB1
8.326672508565151,1.1102230257939816,2.7755575644847847,-3.8857805902784275,-1.110223025793897,-0.5551115190599264
