ans,J2,J3,Energy,Sigma,L,A1,A3,B1,B2,B3
3x3,-0.21,0.12,-0.4571744156154679,4.341491032087859,0.5000000075271275,0.5209018480667685,0.03513469454424107,5.3198852551505915e-05,5.3197584210074034e-05,5.319818640375784e-05
A1,A3,B1,B2,B3
4.440892026882407,1.1102230234953125,-4.440892098502926,0.0,0.0
ans,J2,J3,Energy,Sigma,L,A1,A2,B1,B2,B3
q0,-0.21,0.12,-0.4385103062845031,0.266816624560324,0.5007095167251062,0.37154782141496945,1.4869525281750208e-09,0.16647866336666314,0.27153166193405565,0.2791715467388729
A1,A2,B1,B2,B3
1.6653345526098724,-4.996003610813204,-16.098233873864842,1.6653345470587573,-0.5551115156862524
ans,J2,J3,Energy,Sigma,L,A1,A2,A3,B1,B2
0-pi,-0.21,0.12,-0.3956586582557913,0.24078748139679831,0.6503447574308263,0.3389396790464927,6.30158118394672e-05,0.9999338930386481,0.10837547555989852,0.3728815021814942
A1,A2,A3,B1,B2
4.440892131041134,-2.220446049251463,0.0,-5.551115128823202,-1.1102230313725048
ans,J2,J3,Energy,Sigma,L,A1,A2,A3,B1,B2,phiA1
cb1,-0.21,0.12,-0.5039743112800624,0.059476321823161704,0.762668165961648,0.5254504548252132,0.24910547099782163,1.0824650056773591e-05,0.15850120588531577,0.17904236074247087,2.0694537000637934
A1,A2,A3,B1,B2,phiA1
1.1102230258213897,-1.1102230252095289,-1.1102230246249791,-5.551115128823202,-1.110223025729946,-1.1102230381379263
ans,J2,J3,Energy,Sigma,L,A1,A2,A3,B1,B2,phiB1
cb2,-0.21,0.12,-0.3956405927887996,0.2408810486531431,0.6503307075087809,0.338911217389577,6.303501221845411e-05,0.9999338930386481,0.1083724161192667,0.37296421354528375,3.1414764252965437
A1,A2,A3,B1,B2,phiB1
4.440892081737328,-3.330669073877194,2.2204460516427793,-3.330669077710255,0.0,-1.1102230381198845
