ans,J2,J3,Energy,Sigma,L,A1,A3,B1,B2,B3
3x3,-0.24,0.09000000000000002,-0.45719863324091203,4.340175587181874,0.5000000075271275,0.520820870283841,0.05702129460084379,5.319883323487429e-05,5.319812145748726e-05,5.3197307034125174e-05
A1,A3,B1,B2,B3
4.440892125490019,0.0,-4.440892098502926,0.0,1.110223024625562
ans,J2,J3,Energy,Sigma,L,A1,A2,B1,B2,B3
q0,-0.24,0.09000000000000002,-0.5410387620659425,0.4907138465401156,0.5104694904315645,0.34900403673296276,0.4361752786851718,3.806503954656426e-05,0.10152713073311896,5.3200320566618164e-05
A1,A2,B1,B2,B3
2.2204460627450096,-1.1102230313725048,-8.881784197005851,0.0,0.0
ans,J2,J3,Energy,Sigma,L,A1,A2,A3,B1,B2
0-pi,-0.24,0.09000000000000002,-0.40113864351091905,0.2738564643608352,0.6266196924888646,0.3332754437057133,5.626312696766856e-05,0.9999338930386481,0.11195695844447726,0.3729963709296026
A1,A2,A3,B1,B2
4.440892076186213,-1.6653345369363401,0.0,-4.996003616218438,0.5551115156862524
ans,J2,J3,Energy,Sigma,L,A1,A2,A3,B1,B2,phiA1
cb1,-0.24,0.09000000000000002,-0.49328290385299167,6.924460788658668e-11,0.7800444282853527,0.5200755266709424,0.04178869994897098,0.358828680867262,0.19291095128209743,0.18259158666073122,1.9575683926511647
A1,A2,A3,B1,B2,phiA1
5.551115005709981,2.220446046965553,1.110223019630921,-4.440892103175588,3.3306690773817755,2.2204460762397056
ans,J2,J3,Energy,Sigma,L,A1,A2,A3,B1,B2,phiB1
cb2,-0.24,0.09000000000000002,-0.4011388953535524,0.2738549245205312,0.6266201401534265,0.33327587390125674,5.6263752413518575e-05,0.9999338930386481,0.11195684324491043,0.37299581123776604,3.1414603215416723
A1,A2,A3,B1,B2,phiB1
6.106226615858272,-1.1102230246257314,1.6653345387320844,-3.8857805903150195,2.2204460627450096,1.6653345571797846
