ans,J2,J3,Energy,Sigma,L,A1,A3,B1,B2,B3
3x3,-0.12,-0.02999999999999997,-0.4950398813600152,1.3197233722752945e-09,0.7840745445860224,0.5211834585913336,0.3054377963141662,0.19572784969722223,0.35704920815090135,0.1438824757081124
A1,A3,B1,B2,B3
-2.2204460022840857,-6.661338117785527,-8.881784206351176,-3.3306690958705336,-3.3306690773816907
ans,J2,J3,Energy,Sigma,L,A1,A2,B1,B2,B3
q0,-0.12,-0.02999999999999997,-0.469496475673196,1.7153905800588881e-09,0.7106036051685308,0.5113702963761113,0.18052052255493933,0.1664975979363128,0.1867724894416704,0.21529592813837353
A1,A2,B1,B2,B3
-608.9573296479549,-1.6653345386908454,-632.8271247025235,1.6653345386908454,-644.4844664733598
ans,J2,J3,Energy,Sigma,L,A1,A2,A3,B1,B2
0-pi,-0.12,-0.02999999999999997,-0.46804338884386104,3.003301318253277e-11,0.6994239165612186,0.497810129356218,0.06077778445780199,0.17594499534631933,0.13448205797250762,0.2081682071325751
A1,A2,A3,B1,B2
2.22044603926185,-2.7755575625588014,-1.6653345386908454,-6.106226641866433,0.0
ans,J2,J3,Energy,Sigma,L,A1,A2,A3,B1,B2,phiA1
cb1,-0.12,-0.02999999999999997,-0.47440119542545545,1.5528850178792054e-11,0.725322590351688,0.5170765459249304,0.0390366498549583,0.27985835886396127,0.17807997417758745,0.15554167731362775,1.9867450737252712
A1,A2,A3,B1,B2,phiA1
5.5511150057100025,2.2204460469655953,2.2204460639137458,-3.330669077381712,3.330669077381704,2.2204460762397056
ans,J2,J3,Energy,Sigma,L,A1,A2,A3,B1,B2,phiB1
cb2,-0.12,-0.02999999999999997,-0.46804338881310265,9.55261252416069e-16,0.6994234394042987,0.4978098699235143,0.06078459893957198,0.1759223204885265,0.13448236084340387,0.2081693793083223,3.1415926508820333
A1,A2,A3,B1,B2,phiB1
4.440892127827508,-2.775557558706963,0.5551115128969506,-4.9960036160725565,-0.5551115128969508,0.5551115190599266
