ans,J2,J3,Energy,Sigma,L,A1,A3,B1,B2,B3
3x3,0.02999999999999997,-0.24,-0.45794897176869503,2.9409720622770846e-13,0.6813323092586151,0.5086238680244869,0.16447364689422414,0.16019515498947987,0.25077438190069623,0.09449493187026019
A1,A3,B1,B2,B3
3.3306690034259954,0.0,-4.440892103175604,-0.5551115159784388,-0.5551115128969485
ans,J2,J3,Energy,Sigma,L,A1,A2,B1,B2,B3
q0,0.02999999999999997,-0.24,-0.49230652771146,9.110308075364583e-10,0.7900920976110124,0.523677842103439,0.3063629793122436,0.20978193786492577,0.21226720675087013,0.3469767440990725
A1,A2,B1,B2,B3
3486.100223585875,1.110223019630921,1890.709812927014,-3.3306690773817755,-14.432899255202017
ans,J2,J3,Energy,Sigma,L,A1,A2,A3,B1,B2
0-pi,0.02999999999999997,-0.24,-0.4543361117068001,3.0159711639482255e-10,0.6680854160212398,0.49982219545237694,0.08405147194134316,0.10784514123420079,0.14317117118987086,0.17981488373889845
A1,A2,A3,B1,B2
3.885780611849182,-0.5551115128969485,1.6653345386908032,-1.6653345386908032,0.0
ans,J2,J3,Energy,Sigma,L,A1,A2,A3,B1,B2,phiA1
cb1,0.02999999999999997,-0.24,-0.45894887841274856,3.697785493223493e-16,0.6794909445163764,0.5075347760030606,0.03140901698918117,0.1718267378842361,0.15564996090769356,0.1120811309464531,1.98166236372417
A1,A2,A3,B1,B2,phiA1
2.775557564484753,-0.5551115117413926,-2.775557564484753,-5.551115128969506,-0.5551115128969506,0.0
ans,J2,J3,Energy,Sigma,L,A1,A2,A3,B1,B2,phiB1
cb2,0.02999999999999997,-0.24,-0.4543361116585244,2.2553940036672985e-10,0.668087993789768,0.49982226949004743,0.08406592617355288,0.10783139537357915,0.1431710097199653,0.179765153380266,3.1415924246752205
A1,A2,A3,B1,B2,phiB1
0.555111509815503,-1.665334538690856,-3.3306690773816907,-6.10622664186656,-2.7755575644847847,-2.220446076239706
