ans,J2,J3,Energy,Sigma,L,A1,A3,B1,B2,B3
3x3,-0.24,0.14999999999999997,-0.4574743127232501,4.337797009211885,0.5000000075271275,0.520672734307835,0.04658430022712789,5.3198953308408736e-05,5.319828010952321e-05,5.319822346641634e-05
A1,A3,B1,B2,B3
3.330669049708593,1.1102230234953125,-4.440892098502926,0.0,1.1102230246257314
ans,J2,J3,Energy,Sigma,L,A1,A2,B1,B2,B3
q0,-0.24,0.14999999999999997,-0.7821305054479497,2.181472137189773,0.6599890375273828,0.3447815652522507,0.3602266711441121,0.30844266725971253,0.19098300562505255,0.19105497801907084
A1,A2,B1,B2,B3
24082087.594351523,-2.2204460627450096,-11.102230212669992,2.2204460518068365,1.1102230252095289
ans,J2,J3,Energy,Sigma,L,A1,A2,A3,B1,B2
0-pi,-0.24,0.14999999999999997,-0.39769352671902336,0.24145810881779478,0.6853780486153974,0.33372595006436423,5.737041363968039e-05,0.9999597330164607,0.10443319120045967,0.3589619588830927
A1,A2,A3,B1,B2
1.1102230313725048,1.1102230246242268,2.2204460516427793,-5.551115128823202,1.1102230320663942
ans,J2,J3,Energy,Sigma,L,A1,A2,A3,B1,B2,phiA1
cb1,-0.24,0.14999999999999997,-0.5016250174058773,1.5539450497205968e-10,0.803148170228359,0.5197591765533641,0.04326401343648422,0.38631688571680006,0.19681628951425223,0.18991952203954726,1.942399760373443
A1,A2,A3,B1,B2,phiA1
1464.3841385062958,-4.440892093931149,-3.3306690588928483,-8.881784206351176,-2.220446051587794,-2.2204460762397056
ans,J2,J3,Energy,Sigma,L,A1,A2,A3,B1,B2,phiB1
cb2,-0.24,0.14999999999999997,-0.3976723193003663,0.2415663227137599,0.6854053528775378,0.3336918499608035,5.752925787280947e-05,0.9999338930386481,0.10438698373908488,0.35914742592988524,3.142745466494528
A1,A2,A3,B1,B2,phiB1
25.53512973266984,21.09423746786031,2.2204460516427793,-2.2204460518068365,1.1102230320663942,0.0
