ans,J2,J3,Energy,Sigma,L,A1,A3,B1,B2,B3
3x3,-0.18,-0.27,-0.4954094489406725,3.060657052741085e-12,0.7849478843693397,0.5206363363493922,0.27084730687068975,0.1961504273425261,0.34856735222256524,0.15277978372813358
A1,A3,B1,B2,B3
4.440892103175603,1.1102230196309264,-3.3306690773817067,4.440892078523695,3.330669077381712
ans,J2,J3,Energy,Sigma,L,A1,A2,B1,B2,B3
q0,-0.18,-0.27,-0.4834573771301104,2.4100440211600554e-11,0.7526973783396087,0.5158884644430014,0.22464525775200758,0.1808925418278613,0.20151536541390536,0.27330899436629447
A1,A2,B1,B2,B3
4.4408920045679805,4.440892103175609,-2.2204460515878153,2.220446051587794,4.440892078523706
ans,J2,J3,Energy,Sigma,L,A1,A2,A3,B1,B2
0-pi,-0.18,-0.27,-0.46638832817573345,9.285851197191636e-11,0.6943203961378199,0.49821802285335054,0.06545764069435162,0.1439029601310204,0.13556924894671524,0.19604175215538663
A1,A2,A3,B1,B2
5.551115098154628,1.1102230257939023,0.0,-3.8857805902786606,2.220446051587794
ans,J2,J3,Energy,Sigma,L,A1,A2,A3,B1,B2,phiA1
cb1,-0.18,-0.27,-0.4656270024688219,3.3516845626177845e-06,0.6955988817241052,0.5047638675382133,0.028195284882187345,0.14136717718638117,0.15354398653313425,0.15752603443664112,2.395754274551504
A1,A2,A3,B1,B2,phiA1
6.106226641866532,0.0,0.0,-4.996003616072748,2.7755575644847847,1.6653345571635214
ans,J2,J3,Energy,Sigma,L,A1,A2,A3,B1,B2,phiB1
cb2,-0.18,-0.27,-0.46638832824485693,5.238529448733282e-16,0.6943227096465611,0.4982179927320674,0.06545707713878886,0.14390329350004485,0.13556923929047088,0.1960562091245648,3.1415926511699124
A1,A2,A3,B1,B2,phiB1
4.440892078523702,-1.1102230257939012,0.5551115128969508,-3.330669077381704,1.1102230257939012,-0.5551115190599266
