ans,J2,J3,Energy,Sigma,L,A1,A3,B1,B2,B3
3x3,-0.02999999999999997,-0.15,-0.46924140247191837,7.922813568022435e-13,0.7125915928665159,0.5151534632895942,0.22187331185051073,0.17512639662948543,0.29498867710988363,0.11479314475522281
A1,A3,B1,B2,B3
3.330669077381705,1.1102230257938996,-3.8857805902786606,2.2204460639137564,1.665334538690852
ans,J2,J3,Energy,Sigma,L,A1,A2,B1,B2,B3
q0,-0.02999999999999997,-0.15,-0.47877513311743924,9.754028434786245e-10,0.7457073668703411,0.5200825945022527,0.25234209728264984,0.19175772191061652,0.20130300925947509,0.29141160713804354
A1,A2,B1,B2,B3
0.0,-1.110223019630921,-6.661338154763551,-1.110223025793897,-1.110223019630921
ans,J2,J3,Energy,Sigma,L,A1,A2,A3,B1,B2
0-pi,-0.02999999999999997,-0.15,-0.45895686597363283,6.742864083830419e-10,0.6782877074959817,0.4994056322037843,0.07542512577655763,0.13171363782836717,0.13980628994398192,0.19009654455260436
A1,A2,A3,B1,B2
4.4408921278274915,-1.110223025793897,-1.110223025793897,-4.996003616072494,-0.5551115128969485
ans,J2,J3,Energy,Sigma,L,A1,A2,A3,B1,B2,phiA1
cb1,-0.02999999999999997,-0.15,-0.46382862774256006,4.310878327999947e-12,0.693497564963149,0.5113437203680875,0.03473534430445634,0.20938667948187295,0.16352636671397383,0.13003062894162717,2.0046633554422657
A1,A2,A3,B1,B2,phiA1
4.996003616072555,0.5551115117413883,-2.2204460515878046,-7.216449667660356,0.0,1.1102230381198528
ans,J2,J3,Energy,Sigma,L,A1,A2,A3,B1,B2,phiB1
cb2,-0.02999999999999997,-0.15,-0.45895686597172,6.730910684074783e-10,0.6782877007141265,0.49940563764463053,0.07542478463208563,0.131713899830363,0.13980630214549897,0.1900965397596772,3.1415926493115918
A1,A2,A3,B1,B2,phiB1
0.5551115159786482,-2.7755575644847847,-3.8857805902786526,-6.661338154763381,-0.5551115128969485,-2.7755575952996328
