ans,J2,J3,Energy,Sigma,L,A1,A3,B1,B2,B3
3x3,0.26999999999999996,0.02999999999999997,-0.4390420958914238,3.1057776470335517e-09,0.6341308684997592,0.4972110920198237,0.10482382737484258,0.13574380110473747,0.18676032775660614,0.04740888278813698
A1,A3,B1,B2,B3
4.44089212782783,1.1102230257939023,-6.661338154763213,-1.6653345386909726,1.6653345352241649
ans,J2,J3,Energy,Sigma,L,A1,A2,B1,B2,B3
q0,0.26999999999999996,0.02999999999999997,-0.4871013152178152,1.8209584424007718e-09,0.7790523680697856,0.5241952164476115,0.3404945295671925,0.22054771246200394,0.2099554542832798,0.36309281781953684
A1,A2,B1,B2,B3
0.0,-1.1102230319568729,-9.992007232145497,-2.220446051587794,-1.1102230319568729
ans,J2,J3,Energy,Sigma,L,A1,A2,A3,B1,B2
0-pi,0.26999999999999996,0.02999999999999997,-0.4467842283251439,4.698313618163165e-09,0.6541545898529922,0.5014822285150428,0.11158653230776644,0.08593796876513926,0.15455895554315416,0.1684533067362714
A1,A2,A3,B1,B2
0.5551115005711909,1.1102230257938122,-0.5551115128969485,-3.8857805902787663,-0.5551115128969485
ans,J2,J3,Energy,Sigma,L,A1,A2,A3,B1,B2,phiA1
cb1,0.26999999999999996,0.02999999999999997,-0.46498753539398846,3.711837078097742e-12,0.6996758291815736,0.5127065057666562,0.04614000832764515,0.24169605651781564,0.16737836604418588,0.11877951288242539,-1.8788944792369635
A1,A2,A3,B1,B2,phiA1
1.1102230257939034,-1.1102230234827872,-1.6653345386908533,-9.992007232145115,-4.996003616072557,-1.1102230381198528
ans,J2,J3,Energy,Sigma,L,A1,A2,A3,B1,B2,phiB1
cb2,0.26999999999999996,0.02999999999999997,-0.44678422683595664,4.679309373473688e-09,0.6541527412815066,0.501481857391192,0.11158432395655468,0.08576216962188717,0.15455906572034872,0.16845207332326206,3.1415926550692164
A1,A2,A3,B1,B2,phiB1
2.220446002283408,1.110223025793897,0.5551115128968214,-4.996003616072748,0.5551115128969485,-1.1102230381198532
