ans,J2,J3,Energy,Sigma,L,A1,A3,B1,B2,B3
3x3,-0.12,-0.24,-0.4831130509110827,9.000409890505982e-13,0.7512907492291836,0.5187224164210056,0.24848133475727363,0.18756288876638838,0.326227198815041,0.1384867203633333
A1,A3,B1,B2,B3
3.3306690773817023,36.637359851198745,71.05427365080969,37.747582667451475,76.60538877977919
ans,J2,J3,Energy,Sigma,L,A1,A2,B1,B2,B3
q0,-0.12,-0.24,-0.4826962733535206,4.991092132454231e-09,0.7535880612746395,0.5181312830946029,0.24030218181956506,0.18685409112568205,0.2025787348066428,0.2859716630913621
A1,A2,B1,B2,B3
-1.110223001141958,-2.220446051587794,-8.881784206351853,-1.1102230257939816,-2.2204460639137458
ans,J2,J3,Energy,Sigma,L,A1,A2,A3,B1,B2
0-pi,-0.12,-0.24,-0.46298932019957334,3.05039569799739e-12,0.6868402520244531,0.49870512883908785,0.06955839719444158,0.13676514079875696,0.13728204459067717,0.19277901476927536
A1,A2,A3,B1,B2
1.1102230196309317,-1.6653345386908507,-4.440892103175607,-4.996003616072547,-0.5551115128969485
ans,J2,J3,Energy,Sigma,L,A1,A2,A3,B1,B2,phiA1
cb1,-0.12,-0.24,-0.46362228603965927,1.1401505270772436e-15,0.6910320178362848,0.5072438135486887,0.03246218552841854,0.16868633726864335,0.15634639838829037,0.14434062010742146,-2.225083026856694
A1,A2,A3,B1,B2,phiA1
7.216449667660359,0.5551115117413927,1.665334538690852,-5.551115128969506,2.220446051587803,-0.5551115190599264
ans,J2,J3,Energy,Sigma,L,A1,A2,A3,B1,B2,phiB1
cb2,-0.12,-0.24,-0.4629893202000058,3.6986483098385775e-12,0.6868397925641814,0.4987048726233902,0.06955848696352196,0.13676639618149633,0.13728202690228605,0.1927792840091987,3.1415926467484363
A1,A2,A3,B1,B2,phiB1
3.3306690588927768,0.5551115128969485,0.5551115128969485,-3.8857805902786553,-0.5551115128969697,-0.5551115190599266
