ans,J2,J3,Energy,Sigma,L,A1,A3,B1,B2,B3
3x3,-0.18,0.24000000000000005,-0.45144327711847887,4.322285736667568,0.5000000075271275,0.519209891802131,0.19789432961051776,5.319888625376912e-05,5.319813905230175e-05,5.319915933121866e-05
A1,A3,B1,B2,B3
4.440891982473486,1.1102230252095289,-2.220446049251463,0.0,0.0
ans,J2,J3,Energy,Sigma,L,A1,A2,B1,B2,B3
q0,-0.18,0.24000000000000005,-0.46250112015574063,1.105431402783786e-11,0.6854625991168932,0.5015621260407885,0.11663843935713261,0.1440900646752765,0.17087915916346083,0.14022002556125146
A1,A2,B1,B2,B3
4.440892103175603,-1.1102230257939023,-6.106226641866455,2.220446051587794,-0.5551115128969485
ans,J2,J3,Energy,Sigma,L,A1,A2,A3,B1,B2
0-pi,-0.18,0.24000000000000005,-0.42876046553712244,0.18681182937587862,0.7123233725453253,0.3439474925116349,3.549384566406525e-05,0.794518583413114,0.10208449889900478,0.36243599778217295
A1,A2,A3,B1,B2
3.3306690941175146,2.2204460492484537,0.0,-5.551115128823202,2.220446063438899
ans,J2,J3,Energy,Sigma,L,A1,A2,A3,B1,B2,phiA1
cb1,-0.18,0.24000000000000005,-0.5097830186126725,0.0013371461690601931,0.8090383974120517,0.5189110900739772,0.05711671252276858,0.325158643269982,0.19650994792933518,0.19068453575005345,2.0155361299102474
A1,A2,A3,B1,B2,phiA1
-1076.9163111077416,-2141.6202152703972,-1.1102230320663942,-1080.2470040974652,-1.110223025794998,-2138.2895714187785
ans,J2,J3,Energy,Sigma,L,A1,A2,A3,B1,B2,phiB1
cb2,-0.18,0.24000000000000005,-0.4287369235427778,0.18693162906101857,0.7122698184114508,0.3439049753902827,3.550529309711674e-05,0.794562678063555,0.10211456822836748,0.3624561571656637,3.1419138503029633
A1,A2,A3,B1,B2,phiB1
4.440892076186213,0.0,2.2204460023389734,0.0,3.3306690961991827,1.1102230381196305
