ans,J2,J3,Energy,Sigma,L,A1,A3,B1,B2,B3
3x3,-0.24,-0.21,-0.4955457641574672,4.324896085152641,0.5000000075271275,0.5182548510521362,0.3947387724136886,5.3198889956307394e-05,5.319654950991515e-05,5.319992496888304e-05
A1,A3,B1,B2,B3
5.5511149891940885,0.0,-2.220446049251463,0.0,1.1102230246257314
ans,J2,J3,Energy,Sigma,L,A1,A2,B1,B2,B3
q0,-0.24,-0.21,-0.4445285504610835,0.10902529334018037,0.5000000075271275,0.368452436932989,0.017603915053320512,0.17599464807818133,0.09996864232378405,0.10002449274244965
A1,A2,B1,B2,B3
-1590.9496047950176,-93.8138455498432,-535.1274984340998,-29.42091018366503,-22.204460515856592
ans,J2,J3,Energy,Sigma,L,A1,A2,A3,B1,B2
0-pi,-0.24,-0.21,-0.4721850658581872,4.0789606174359564e-10,0.7078673885688183,0.49743342616923963,0.058713234170485844,0.16572444255105812,0.13316471471792468,0.20507709881551753
A1,A2,A3,B1,B2
5.551115098154691,0.5551115117413883,1.6653345386908032,-3.3306690773816907,1.1102230257939023
ans,J2,J3,Energy,Sigma,L,A1,A2,A3,B1,B2,phiA1
cb1,-0.24,-0.21,-0.46995938679088517,7.511644060159891e-07,0.7062554239295281,0.5060668948430489,0.02859207794322994,0.15818188771323016,0.15708330286076572,0.1631580588180508,-2.3899164693340778
A1,A2,A3,B1,B2,phiA1
5.55111512896939,-1.1102230242534874,-2.2204460515872855,-5.5511151289695695,2.220446051587963,-1.6653345571743634
ans,J2,J3,Energy,Sigma,L,A1,A2,A3,B1,B2,phiB1
cb2,-0.24,-0.21,-0.47218506595477794,6.145090558054806e-10,0.7078677392560296,0.497433195028509,0.05870890148230925,0.16571982695744386,0.1331650416455748,0.20507752909720647,3.1415926408759125
A1,A2,A3,B1,B2,phiB1
2.220446063913576,-0.5551115117412189,-1.6653345386908032,-6.661338154763381,0.0,-0.5551115190599266
