ans,J2,J3,Energy,Sigma,L,A1,A3,B1,B2,B3
3x3,0.12,-0.18,-0.44901768812302245,8.153617012557802e-14,0.6577802876372877,0.5031436151072125,0.13099627336096012,0.1479527967205661,0.21740385132179307,0.07160645357706034
A1,A3,B1,B2,B3
7.771561007993989,1.6653345386908507,-2.7755575644847537,3.3306690773817067,5.551115128969506
ans,J2,J3,Energy,Sigma,L,A1,A2,B1,B2,B3
q0,0.12,-0.18,-0.36809975481465984,4.436401195334023,0.5000000075271275,0.5220033075679098,0.45732900708141666,0.010583675947367546,0.006107869959142522,0.45315179511459486
A1,A2,B1,B2,B3
2.2204460627450096,1.1102230313725048,-4.4408920977566275,0.0,1.1102230190465532
ans,J2,J3,Energy,Sigma,L,A1,A2,A3,B1,B2
0-pi,0.12,-0.18,-0.45072931740342187,9.428853806678322e-11,0.6609020102386711,0.5004532230488267,0.09341588175992895,0.09679698719028151,0.1471069859398815,0.1744519863739391
A1,A2,A3,B1,B2
7.216449507422982,-0.5551115128969485,0.0,-3.3306690773816907,2.220446051587794
ans,J2,J3,Energy,Sigma,L,A1,A2,A3,B1,B2,phiA1
cb1,0.12,-0.18,-0.45896439648951337,2.4481678814463984e-10,0.680249434148496,0.5079820455616549,0.030642294332291188,0.1786691060287762,0.1568275650477145,0.10036917853067197,-1.8847979182486463
A1,A2,A3,B1,B2,phiA1
4.440892004567994,1.6653345363797227,-0.5551115128969485,-7.216449667660372,0.5551115128969061,0.5551115190598153
ans,J2,J3,Energy,Sigma,L,A1,A2,A3,B1,B2,phiB1
cb2,0.12,-0.18,-0.45072931738339783,7.803393585518783e-11,0.6609014380416722,0.5004531761485672,0.09341285122048944,0.09680546988055588,0.14710695247107114,0.17445138255915282,3.141592659731563
A1,A2,A3,B1,B2,phiB1
4.440892004567991,3.330669077381704,0.0,-4.440892103175588,1.6653345386908878,0.5551115190599266
