ans,J2,J3,Energy,Sigma,L,A1,A3,B1,B2,B3
3x3,-0.18,-0.09,-0.4683566513902587,4.357705253423435,0.5000000075271275,0.5216082465557812,0.3727817501438433,3.440822213277017e-05,5.319669869852106e-05,5.3200058752214674e-05
A1,A3,B1,B2,B3
4.440892125490019,0.0,-4.440892098500215,0.0,1.110223024625562
ans,J2,J3,Energy,Sigma,L,A1,A2,B1,B2,B3
q0,-0.18,-0.09,-0.47269007885527786,5.35471744345634e-09,0.7179940367174024,0.5103326142205287,0.17643700344645333,0.1643536854106022,0.18882674885732129,0.21573848010691019
A1,A2,B1,B2,B3
3.8857805902786406,-1.1102230257939816,-4.996003616072071,1.1102230257939816,0.5551115128969908
ans,J2,J3,Energy,Sigma,L,A1,A2,A3,B1,B2
0-pi,-0.18,-0.09,-0.470971195336261,4.0609952347659214e-10,0.705825901633395,0.49742947725165926,0.058267913997997106,0.17685906898982845,0.133395056963524,0.20895333978743016
A1,A2,A3,B1,B2
2.220446039262012,-3.3306690750705616,-1.6653345386908667,-6.106226641866465,-2.220446051587794
ans,J2,J3,Energy,Sigma,L,A1,A2,A3,B1,B2,phiA1
cb1,-0.18,-0.09,-0.4727843799209971,2.01860569331115e-11,0.7187331337077235,0.5153594564423144,0.03663688761834826,0.25564372218720116,0.17404745075353706,0.1540712968375567,2.0355584067490886
A1,A2,A3,B1,B2,phiA1
1.1102230011420005,-2.2204460469655745,-2.220446039261853,-8.32667269345427,-1.6653345386908454,-0.5551115190599264
ans,J2,J3,Energy,Sigma,L,A1,A2,A3,B1,B2,phiB1
cb2,-0.18,-0.09,-0.4709711953339609,4.0381235070439614e-10,0.7058258748344953,0.4974294678728616,0.058268080445934345,0.17685918262763933,0.1333950459054411,0.2089533199913739,3.1415926486948154
A1,A2,A3,B1,B2,phiB1
0.5551115159783093,-3.885780587582491,-1.6653345386908454,-7.2164496676603616,0.0,-1.66533455717978
