ans,J2,J3,Energy,Sigma,L,A1,A3,B1,B2,B3
3x3,0.0,0.14999999999999997,-0.48001866155371564,2.0121253242342754e-10,0.7423729027625499,0.5171246526944834,0.30594897123929476,0.18286491783102599,0.0,0.11489586740348151
A1,A3,B1,B2,B3
4.4408920045679805,4.440892127827513,0.0,0.0,2.2204460515878046
ans,J2,J3,Energy,Sigma,L,A1,A2,B1,B2,B3
q0,0.0,0.14999999999999997,-0.4614326763548676,8.869246357573433e-11,0.6897254038021742,0.5110437985342869,0.0,0.16599483643403226,0.0,0.19653498374049574
A1,A2,B1,B2,B3
2.220446002283916,-0.0,-8.32667269345427,0.0,-1.110223025793897
ans,J2,J3,Energy,Sigma,L,A1,A2,A3,B1,B2
0-pi,0.0,0.14999999999999997,-0.4643546618530064,1.5266649453931312e-09,0.692052933768623,0.4976973931084404,0.0,0.1912420966323931,0.13514707667963127,0.0
A1,A2,A3,B1,B2
0.0,0.0,-2.7755575644847426,-7.216449667660034,0.0
ans,J2,J3,Energy,Sigma,L,A1,A2,A3,B1,B2,phiA1
cb1,0.0,0.14999999999999997,-0.48669693457265806,3.8652039640243507e-10,0.7634473247438368,0.519337227348944,0.0,0.35592995695199287,0.18938252877995732,0.0,1.941411052019211
A1,A2,A3,B1,B2,phiA1
6.661338154763378,0.0,2.220446039261842,0.0,0.0,5.551115190599253
ans,J2,J3,Energy,Sigma,L,A1,A2,A3,B1,B2,phiB1
cb2,0.0,0.14999999999999997,-0.4643546618534604,1.5300677708635121e-09,0.692052903655058,0.49769742066312417,0.0,0.19124109846434767,0.13514709140626585,0.0,3.1415926536329946
A1,A2,A3,B1,B2,phiB1
3.3306690958706184,0.0,0.0,-6.106226641867068,0.0,0.0
