ans,J2,J3,Energy,Sigma,L,A1,A3,B1,B2,B3
3x3,-0.27,-0.24,-0.5344432650000511,0.7339150239996842,0.8074471049903726,0.5150081502924417,0.39569863290418655,5.319888193069944e-05,5.319659176711289e-05,5.320054090270088e-05
A1,A3,B1,B2,B3
2.2204460516427793,-6.661338117054877,-9.992007221631583,-2.220446049251463,-3.330669073877194
ans,J2,J3,Energy,Sigma,L,A1,A2,B1,B2,B3
q0,-0.27,-0.24,-0.4429809390186644,0.08611681554986003,0.5000000075271275,0.35559422176773947,5.7296775139187295e-05,0.16698425576302253,0.09992296353628159,0.1000094012534605
A1,A2,B1,B2,B3
-1847.4111251752931,-137.6676550535907,-620.6146714196425,-47.184478596385,-36.63735985116988
ans,J2,J3,Energy,Sigma,L,A1,A2,A3,B1,B2
0-pi,-0.27,-0.24,-0.47368370045505587,1.6003944124151741e-09,0.7111331468768675,0.49723418207644243,0.05760174719443153,0.16634916675142689,0.13264105435750836,0.2055057722960816
A1,A2,A3,B1,B2
4.4408921278274915,0.5551115117412189,-0.5551115128969908,-2.7755575644847847,1.6653345386908667
ans,J2,J3,Energy,Sigma,L,A1,A2,A3,B1,B2,phiA1
cb1,-0.27,-0.24,-0.47076633221861114,1.3532242414442203e-05,0.708156279536988,0.5059385200898473,0.02697526504266406,0.15389496874657405,0.1572487826090057,0.1636971505775739,-2.383374555058917
A1,A2,A3,B1,B2,phiA1
4.4408920045681715,-3.330669072760462,-1.110223025794998,-5.5511151289695695,0.0,-2.7755575953014477
ans,J2,J3,Energy,Sigma,L,A1,A2,A3,B1,B2,phiB1
cb2,-0.27,-0.24,-0.47368370045568725,1.6007196326493032e-09,0.71113315667691,0.49723418774524497,0.05760171674884429,0.16634915899031907,0.13264105751778318,0.20550576843765497,3.1415926538023182
A1,A2,A3,B1,B2,phiB1
4.996003643806139,-1.1102230250235205,1.1102230257939816,-5.5511151289695695,0.5551115128969485,-0.5551115190599266
