ans,J2,J3,Energy,Sigma,L,A1,A3,B1,B2,B3
3x3,-0.02999999999999997,0.0,-0.47619004811814547,2.3420540718913196e-12,0.7321512189179213,0.5178375110687752,0.0,0.18210004379436617,0.32146549733569035,0.0
A1,A3,B1,B2,B3
4.440892103175614,-0.0,-4.440892103175599,0.0,0.0
ans,J2,J3,Energy,Sigma,L,A1,A2,B1,B2,B3
q0,-0.02999999999999997,0.0,-0.4683066015486343,2.374480569178979e-11,0.7112309168071154,0.5150706756082921,0.20521412788037313,0.17592709824547165,0.18882078062592383,0.0
A1,A2,B1,B2,B3
2.2204460515878015,-1.6653345386908507,-8.32667269345427,1.665334538690856,0.0
ans,J2,J3,Energy,Sigma,L,A1,A2,A3,B1,B2
0-pi,-0.02999999999999997,0.0,-0.46210318701666053,5.603315987639779e-12,0.6859558305572763,0.49892758468150705,0.06908324186561718,0.0,0.13764750967658598,0.20108276286345383
A1,A2,A3,B1,B2
5.551115098154628,-1.1102230257939076,0.0,-6.661338154763424,0.5551115128969512
ans,J2,J3,Energy,Sigma,L,A1,A2,A3,B1,B2,phiA1
cb1,-0.02999999999999997,0.0,-0.472833330116555,3.20782891537138e-13,0.7218511353752096,0.5169757877488311,0.040853112141064796,0.0,0.17742116937266142,0.15066530442014295,1.9597526500587537
A1,A2,A3,B1,B2,phiA1
6.106226506280989,3.330669075070593,0.0,-2.2204460515878024,2.7755575644847528,1.6653345571797793
ans,J2,J3,Energy,Sigma,L,A1,A2,A3,B1,B2,phiB1
cb2,-0.02999999999999997,0.0,-0.4621031870043723,2.5374512203290708e-12,0.6859558370096457,0.4989275542348035,0.0690798860998878,0.0,0.13764803243077559,0.20109461748167687,3.1415926603198687
A1,A2,A3,B1,B2,phiB1
2.7755575798921934,-2.220446051587802,0.0,-7.216449667660359,-2.7755575644847634,-2.2204460762397065
