ans,J2,J3,Energy,Sigma,L,A1,A3,B1,B2,B3
3x3,0.02999999999999997,-0.3,-0.4569757109361888,1.7321043547841044e-13,0.6789244967362063,0.5073950615061925,0.15258756845927285,0.15814415623839295,0.24396038643432302,0.09400756141466828
A1,A3,B1,B2,B3
7.216449507422989,-2.2204460515878024,-4.440892103175609,3.8857805902786553,1.1102230257939016
ans,J2,J3,Energy,Sigma,L,A1,A2,B1,B2,B3
q0,0.02999999999999997,-0.3,-0.5211808306997225,0.5131736955860093,0.8090260653382649,0.4978315311106294,0.005680034803059606,0.041907426554898576,0.4929690407956608,0.010482673160563585
A1,A2,B1,B2,B3
2.2204460641327883,1.11022302463175,-3.330669071006355,1.1102230190465532,1.1102230244391569
ans,J2,J3,Energy,Sigma,L,A1,A2,A3,B1,B2
0-pi,0.02999999999999997,-0.3,-0.4536792405595219,3.864663162895967e-10,0.6665399273391442,0.49972481561829674,0.08524501091625002,0.10151869184329373,0.14356774669702263,0.17712235349834574
A1,A2,A3,B1,B2
3.3306690958707033,0.0,-1.6653345386908454,-6.661338154763381,-1.110223025793897
ans,J2,J3,Energy,Sigma,L,A1,A2,A3,B1,B2,phiA1
cb1,0.02999999999999997,-0.3,-0.457405475353341,3.4054946652271406e-05,0.6750462125956326,0.5059572729752138,0.05151222125994928,0.15221209017785595,0.15224555113703844,0.15143757826088017,-2.0316456044539484
A1,A2,A3,B1,B2,phiA1
6.661338154754866,0.5551115125180283,0.555111512908341,-6.106226641867068,1.110223025816682,-0.5551115190689632
ans,J2,J3,Energy,Sigma,L,A1,A2,A3,B1,B2,phiB1
cb2,0.02999999999999997,-0.3,-0.4536792405607902,3.6993166845664784e-10,0.6665394608078427,0.4997247002793692,0.08523712044307923,0.1015226937830256,0.1435677028177504,0.17711711031135063,3.141592366215827
A1,A2,A3,B1,B2,phiB1
2.2204460639137458,0.0,-1.1102230257939023,-6.661338154763551,-1.665334538690852,-1.1102230381198535
