ans,J2,J3,Energy,Sigma,L,A1,A3,B1,B2,B3
3x3,0.21000000000000002,-0.3,-0.4411807904810699,9.364820487887336e-11,0.6399485779857107,0.49614842693953737,0.08082907831903985,0.13525193985428793,0.1798190463113886,0.05715444001290646
A1,A3,B1,B2,B3
4.996003588339187,0.5551115128969485,-4.996003616072494,0.5551115128969908,3.3306690704483506
ans,J2,J3,Energy,Sigma,L,A1,A2,B1,B2,B3
q0,0.21000000000000002,-0.3,-0.42888949871509796,4.430424945493641,0.5000000075271275,0.524024042540374,0.22839046259779117,3.9193721283803384e-05,5.319854126700774e-05,5.3198081011340825e-05
A1,A2,B1,B2,B3
3.330668975752885,1.1102230252095289,-4.440892098500215,0.0,0.0
ans,J2,J3,Energy,Sigma,L,A1,A2,A3,B1,B2
0-pi,0.21000000000000002,-0.3,-0.4466252100573722,7.947795190517072e-11,0.6529494127197479,0.5005537915211009,0.10747069456439429,0.07039015135246374,0.15296587295822903,0.16220983206903647
A1,A2,A3,B1,B2
4.440892103175608,2.7755575644847847,1.110223025793897,-2.7755575644847426,1.665334538690852
ans,J2,J3,Energy,Sigma,L,A1,A2,A3,B1,B2,phiA1
cb1,0.21000000000000002,-0.3,-0.4550848789579612,2.429414254168725e-12,0.6692030423527864,0.5024841820876115,0.014022112388496986,0.12686417131830144,0.14807403041941855,0.05561376893878575,1.699111508123342
A1,A2,A3,B1,B2,phiA1
6.661338006852003,1.1102230248309366,-0.5551115128969505,-5.5511151289695055,-1.110223025023529,-1.1102230381198528
ans,J2,J3,Energy,Sigma,L,A1,A2,A3,B1,B2,phiB1
cb2,0.21000000000000002,-0.3,-0.4466252100424483,1.843346068371911e-12,0.652950408232995,0.5005538372185734,0.10747798238108434,0.07039836366519953,0.1529658933236009,0.16220673820526404,3.1415926534267506
A1,A2,A3,B1,B2,phiB1
2.775557564484753,-3.3306690773817067,-2.220446051587802,-6.106226641866457,-2.220446051587794,-1.1102230381198532
