ans,J2,J3,Energy,Sigma,L,A1,A3,B1,B2,B3
3x3,-0.3,-0.09,-0.45956416591349203,4.323487011205605,0.5000000075271275,0.5198248999623041,6.61069613518972e-05,5.319918859331141e-05,5.319781116874811e-05,5.320179953783254e-05
A1,A3,B1,B2,B3
4.440892081081098,0.0,-4.440892098502926,0.0,1.110223024625562
ans,J2,J3,Energy,Sigma,L,A1,A2,B1,B2,B3
q0,-0.3,-0.09,-0.5000003085717166,6.732214252068756e-08,0.5000000075271275,4.91672341553165e-05,6.610696135189607e-05,5.320180202837321e-05,5.320180202837322e-05,0.001815025797019561
A1,A2,B1,B2,B3
1.1102230246257314,0.0,-4.440892098496907,0.0,0.0
ans,J2,J3,Energy,Sigma,L,A1,A2,A3,B1,B2
0-pi,-0.3,-0.09,-0.4424263888523696,0.0725754156767328,0.5000000075271275,0.34116070845105606,6.123898018279814e-05,0.3968087173628059,0.13798857463919414,0.19807309826928768
A1,A2,A3,B1,B2
-23.86979518699886,-0.5551115123128657,-0.5551115156862524,-7.77156117924226,0.0
ans,J2,J3,Energy,Sigma,L,A1,A2,A3,B1,B2,phiA1
cb1,-0.3,-0.09,-0.47859907573070426,1.961439778478661e-09,0.7337502026304242,0.516100664932384,0.03601287892667877,0.2688889772290181,0.1778151041142152,0.1652130368370816,-2.0665070260969847
A1,A2,A3,B1,B2,phiA1
6.6613381547636745,0.0,1.110223019630921,-2.220446051587963,5.5511151289695055,0.0
ans,J2,J3,Energy,Sigma,L,A1,A2,A3,B1,B2,phiB1
cb2,-0.3,-0.09,-0.44242947605729477,0.07256601016533172,0.5000000075271275,0.3411604492322739,6.123917316799148e-05,0.3968948884902769,0.13798275555367545,0.19807370624221912,3.1415926558842795
A1,A2,A3,B1,B2,phiB1
-26.645352470995064,-3.330669073877194,-1.6653345477526467,-9.992007229661318,-2.2204460518068365,0.0
