ans,J2,J3,Energy,Sigma,L,A1,A3,B1,B2,B3
3x3,0.3,-0.27,-0.43605748419463025,4.506626766059555e-11,0.6290329689893842,0.4922902934141208,0.05856523668274904,0.12822251176146532,0.1603192640273451,0.04665028956960303
A1,A3,B1,B2,B3
3.3306690958706184,2.2204460469655745,-4.996003616072536,0.0,1.6653345375352913
ans,J2,J3,Energy,Sigma,L,A1,A2,B1,B2,B3
q0,0.3,-0.27,-0.41234558129271515,4.492938398053613,0.5000000075271275,0.5246229575991914,0.2489844177631504,5.319852208407472e-05,3.642293106115302e-05,5.319859175825781e-05
A1,A2,B1,B2,B3
3.330669049708593,2.220446055970173,-3.330669073877194,0.0,1.1102230246257314
ans,J2,J3,Energy,Sigma,L,A1,A2,A3,B1,B2
0-pi,0.3,-0.27,-0.44455633063747946,4.36359334169376e-11,0.64991719389932,0.5007556361872454,0.12128784441141904,0.057040359296313854,0.15878302614617887,0.15534831018239129
A1,A2,A3,B1,B2
1.6653345386908551,-1.110223025793897,-2.7755575587069634,-4.996003616072494,-4.440892103175588
ans,J2,J3,Energy,Sigma,L,A1,A2,A3,B1,B2,phiA1
cb1,0.3,-0.27,-0.4432404968794687,0.0005446837879456637,0.6490560859087394,0.49770416856356503,0.03560761579354312,0.09320393004465839,0.13149068994218255,0.13746065924215847,2.695179525900957
A1,A2,A3,B1,B2,phiA1
3.8857806117119624,1.665334535242969,-0.5551115129517091,-6.661338154726621,-2.220446051633364,0.0
ans,J2,J3,Energy,Sigma,L,A1,A2,A3,B1,B2,phiB1
cb2,0.3,-0.27,-0.44455633063805533,2.8482993948410817e-11,0.6499175485941794,0.5007556329187517,0.12128553127120223,0.05703902027802037,0.1587819644597807,0.15534825688598938,3.141592651173299
A1,A2,A3,B1,B2,phiB1
1.6653345386908445,-0.5551115128969485,-0.5551115117413883,-5.5511151289695055,-2.220446051587794,-1.1102230381198532
