ans,J2,J3,Energy,Sigma,L,A1,A3,B1,B2,B3
3x3,0.14999999999999997,-0.06,-0.44781641427924723,1.7414104482753836e-12,0.6545818716979246,0.503386274627957,0.14197706739941496,0.14759174005644243,0.21957769569556282,0.066006168436015
A1,A3,B1,B2,B3
3.330669003425991,0.0,-7.771561180557311,-0.5551115128969485,-0.5551115128969485
ans,J2,J3,Energy,Sigma,L,A1,A2,B1,B2,B3
q0,0.14999999999999997,-0.06,-0.4832744209572183,4.749561535462541e-09,0.7665475259011003,0.524327613370597,0.31025836315162364,0.21151083212016783,0.2076169487285906,0.3402782307137615
A1,A2,B1,B2,B3
5.551115128969517,5.551115098154648,-1.1102230257936427,3.3306690773816063,2.220446063913576
ans,J2,J3,Energy,Sigma,L,A1,A2,A3,B1,B2
0-pi,0.14999999999999997,-0.06,-0.45061363960675477,1.3161034867964615e-13,0.6610172793446252,0.5008129292600322,0.0946552678669596,0.10412463710692454,0.1476805198944449,0.17731167310943907
A1,A2,A3,B1,B2
3.885780503996994,2.2204460515878046,1.1102230257939023,-2.775557564484753,0.0
ans,J2,J3,Energy,Sigma,L,A1,A2,A3,B1,B2,phiA1
cb1,0.14999999999999997,-0.06,-0.46307602328880626,2.0399449970949602e-14,0.6930977878565334,0.5117398029512816,0.03757275381368164,0.22045748500102982,0.16450507919018578,0.11637313815786217,1.8956019670468351
A1,A2,A3,B1,B2,phiA1
3.3306690773817036,-0.5551115117413923,-3.330669077381704,-7.216449667660359,-3.330669077381704,-1.1102230381198532
ans,J2,J3,Energy,Sigma,L,A1,A2,A3,B1,B2,phiB1
cb2,0.14999999999999997,-0.06,-0.45061363961884676,1.548842105739948e-11,0.6610165165321992,0.5008128374154178,0.09465442688365103,0.10411803593004415,0.147680398141041,0.17731774745089313,3.1415926585179244
A1,A2,A3,B1,B2,phiB1
4.996003505138992,2.2204460515878046,1.110223025793897,-3.3306690773817014,1.6653345386908454,0.5551115190599266
