ans,J2,J3,Energy,Sigma,L,A1,A3,B1,B2,B3
3x3,0.24000000000000005,-0.3,-0.4393209399598861,2.375827179396094e-14,0.6359267349779474,0.4947004881347374,0.07211673090157608,0.13259879005034622,0.17239581072287144,0.05337584182283385
A1,A3,B1,B2,B3
3.885780568708239,-2.2204460515878024,-6.106226641866457,-0.5551115128969498,2.220446050047058
ans,J2,J3,Energy,Sigma,L,A1,A2,B1,B2,B3
q0,0.24000000000000005,-0.3,-0.4295132192368093,4.442444104898798,0.5000000075271275,0.524648165403437,0.20399860633044112,5.319858775992836e-05,5.319852898566513e-05,5.319758594446444e-05
A1,A2,B1,B2,B3
3.330669049708593,1.1102230252095289,-4.440892098502926,0.0,0.0
ans,J2,J3,Energy,Sigma,L,A1,A2,A3,B1,B2
0-pi,0.24000000000000005,-0.3,-0.44579263980062844,5.319476068591723e-09,0.6515827722239139,0.5006297064986422,0.11195779106414747,0.06539815418815473,0.15486510143630777,0.15970271311449388
A1,A2,A3,B1,B2
3.885780590278654,0.0,-1.1102230257939816,-3.3306690773822836,-1.1102230257939023
ans,J2,J3,Energy,Sigma,L,A1,A2,A3,B1,B2,phiA1
cb1,0.24000000000000005,-0.3,-0.44810275392358395,0.00048525822211244434,0.6543979447305373,0.4988670624602718,0.027845925987902975,0.11700379494071544,0.13692538447365066,0.13307286923287354,2.4652052307658674
A1,A2,A3,B1,B2,phiA1
8.881784255663792,4.996003609108844,3.3306690773633103,-1.6653345386816552,3.3306690773849943,1.1102230381379263
ans,J2,J3,Energy,Sigma,L,A1,A2,A3,B1,B2,phiB1
cb2,0.24000000000000005,-0.3,-0.44579263981166856,5.2739591333241406e-09,0.6515824588827389,0.5006297092053529,0.11195747447474774,0.06539837238882354,0.15486504457724887,0.15970440601787744,3.14159265642458
A1,A2,A3,B1,B2,phiB1
6.661338154763409,3.8857805902784275,0.5551115128969908,-2.7755575644847847,1.110223025793897,1.66533455717978
