ans,J2,J3,Energy,Sigma,L,A1,A3,B1,B2,B3
3x3,-0.09,-0.12,-0.4823239491492781,2.0760149224290925e-09,0.7492629273361463,0.5192547480188525,0.2648359626810419,0.18748234826802732,0.3302190923847325,0.13353909459641283
A1,A3,B1,B2,B3
129.89609401788658,64.3929358534988,-6.661338154763381,127.67564725755643,127.67564796629864
ans,J2,J3,Energy,Sigma,L,A1,A2,B1,B2,B3
q0,-0.09,-0.12,-0.4746454699588585,4.517164345379594e-09,0.7291289794927841,0.5160538339151252,0.21678249105258285,0.17915799501403012,0.19497182060482793,0.2556653873461023
A1,A2,B1,B2,B3
2.220446002283916,-1.1102230257938122,-6.661338154763213,1.1102230257939816,1.1102230196308365
ans,J2,J3,Energy,Sigma,L,A1,A2,A3,B1,B2
0-pi,-0.09,-0.12,-0.46344642754641596,1.2297879289208922e-10,0.6884076021187083,0.4987569757361493,0.06826864462829005,0.14994658586744522,0.13707554780303938,0.1978537709276693
A1,A2,A3,B1,B2
3.3306690958706398,-0.5551115128969908,-2.7755575644847426,-3.8857805902786815,0.5551115128969485
ans,J2,J3,Energy,Sigma,L,A1,A2,A3,B1,B2,phiA1
cb1,-0.09,-0.12,-0.4673300936459938,6.876013635721618e-11,0.7033943389878888,0.5132166977244426,0.03583431279393897,0.2295368996970762,0.16804234074059302,0.14097463562750792,2.0227090653363287
A1,A2,A3,B1,B2,phiA1
3.3306690773817103,2.2204460469655745,1.6653345386908507,-3.8857805902786815,1.6653345386908032,1.6653345571797793
ans,J2,J3,Energy,Sigma,L,A1,A2,A3,B1,B2,phiB1
cb2,-0.09,-0.12,-0.46344642754536836,1.2204793702392842e-10,0.6884076048462604,0.498756976022282,0.06826854341368052,0.14994655985655025,0.13707555433251192,0.19785378394949332,3.1415926498369524
A1,A2,A3,B1,B2,phiB1
8.881784255655026,0.5551115128969908,2.220446051587794,-1.1102230257939816,3.3306690773816907,2.2204460762397065
