ans,J2,J3,Energy,Sigma,L,A1,A3,B1,B2,B3
3x3,-0.27,-0.18,-0.5002979592167114,4.311936681055304,0.5000000075271275,0.5175654266005167,0.44749855490915474,5.319885417343073e-05,5.319687565430442e-05,0.00024200000642121688
A1,A3,B1,B2,B3
2.2204460627450096,-2.220446040868664,-6.661338147754388,2.220446049251463,-1.1102230246257314
ans,J2,J3,Energy,Sigma,L,A1,A2,B1,B2,B3
q0,-0.27,-0.18,-0.43885031757168524,0.0629825820815287,0.5000000075271275,0.3516177894666791,5.586660113087498e-05,0.15414816383697538,0.10000329872148508,0.09998533361556688
A1,A2,B1,B2,B3
-1280.642267361257,-93.81384558074716,-428.54608795569834,-29.42091018366503,-13.877787822404951
ans,J2,J3,Energy,Sigma,L,A1,A2,A3,B1,B2
0-pi,-0.27,-0.18,-0.47545850203207973,8.413622208096825e-09,0.7156532422006291,0.49689153466770364,0.055081768463156294,0.1778372439059444,0.13194292264626742,0.2099266807519796
A1,A2,A3,B1,B2
7.216449707719716,0.0,2.220446051587794,-2.220446051588641,2.220446051587794
ans,J2,J3,Energy,Sigma,L,A1,A2,A3,B1,B2,phiA1
cb1,-0.27,-0.18,-0.47233335473643895,3.217073379104439e-14,0.7122549209598427,0.5072802991054143,0.029750012197160572,0.17387082195736486,0.1597906766420345,0.1647240462508929,-2.3574257887306405
A1,A2,A3,B1,B2,phiA1
6.661338006851991,1.1102230242531572,2.2204460515878024,-2.7755575644847537,3.8857805902786526,3.330669114359559
ans,J2,J3,Energy,Sigma,L,A1,A2,A3,B1,B2,phiB1
cb2,-0.27,-0.18,-0.4754585020327035,8.414188308240956e-09,0.7156532301148762,0.4968915188729255,0.055081748626955016,0.1778371727415643,0.13194292227740922,0.20992669757355642,3.1415926503271168
A1,A2,A3,B1,B2,phiB1
3.3306690958706184,-3.3306690750709005,-3.3306690773816907,-5.5511151289695695,-0.5551115128969485,-0.5551115190599266
