ans,J2,J3,Energy,Sigma,L,A1,A3,B1,B2,B3
3x3,0.0,0.12,-0.4777057251597133,2.820995809575735e-09,0.7361778499622976,0.517193960678373,0.29471238008800016,0.1818086180463439,0.0,0.11405532326658083
A1,A3,B1,B2,B3
0.0,0.0,-6.661338154763381,0.0,-1.1102230257938122
ans,J2,J3,Energy,Sigma,L,A1,A2,B1,B2,B3
q0,0.0,0.12,-0.4626477905005971,3.3924223671930966e-11,0.6937755598184351,0.5121583273228031,0.0,0.16862926966784592,0.0,0.20600649897171966
A1,A2,B1,B2,B3
4.440892004568002,-0.0,-8.881784206351176,0.0,-0.5551115128969485
ans,J2,J3,Energy,Sigma,L,A1,A2,A3,B1,B2
0-pi,0.0,0.12,-0.46331311686258086,3.8339678147018395e-09,0.6894058604699125,0.49821623342339094,0.0,0.18156274707522976,0.1361506547609636,0.0
A1,A2,A3,B1,B2
0.5551115159784364,0.0,-1.110223025793897,-7.771561180556855,0.0
ans,J2,J3,Energy,Sigma,L,A1,A2,A3,B1,B2,phiA1
cb1,0.0,0.12,-0.4830584205189109,7.73769577021778e-09,0.7529991511669264,0.519190329186813,0.0,0.34063822904371627,0.18705583758093217,0.0,1.9429737873309527
A1,A2,A3,B1,B2,phiA1
2.220446051587807,0.0,0.0,-5.5511151289695695,0.0,1.1102230381196305
ans,J2,J3,Energy,Sigma,L,A1,A2,A3,B1,B2,phiB1
cb2,0.0,0.12,-0.46331311686545756,3.833412253246362e-09,0.6894057741995414,0.4982162458799256,0.0,0.18156094786543417,0.13615068578538894,0.0,3.1415926505936778
A1,A2,A3,B1,B2,phiB1
2.2204460392618848,0.0,-2.7755575644847426,-4.440892103175926,0.0,-1.1102230381198532
