ans,J2,J3,Energy,Sigma,L,A1,A3,B1,B2,B3
3x3,-0.3,0.21000000000000002,-0.4825334261861227,0.3950607505281578,0.7690571764596904,0.34212390687454264,0.9999597276787588,0.19244799105496252,0.4023085865766308,0.4999468041291525
A1,A3,B1,B2,B3
-5.551115156862524,-5.5511151291069485,-17.763568413066913,-6.661338191791212,-6.661338193786144
ans,J2,J3,Energy,Sigma,L,A1,A2,B1,B2,B3
q0,-0.3,0.21000000000000002,-0.4999993226634235,5.7600229722688514e-08,0.5000000075271275,7.807429675223522e-08,6.569851075008295e-05,5.32018451793739e-05,5.320182653328774e-05,0.0018149835585464687
A1,A2,B1,B2,B3
3.3306690738754714,3.3306690738785494,-4.440892098496907,2.220446049251463,4.440892098553373
ans,J2,J3,Energy,Sigma,L,A1,A2,A3,B1,B2
0-pi,-0.3,0.21000000000000002,-0.42758632657446716,0.2532679978729628,0.7295260237646926,0.322688479062335,3.886751637762502e-05,0.873422564528993,0.10104681888256867,0.34711901228142505
A1,A2,A3,B1,B2
5.551115162413639,2.220446049251463,3.3306690774641687,-3.3306690773633103,3.3306690955052933
ans,J2,J3,Energy,Sigma,L,A1,A2,A3,B1,B2,phiA1
cb1,-0.3,0.21000000000000002,-0.5036770244258385,0.012678680009237246,0.809035026860102,0.518152575371718,0.055670042517248025,0.2944485836619879,0.19517329242179193,0.1928354105794372,1.5677078334416623
A1,A2,A3,B1,B2,phiA1
4.440892103285559,-2.2204460504190577,1.1102230320663942,-2.2204460518068365,4.440892103093256,-1.1102230383113987
ans,J2,J3,Energy,Sigma,L,A1,A2,A3,B1,B2,phiB1
cb2,-0.3,0.21000000000000002,-0.4275968495710214,0.25325684699497375,0.7294468134699214,0.3226921515024813,3.887490211140594e-05,0.8734115218917723,0.10104221111811923,0.3469149960110684,3.14127881838532
A1,A2,A3,B1,B2,phiB1
6.661338193786144,0.0,1.1102230011694867,-4.440892102919784,2.220446039480885,-1.1102230381199694
