ans,J2,J3,Energy,Sigma,L,A1,A3,B1,B2,B3
3x3,-0.02999999999999997,-0.09,-0.47163142305994277,1.916685480654177e-14,0.7193425026045944,0.5163877151106522,0.23966223500573736,0.17794019956299711,0.30520701104135584,0.1166489847586617
A1,A3,B1,B2,B3
3.885780590278654,-0.5551115128969506,-5.551115128969506,0.5551115159784391,0.0
ans,J2,J3,Energy,Sigma,L,A1,A2,B1,B2,B3
q0,-0.02999999999999997,-0.09,-0.47405600742205767,4.788015916142219e-12,0.7303252822771158,0.5182677047832106,0.2332188773624445,0.18536370822290088,0.19633729000924308,0.269232095436047
A1,A2,B1,B2,B3
2.220446002284001,3.3306690773817067,-3.330669077381704,3.330669077381712,4.440892127827513
ans,J2,J3,Energy,Sigma,L,A1,A2,A3,B1,B2
0-pi,-0.02999999999999997,-0.09,-0.46007516715260827,3.5770127375269024e-11,0.6810034434163712,0.4993156339329427,0.07327811667776338,0.1415097981679897,0.13908913349355337,0.19407095500969837
A1,A2,A3,B1,B2
2.7755575490773134,-2.220446051587794,-2.7755575644847634,-7.771561180557363,-1.6653345386908454
ans,J2,J3,Energy,Sigma,L,A1,A2,A3,B1,B2,phiA1
cb1,-0.02999999999999997,-0.09,-0.4668057327289228,1.6640034719505718e-15,0.702895441827384,0.5137323617844963,0.036850061103870464,0.2363018203376496,0.16889822663964316,0.13686939135573833,1.9804055574396353
A1,A2,A3,B1,B2,phiA1
7.21644950742299,3.8857805821897484,3.330669077381704,-2.775557564484753,2.7755575644847528,0.5551115190599267
ans,J2,J3,Energy,Sigma,L,A1,A2,A3,B1,B2,phiB1
cb2,-0.02999999999999997,-0.09,-0.46007516712017066,3.133534241836698e-12,0.6810030918129445,0.49931554835604763,0.07325897377179294,0.14150395240249683,0.13909039084259903,0.1940748827005179,3.1415926473831184
A1,A2,A3,B1,B2,phiB1
0.5551115159784384,-1.665334538690852,-2.2204460515878024,-7.771561180557309,-4.440892103175588,-1.66533455717978
