ans,J2,J3,Energy,Sigma,L,A1,A3,B1,B2,B3
3x3,0.09000000000000002,-0.27,-0.45088124230934695,3.739331561539177e-09,0.6628133955296179,0.5036461596396945,0.12896808738959192,0.1496778169226279,0.22067074220598823,0.07834741252677455
A1,A3,B1,B2,B3
-0.5551115005705132,-3.8857805902786815,-8.326672693454354,-2.7755575644847634,-1.110223025793897
ans,J2,J3,Energy,Sigma,L,A1,A2,B1,B2,B3
q0,0.09000000000000002,-0.27,-0.4383541531013031,4.399214184406736,0.5000000075271275,0.5238035139916736,0.26776466752537165,5.3198739127457983e-05,6.593199673168848e-05,5.319714462964642e-05
A1,A2,B1,B2,B3
4.440891982473486,0.0,-2.220446049251463,-1.110223024626409,0.0
ans,J2,J3,Energy,Sigma,L,A1,A2,A3,B1,B2
0-pi,0.09000000000000002,-0.27,-0.4512150786880775,1.3281995594423775e-10,0.6616124344849713,0.500115679898837,0.09139698786543633,0.09366394440083385,0.14618847653429076,0.17333944305396629
A1,A2,A3,B1,B2
4.996003505138993,-0.5551115128969498,-1.1102230257939394,-4.996003616072579,0.0
ans,J2,J3,Energy,Sigma,L,A1,A2,A3,B1,B2,phiA1
cb1,0.09000000000000002,-0.27,-0.456191480311319,4.2853242383692874e-05,0.6716915522771764,0.5044096428784025,0.03877543567308263,0.14896886718795554,0.15049030001219207,0.12453162395432939,2.148173855750801
A1,A2,A3,B1,B2,phiA1
4.440892004569527,-1.110223025022504,0.555111512908341,-3.885780590271651,0.0,-0.5551115190689632
ans,J2,J3,Energy,Sigma,L,A1,A2,A3,B1,B2,phiB1
cb2,0.09000000000000002,-0.27,-0.4512150786805071,3.804685390344673e-11,0.6616104959384917,0.5001155236844735,0.09139705683169355,0.09366856484821862,0.14619052489195702,0.17334026540875966,3.141592651751418
A1,A2,A3,B1,B2,phiB1
3.330669003425995,0.0,0.0,-5.5511151289695055,0.5551115128969061,0.0
