ans,J2,J3,Energy,Sigma,L,A1,A3,B1,B2,B3
3x3,-0.24,0.12,-0.45735850797663435,4.338722549448675,0.5000000075271275,0.5207307701728872,0.051675405929121274,5.319894927488522e-05,5.319832073621966e-05,5.319787919316754e-05
A1,A3,B1,B2,B3
4.440892125490019,-1.1102230250360565,-4.440892098502926,0.0,-2.220446049251124
ans,J2,J3,Energy,Sigma,L,A1,A2,B1,B2,B3
q0,-0.24,0.12,-0.9232434477750913,1.6915728308649647,0.7223284236714186,0.3469288365736598,0.7661966015213733,0.1160332856876497,0.16984072019214538,0.16367900855787645
A1,A2,B1,B2,B3
6024901.728448952,-180.9663532033354,-265.3433031694064,-59.95204339288653,-6.66133815542051
ans,J2,J3,Energy,Sigma,L,A1,A2,A3,B1,B2
0-pi,-0.24,0.12,-0.39884307002873576,0.25556622695690806,0.6560355961009721,0.3334529028193691,5.6875973346996075e-05,0.9999338930386481,0.10752562907715135,0.3655534524097061
A1,A2,A3,B1,B2
-52.1804825022633,-1.1102230246257314,0.0,-8.881784206186513,-3.3306690592213277
ans,J2,J3,Energy,Sigma,L,A1,A2,A3,B1,B2,phiA1
cb1,-0.24,0.12,-0.4973004671172765,2.678329328790383e-09,0.7913606575229404,0.5200299849001934,0.04255287537647507,0.3729015942527758,0.19497295357619843,0.18642068507143045,1.9494754139972013
A1,A2,A3,B1,B2,phiA1
-2735.589474813884,-1365.574318883826,1.1102230319568729,-1421.0854730161934,-1353.3618684427656,-2735.589565927318
ans,J2,J3,Energy,Sigma,L,A1,A2,A3,B1,B2,phiB1
cb2,-0.24,0.12,-0.39884752323223926,0.2555699318640289,0.6560077099721465,0.3334525146367028,5.6875514128679436e-05,0.9999338930386481,0.10752595293244718,0.3654703429104551,3.1415926987329996
A1,A2,A3,B1,B2,phiB1
2.2204460627450096,-1.1102230246257314,-2.2204460516427793,-4.440892102919784,1.1102230320663942,-1.1102230381198532
