ans,J2,J3,Energy,Sigma,L,A1,A3,B1,B2,B3
3x3,-0.09,-0.21,-0.4781654694515698,6.727504407337941e-13,0.7375785369694836,0.5177103855688034,0.24002978468267674,0.18355561152176086,0.31621871019053444,0.1309891799184059
A1,A3,B1,B2,B3
1.1102230257939034,-3.330669077381704,-8.881784206351213,0.0,-1.110223025793901
ans,J2,J3,Energy,Sigma,L,A1,A2,B1,B2,B3
q0,-0.09,-0.21,-0.48129245712857116,8.230777469849732e-12,0.7506959412637256,0.5188102402444621,0.24412979823615452,0.1884514311100363,0.20213248668889647,0.2875702535689756
A1,A2,B1,B2,B3
4.440892103175592,-1.110223025793897,-3.3306690773817333,1.1102230257938996,1.1102230319568729
ans,J2,J3,Energy,Sigma,L,A1,A2,A3,B1,B2
0-pi,-0.09,-0.21,-0.46162176751622425,2.1571678787180558e-10,0.6839321438544362,0.4989376226976334,0.0713442496727692,0.13519177028301868,0.13807582069442118,0.19194440130015988
A1,A2,A3,B1,B2
1.1102230319568729,-2.220446051587794,-2.7755575644847847,-7.216449667660372,-2.7755575644847514
ans,J2,J3,Energy,Sigma,L,A1,A2,A3,B1,B2,phiA1
cb1,-0.09,-0.21,-0.4634487293539102,1.5006846126665342e-13,0.6910863437819235,0.5089760530722865,0.03345094671162512,0.1855608925312739,0.1590978493798443,0.1372792192287095,-2.1229482683663665
A1,A2,A3,B1,B2,phiA1
-1.6653345017129955,-7.216449652638106,-2.7755575644847528,-7.771561180557309,1.1102230257939014,-13.322676457438234
ans,J2,J3,Energy,Sigma,L,A1,A2,A3,B1,B2,phiB1
cb2,-0.09,-0.21,-0.46162176750891404,2.1011599870425286e-10,0.6839320956628608,0.4989376262357291,0.0713449859490185,0.1351920251964866,0.13807579238824563,0.1919441227132135,3.141592650231378
A1,A2,A3,B1,B2,phiB1
0.5551115159784417,-2.220446051587794,-1.6653345386908032,-8.326672693454354,-1.6653345386908518,0.5551115190599266
