ans,J2,J3,Energy,Sigma,L,A1,A3,B1,B2,B3
3x3,0.26999999999999996,0.3,-0.444458741542956,1.9043595290100988e-14,0.6478878591366711,0.5032886958193832,0.20693766368436622,0.14662113724556872,0.24064977762398798,0.04895742236721045
A1,A3,B1,B2,B3
1.6653345386908518,-1.1102230257939016,-5.551115128969506,-3.885780590278654,-1.1102230234827855
ans,J2,J3,Energy,Sigma,L,A1,A2,B1,B2,B3
q0,0.26999999999999996,0.3,-0.4599928302639605,2.188324802986375e-11,0.6954949553365801,0.5195193837648537,0.25082951593297936,0.1935019953538765,0.18524831910071346,0.260525607877039
A1,A2,B1,B2,B3
3.3306690773817103,0.0,-4.440892103175588,-0.5551115128969485,0.0
ans,J2,J3,Energy,Sigma,L,A1,A2,A3,B1,B2
0-pi,0.26999999999999996,0.3,-0.4498513096780919,7.785069117062477e-09,0.6604231759148341,0.501413566451296,0.09980104788340462,0.13245286323964883,0.14931649156481125,0.18785762519521804
A1,A2,A3,B1,B2
7.216449667660817,2.220446051587963,2.2204460515878153,-2.7755575644847847,0.5551115128969908
ans,J2,J3,Energy,Sigma,L,A1,A2,A3,B1,B2,phiA1
cb1,0.26999999999999996,0.3,-0.4929626281043811,3.811996651821874e-09,0.7810838977520063,0.5166035559652373,0.07043338920177883,0.3938421608745534,0.19082912306285477,0.1783741272797669,-1.962969823565637
A1,A2,A3,B1,B2,phiA1
2.220446051587722,0.0,1.110223019631006,-8.881784206351176,0.0,0.0
ans,J2,J3,Energy,Sigma,L,A1,A2,A3,B1,B2,phiB1
cb2,0.26999999999999996,0.3,-0.4498513090877495,6.431441766490826e-09,0.6604167478187694,0.5014141122815804,0.09976696447775184,0.1323880665827807,0.14931386212276146,0.18785153746527097,3.141592657326253
A1,A2,A3,B1,B2,phiB1
3.8857805039969806,0.0,0.5551115128971602,-3.3306690773822836,0.0,0.0
