ans,J2,J3,Energy,Sigma,L,A1,A3,B1,B2,B3
3x3,-0.15,-0.21,-0.49127415824540166,9.694915635891574e-10,0.7738352904318297,0.5204699413017222,0.27128032701965016,0.19377524606347554,0.34395864136478305,0.1469757230026072
A1,A3,B1,B2,B3
8.881784206351227,4.4408920785237,-2.220446051587794,3.3306690958705336,5.5511151289695055
ans,J2,J3,Energy,Sigma,L,A1,A2,B1,B2,B3
q0,-0.15,-0.21,-0.47967564693485853,3.738120321085992e-09,0.7422615616473318,0.5157139319041892,0.21918542921834902,0.17933731226818725,0.1987006876381733,0.2641853375442784
A1,A2,B1,B2,B3
4.440892103175614,1.1102230257938122,-3.3306690773816063,3.3306690773816907,3.3306690958706184
ans,J2,J3,Energy,Sigma,L,A1,A2,A3,B1,B2
0-pi,-0.15,-0.21,-0.4655998779424584,1.1461107409947376e-10,0.6928311043880941,0.4983872005814857,0.06604090847431335,0.14735732246562702,0.13597895041739108,0.19722010978008864
A1,A2,A3,B1,B2
3.8857805687082347,-1.6653345386908454,-1.6653345386908454,-7.771561180557363,0.5551115128969908
ans,J2,J3,Energy,Sigma,L,A1,A2,A3,B1,B2,phiA1
cb1,-0.15,-0.21,-0.4657524124534029,2.802942974278785e-11,0.6965863214437698,0.5084181733849383,0.03274774709118734,0.18109382133537877,0.15897501620427432,0.14753634884711778,2.2102989857080706
A1,A2,A3,B1,B2,phiA1
0.0,-1.1102230250235205,-1.110223025793901,-6.106226641866457,-1.6653345386908878,-0.5551115190599264
ans,J2,J3,Energy,Sigma,L,A1,A2,A3,B1,B2,phiB1
cb2,-0.15,-0.21,-0.465599877942821,1.1083856252440805e-10,0.6928308379081842,0.4983872589151142,0.06604120940528953,0.14736120468629962,0.13597902619692365,0.19722010432928821,3.1415926558815555
A1,A2,A3,B1,B2,phiB1
3.3306690588927848,0.0,-0.5551115128969485,-5.551115128969485,2.220446051587794,1.1102230381198532
