ans,J2,J3,Energy,Sigma,L,A1,A3,B1,B2,B3
3x3,0.24000000000000005,-0.24,-0.4394878345574166,1.3616281565987002e-10,0.6360249406229569,0.4952564565116316,0.0774988891048648,0.13338245227438786,0.17506136654063806,0.052593150342934256
A1,A3,B1,B2,B3
4.996003588339187,-0.5551115128969485,-3.8857805902786815,0.5551115128969908,1.665334537535302
ans,J2,J3,Energy,Sigma,L,A1,A2,B1,B2,B3
q0,0.24000000000000005,-0.24,-0.4185008808287547,4.462251521860969,0.5000000075271275,0.5245434262485629,0.2549817311727134,5.319859929900361e-05,4.046516019148849e-05,5.3197937165128106e-05
A1,A2,B1,B2,B3
3.3306690941175146,0.0,-2.220446049251463,-2.220446049250785,0.0
ans,J2,J3,Energy,Sigma,L,A1,A2,A3,B1,B2
0-pi,0.24000000000000005,-0.24,-0.44606398993305585,2.390169471839869e-09,0.6521744339614512,0.5007732587626091,0.11126266876673042,0.06917870615992884,0.1545641782955872,0.1613888076630659
A1,A2,A3,B1,B2
5.551115005709994,1.6653345386908032,1.110223025793897,-2.7755575644847847,-0.5551115128969485
ans,J2,J3,Energy,Sigma,L,A1,A2,A3,B1,B2,phiA1
cb1,0.24000000000000005,-0.24,-0.4559479289786605,6.452327536883893e-12,0.6716805584495071,0.5036050085843761,0.018205847891533494,0.1388950835775836,0.14986455708339158,0.06288744899352333,-1.7237437644547409
A1,A2,A3,B1,B2,phiA1
4.996003505138992,0.5551115121265848,-1.6653345386908533,-4.440892103175609,-2.220446051587794,1.1102230381198634
ans,J2,J3,Energy,Sigma,L,A1,A2,A3,B1,B2,phiB1
cb2,0.24000000000000005,-0.24,-0.4460639899234992,2.279288323152531e-09,0.652174429914153,0.5007732520580047,0.1112626606650828,0.06917861237811036,0.15456393964633752,0.16138971031874438,3.141592656725082
A1,A2,A3,B1,B2,phiB1
7.7715610079939905,2.775557564484446,0.0,-1.6653345386911418,2.7755575644847426,2.7755575952996328
