ans,J2,J3,Energy,Sigma,L,A1,A3,B1,B2,B3
3x3,0.06,-0.02999999999999997,-0.4591428612292175,1.2387581402298701e-14,0.6843535948871049,0.5110262381949703,0.20273689533797595,0.163658761090673,0.26760344948602893,0.08983018435857526
A1,A3,B1,B2,B3
1.110223001141999,0.0,-4.996003616072556,-0.5551115098154628,-1.1102230257939023
ans,J2,J3,Energy,Sigma,L,A1,A2,B1,B2,B3
q0,0.06,-0.02999999999999997,-0.4731940916371983,2.1877750655430488e-10,0.7318055336798204,0.5208865525158242,0.25617317190742117,0.19378870713173132,0.19781797664826928,0.2873083210458755
A1,A2,B1,B2,B3
2.220446051587804,-1.1102230319568729,-5.5511151289694,-1.110223025793897,2.220446039261842
ans,J2,J3,Energy,Sigma,L,A1,A2,A3,B1,B2
0-pi,0.06,-0.02999999999999997,-0.4556585160179685,2.4377650864075877e-13,0.6715793428096408,0.500110121210002,0.08153487347722842,0.13017025611859737,0.14243041862764336,0.18882148933887039
A1,A2,A3,B1,B2
4.996003505138992,1.1102230257939012,1.110223025793901,-4.996003616072555,0.5551115128969485
ans,J2,J3,Energy,Sigma,L,A1,A2,A3,B1,B2,phiA1
cb1,0.06,-0.02999999999999997,-0.46732272571865036,3.2409857252939507e-12,0.7056733597832836,0.5145824533487473,0.03967714902500092,0.2507387630529086,0.17087127205456817,0.13466444989157803,1.9373565974903786
A1,A2,A3,B1,B2,phiA1
0.0,-2.220446046965572,-2.7755575490773134,-7.771561180557305,-6.106226641866476,-1.6653345571797846
ans,J2,J3,Energy,Sigma,L,A1,A2,A3,B1,B2,phiB1
cb2,0.06,-0.02999999999999997,-0.45565851602143664,4.589253782905634e-11,0.6715819837100447,0.5001112005993619,0.08153687186129026,0.13015824145974653,0.1424292883076824,0.18881946858361992,3.1415926602510025
A1,A2,A3,B1,B2,phiB1
1.6653345017129795,-1.110223025793897,-1.6653345386908454,-6.661338154763381,-1.665334538690852,-1.1102230381198532
