ans,J2,J3,Energy,Sigma,L,A1,A3,B1,B2,B3
3x3,-0.3,-0.3,-0.5327262142395819,0.7016793477262987,0.7887160138325228,0.5131707359292078,0.3774850046826963,5.319890149310669e-05,5.319675611337171e-05,5.3200460932822935e-05
A1,A3,B1,B2,B3
3.330669003421724,-1.1102230313725048,41.07825191115206,47.73959005890645,1.1102230246257314
ans,J2,J3,Energy,Sigma,L,A1,A2,B1,B2,B3
q0,-0.3,-0.3,-0.5000009997837112,4.936588364331879e-08,0.5000000075271275,4.257900161321703e-07,9.017528094590997e-08,5.3201486326382026e-05,5.320162274515417e-05,0.0018150410514267935
A1,A2,B1,B2,B3
1.1102230246251554,0.0,-1.1102230246242268,2.220446049251463,2.2204460492766867
ans,J2,J3,Energy,Sigma,L,A1,A2,A3,B1,B2
0-pi,-0.3,-0.3,-0.4743846728525554,6.634129160658226e-10,0.7123884820617664,0.49715321015120195,0.05760677589295758,0.1617763937047205,0.13240067604409825,0.2039290805316513
A1,A2,A3,B1,B2
9.992007287611601,1.1102230250235297,2.220446051587794,0.0,2.220446051587836
ans,J2,J3,Energy,Sigma,L,A1,A2,A3,B1,B2,phiA1
cb1,-0.3,-0.3,-0.47092248242876883,6.457729820467485e-05,0.7084139422330644,0.5054421871495618,0.024715785817160982,0.14474985866200396,0.15675539177374137,0.16321931286391328,2.374369179509131
A1,A2,A3,B1,B2,phiA1
2.775557564484356,-2.775557560634396,-1.110223025794998,-6.106226641867068,0.555111512897499,0.0
ans,J2,J3,Energy,Sigma,L,A1,A2,A3,B1,B2,phiB1
cb2,-0.3,-0.3,-0.47438467284449537,6.665258967832928e-10,0.7123885459283046,0.4971531451401442,0.0576065443665435,0.16177572640022153,0.13240068594632046,0.20392930185499836,3.1415926362898197
A1,A2,A3,B1,B2,phiB1
6.6613381917414065,-0.5551115125117655,1.6653345386908032,-3.330669077381712,4.4408921031756305,0.5551115190599266
