ans,J2,J3,Energy,Sigma,L,A1,A3,B1,B2,B3
3x3,-0.06,-0.09,-0.47750914396055544,3.3169287483419947e-09,0.7358806142387682,0.5182039122331142,0.25723184260298554,0.1834857457188455,0.3206055199331601,0.1257886180499973
A1,A3,B1,B2,B3
1.1102230011423817,-3.3306690588928483,-7.771561180557194,-2.2204460639137458,-1.110223025793901
ans,J2,J3,Energy,Sigma,L,A1,A2,B1,B2,B3
q0,-0.06,-0.09,-0.47326423310982646,4.226079478474182e-10,0.726161659920344,0.5166585325883202,0.22012208750654894,0.18063462798887941,0.19439353457154818,0.25675201563907046
A1,A2,B1,B2,B3
1.1102230257939034,-2.220446051587794,-8.881784206351176,-2.220446051587794,-1.1102230319568729
ans,J2,J3,Energy,Sigma,L,A1,A2,A3,B1,B2
0-pi,-0.06,-0.09,-0.46206192556035397,6.084089731517054e-13,0.6854345657914948,0.49898884357803663,0.0700617520653902,0.1485190157125929,0.1378480069390437,0.19707590873351666
A1,A2,A3,B1,B2
6.106226675762825,1.1102230257939012,0.5551115128969506,-4.996003616072552,-1.1102230257939076
ans,J2,J3,Energy,Sigma,L,A1,A2,A3,B1,B2,phiA1
cb1,-0.06,-0.09,-0.4678796644986607,1.0709005574016918e-10,0.7057800774486856,0.5141287283012385,0.03688137602573805,0.2404849672502208,0.1699733484400243,0.1406622545583937,-1.9930228472015843
A1,A2,A3,B1,B2,phiA1
2.7755575028550226,-2.220446046965569,-1.6653345386908507,-6.10622664186656,-1.6653345386908878,0.0
ans,J2,J3,Energy,Sigma,L,A1,A2,A3,B1,B2,phiB1
cb2,-0.06,-0.09,-0.46206192556255976,1.6126658833529856e-12,0.6854344222800134,0.49898886446868485,0.07006469272425633,0.14852216340364635,0.13784799221321836,0.19707579482299564,3.141592652215248
A1,A2,A3,B1,B2,phiB1
2.7755575798921925,1.665334538690856,2.7755575644847528,-1.6653345386908507,2.2204460515878046,1.1102230381198532
