ans,J2,J3,Energy,Sigma,L,A1,A3,B1,B2,B3
3x3,-0.15,-0.27,-0.48838095600453046,1.3499382240594565e-12,0.7657501293379709,0.5195474671708034,0.25643029898406994,0.1913885324498051,0.33574140515168277,0.14553118894435352
A1,A3,B1,B2,B3
-4.440892103175606,-1.1102230196309237,-4.440892103175607,2.220446039261853,3.330669077381712
ans,J2,J3,Energy,Sigma,L,A1,A2,B1,B2,B3
q0,-0.15,-0.27,-0.48419315837385013,1.26841931026618e-10,0.7566878609897989,0.5174265689480239,0.23665719952751957,0.18532498855447838,0.20310237536148382,0.2844757682614493
A1,A2,B1,B2,B3
3.330669003425959,-4.440892103175609,-7.771561180557363,1.110223025793897,-1.110223019630921
ans,J2,J3,Energy,Sigma,L,A1,A2,A3,B1,B2
0-pi,-0.15,-0.27,-0.4643778766056727,1.4019599029732889e-11,0.6898084740548802,0.4984760297956405,0.06787333449500858,0.13820458620603926,0.13652767162892002,0.1935676455971229
A1,A2,A3,B1,B2
2.220446039261853,-1.1102230257939023,-1.6653345386908507,-7.216449667660352,-2.220446051587794
ans,J2,J3,Energy,Sigma,L,A1,A2,A3,B1,B2,phiA1
cb1,-0.15,-0.27,-0.46420713003235126,4.3961562314911874e-07,0.6921838605027626,0.5044642628349365,0.029026819446374058,0.13920696233123217,0.1525560926398684,0.15585476734983336,2.4003777218486104
A1,A2,A3,B1,B2,phiA1
4.440892103175614,0.5551115121267437,0.5551115128961438,-2.7755575644847847,2.7755575644847847,1.1102230381270843
ans,J2,J3,Energy,Sigma,L,A1,A2,A3,B1,B2,phiB1
cb2,-0.15,-0.27,-0.4643778766058751,1.4174320537745183e-11,0.6898087709356961,0.4984761859321904,0.06787317649321256,0.13820408351143798,0.13652767229681692,0.19356765268385473,3.141592631512112
A1,A2,A3,B1,B2,phiB1
0.0,-3.330669077381704,-3.88578059027865,-7.771561180557311,-1.6653345386908454,-1.6653345571797795
