ans,J2,J3,Energy,Sigma,L,A1,A3,B1,B2,B3
3x3,-0.09,-0.02999999999999997,-0.4876525088711309,4.698085772947024e-11,0.7639416701297562,0.5202537797283769,0.29145963969946714,0.19111536558539374,0.34450759714888785,0.13603075872931203
A1,A3,B1,B2,B3
6.661338006851918,3.330669058892774,-1.110223025793897,4.440892078523684,2.2204460515878033
ans,J2,J3,Energy,Sigma,L,A1,A2,B1,B2,B3
q0,-0.09,-0.02999999999999997,-0.46945662522345966,3.1581186605396035e-10,0.7119937155051554,0.5129216041405439,0.19081864146828229,0.17036329814711323,0.1880634568862589,0.22472534236411737
A1,A2,B1,B2,B3
6.661338006852003,1.1102230257939023,-3.3306690773816063,0.5551115128969908,1.110223025793897
ans,J2,J3,Energy,Sigma,L,A1,A2,A3,B1,B2
0-pi,-0.09,-0.02999999999999997,-0.46571620451919205,7.505241141200172e-11,0.6940466430180933,0.4982709065031927,0.0639845355934633,0.1681985993349215,0.13566440033023985,0.20500890682221914
A1,A2,A3,B1,B2
5.551115159784385,2.220446051587794,0.0,-2.7755575644847847,2.7755575644847847
ans,J2,J3,Energy,Sigma,L,A1,A2,A3,B1,B2,phiA1
cb1,-0.09,-0.02999999999999997,-0.47307016351228554,1.1132275671986654e-11,0.7216817531641572,0.5167421142219294,0.03918931058769447,0.2752918533815119,0.17692392324544692,0.15241659168497865,-1.9803019832428987
A1,A2,A3,B1,B2,phiA1
0.5551115005710214,-1.1102230250235259,-1.110223019630921,-6.106226641866455,-2.7755575644847528,-1.6653345571797793
ans,J2,J3,Energy,Sigma,L,A1,A2,A3,B1,B2,phiB1
cb2,-0.09,-0.02999999999999997,-0.4657162044728596,3.2395774853186146e-11,0.6940468977167884,0.49827112755271113,0.06396852729352095,0.16820259612926075,0.13566537274395654,0.20500828568783006,3.141592647975701
A1,A2,A3,B1,B2,phiB1
0.5551115098154712,-3.330669077381704,-3.330669077381704,-7.216449667660359,-3.885780590278597,-1.66533455717978
