ans,J2,J3,Energy,Sigma,L,A1,A3,B1,B2,B3
3x3,-0.002999999999999999,-0.018,-0.4699219730519229,6.119834991284881e-14,0.7157793043801872,0.5165121287999045,0.25065038184559724,0.17794453739922722,0.30889429357055337,0.11530843402250733
A1,A3,B1,B2,B3
3.8857805039969944,-0.5551115098154632,-7.771561180557309,1.1102230196309255,1.1102230257939023
ans,J2,J3,Energy,Sigma,L,A1,A2,B1,B2,B3
q0,-0.002999999999999999,-0.018,-0.4696983629421982,1.8642693712877343e-12,0.7178241423964944,0.5170797351874673,0.22192417013012034,0.18184395995302274,0.19218424553935243,0.25429849634433677
A1,A2,B1,B2,B3
2.775557502854996,-1.1102230257939016,-7.216449667660352,-1.1102230257939023,-1.6653345479353199
ans,J2,J3,Energy,Sigma,L,A1,A2,A3,B1,B2,phiA1
cb1,-0.002999999999999999,-0.018,-0.46976115167384397,4.225551927743815e-12,0.7102957388235643,0.5139124161313943,-0.09376763747409689,0.24883747490076397,0.1694138247046659,0.1411258736950799,-1.9906679366940436
A1,A2,A3,B1,B2,phiA1
1.1102230011420005,-2.7755575644847528,-3.88578059027865,-10.547118745042052,-2.7755575644847528,-2.7755575952996345
