ans,J2,J3,Energy,Sigma,L,A1,A3,B1,B2,B3
3x3,-0.03,0.009000000000000001,-0.47689429658450555,2.502168183747897e-13,0.7352361277428767,0.5185776166803961,0.2762147784271442,0.18434056581167182,0.32828120740928085,0.12511933210170387
A1,A3,B1,B2,B3
4.440892103175606,-2.22044603926185,-6.661338154763408,-3.330669058892774,-3.3306690773817027
ans,J2,J3,Energy,Sigma,L,A1,A2,B1,B2,B3
q0,-0.03,0.009000000000000001,-0.46762096134493164,3.0218820432442643e-09,0.7095115457672978,0.5145824317836468,0.20223646025295614,0.17489186584933974,0.18858793128555673,0.23303022835691078
A1,A2,B1,B2,B3
5.5511150057098755,1.6653345386909726,-3.3306690773816063,0.5551115128968214,1.1102230257939816
ans,J2,J3,Energy,Sigma,L,A1,A2,A3,B1,B2,phiA1
cb1,-0.03,0.009000000000000001,-0.4721696763397273,1.2699966807870004e-08,0.7170121586648397,0.5144777502744458,-0.09371394379785342,0.2611170600592925,0.17117511738600424,0.14759186293861645,2.003024004722029
A1,A2,A3,B1,B2,phiA1
6.106226641866532,3.8857805902784275,3.885780568708182,-1.6653345386911418,4.440892103175588,2.220446076239261
