ans,J2,J3,Energy,Sigma,L,A1,A3,B1,B2,B3
3x3,-0.027,0.0,-0.475718655027501,3.254051234036674e-14,0.7319839209298249,0.5183009053387201,0.0,0.1833846691836491,0.32509063881002664,0.0
A1,A3,B1,B2,B3
2.2204460022839965,-0.0,-5.5511151289695055,-2.2204460639137538,0.0
ans,J2,J3,Energy,Sigma,L,A1,A2,B1,B2,B3
q0,-0.027,0.0,-0.46815699111387815,2.38931022975076e-10,0.7114649316353335,0.5150927984286547,0.20606249329359616,0.1762387154988519,0.18915442777818997,0.0
A1,A2,B1,B2,B3
1.1102230011420005,-0.5551115128969485,-7.771561180557194,-2.220446051587836,0.0
ans,J2,J3,Energy,Sigma,L,A1,A2,A3,B1,B2,phiA1
cb1,-0.027,0.0,-0.4714858515266973,2.6784292922582166e-13,0.7150452051335596,0.5142838055196467,-0.0933685817464194,0.0,0.17054321004949952,0.14599264769878295,-2.003520522715345
A1,A2,A3,B1,B2,phiA1
3.885780503996994,0.0,0.0,-4.440892103175607,1.1102230257939012,2.775557595299632
