ans,J2,J3,Energy,Sigma,L,A1,A3,B1,B2,B3
3x3,0.024,0.006000000000000005,-0.4660985271223714,2.1239155434606836e-14,0.7050117122370584,0.5150254844841077,0.241870758476837,0.17379168970483277,0.29858582081037993,0.10688509373586366
A1,A3,B1,B2,B3
6.106226506280992,1.1102230257939016,-3.330669077381704,2.2204460392618515,1.1102230257939012
ans,J2,J3,Energy,Sigma,L,A1,A2,B1,B2,B3
q0,0.024,0.006000000000000005,-0.46885167454178406,1.6886399695682718e-12,0.7163510630194748,0.5176839808138796,0.2264328259996896,0.18362670796819167,0.19199734173352384,0.25693361943973375
A1,A2,B1,B2,B3
6.661338154763407,0.5551115128969505,-4.440892103175607,2.220446051587794,2.7755575490773134
ans,J2,J3,Energy,Sigma,L,A1,A2,A3,B1,B2,phiA1
cb1,0.024,0.006000000000000005,-0.47072524825591094,1.4238631190448161e-12,0.7135097596907718,0.5145280585193684,-0.09928419718999486,0.2572833814240047,0.17126782427361834,0.14124607061688088,-1.9693404426351409
A1,A2,A3,B1,B2,phiA1
2.7755575028550012,0.0,0.5551115098154632,-4.996003616072555,1.1102230257939023,-1.1102230381198634
