ans,J2,J3,Energy,Sigma,L,A1,A3,B1,B2,B3
3x3,0.009000000000000001,-0.008999999999999998,-0.46810763332783806,3.1222868109614758e-12,0.7106709243838982,0.5158362232109617,0.24620058624045493,0.1760232703172525,0.30399278312174205,0.11155430000577113
A1,A3,B1,B2,B3
0.5551115128969517,0.5551115128969512,-8.32667269345426,-1.6653345479353199,-2.2204460515878046
ans,J2,J3,Energy,Sigma,L,A1,A2,B1,B2,B3
q0,0.009000000000000001,-0.008999999999999998,-0.46942109422234646,3.340332895545222e-14,0.7175048513814634,0.5174105157927363,0.2244363743591772,0.18280835410307544,0.192234529903475,0.2560461535982268
A1,A2,B1,B2,B3
3.885780503996994,1.1102230257939012,-4.9960036160725565,1.665334538690852,3.3306690958706304
ans,J2,J3,Energy,Sigma,L,A1,A2,A3,B1,B2,phiA1
cb1,0.009000000000000001,-0.008999999999999998,-0.47006401816823845,4.176895233628816e-12,0.7113554842126012,0.5141508043704985,-0.0960171691024823,0.2518853417983263,0.1701098449680996,0.14090219025995154,-1.9810657717810571
A1,A2,A3,B1,B2,phiA1
3.8857805902786406,-1.1102230257939023,0.0,-7.216449667660359,-2.7755575644847528,0.0
