ans,J2,J3,Energy,Sigma,L,A1,A3,B1,B2,B3
3x3,-0.024,0.015,-0.47597160714843634,6.5808255827734094e-12,0.7326488353192597,0.5183131382728636,0.27474095581950203,0.1834930179295479,0.3262955497725386,0.1233574706243677
A1,A3,B1,B2,B3
123.23475586312303,239.8081722402799,112.13252560518404,239.80817490268547,-1.1102230257939076
ans,J2,J3,Energy,Sigma,L,A1,A2,B1,B2,B3
q0,-0.024,0.015,-0.4673605986372088,2.803325078779751e-11,0.7089579052694399,0.5146968980067957,0.2028009719610387,0.17517280219738432,0.188148895541661,0.2336568214235914
A1,A2,B1,B2,B3
3.885780503997002,-1.1102230257939023,-8.32667269345427,-1.110223025793897,-1.6653345386908507
ans,J2,J3,Energy,Sigma,L,A1,A2,A3,B1,B2,phiA1
cb1,-0.024,0.015,-0.47243131908233743,7.0280727381787905e-12,0.7178778535172274,0.5146207318866272,-0.09538131284002967,0.26405050778172173,0.17159660446334768,0.14750415295771707,-1.9987011766740577
A1,A2,A3,B1,B2,phiA1
3.8857805902786406,2.220446051587802,1.110223019630921,-4.440892103175609,1.110223025793897,0.5551115190599264
