ans,J2,J3,Energy,Sigma,L,A1,A3,B1,B2,B3
3x3,-0.015,-0.018,-0.4722607579121152,6.490229838189434e-12,0.7223461846407512,0.5173097910576647,0.25810932652385105,0.18027591873129514,0.31542216540798923,0.11932524594022205
A1,A3,B1,B2,B3
-34.41691379961097,-76.60538835453386,-4.440892103175604,-37.74758266745147,-75.49516575398529
ans,J2,J3,Energy,Sigma,L,A1,A2,B1,B2,B3
q0,-0.015,-0.018,-0.4694271402792494,1.4821429886756505e-08,0.7163167194345496,0.5164281861332511,0.21640391174892615,0.17991756101506723,0.19113950446796854,0.24716622816481726
A1,A2,B1,B2,B3
4.440892103175783,0.0,-8.326672693452998,-2.7755575644847847,-1.6653345386911418
ans,J2,J3,Energy,Sigma,L,A1,A2,A3,B1,B2,phiA1
cb1,-0.015,-0.018,-0.4700356715803295,1.4080946307956477e-08,0.7109337664068748,0.5138932146829149,-0.09180074348433757,0.24988419482503463,0.1693820934513595,0.14313120337586982,1.9985580943857506
A1,A2,A3,B1,B2,phiA1
8.326672693454254,2.220446051587963,1.6653345386908032,-4.996003616072071,1.1102230257943204,3.3306691143595692
