ans,J2,J3,Energy,Sigma,L,A1,A3,B1,B2,B3
3x3,-0.015,-0.008999999999999998,-0.47273888171081335,5.452877747823803e-12,0.7236713129735344,0.517451866062997,0.261134185494405,0.18069918112621378,0.31710858428943295,0.11965417015937667
A1,A3,B1,B2,B3
6.6613381547634205,-1.1102230196309264,-5.5511151289695055,-2.220446039261853,2.220446051587802
ans,J2,J3,Energy,Sigma,L,A1,A2,B1,B2,B3
q0,-0.015,-0.008999999999999998,-0.46887563835650004,3.036418068833005e-11,0.714473363622537,0.5160885087624101,0.2138445372554765,0.17899918984683702,0.19066097744181587,0.2460544801329777
A1,A2,B1,B2,B3
-143.77388184031022,-148.21477394348582,-82.15650390874872,-76.60538877977919,-150.43521999507362
ans,J2,J3,Energy,Sigma,L,A1,A2,A3,B1,B2,phiA1
cb1,-0.015,-0.008999999999999998,-0.47060448946753597,1.2927583562497068e-08,0.7126157024721987,0.514109214345662,-0.09286623045151514,0.2540053432070043,0.17000502961648664,0.14418441547980296,-1.9969311016267515
A1,A2,A3,B1,B2,phiA1
5.5511151289694745,2.7755575644847847,0.5551115159784787,-2.2204460515872855,2.7755575644847847,1.1102230381196305
