ans,J2,J3,Energy,Sigma,L,A1,A3,B1,B2,B3
3x3,-0.002999999999999999,0.027000000000000003,-0.4723234281171751,2.238392818564621e-13,0.7224357272328283,0.5172158982775569,0.2664426930513116,0.180075780198269,0.31759255143569104,0.11683925753092997
A1,A3,B1,B2,B3
6.66133800685199,1.1102230196309257,-3.330669077381704,1.1102230196309264,2.2204460515877993
ans,J2,J3,Energy,Sigma,L,A1,A2,B1,B2,B3
q0,-0.002999999999999999,0.027000000000000003,-0.46697631402547657,2.4407194321273985e-09,0.7087376388017238,0.5154026049663819,0.2085036057251882,0.17709646332369924,0.1874543920636994,0.23766054969474337
A1,A2,B1,B2,B3
3.3306690034260438,0.0,-8.326672693454354,-1.1102230257939816,0.5551115128969485
ans,J2,J3,Energy,Sigma,L,A1,A2,A3,B1,B2,phiA1
cb1,-0.002999999999999999,0.027000000000000003,-0.4727667797757451,1.0435524384730546e-08,0.7191774222840996,0.5149372265285592,-0.09480545204499427,0.26791810786795417,0.17258659767106652,0.14931607955498108,-1.9837973118880667
A1,A2,A3,B1,B2,phiA1
6.661338154763505,-1.1102230257936427,1.110223019631006,-2.7755575644847847,0.0,-1.1102230381203082
