ans,J2,J3,Energy,Sigma,L,A1,A3,B1,B2,B3
3x3,-0.008999999999999998,0.0,-0.4720234715726054,9.244463733058732e-17,0.7216485799058793,0.517207832870437,0.0,0.1799682849553024,0.31558993788260187,0.0
A1,A3,B1,B2,B3
3.885780590278655,-0.0,-3.330669077381704,2.220446039261851,0.0
ans,J2,J3,Energy,Sigma,L,A1,A2,B1,B2,B3
q0,-0.008999999999999998,0.0,-0.46844617406081684,2.201414963632386e-13,0.7133443926689083,0.5160863691997629,0.21362416302215062,0.17898942546456523,0.1902909308757291,0.0
A1,A2,B1,B2,B3
3.885780503996994,0.5551115128969485,-6.661338154763408,-1.6653345386908507,0.0
ans,J2,J3,Energy,Sigma,L,A1,A2,A3,B1,B2,phiA1
cb1,-0.008999999999999998,0.0,-0.47104838954089895,1.0453060177170906e-08,0.7140178622933563,0.5143343141253165,-0.09512272653344907,0.0,0.17065974794701858,0.14499476476198817,-1.9914243350046663
A1,A2,A3,B1,B2,phiA1
4.440892103175444,1.1102230257939394,0.0,-4.440892103174571,1.1102230257943204,-0.5551115190601541
