ans,J2,J3,Energy,Sigma,L,A1,A3,B1,B2,B3
3x3,0.027000000000000003,0.006000000000000005,-0.4655666295620757,4.121181932197583e-13,0.7035188743421374,0.5148017904641871,0.23993613943123537,0.17319547394277662,0.2968924299300785,0.10583838280502202
A1,A3,B1,B2,B3
2.220446051587804,-1.665334538690852,-7.771561180557311,-2.220446039261853,-1.110223025793901
ans,J2,J3,Energy,Sigma,L,A1,A2,B1,B2,B3
q0,0.027000000000000003,0.006000000000000005,-0.4689397994923169,2.2864640299765264e-14,0.7167927366012056,0.5178477175109837,0.22782161276489468,0.18412023115930065,0.19219857104883692,0.25827696796748484
A1,A2,B1,B2,B3
3.3306690773817036,1.110223025793901,-4.440892103175606,1.665334538690852,-0.5551115098154632
ans,J2,J3,Energy,Sigma,L,A1,A2,A3,B1,B2,phiA1
cb1,0.027000000000000003,0.006000000000000005,-0.4706651588709714,8.577229771983246e-09,0.7133573340952499,0.5145308133255047,-0.09982135034133885,0.2558722311382055,0.17130778574845365,0.14059821095157896,-1.967077853983658
A1,A2,A3,B1,B2,phiA1
4.440892103175603,0.0,0.0,-4.440892103174571,0.0,1.1102230381199694
