ans,J2,J3,Energy,Sigma,L,A1,A3,B1,B2,B3
3x3,-0.024,-0.005999999999999998,-0.4747451319072915,4.095816625338488e-10,0.7292899122883263,0.5180514721608825,0.26747423483834165,0.18255035576968748,0.32244317185975047,0.12275715099520984
A1,A3,B1,B2,B3
1.1102230011420429,-2.2204460639137458,-6.661338154763424,-2.2204460639137666,0.0
ans,J2,J3,Energy,Sigma,L,A1,A2,B1,B2,B3
q0,-0.024,-0.005999999999999998,-0.4685442161486578,8.353220400643085e-13,0.7129057343699687,0.5154801358088683,0.20912657397109405,0.17730665281463814,0.18984462720123615,0.24118757702105395
A1,A2,B1,B2,B3
3.885780590278654,1.110223025793897,-5.551115128969507,0.5551115128969485,0.5551115128969512
ans,J2,J3,Energy,Sigma,L,A1,A2,A3,B1,B2,phiA1
cb1,-0.024,-0.005999999999999998,-0.47101644636066065,1.2077897321474836e-08,0.7137027168097854,0.5141590020026877,-0.09273027809084,0.25542812362184636,0.17016857035211413,0.14526812319319507,2.002233390753738
A1,A2,A3,B1,B2,phiA1
3.8857805039969806,1.6653345386908032,3.3306690588927634,-2.7755575644834294,3.3306690773816063,2.2204460762399387
