ans,J2,J3,Energy,Sigma,L,A1,A3,B1,B2,B3
3x3,0.021000000000000005,0.018000000000000002,-0.46722221774681416,7.094663691935923e-12,0.708156837651915,0.5154650970051746,0.2481552439856499,0.17497754152009287,0.30267840973105287,0.10832615232665659
A1,A3,B1,B2,B3
0.0,0.0,-8.32667269345427,-4.44089212782751,-4.440892103175609
ans,J2,J3,Energy,Sigma,L,A1,A2,B1,B2,B3
q0,0.021000000000000005,0.018000000000000002,-0.4679967496074585,7.255642469300334e-10,0.7133423164481371,0.517074472277351,0.22115796916676875,0.1818399198313574,0.19066568517120372,0.2511040959441348
A1,A2,B1,B2,B3
2.7755575644847372,1.1102230257939076,-5.5511151289695695,1.110223025793897,-1.110223019630921
ans,J2,J3,Energy,Sigma,L,A1,A2,A3,B1,B2,phiA1
cb1,0.021000000000000005,0.018000000000000002,-0.4715979499486854,3.768967863968045e-12,0.716056937671139,0.5147975536836584,-0.10031159096398473,0.2626544139185419,0.1721001570864489,0.1432384078780731,-1.970327375807903
A1,A2,A3,B1,B2,phiA1
0.0,-1.665334538690852,-3.3306690588927794,-7.771561180557311,-2.220446051587802,-3.3306691143595586
