ans,J2,J3,Energy,Sigma,L,A1,A3,B1,B2,B3
3x3,-0.015,0.0030000000000000027,-0.4733979524484133,4.668947223260423e-12,0.7254927752267575,0.5176290388819254,0.265310731882714,0.18125693956172048,0.31935981387345624,0.12006342937266541
A1,A3,B1,B2,B3
0.0,-3.3306690588927768,-8.881784206351208,-3.3306690958706318,-1.1102230257939023
ans,J2,J3,Energy,Sigma,L,A1,A2,B1,B2,B3
q0,-0.015,0.0030000000000000027,-0.4681630260788456,5.856824143252329e-09,0.7120813852619284,0.5156360271458537,0.2101733359004143,0.17773074498488492,0.18947613731355506,0.2474550180642719
A1,A2,B1,B2,B3
3.8857805039969806,-5.551115128969527,-14.432899335321423,-5.5511151289695695,0.0
ans,J2,J3,Energy,Sigma,L,A1,A2,A3,B1,B2,phiA1
cb1,-0.015,0.0030000000000000027,-0.47138995799847966,6.523818056419547e-12,0.7149444027371458,0.514385103800091,-0.09488801701581477,0.25842123565064656,0.17081396266122018,0.14512258053529659,1.9953036054044118
A1,A2,A3,B1,B2,phiA1
-0.5551115005710002,-1.6653345386908454,-0.5551115159784364,-5.551115128969516,-1.110223025793897,-1.6653345571797793
