ans,J2,J3,Energy,Sigma,L,A1,A3,B1,B2,B3
3x3,0.021000000000000005,0.006000000000000005,-0.46663646894788624,3.170851060439145e-14,0.7065221635085697,0.5152465442435322,0.24381164601812075,0.17438686949069732,0.3002679039066291,0.10792240488635481
A1,A3,B1,B2,B3
0.0,-4.9960036160725565,-10.547118745042063,-2.22044603926185,-3.8857805902786544
ans,J2,J3,Energy,Sigma,L,A1,A2,B1,B2,B3
q0,0.021000000000000005,0.006000000000000005,-0.468766820406148,2.1657029531191188e-09,0.7159129557357782,0.5175199711524158,0.22502730084782163,0.18314285435657104,0.19166238005506714,0.25587779786480785
A1,A2,B1,B2,B3
15.543122015988008,0.5551115128969485,-3.3306690773816063,1.6653345386908032,3.885780568708224
ans,J2,J3,Energy,Sigma,L,A1,A2,A3,B1,B2,phiA1
cb1,0.021000000000000005,0.006000000000000005,-0.47078628167977327,4.991887156335274e-12,0.713653292100067,0.5145245890827159,-0.0989669364506485,0.25749679006387455,0.1712470526183847,0.1415815059693041,-1.9713483396173002
A1,A2,A3,B1,B2,phiA1
2.7755575644847585,0.5551115128969498,1.1102230196309264,-6.661338154763408,-1.1102230257939016,-1.1102230381198421
