ans,J2,J3,Energy,Sigma,L,A1,A3,B1,B2,B3
3x3,0.027000000000000003,0.012000000000000004,-0.465847796236721,6.600547105403935e-14,0.7043035259031005,0.5149165560034521,0.24209766610689243,0.17349346971286186,0.29810158740018755,0.10605082605523719
A1,A3,B1,B2,B3
0.0,-4.9960036160725565,-7.771561180557311,-4.440892127827508,-4.440892103175605
ans,J2,J3,Energy,Sigma,L,A1,A2,B1,B2,B3
q0,0.027000000000000003,0.012000000000000004,-0.46854313493919586,1.3250398017384183e-15,0.7154690401137531,0.5176278950098209,0.22585975406575096,0.18346488949501025,0.19167241448851402,0.2559677621680711
A1,A2,B1,B2,B3
3.3306690034259954,-1.1102230257939014,-4.9960036160725565,0.0,0.5551115098154628
ans,J2,J3,Energy,Sigma,L,A1,A2,A3,B1,B2,phiA1
cb1,0.027000000000000003,0.012000000000000004,-0.4710657371487766,4.0310484108002595e-12,0.7145573484831533,0.5146712471873571,-0.10027571341198425,0.2596514449786049,0.17171705838415516,0.14174349330128577,-1.966894724914823
A1,A2,A3,B1,B2,phiA1
3.330669077381689,-0.5551115128969498,0.0,-5.551115128969507,0.5551115128969485,-1.1102230381198528
