ans,J2,J3,Energy,Sigma,L,A1,A3,B1,B2,B3
3x3,0.009000000000000001,-0.018,-0.4676806965826568,3.186258499994243e-14,0.7094800378660241,0.515666609540391,0.2430668380399491,0.1755820467996529,0.30225591617580216,0.11122881076024448
A1,A3,B1,B2,B3
2.220446051587803,-1.665334538690852,-9.436895719248161,-3.3306690958706304,-1.6653345386908514
ans,J2,J3,Energy,Sigma,L,A1,A2,B1,B2,B3
q0,0.009000000000000001,-0.018,-0.47001906327161996,1.9531172342988215e-09,0.7195242020361219,0.5177473745177864,0.22787262772605063,0.18378844048642137,0.19301519046837126,0.25975395828246267
A1,A2,B1,B2,B3
0.5551115005711909,0.0,-5.5511151289695695,-1.1102230257939023,-0.555111509815503
ans,J2,J3,Energy,Sigma,L,A1,A2,A3,B1,B2,phiA1
cb1,0.009000000000000001,-0.018,-0.4695015866743801,4.067101819359189e-12,0.7096869995766917,0.5139285598640555,-0.09506461229659952,0.24810261023150437,0.16947817374464413,0.13973490349077058,1.9821396728508764
A1,A2,A3,B1,B2,phiA1
-4.440892103175614,1.110223025793918,-0.5551115128969512,-12.212453283732916,-6.661338154763413,-5.551115190599269
