ans,J2,J3,Energy,Sigma,L,A1,A3,B1,B2,B3
3x3,0.021000000000000005,-0.008999999999999998,-0.4659380557274207,5.073484956219072e-12,0.7045743919822178,0.5149582726912062,0.2384764649447458,0.1736442416741814,0.2973014117596749,0.10739938805274822
A1,A3,B1,B2,B3
3.3306690034260016,1.1102230257939023,-6.10622664186646,1.1102230196309317,-0.5551115128969512
ans,J2,J3,Energy,Sigma,L,A1,A2,B1,B2,B3
q0,0.021000000000000005,-0.008999999999999998,-0.469769006875579,1.2106118296506172e-11,0.7192622795564151,0.5180645872894887,0.2299666279169729,0.1847713914167244,0.19308691466958916,0.261383047394206
A1,A2,B1,B2,B3
-1.1102230257939034,-1.6653345386908667,-8.32667269345427,-1.1102230257939023,-2.220446039261842
ans,J2,J3,Energy,Sigma,L,A1,A2,A3,B1,B2,phiA1
cb1,0.021000000000000005,-0.008999999999999998,-0.46981628790414126,4.952012702766681e-12,0.7107744077430668,0.5141640708788686,-0.09730778548313379,0.2511454465954641,0.17018286149357134,0.13953699951321522,-1.9726697915704936
A1,A2,A3,B1,B2,phiA1
1.1102230257939034,1.1102230257939023,0.5551115159784364,-6.106226641866457,0.0,-1.1102230381198528
