ans,J2,J3,Energy,Sigma,L,A1,A3,B1,B2,B3
3x3,-0.020999999999999998,0.018000000000000002,-0.47551526103466113,3.993608332681372e-14,0.7313685383392107,0.5181775920243601,0.2740523124612923,0.18306754603144698,0.32531618675699575,0.12249239684013136
A1,A3,B1,B2,B3
4.440892103175606,0.0,-8.88178420635121,-1.1102230196309255,-3.330669077381704
ans,J2,J3,Energy,Sigma,L,A1,A2,B1,B2,B3
q0,-0.020999999999999998,0.018000000000000002,-0.46723163777101184,1.1648024303654002e-14,0.708679785098247,0.5147489233914694,0.20312623927230983,0.1753144767136578,0.1880648235216667,0.23374258530001907
A1,A2,B1,B2,B3
3.8857805039969944,-0.5551115128969506,-7.216449667660358,-0.5551115128969498,-2.2204460515878024
ans,J2,J3,Energy,Sigma,L,A1,A2,A3,B1,B2,phiA1
cb1,-0.020999999999999998,0.018000000000000002,-0.4725657403393509,1.1932654377832202e-08,0.7183160877367941,0.5146970110700497,-0.09543954167642431,0.26476497256305453,0.17184571222878636,0.14790510315439193,-1.9959109596255584
A1,A2,A3,B1,B2,phiA1
6.106226641866363,2.7755575644847847,3.3306690958705336,-1.6653345386911418,4.440892103175588,2.775557595299415
