ans,J2,J3,Energy,Sigma,L,A1,A3,B1,B2,B3
3x3,0.012000000000000004,0.006000000000000005,-0.46828670261114574,1.0257850318102308e-09,0.7111676128473474,0.5159005802873399,0.24950401189098684,0.17616423642853798,0.3051897991546458,0.11210509183525073
A1,A3,B1,B2,B3
4.440892004567832,0.5551115128969485,-2.220446051587794,0.555111509815503,0.5551115128969908
ans,J2,J3,Energy,Sigma,L,A1,A2,B1,B2,B3
q0,0.012000000000000004,0.006000000000000005,-0.4685314596497822,3.1753192204308903e-13,0.7146873602296584,0.5170246536734462,0.2209677174259596,0.18167613501162055,0.19113711989398993,0.2516807456319362
A1,A2,B1,B2,B3
3.885780590278654,-3.330669077381704,-7.771561180557311,-0.5551115128969485,-1.1102230319568775
ans,J2,J3,Energy,Sigma,L,A1,A2,A3,B1,B2,phiA1
cb1,0.012000000000000004,0.006000000000000005,-0.4709750528140756,5.415853732202661e-09,0.7141014665447134,0.5145096272567502,-0.09809174421363798,0.25840404903527314,0.17117214920314275,0.14312442853049714,-1.9776022350468019
A1,A2,A3,B1,B2,phiA1
6.1062266418664475,1.6653345386908454,-0.5551115159784787,-4.440892103174571,0.0,1.1102230381196305
