ans,J2,J3,Energy,Sigma,L,A1,A3,B1,B2,B3
3x3,-0.024,0.018000000000000002,-0.476153268910396,1.4144029447646405e-13,0.7331458371791189,0.5183467596461666,0.2758128134540739,0.18362542975132232,0.3268588589582887,0.12347536657306704
A1,A3,B1,B2,B3
-2.2204460515878015,-2.220446039261851,-7.771561180557309,-2.2204460639137564,-1.1102230257938996
ans,J2,J3,Energy,Sigma,L,A1,A2,B1,B2,B3
q0,-0.024,0.018000000000000002,-0.4671975664135543,3.0776360532622167e-13,0.7084139581459415,0.5145840077030146,0.20191382686867446,0.17487104188805733,0.18789739880235312,0.2325869235861751
A1,A2,B1,B2,B3
5.551115128969506,1.665334538690852,-4.440892103175604,0.555111512896959,2.2204460515878024
ans,J2,J3,Energy,Sigma,L,A1,A2,A3,B1,B2,phiA1
cb1,-0.024,0.018000000000000002,-0.47264155803259006,1.1862425573521714e-08,0.7184931171512087,0.5146871227238861,-0.09522932124665932,0.26495257203695216,0.1718282157030331,0.14815919723267568,-1.9976970042934181
A1,A2,A3,B1,B2,phiA1
3.8857805902786406,1.6653345386904643,2.7755575490773454,-2.220446051588641,2.2204460515876243,0.0
