ans,J2,J3,Energy,Sigma,L,A1,A3,B1,B2,B3
3x3,-0.018,-0.03,-0.47223576336479445,5.289990299538964e-13,0.7222949201412353,0.51730451137073,0.2558678923395245,0.1802868836401235,0.3147795341502852,0.11993271266119117
A1,A3,B1,B2,B3
1.1102230257939008,-2.220446039261853,-5.551115128969506,-3.330669058892774,-2.2204460515878024
ans,J2,J3,Energy,Sigma,L,A1,A2,B1,B2,B3
q0,-0.018,-0.03,-0.47011804901826865,8.029972315398874e-13,0.7184547395650536,0.5166907700374744,0.21910859333691843,0.18074007940663273,0.19223705971706254,0.2524088259360173
A1,A2,B1,B2,B3
3.8857805039969966,1.665334538690852,-6.1062266418664555,0.0,0.0
ans,J2,J3,Energy,Sigma,L,A1,A2,A3,B1,B2,phiA1
cb1,-0.018,-0.03,-0.4693734073087001,1.5141053152762965e-08,0.7089356681903648,0.5135806979757335,-0.09170525466094258,0.24444893583884794,0.16848523829299808,0.14095350548613997,-2.0040403729832215
A1,A2,A3,B1,B2,phiA1
2.7755575028549377,0.555111512897499,2.220446051587794,-4.996003616072071,1.1102230257936427,2.775557595299415
