ans,J2,J3,Energy,Sigma,L,A1,A3,B1,B2,B3
3x3,-0.020999999999999998,-0.018,-0.473466754375917,5.023564852060556e-12,0.7257275376917155,0.5176891396319876,0.26172961635982334,0.18142723710208233,0.3186207826370841,0.12133340006397211
A1,A3,B1,B2,B3
3.3306690773817103,0.0,-5.5511151289695055,-2.220446039261853,0.0
ans,J2,J3,Energy,Sigma,L,A1,A2,B1,B2,B3
q0,-0.020999999999999998,-0.018,-0.4693094317088062,6.160567639236693e-10,0.7155995635043279,0.5160831261741641,0.2139656820976413,0.17900878142950025,0.19098199116991232,0.24647797613679448
A1,A2,B1,B2,B3
2.775557564485034,-2.220446051587794,-6.106226641866476,-1.6653345386908032,-0.5551115128969908
ans,J2,J3,Energy,Sigma,L,A1,A2,A3,B1,B2,phiA1
cb1,-0.020999999999999998,-0.018,-0.47017845081785,6.106122370080843e-12,0.711273881582355,0.5138775680029736,-0.0919364538258106,0.2498502766884203,0.16932730129430476,0.14318277504671162,2.0031964771173696
A1,A2,A3,B1,B2,phiA1
-0.5551115005710002,-2.7755575644847528,-2.2204460515878046,-8.88178420635121,-2.220446051587802,-0.5551115190599211
