ans,J2,J3,Energy,Sigma,L,A1,A3,B1,B2,B3
3x3,0.0,-0.024,-0.46906250766746715,1.1555579669935262e-16,0.7133716047916788,0.5161951834113534,0.24671598654522894,0.1770649427138451,0.0,0.11409184158928809
A1,A3,B1,B2,B3
3.885780590278655,-0.5551115128969506,-4.440892103175605,0.0,-0.5551115128969506
ans,J2,J3,Energy,Sigma,L,A1,A2,B1,B2,B3
q0,0.0,-0.024,-0.47016912837625635,8.004550033312672e-13,0.719542202021636,0.517460306519158,0.0,0.18297070430404772,0.0,0.2578315531279661
A1,A2,B1,B2,B3
4.4408920045679965,-0.0,-6.106226641866455,0.0,0.0
ans,J2,J3,Energy,Sigma,L,A1,A2,A3,B1,B2,phiA1
cb1,0.0,-0.024,-0.46932760513088634,9.14421029721283e-09,0.7090348291651382,0.5137673710515754,0.0,0.2463025274137114,0.1690295640387515,0.0,1.989027799751164
A1,A2,A3,B1,B2,phiA1
3.8857805039969806,0.0,0.0,-4.440892103175926,0.0,-0.5551115190598153
