ans,J2,J3,Energy,Sigma,L,A1,A3,B1,B2,B3
3x3,-0.011999999999999997,0.006000000000000005,-0.4729555660728638,5.899021381630807e-10,0.7242544123995864,0.5174910044913825,0.26500806626165063,0.18082479807025215,0.3181399442881418,0.11875352849736272
A1,A3,B1,B2,B3
2.2204460515878917,1.1102230319568729,-5.5511151289695695,0.0,1.110223025793897
ans,J2,J3,Energy,Sigma,L,A1,A2,B1,B2,B3
q0,-0.011999999999999997,0.006000000000000005,-0.4680375155288339,1.1202208509037775e-10,0.7118261408241321,0.5156963605054474,0.21050934326063786,0.17790169294316294,0.1896514105391703,0.24168702137022727
A1,A2,B1,B2,B3
3.3306690773817103,-0.555111512896959,-4.996003616072409,0.0,-1.110223025793897
ans,J2,J3,Energy,Sigma,L,A1,A2,A3,B1,B2,phiA1
cb1,-0.011999999999999997,0.006000000000000005,-0.47151916314290976,1.1919672408226748e-08,0.7153644972055997,0.5144624858182999,-0.0946499981913503,0.2586442665391806,0.171064375343032,0.14583219917978002,-1.9924656881798328
A1,A2,A3,B1,B2,phiA1
5.55111500570996,4.996003616072748,4.4408921278274915,-2.2204460515872855,3.3306690773816063,2.775557595299415
