ans,J2,J3,Energy,Sigma,L,A1,A3,B1,B2,B3
3x3,0.015,0.018000000000000002,-0.46833373519060606,8.936314941956774e-16,0.7112740515793743,0.51588925600762,0.25198083888376266,0.17615893492715673,0.30600866364826323,0.110409004784253
A1,A3,B1,B2,B3
4.996003616072556,0.0,-4.440892103175605,1.1102230196309255,0.5551115128969508
ans,J2,J3,Energy,Sigma,L,A1,A2,B1,B2,B3
q0,0.015,0.018000000000000002,-0.467852479297582,1.1228135830517817e-09,0.7125440149590313,0.5167344111228833,0.21817043643382555,0.1808657665500961,0.1903151275382727,0.24875401400040506
A1,A2,B1,B2,B3
8.326672693454086,3.3306690773816063,-2.220446051587794,1.665334538690852,2.220446051587963
ans,J2,J3,Energy,Sigma,L,A1,A2,A3,B1,B2,phiA1
cb1,0.015,0.018000000000000002,-0.47172526799709974,7.882014668080536e-12,0.7163550869691341,0.5147867020211655,-0.09968701470383505,0.26302681632388536,0.17205652006007877,0.1438539258714115,-1.9741498164987474
A1,A2,A3,B1,B2,phiA1
4.440892004568002,1.110223025793897,1.1102230319568833,-4.996003616072557,0.0,0.5551115190599211
