ans,J2,J3,Energy,Sigma,L,A1,A3,B1,B2,B3
3x3,0.015,-0.015,-0.4667331229219581,5.872514771546449e-12,0.7068145262803724,0.5152866055497672,0.240254321518587,0.17454024281089497,0.2994810762028066,0.10925218482635869
A1,A3,B1,B2,B3
3.8857805039969806,-1.6653345386908507,-6.10622664186646,-0.5551115159784364,-1.665334538690856
ans,J2,J3,Energy,Sigma,L,A1,A2,B1,B2,B3
q0,0.015,-0.015,-0.4699935867175736,2.617241111255474e-09,0.7196991776406264,0.5179519242055683,0.22907876196131752,0.18444706786689863,0.19304251670237285,0.26094631700646326
A1,A2,B1,B2,B3
4.996003616072565,3.3306690773816907,-3.8857805902784275,0.5551115128968214,1.110223019630921
ans,J2,J3,Energy,Sigma,L,A1,A2,A3,B1,B2,phiA1
cb1,0.015,-0.015,-0.4695625372134967,1.2128151582182425e-08,0.7099365886683264,0.514010705404447,-0.09672088990256561,0.2495713034462171,0.1697463584220264,0.1387799943377016,-1.9771151324229095
A1,A2,A3,B1,B2,phiA1
6.106226506280982,4.440892103175249,3.3306690773816063,-2.7755575644847847,4.440892103175249,3.3306691143595692
