ans,J2,J3,Energy,Sigma,L,A1,A3,B1,B2,B3
3x3,-0.03,0.0,-0.47635577816367214,3.14210876135052e-10,0.7337672664553605,0.5184755064911838,0.0,0.18394285098534852,0.32660407661958063,0.0
A1,A3,B1,B2,B3
12.212453012562133,-0.0,-1.110223025793897,0.0,0.0
ans,J2,J3,Energy,Sigma,L,A1,A2,B1,B2,B3
q0,-0.03,0.0,-0.46811826862742256,7.703719777105893e-17,0.7111788252463087,0.5149267662083967,0.2048394304264868,0.17579357361653902,0.18900720417749148,0.0
A1,A2,B1,B2,B3
7.216449667660359,0.0,-4.440892103175605,0.5551115128969506,0.0
ans,J2,J3,Energy,Sigma,L,A1,A2,A3,B1,B2,phiA1
cb1,-0.03,0.0,-0.4715618679833224,2.3955487020266194e-13,0.7152228661548031,0.5142747754968199,-0.09307349024600092,0.0,0.1705284177684216,0.14630455517571828,-2.0054222899056025
A1,A2,A3,B1,B2,phiA1
5.551115005709992,1.1102230257938996,0.0,-2.7755575644847528,3.330669077381704,1.6653345571797793
