ans,J2,J3,Energy,Sigma,L,A1,A3,B1,B2,B3
3x3,-0.002999999999999999,-0.020999999999999998,-0.46977411812838477,1.049554782493268e-13,0.7153678625534796,0.5164585730347084,0.2496227325527111,0.17779953710981425,0.3083223330029348,0.11520493476997612
A1,A3,B1,B2,B3
4.9960036160725565,2.7755575644847528,-2.2204460515878024,2.220446039261851,5.5511151289695055
ans,J2,J3,Energy,Sigma,L,A1,A2,B1,B2,B3
q0,-0.002999999999999999,-0.020999999999999998,-0.46989318446683626,2.1262266586035084e-15,0.7184721699025037,0.51718837804317,0.22288472900676554,0.18216532885006734,0.19245472169776762,0.2553972859750448
A1,A2,B1,B2,B3
3.330669003425995,-0.5551115128969508,-8.32667269345426,-2.2204460515878024,0.0
ans,J2,J3,Energy,Sigma,L,A1,A2,A3,B1,B2,phiA1
cb1,-0.002999999999999999,-0.020999999999999998,-0.46957634441422447,3.927356342594451e-12,0.7097482607085448,0.5138379261017083,-0.09345164650437138,0.2475678454262344,0.16920518101138288,0.1407615430536452,-1.9911222439495129
A1,A2,A3,B1,B2,phiA1
2.7755575644847585,0.0,-1.1102230257939023,-6.661338154763413,0.5551115128969512,-0.5551115190599264
