ans,J2,J3,Energy,Sigma,L,A1,A3,B1,B2,B3
3x3,0.027000000000000003,-0.024,-0.4642478219993857,1.3250398017384183e-15,0.6998392398861336,0.5141895523797838,0.22938128459651796,0.17170195220247156,0.29096653202846606,0.10481266832109784
A1,A3,B1,B2,B3
1.6653345017129975,-1.1102230257939012,-8.32667269345426,-1.6653345294463884,-2.220446051587803
ans,J2,J3,Energy,Sigma,L,A1,A2,B1,B2,B3
q0,0.027000000000000003,-0.024,-0.47103180856391924,2.043671132276965e-09,0.7237434649305229,0.5189115121175748,0.23768498122229764,0.18742341897768314,0.1947616047003774,0.26979806555457414
A1,A2,B1,B2,B3
3.330669003425959,0.0,-4.440892103175249,1.1102230257938122,-1.110223019630921
ans,J2,J3,Energy,Sigma,L,A1,A2,A3,B1,B2,phiA1
cb1,0.027000000000000003,-0.024,-0.46877872135145027,1.2090749622068994e-08,0.7077524296205112,0.5137876512673407,-0.09668366357145666,0.24487881036646483,0.1691835969288569,0.1364046674666287,1.9690862547126249
A1,A2,A3,B1,B2,phiA1
3.8857805902786406,2.220446051587963,1.6653345386908032,-3.3306690773809287,0.5551115128968214,1.6653345571797846
