ans,J2,J3,Energy,Sigma,L,A1,A3,B1,B2,B3
3x3,0.03,-0.002999999999999999,-0.4646364948963299,1.4791141972893971e-15,0.7009142170513962,0.5143952666696197,0.23475906738106664,0.1721495216993257,0.2933989206203408,0.10448368140688873
A1,A3,B1,B2,B3
2.775557564484753,1.665334538690852,-4.440892103175605,0.5551115159784386,1.665334538690852
ans,J2,J3,Energy,Sigma,L,A1,A2,B1,B2,B3
q0,0.03,-0.002999999999999999,-0.4696459945762566,3.16965541231479e-09,0.7192854782342396,0.5183354403604927,0.23216792193403676,0.18561492427366347,0.19312047472108412,0.26326309042677076
A1,A2,B1,B2,B3
3.330669077381668,1.1102230257939076,-3.8857805902784275,1.1102230257938122,0.5551115159784364
ans,J2,J3,Energy,Sigma,L,A1,A2,A3,B1,B2,phiA1
cb1,0.03,-0.002999999999999999,-0.4700209526879486,7.461514827742805e-13,0.711492448494101,0.5143178226539415,-0.09893303118560284,0.2530502494091852,0.17066855300146627,0.13930965450724703,-1.9658585545136165
A1,A2,A3,B1,B2,phiA1
3.330669077381705,-1.1102230257939012,-0.5551115159784386,-6.661338154763408,-0.5551115128969508,-1.1102230381198528
