ans,J2,J3,Energy,Sigma,L,A1,A3,B1,B2,B3
3x3,0.015,0.021000000000000005,-0.468488436134371,7.601229489628432e-12,0.7117055967567556,0.5159399451459347,0.25308539125761254,0.17630443799920764,0.30662538515210286,0.11049234204495195
A1,A3,B1,B2,B3
0.0,-1.1102230319568833,-8.32667269345426,-2.7755575490773134,-2.2204460515878046
ans,J2,J3,Energy,Sigma,L,A1,A2,B1,B2,B3
q0,0.015,0.021000000000000005,-0.467668153438862,8.035240113712028e-10,0.7119481745775383,0.516625756921701,0.2174228807595653,0.18055235296576888,0.19001495319401013,0.24687309884604672
A1,A2,B1,B2,B3
3.8857805902786406,-0.5551115128969908,-6.106226641866433,-1.6653345386908454,0.5551115128968214
ans,J2,J3,Energy,Sigma,L,A1,A2,A3,B1,B2,phiA1
cb1,0.015,0.021000000000000005,-0.4719338864936878,6.0829803958690865e-12,0.7169716893603056,0.514851956220003,-0.10002566446790816,0.2643502746342581,0.17226914567244384,0.14426474115308605,1.9738511911530074
A1,A2,A3,B1,B2,phiA1
1.6653345017130008,-2.2204460515877993,-2.7755575798921925,-9.436895719248156,-1.110223025793918,-2.2204460762397056
