ans,J2,J3,Energy,Sigma,L,A1,A3,B1,B2,B3
3x3,0.024,0.015,-0.4665290284246667,5.535646513113789e-12,0.7062142552920935,0.5151939940265148,0.24512677999746688,0.17423693406091417,0.30038665802314696,0.10719983494842683
A1,A3,B1,B2,B3
-0.555111500570979,-1.1102230257939023,-7.771561180557311,-4.440892078523695,-3.330669077381704
ans,J2,J3,Energy,Sigma,L,A1,A2,B1,B2,B3
q0,0.024,0.015,-0.46826546552551584,1.6802893820793432e-09,0.7143900963717327,0.5173526095921026,0.2234862731930017,0.18265585923798688,0.19113695243812964,0.2532968852382151
A1,A2,B1,B2,B3
6.6613381547634205,1.110223025793918,-2.220446051587963,0.5551115128969061,2.7755575490772606
ans,J2,J3,Energy,Sigma,L,A1,A2,A3,B1,B2,phiA1
cb1,0.024,0.015,-0.4713300453023224,4.4106877214378715e-12,0.7153024290538431,0.5147353424382145,-0.10029356433018205,0.26114599117256004,0.17190892169626595,0.14249063317128405,1.9686363777515554
A1,A2,A3,B1,B2,phiA1
3.3306690034259803,0.0,1.6653345294463924,-3.330669077381704,2.7755575644847528,3.3306691143595586
