ans,J2,J3,Energy,Sigma,L,A1,A3,B1,B2,B3
3x3,0.012000000000000004,0.009000000000000001,-0.46843735130079694,8.879307415602912e-13,0.711574844815155,0.5159455156447601,0.250652141747079,0.1763108102030337,0.30589639372141797,0.11112600021273258
A1,A3,B1,B2,B3
4.440892103175605,-0.5551115098154625,-2.2204460515878046,0.5551115159784364,0.0
ans,J2,J3,Energy,Sigma,L,A1,A2,B1,B2,B3
q0,0.012000000000000004,0.009000000000000001,-0.4683422893235286,1.8543549920828196e-10,0.7140575555647438,0.5169142064282719,0.220059499322643,0.18135789346117914,0.19085080474152655,0.25022309873670745
A1,A2,B1,B2,B3
3.8857805902786406,0.5551115128969485,-4.996003616072579,-1.110223025793897,-0.5551115159784787
ans,J2,J3,Energy,Sigma,L,A1,A2,A3,B1,B2,phiA1
cb1,0.012000000000000004,0.009000000000000001,-0.4711758285743136,9.460396779752135e-09,0.714678561905747,0.5145798267061746,-0.09898578861430529,0.25837009938791833,0.17141845637281555,0.14228728401467006,-1.9767467523162838
A1,A2,A3,B1,B2,phiA1
3.8857805039969806,0.5551115128968214,3.3306690958705336,-2.7755575644847847,1.1102230257936427,2.775557595299754
