ans,J2,J3,Energy,Sigma,L,A1,A3,B1,B2,B3
3x3,-0.005999999999999998,0.024,-0.4727581714562854,2.9156295798129077e-10,0.7236644797781054,0.5173657049421059,0.2672385916156949,0.18050899610105592,0.31866038706487104,0.11789833845251714
A1,A3,B1,B2,B3
4.440892103175614,-1.1102230196309424,-7.771561180557363,0.0,1.1102230257938122
ans,J2,J3,Energy,Sigma,L,A1,A2,B1,B2,B3
q0,-0.005999999999999998,0.024,-0.4670998615019412,4.6060540589900755e-14,0.7089976892840605,0.5153507484130617,0.20750932704572309,0.17695861216004385,0.18846846015766952,0.2374987510034684
A1,A2,B1,B2,B3
3.3306690773817036,-3.8857805902786544,-7.771561180557311,-1.6653345386908533,-4.9960036160725565
ans,J2,J3,Energy,Sigma,L,A1,A2,A3,B1,B2,phiA1
cb1,-0.005999999999999998,0.024,-0.47262325118027515,4.417746670684919e-09,0.7187176317532105,-0.5148619865023626,0.09933543852191017,-0.26722171736795736,0.1723194991159172,0.14609006109896475,1.9865857688768986
A1,A2,A3,B1,B2,phiA1
7.216449507422982,1.1102230257936427,0.555111509815503,-5.5511151289695695,2.2204460515876243,0.5551115190601541
