ans,J2,J3,Energy,Sigma,L,A1,A3,B1,B2,B3
3x3,0.024,0.024,-0.46697334342911806,8.441147652692823e-10,0.7074662736294028,0.5153615208120226,0.2484773545685612,0.17467897285902206,0.30223337812254397,0.10749162381492823
A1,A3,B1,B2,B3
1.6653345386907492,-1.110223025793897,-6.661338154763381,-2.220446039261842,-1.665334538690856
ans,J2,J3,Energy,Sigma,L,A1,A2,B1,B2,B3
q0,0.024,0.024,-0.46769492748943275,4.405677996827328e-11,0.7124852044675725,0.5170159621895001,0.22060161830554523,0.18167507010728196,0.1904046949840782,0.2500666761331387
A1,A2,B1,B2,B3
2.220446051587807,-1.1102230257939076,-5.551115128969485,-1.1102230257939076,-1.6653345479353159
ans,J2,J3,Energy,Sigma,L,A1,A2,A3,B1,B2,phiA1
cb1,0.024,0.024,-0.4719531573728562,2.864181383534476e-12,0.7171464180356216,0.5149338699558694,-0.1013093318548376,0.2651016413671396,0.17255009602665264,0.14375279649967085,1.9679382398211176
A1,A2,A3,B1,B2,phiA1
2.7755575644847372,-2.2204460515878046,-2.220446039261853,-7.2164496676603616,-1.1102230257938996,-1.6653345571797793
