ans,J2,J3,Energy,Sigma,L,A1,A3,B1,B2,B3
3x3,-0.020999999999999998,0.006000000000000005,-0.4748070574944522,1.035379938102578e-14,0.7294240165699354,0.5180297895632078,0.26991441896542095,0.18252989625352656,0.3230805165423419,0.12210345274412412
A1,A3,B1,B2,B3
0.0,-2.220446039261851,-6.661338154763408,-2.220446039261851,-3.330669077381704
ans,J2,J3,Energy,Sigma,L,A1,A2,B1,B2,B3
q0,-0.020999999999999998,0.006000000000000005,-0.46789935534062077,7.390290548762663e-10,0.7109041222315443,0.5151969665784308,0.20679551919048056,0.17652318394339736,0.18899469587249915,0.238950654408059
A1,A2,B1,B2,B3
5.5511151289694745,0.5551115128969061,-5.5511151289695695,0.5551115128969908,2.220446051587794
ans,J2,J3,Energy,Sigma,L,A1,A2,A3,B1,B2,phiA1
cb1,-0.020999999999999998,0.006000000000000005,-0.47173812785550445,1.3068197156036097e-08,0.7158777395529468,0.5144395626589616,-0.0940449134971469,0.2587223699686943,0.1710152017527895,0.14641941315369594,1.998062533268311
A1,A2,A3,B1,B2,phiA1
5.551115005710045,3.3306690773816063,2.220446039262012,-2.7755575644847847,3.3306690773816063,2.220446076239261
