ans,J2,J3,Energy,Sigma,L,A1,A3,B1,B2,B3
3x3,-0.011999999999999997,0.027000000000000003,-0.4741661852089408,2.2186712959340957e-15,0.7275823996413764,0.5177618888460408,0.27187409619113895,0.1817829694630819,0.32232969441841286,0.11982824065315602
A1,A3,B1,B2,B3
2.2204460022839965,-3.3306690588927768,-6.661338154763408,-2.220446063913754,-1.1102230257939012
ans,J2,J3,Energy,Sigma,L,A1,A2,B1,B2,B3
q0,-0.011999999999999997,0.027000000000000003,-0.4668496690467526,3.059116308785575e-12,0.707859427972742,0.5149053374825532,0.20411072872627817,0.1757461098254651,0.18786878884931144,0.23402562217357928
A1,A2,B1,B2,B3
3.330669077381705,-1.6653345386908518,-8.32667269345427,-1.665334538690856,-1.110223025793897
ans,J2,J3,Energy,Sigma,L,A1,A2,A3,B1,B2,phiA1
cb1,-0.011999999999999997,0.027000000000000003,-0.47298349242667154,9.09628613440404e-09,0.7196790219143641,0.5149083930713639,-0.09731305860336209,0.26843446081522643,0.17252368785144878,0.1484054350333294,1.9891264179176917
A1,A2,A3,B1,B2,phiA1
6.661338006851918,3.3306690773816063,2.775557549077176,-1.1102230257936427,2.7755575644847847,2.775557595299415
