ans,J2,J3,Energy,Sigma,L,A1,A3,B1,B2,B3
3x3,-0.011999999999999997,-0.03,-0.4710588957859284,3.824203538220682e-13,0.718990266900822,0.5169095032171147,0.2521854248699407,0.17912374256037894,0.3115451257674658,0.11792498479264846
A1,A3,B1,B2,B3
1.1102230257939008,0.0,-4.440892103175605,-0.5551115098154605,0.0
ans,J2,J3,Energy,Sigma,L,A1,A2,B1,B2,B3
q0,-0.011999999999999997,-0.03,-0.4702567905077313,1.912186498160994e-12,0.7192231695237105,0.5170195840276997,0.22172781158827282,0.18168989744718114,0.19262032781389685,0.2549344685890791
A1,A2,B1,B2,B3
9.436895719248158,-0.5551115128969485,-4.440892103175604,1.6653345386908533,1.6653345479353159
ans,J2,J3,Energy,Sigma,L,A1,A2,A3,B1,B2,phiA1
cb1,-0.011999999999999997,-0.03,-0.46923442597790554,1.4200153174756202e-08,0.7086116537732968,0.5135931443835238,-0.09257968526900129,0.24420837282299057,0.1685116227843535,0.13995934014594466,1.9996014066986854
A1,A2,A3,B1,B2,phiA1
3.3306690773817524,-2.7755575644847847,-1.1102230257939816,-8.326672693454354,-2.220446051587963,-0.5551115190601541
