ans,J2,J3,Energy,Sigma,L,A1,A3,B1,B2,B3
3x3,0.012000000000000004,-0.005999999999999998,-0.467699268122215,5.755143860600893e-10,0.709527953128068,0.5156818026041982,0.24563577156235367,0.17557581566507366,0.30300499366822914,0.1109871466779512
A1,A3,B1,B2,B3
8.326672508564814,2.220446051587794,-1.6653345386909726,1.6653345294463393,1.110223025793897
ans,J2,J3,Energy,Sigma,L,A1,A2,B1,B2,B3
q0,0.012000000000000004,-0.005999999999999998,-0.4693053613402182,6.633029844250802e-11,0.7172686959229766,0.517465851043596,0.22481106695064024,0.18297217324989357,0.19214223668428382,0.2562818294345809
A1,A2,B1,B2,B3
-2.77555750285498,-1.6653345386908454,-3.885780590278597,-2.7755575644847426,-1.6653345479353092
ans,J2,J3,Energy,Sigma,L,A1,A2,A3,B1,B2,phiA1
cb1,0.012000000000000004,-0.005999999999999998,-0.4701916573589561,6.909616552649068e-09,0.7117794501200552,0.5142254290217576,-0.09674405310439028,0.2525429494353609,0.17032273168396794,0.14160951478689338,-1.9789706782982224
A1,A2,A3,B1,B2,phiA1
3.8857805902786406,-0.5551115128969485,-1.6653345294463393,-6.661338154763213,-1.1102230257939816,2.2204460762396
