ans,J2,J3,Energy,Sigma,L,A1,A3,B1,B2,B3
3x3,-0.027,0.0030000000000000027,-0.4758944078227292,4.572928059953053e-14,0.7324664276895484,0.5183386555528676,0.27242782844806707,0.18351883461281412,0.3256413845188819,0.12398484910376187
A1,A3,B1,B2,B3
5.551115005709992,0.0,-5.5511151289695055,0.0,2.2204460515878033
ans,J2,J3,Energy,Sigma,L,A1,A2,B1,B2,B3
q0,-0.027,0.0030000000000000027,-0.46798806673754206,1.5715588346199845e-15,0.7108982045823143,0.5149801674758534,0.20516448926218359,0.1759368784482556,0.18893662544851506,0.236754670424447
A1,A2,B1,B2,B3
3.885780590278655,-1.1102230257939014,-5.551115128969507,0.5551115128969508,-1.665334538690852
ans,J2,J3,Energy,Sigma,L,A1,A2,A3,B1,B2,phiA1
cb1,-0.027,0.0030000000000000027,-0.4716861983555209,2.052181585589619e-11,0.7156374091813241,0.5143514270526073,-0.09370109817707806,0.25892475366357304,0.17075081710462153,0.14639443150208978,2.002912548340064
A1,A2,A3,B1,B2,phiA1
0.5551115128969517,-3.8857805902786393,-2.2204460639137458,-7.216449667660359,-3.8857805902786815,-3.3306691143595586
