ans,J2,J3,Energy,Sigma,L,A1,A3,B1,B2,B3
3x3,-0.002999999999999999,0.015,-0.47164837280745814,1.1648024303654002e-14,0.720570489985017,0.5170481194121518,0.2621710754837652,0.17951752111601244,0.3152519340717933,0.11643152661362026
A1,A3,B1,B2,B3
3.3306690034259954,-2.7755575490773143,-7.771561180557311,-1.1102230319568782,-1.665334538690852
ans,J2,J3,Energy,Sigma,L,A1,A2,B1,B2,B3
q0,-0.002999999999999999,0.015,-0.4676664167657859,6.656013887802287e-15,0.7110432844231942,0.5158571593910618,0.21154687495877172,0.1783522431655881,0.18940540300517802,0.24200258805060745
A1,A2,B1,B2,B3
1.6653345017129977,-0.5551115128969506,-8.88178420635121,-1.665334538690852,-1.1102230257939012
ans,J2,J3,Energy,Sigma,L,A1,A2,A3,B1,B2,phiA1
cb1,-0.002999999999999999,0.015,-0.4719209963302582,4.532868717109798e-14,0.7166845619980259,0.5146806973031874,-0.09748013868347272,0.2628590507362577,0.17172312974316953,0.14537102586882897,-1.9858338161147557
A1,A2,A3,B1,B2,phiA1
3.885780590278654,2.7755575644847528,2.220446063913755,-4.440892103175606,0.5551115128969505,2.2204460762397056
