ans,J2,J3,Energy,Sigma,L,A1,A3,B1,B2,B3
3x3,-0.03,-0.008999999999999998,-0.4758315731695584,3.415274681541218e-12,0.7323224800855391,0.5183565724262058,0.27012758031468836,0.18354107024270672,0.3249971974607642,0.12455822032583447
A1,A3,B1,B2,B3
3.3306690773817103,1.1102230196309264,-4.440892103175604,1.1102230196309264,0.0
ans,J2,J3,Energy,Sigma,L,A1,A2,B1,B2,B3
q0,-0.03,-0.008999999999999998,-0.46862922243548527,8.035119011237127e-10,0.7128900113518497,0.515262704682655,0.20750727879838787,0.17670489505065873,0.18967575340456533,0.24013016127727776
A1,A2,B1,B2,B3
3.3306690773817103,-1.6653345386908878,-8.326672693454015,0.0,-2.2204460515878788
ans,J2,J3,Energy,Sigma,L,A1,A2,A3,B1,B2,phiA1
cb1,-0.03,-0.008999999999999998,-0.47097192491511986,5.47919365458391e-12,0.7134826220959358,0.5140691453903607,-0.09204230484067671,0.2541627785219209,0.16990794618226615,0.14524008497017757,2.0073397248289866
A1,A2,A3,B1,B2,phiA1
4.996003616072565,0.0,0.5551115098154605,-4.996003616072552,-2.220446051587794,0.5551115190599264
