ans,J2,J3,Energy,Sigma,L,A1,A3,B1,B2,B3
3x3,0.0030000000000000027,-0.015,-0.46893425237919795,9.18283397483834e-15,0.7129999053175273,0.5161501724676878,0.2479132290392729,0.17691271725376356,0.30617255685137124,0.11337870397721761
A1,A3,B1,B2,B3
4.440892103175605,2.775557564484753,-1.665334538690852,1.1102230319568775,2.7755575644847528
ans,J2,J3,Energy,Sigma,L,A1,A2,B1,B2,B3
q0,0.0030000000000000027,-0.015,-0.4696553094829903,1.8555872174686782e-09,0.718001506861141,0.5173093722666718,0.22424454632657187,0.1824821918166811,0.19240887027256048,0.25539437327292736
A1,A2,B1,B2,B3
2.2204460022840857,-2.220446051587794,-8.881784206351176,-1.6653345386908454,-0.5551115159784787
ans,J2,J3,Energy,Sigma,L,A1,A2,A3,B1,B2,phiA1
cb1,0.0030000000000000027,-0.015,-0.4698156225525757,8.474091755303838e-14,0.7105381635243228,0.5139950968691254,-0.09474056662255667,0.24971984254252624,0.1696550582509734,0.14085364972644937,1.9860171829984077
A1,A2,A3,B1,B2,phiA1
3.885780590278654,2.220446051587802,3.330669077381704,-3.8857805902786544,2.2204460515878046,0.5551115190599264
