ans,J2,J3,Energy,Sigma,L,A1,A3,B1,B2,B3
3x3,-0.024,0.03,-0.47689643363222145,1.5936370677532586e-10,0.7351815230412482,0.5184753208075742,0.2800068833981662,0.18414620310183344,0.3290555810791299,0.12381112946236741
A1,A3,B1,B2,B3
5.5511150057098755,-6.661338117785527,-12.212453283732867,-5.551115159784406,-5.551115128969527
ans,J2,J3,Energy,Sigma,L,A1,A2,B1,B2,B3
q0,-0.024,0.03,-0.46656012379626677,2.898613161117337e-10,0.7062848409338298,0.5141332269532044,0.19841055450965922,0.1736812305380948,0.18698356315122508,0.2283763213558854
A1,A2,B1,B2,B3
63.8378239831493,-1.110223025793897,-9.992007232145157,-1.6653345386908878,-2.2204460515877993
ans,J2,J3,Energy,Sigma,L,A1,A2,A3,B1,B2,phiA1
cb1,-0.024,0.03,-0.47350344504866154,1.0340125401680148e-08,0.7210234925792728,0.5149263920213997,-0.09666577469412899,0.27035261222006746,0.1726544340883711,0.14965624637744293,-1.9955470247540716
A1,A2,A3,B1,B2,phiA1
7.771561007993961,2.220446051587963,2.7755575798922245,-2.7755575644847847,2.2204460515876243,1.1102230381196305
