ans,J2,J3,Energy,Sigma,L,A1,A3,B1,B2,B3
3x3,0.027000000000000003,0.027000000000000003,-0.466577406701954,7.0524781224340655e-12,0.7063409974706858,0.5151909618350431,0.24759222860674712,0.17423512754451276,0.30113852240309835,0.10657643465004728
A1,A3,B1,B2,B3
-7.771561007993961,-19.98401446429022,-16.098233874011566,-9.436895771633461,-11.657341770835966
ans,J2,J3,Energy,Sigma,L,A1,A2,B1,B2,B3
q0,0.027000000000000003,0.027000000000000003,-0.46758221475274403,3.266377185680752e-15,0.7122564323863915,0.5170691507403115,0.22099005408535527,0.18183578483263113,0.19036076020617285,0.2502358450707179
A1,A2,B1,B2,B3
3.330669003425995,-1.665334538690852,-5.551115128969506,-1.1102230257939012,-1.1102230196309255
ans,J2,J3,Energy,Sigma,L,A1,A2,A3,B1,B2,phiA1
cb1,0.027000000000000003,0.027000000000000003,-0.4721027496154415,1.1537090738857298e-13,0.7176259025758054,0.5150032363150677,-0.10196127859406301,0.2661964691879525,0.17278756577908233,0.14385414848489242,1.9658320012572892
A1,A2,A3,B1,B2,phiA1
8.326672508564988,2.7755575644847537,1.110223031956877,-1.110223025793901,0.0,2.2204460762397056
