ans,J2,J3,Energy,Sigma,L,A1,A3,B1,B2,B3
3x3,-0.011999999999999997,-0.027,-0.4712086894592088,5.446283363694221e-12,0.7194079355447467,0.5169624548847557,0.2531968961137689,0.1792673723329508,0.31212226858814734,0.11803023786534547
A1,A3,B1,B2,B3
1.6653345017130008,0.0,-6.106226641866455,-1.1102230196309424,1.1102230257939023
ans,J2,J3,Energy,Sigma,L,A1,A2,B1,B2,B3
q0,-0.011999999999999997,-0.027,-0.47006267237592997,2.5576349661462492e-15,0.7185778405637346,0.5169117821309801,0.22079476557516542,0.18137029319346448,0.19236164981869583,0.253813347077603
A1,A2,B1,B2,B3
7.77156118055731,2.775557564484753,-1.665334538690852,5.5511151289695055,3.8857805687082387
ans,J2,J3,Energy,Sigma,L,A1,A2,A3,B1,B2,phiA1
cb1,-0.011999999999999997,-0.027,-0.46941447502594863,9.356377673234327e-09,0.7091447655155644,0.5136697124520784,-0.0925462028239876,0.2455008810573384,0.16872467759118837,0.1403548394935556,1.9987187943418099
A1,A2,A3,B1,B2,phiA1
4.996003616072417,1.1102230257936427,-0.5551115128969908,-6.661338154763213,0.0,-0.5551115190599847
