ans,J2,J3,Energy,Sigma,L,A1,A3,B1,B2,B3
3x3,0.024,0.018000000000000002,-0.46667558172307755,1.3441709406979344e-09,0.7066404993241862,0.5152566937072631,0.2464069102663346,0.17438414040172034,0.30105226706754346,0.10704361423192048
A1,A3,B1,B2,B3
11.657341770835922,16.098233874011548,2.7755575644847847,7.216449627600945,6.10622664186656
ans,J2,J3,Energy,Sigma,L,A1,A2,B1,B2,B3
q0,0.024,0.018000000000000002,-0.4680735580858955,1.0970838842880293e-10,0.7137492325509345,0.5172400340863876,0.2225202697047745,0.1823236187353067,0.1909230425447338,0.2523988445999175
A1,A2,B1,B2,B3
4.996003616072555,1.6653345386908454,-7.216449667660372,1.110223025793897,-1.110223019630921
ans,J2,J3,Energy,Sigma,L,A1,A2,A3,B1,B2,phiA1
cb1,0.024,0.018000000000000002,-0.47153569275149215,1.8128085231737072e-12,0.7159113482075187,0.514802377036879,-0.10062945224749759,0.2624763250290344,0.17212257012015078,0.14291382264399727,1.9684043406986964
A1,A2,A3,B1,B2,phiA1
1.665334538690834,-2.775557564484754,-1.1102230319568729,-5.5511151289695055,-0.5551115128969485,-2.2204460762397056
