ans,J2,J3,Energy,Sigma,L,A1,A3,B1,B2,B3
3x3,0.0,-0.027,-0.46891965049491485,1.0596152950993867e-08,0.7129683912468342,0.5161421612601172,0.24587749408822593,0.17693798665076796,0.0,0.11494371278630766
A1,A3,B1,B2,B3
3.3306690034257898,0.0,-3.3306690773822836,0.0,-1.1102230257936427
ans,J2,J3,Energy,Sigma,L,A1,A2,B1,B2,B3
q0,0.0,-0.027,-0.4703694178154785,3.391997121861376e-11,0.7202066855765211,0.5175663269059466,0.0,0.18329419866496247,0.0,0.25899469194628205
A1,A2,B1,B2,B3
291.4335377997746,0.0,139.33298973713462,0.0,286.9926505745943
ans,J2,J3,Energy,Sigma,L,A1,A2,A3,B1,B2,phiA1
cb1,0.0,-0.027,-0.4691467354097106,1.064597001019664e-08,0.7085008985301222,0.5136927425620914,0.0,0.24500588718592572,0.1688233463566204,0.0,-1.9892320828921253
A1,A2,A3,B1,B2,phiA1
4.996003616072587,0.0,0.5551115128969061,-2.2204460515872855,0.0,3.885780633419723
