ans,J2,J3,Energy,Sigma,L,A1,A3,B1,B2,B3
3x3,0.018000000000000002,0.0,-0.4668923763002707,4.5143797943104936e-15,0.7072462528985165,0.5153536097547727,0.0,0.1746853548537615,0.30075741795831035,0.0
A1,A3,B1,B2,B3
1.6653345017129975,-0.0,-4.9960036160725565,2.220446063913754,0.0
ans,J2,J3,Energy,Sigma,L,A1,A2,B1,B2,B3
q0,0.018000000000000002,0.0,-0.4690766631414727,3.198201580081452e-11,0.7168038256422622,0.5175750485038918,0.22565742957862706,0.18329898700459546,0.1921223315914781,0.0
A1,A2,B1,B2,B3
1.6653345017129955,295.87443637407466,296.42954788697165,293.6539903224869,0.0
ans,J2,J3,Energy,Sigma,L,A1,A2,A3,B1,B2,phiA1
cb1,0.018000000000000002,0.0,-0.47045382361551524,5.690021600255126e-09,0.7126351640159788,0.5143781983072137,-0.09811516013163792,0.0,0.17078666228789785,0.14148607927044735,1.9741923007469988
A1,A2,A3,B1,B2,phiA1
5.551115005710045,0.0,0.0,-6.106226641865713,0.0,0.0
