ans,J2,J3,Energy,Sigma,L,A1,A3,B1,B2,B3
3x3,-0.020999999999999998,0.03,-0.47624969053625377,3.734763348155728e-12,0.7333784584032642,0.5183091966577821,0.2782302169145907,0.183594220387091,0.32755333100953676,0.12288082203061144
A1,A3,B1,B2,B3
1.1102230011419794,-2.2204460639137564,-6.661338154763408,-1.1102230319568782,-3.3306690773817014
ans,J2,J3,Energy,Sigma,L,A1,A2,B1,B2,B3
q0,-0.020999999999999998,0.03,-0.4665878542834005,4.5949021502465335e-11,0.7065330422548203,0.5142981250483035,0.19960904346000047,0.17411529712505996,0.18714272705420804,0.22946345583558286
A1,A2,B1,B2,B3
3.3306690034260438,0.0,-6.10622664186646,1.6653345386908032,-1.110223025793897
ans,J2,J3,Energy,Sigma,L,A1,A2,A3,B1,B2,phiA1
cb1,-0.020999999999999998,0.03,-0.4734265431734634,1.0250714735716992e-08,0.7208442372173606,0.5149373212171487,-0.09688753783630719,0.27018324284508916,0.1726735283479157,0.1494073962326772,1.9938452225642909
A1,A2,A3,B1,B2,phiA1
9.992007010278046,3.885780590279105,3.885780568708351,-1.1102230257936427,3.3306690773816063,3.8857806334190457
