ans,J2,J3,Energy,Sigma,L,A1,A3,B1,B2,B3
3x3,0.006000000000000005,-0.024,-0.4679503109545907,1.5053591819299647e-09,0.7102690174473203,0.5157779997650408,0.24248885840299214,0.17588533268502757,0.30254778072912797,0.11204633739279998
A1,A3,B1,B2,B3
3.3306690034257898,-1.6653345386908032,-3.885780590278597,-1.110223019630921,0.5551115128969485
ans,J2,J3,Energy,Sigma,L,A1,A2,B1,B2,B3
q0,0.006000000000000005,-0.024,-0.47033751285158176,3.432777530707809e-14,0.720403985357696,0.5177865838632514,0.22791682559692936,0.18394437423728024,0.19332218962452033,0.26043586128462426
A1,A2,B1,B2,B3
7.771561180557308,2.2204460515878024,-4.440892103175604,0.0,1.1102230319568769
ans,J2,J3,Energy,Sigma,L,A1,A2,A3,B1,B2,phiA1
cb1,0.006000000000000005,-0.024,-0.4691989101854096,1.1586519715472558e-08,0.7087424949280349,0.5137766917157554,-0.09408522887577934,0.2458883316004356,0.16906476441071336,0.13777087380889383,1.984502520701381
A1,A2,A3,B1,B2,phiA1
4.440892103175614,2.2204460515878046,1.110223025793897,-2.2204460515872855,0.5551115128968214,1.6653345571797846
