ans,J2,J3,Energy,Sigma,L,A1,A3,B1,B2,B3
3x3,-0.027,0.021000000000000005,-0.476982792884429,5.300159206953673e-15,0.7354449081391814,0.5185441300357442,0.27858379141132056,0.18431015963802228,0.3289454907526954,0.12453487601429171
A1,A3,B1,B2,B3
4.440892004567994,1.110223019630925,-3.330669077381704,2.220446063913754,3.3306690773817036
ans,J2,J3,Energy,Sigma,L,A1,A2,B1,B2,B3
q0,-0.027,0.021000000000000005,-0.46700606935999345,4.3988239929804467e-13,0.7076228326735196,0.5143070222835519,0.1998335910977849,0.17413274295424527,0.18748197709834954,0.23038115572930581
A1,A2,B1,B2,B3
4.996003505138995,0.5551115128969485,-5.5511151289695,-1.6653345386908518,-0.5551115128969485
ans,J2,J3,Energy,Sigma,L,A1,A2,A3,B1,B2,phiA1
cb1,-0.027,0.021000000000000005,-0.47293082921337687,1.1316943171962873e-08,0.719296313413953,0.5147379543160441,-0.0953686688054077,0.2664946767067193,0.17201730551157682,0.14879525767364965,-1.9989260601712855
A1,A2,A3,B1,B2,phiA1
4.440892004568002,1.6653345386911418,1.6653345294465087,-2.220446051588641,2.220446051587963,1.1102230381196305
