ans,J2,J3,Energy,Sigma,L,A1,A3,B1,B2,B3
3x3,-0.024,-0.015,-0.4742431440803482,4.276858701462292e-12,0.7278955818889088,0.517918352434391,0.26454864943849393,0.18213739237364585,0.3207621696141009,0.12241655661536724
A1,A3,B1,B2,B3
4.440892004568002,1.1102230196309264,-5.5511151289695055,0.0,1.1102230257939023
ans,J2,J3,Energy,Sigma,L,A1,A2,B1,B2,B3
q0,-0.024,-0.015,-0.4690747849807882,1.0909211353524937e-08,0.7146523329966208,0.5158025817305061,0.21198930490161882,0.17825524630302048,0.19077014806540346,0.24549960854832395
A1,A2,B1,B2,B3
5.55111512896939,2.7755575644847847,-1.6653345386911418,3.3306690773816063,3.3306690773816063
ans,J2,J3,Energy,Sigma,L,A1,A2,A3,B1,B2,phiA1
cb1,-0.024,-0.015,-0.4704396499125686,1.51785076214304e-08,0.711999636903379,0.5139477437674467,-0.0914294717832208,0.2517007093951267,0.16954968475137971,0.1442016122826318,2.0040056823208148
A1,A2,A3,B1,B2,phiA1
3.330669077381668,0.5551115128968214,-0.5551115159783093,-5.5511151289695695,-1.1102230257936427,1.1102230381203082
