ans,J2,J3,Energy,Sigma,L,A1,A3,B1,B2,B3
3x3,-0.002999999999999999,0.021000000000000005,-0.47198265105665926,7.762268047858315e-14,0.72149483337116,0.5171340153892281,0.2643005671768301,0.17979776071648976,0.3164217446841117,0.11663845629507846
A1,A3,B1,B2,B3
2.220446051587803,1.1102230196309257,-4.9960036160725565,-0.5551115098154632,0.0
ans,J2,J3,Energy,Sigma,L,A1,A2,B1,B2,B3
q0,-0.002999999999999999,0.021000000000000005,-0.46731820968140064,2.5268200870360534e-15,0.7098789683465871,0.5156306568568251,0.20969062671455418,0.1777278706850099,0.18890014753199383,0.2398041322469864
A1,A2,B1,B2,B3
7.21644950742299,-2.2204460515878024,-5.5511151289695055,-2.2204460515878033,-1.1102230257939012
ans,J2,J3,Energy,Sigma,L,A1,A2,A3,B1,B2,phiA1
cb1,-0.002999999999999999,0.021000000000000005,-0.4723396975885983,3.751988865578327e-12,0.717920003761748,0.5148092544366915,-0.09814431185541582,0.26545211235487864,0.1721435444900903,0.14616977565457193,-1.9849851857869583
A1,A2,A3,B1,B2,phiA1
1.6653345017130008,0.0,-2.2204460639137564,-7.771561180557311,-2.220446051587802,-2.775557595299633
