ans,J2,J3,Energy,Sigma,L,A1,A3,B1,B2,B3
3x3,-0.024,0.012000000000000004,-0.4757915778500713,3.3742292609149765e-13,0.7321550944033209,0.5182775189522734,0.2737426909534754,0.18336033653627024,0.3257462189212287,0.12327265625330311
A1,A3,B1,B2,B3
3.3306690034259963,1.1102230196309264,-6.661338154763408,0.0,-2.2204460515878046
ans,J2,J3,Energy,Sigma,L,A1,A2,B1,B2,B3
q0,-0.024,0.012000000000000004,-0.4675251223509956,1.8957934559776658e-10,0.7095050221658007,0.5148091224701752,0.20372743467097318,0.17547542014834644,0.18841302393927287,0.23471963172877763
A1,A2,B1,B2,B3
7.771561180557324,4.4408921031756305,-2.7755575644847847,3.3306690773817333,0.5551115128969512
ans,J2,J3,Energy,Sigma,L,A1,A2,A3,B1,B2,phiA1
cb1,-0.024,0.012000000000000004,-0.4722231356376091,1.2611780786832445e-08,0.7172622606649014,0.5145612141968411,-0.09451988371269512,0.2621675378712763,0.17141416462501566,0.14741689625609805,1.9987927108056949
A1,A2,A3,B1,B2,phiA1
3.330669003425959,2.7755575644847847,1.110223019631006,-2.2204460515872855,2.220446051587963,0.5551115190601541
