ans,J2,J3,Energy,Sigma,L,A1,A3,B1,B2,B3
3x3,-0.024,0.0,-0.4750875884229737,3.9436518305384405e-10,0.730229521243749,0.5181319961855302,0.0,0.18282171459348526,0.3234948597200943,0.0
A1,A3,B1,B2,B3
4.440892103175783,-0.0,-5.551115128969485,1.1102230319568729,0.0
ans,J2,J3,Energy,Sigma,L,A1,A2,B1,B2,B3
q0,-0.024,0.0,-0.4681983577220347,8.513274383783347e-11,0.7117539408610548,0.5152585299500956,0.20731127360417262,0.17669301877006033,0.18937708034728215,0.0
A1,A2,B1,B2,B3
0.5551115128968882,-2.220446051587794,-9.436895719248167,-3.330669077381712,0.0
ans,J2,J3,Energy,Sigma,L,A1,A2,A3,B1,B2,phiA1
cb1,-0.024,0.0,-0.47141071661129896,1.484263363588711e-11,0.7148707708137119,0.5142929141661761,-0.09367475570147549,0.0,0.17055825289753573,0.14571296589337732,2.0016153530156937
A1,A2,A3,B1,B2,phiA1
3.885780590278662,-1.1102230257939076,0.0,-8.881784206351208,-3.8857805902786393,-1.665334557179774
