ans,J2,J3,Energy,Sigma,L,A1,A3,B1,B2,B3
3x3,0.012000000000000004,-0.008999999999999998,-0.46755614872057805,1.4174844390690056e-15,0.7091201870441025,0.5156203899649515,0.24428075202422445,0.1754304380735058,0.30233767749256024,0.11050877012547755
A1,A3,B1,B2,B3
1.6653345017129975,-1.665334538690852,-6.661338154763408,-2.220446063913754,0.0
ans,J2,J3,Energy,Sigma,L,A1,A2,B1,B2,B3
q0,0.012000000000000004,-0.008999999999999998,-0.46950319153817915,6.878805463769003e-13,0.717928717510311,0.5175745754866837,0.22580228160999413,0.18329575736996723,0.19242878786530918,0.25737772039952356
A1,A2,B1,B2,B3
2.7755575028549964,-0.5551115128969512,-6.661338154763407,-0.5551115128969485,0.5551115159784391
ans,J2,J3,Energy,Sigma,L,A1,A2,A3,B1,B2,phiA1
cb1,0.012000000000000004,-0.008999999999999998,-0.4700006667549188,1.0746699813258705e-08,0.7111985790612321,0.5141563221362306,-0.09634717204161496,0.2520063981651933,0.17014840290635383,0.13977630770287275,1.978543074782864
A1,A2,A3,B1,B2,phiA1
3.8857805902786406,0.5551115128969512,1.1102230319568729,-4.996003616073426,1.6653345386911418,1.1102230381196305
