ans,J2,J3,Energy,Sigma,L,A1,A3,B1,B2,B3
3x3,0.021000000000000005,0.012000000000000004,-0.4669262811606338,9.558775499982729e-14,0.7073304884894625,0.5153570290504444,0.2459722737484141,0.17468273720562408,0.3014676500049865,0.1081262513994981
A1,A3,B1,B2,B3
3.3306690034259963,0.0,-6.106226641866457,-1.6653345294463897,-1.6653345386908533
ans,J2,J3,Energy,Sigma,L,A1,A2,B1,B2,B3
q0,0.021000000000000005,0.012000000000000004,-0.4683783112786238,3.2355623065705562e-15,0.714622914115713,0.5172983244630222,0.22310775080869985,0.1824845102817587,0.19124883687923752,0.2533189806007922
A1,A2,B1,B2,B3
4.996003505138992,0.5551115128969506,-6.661338154763408,0.5551115128969508,2.220446039261851
ans,J2,J3,Energy,Sigma,L,A1,A2,A3,B1,B2,phiA1
cb1,0.021000000000000005,0.012000000000000004,-0.4711880754057328,4.63391070571213e-12,0.7148440313191565,0.5146629359339095,-0.09964449877293109,0.2600805705991055,0.17167367355712848,0.14240740397132742,1.9708363794372061
A1,A2,A3,B1,B2,phiA1
2.2204460022839796,0.555111512896959,-1.1102230319568782,-7.771561180557311,-0.5551115128969512,0.0
