ans,J2,J3,Energy,Sigma,L,A1,A3,B1,B2,B3
3x3,0.021000000000000005,-0.002999999999999999,-0.4662130081513664,5.903576169689526e-12,0.7053421253029057,0.5150759282827124,0.24050194397915337,0.17394188703142807,0.29847049317349544,0.10749731483358647
A1,A3,B1,B2,B3
0.5551115128969729,1.1102230257939076,-7.216449667660356,-2.220446039261853,-0.555111512896959
ans,J2,J3,Energy,Sigma,L,A1,A2,B1,B2,B3
q0,0.021000000000000005,-0.002999999999999999,-0.46936268040193463,4.413301285409603e-09,0.7179165073405266,0.5178511020032319,0.22800958092330534,0.18413342562718105,0.1924326494415273,0.2649319419282122
A1,A2,B1,B2,B3
2.77555756448478,-0.5551115128969697,-6.661338154763213,0.5551115128969908,-1.6653345294460005
ans,J2,J3,Energy,Sigma,L,A1,A2,A3,B1,B2,phiA1
cb1,0.021000000000000005,-0.002999999999999999,-0.47019845565158425,1.1986987973866156e-14,0.7119085251212556,0.5143101790457639,-0.09796510068719376,0.25365257190862,0.17060796099532244,0.14035312986808562,-1.9721406120329648
A1,A2,A3,B1,B2,phiA1
3.8857805039969944,2.7755575644847537,1.6653345479353154,-5.551115128969506,1.665334538690852,2.7755575952996328
