ans,J2,J3,Energy,Sigma,L,A1,A3,B1,B2,B3
3x3,-0.024,0.0030000000000000027,-0.47526118642148907,8.7514256672956e-14,0.7306994464748999,0.5181662161925492,0.2706442841124719,0.18295793276013214,0.32408739774009654,0.1229584662967769
A1,A3,B1,B2,B3
2.220446002283997,-2.2204460639137538,-6.661338154763407,-3.3306690958706318,-2.2204460515878046
ans,J2,J3,Energy,Sigma,L,A1,A2,B1,B2,B3
q0,-0.024,0.0030000000000000027,-0.4680277553623132,4.498972350088583e-15,0.7111837930581248,0.5151454215902269,0.20639468329171223,0.17638585553654243,0.1891128575429021,0.23793929815849027
A1,A2,B1,B2,B3
5.551115128969507,-0.5551115128969506,-7.216449667660359,-1.665334538690852,-1.665334538690852
ans,J2,J3,Energy,Sigma,L,A1,A2,A3,B1,B2,phiA1
cb1,-0.024,0.0030000000000000027,-0.4716108096357966,1.6693467719882796e-11,0.7154611897962362,0.5143604373959902,-0.09401696678997899,0.2588140857547865,0.17076586275957614,0.1460789253401282,2.0010234841713066
A1,A2,A3,B1,B2,phiA1
1.6653345386908762,-2.2204460515878046,-1.6653345479353199,-6.106226641866455,-2.220446051587794,0.0
