ans,J2,J3,Energy,Sigma,L,A1,A3,B1,B2,B3
3x3,-0.015,0.018000000000000002,-0.47425741574981806,7.642090019328552e-15,0.7278597008840176,0.5178289942536225,0.2704983573397638,0.18194250634897585,0.32219452875750176,0.1205283304972382
A1,A3,B1,B2,B3
4.440892103175606,1.1102230319568769,-6.661338154763408,-1.1102230319568769,-1.1102230257939016
ans,J2,J3,Energy,Sigma,L,A1,A2,B1,B2,B3
q0,-0.015,0.018000000000000002,-0.46730755138036534,2.8139685380244134e-10,0.7092397326118426,0.5150801593460917,0.20560125930971163,0.17620749222012905,0.18834736759227022,0.23609256179306518
A1,A2,B1,B2,B3
4.440892004567991,-2.220446051587794,-7.216449667660372,-2.7755575644847,0.5551115128969485
ans,J2,J3,Energy,Sigma,L,A1,A2,A3,B1,B2,phiA1
cb1,-0.015,0.018000000000000002,-0.47241672973421345,1.2069658316432262e-08,0.7179673155630455,0.5147156790092052,-0.09577692345758944,0.2643501984683391,0.17188137462821843,0.1474507434456878,1.9923102156095
A1,A2,A3,B1,B2,phiA1
3.8857805039969806,0.0,-0.5551115098153335,-6.661338154763213,-1.1102230257936427,1.1102230381196305
