ans,J2,J3,Energy,Sigma,L,A1,A3,B1,B2,B3
3x3,0.006000000000000005,0.03,-0.47070172600760124,9.571473620052876e-10,0.7178916146916045,0.5166819172148931,0.26201431611282705,0.17849280035959975,0.3126062290257677,0.1139784830809675
A1,A3,B1,B2,B3
4.996003616072587,1.110223019630921,-3.3306690773816063,0.5551115098156724,1.6653345386908032
ans,J2,J3,Energy,Sigma,L,A1,A2,B1,B2,B3
q0,0.006000000000000005,0.03,-0.46695370754919885,1.1199323466129224e-10,0.7091099270813903,0.515788998525466,0.21068548271616983,0.17818385713553214,0.18860255773526466,0.2401521965883227
A1,A2,B1,B2,B3
6.661338154763399,1.110223025793897,-4.440892103175588,0.0,0.5551115128969485
ans,J2,J3,Energy,Sigma,L,A1,A2,A3,B1,B2,phiA1
cb1,0.006000000000000005,0.03,-0.4727737417884349,3.84083515703058e-09,0.7193300800469433,0.5150172515816563,-0.09899255975909446,0.26908802865459935,0.1728256738330119,0.14716574738367214,-1.9785707525357938
A1,A2,A3,B1,B2,phiA1
2.7755575028550226,-2.7755575644847847,-1.1102230319569575,-7.771561180556855,-1.1102230257939816,-1.1102230381199694
