ans,J2,J3,Energy,Sigma,L,A1,A3,B1,B2,B3
3x3,-0.008999999999999998,-0.024,-0.4707764450794091,5.796371205265155e-12,0.7181897428256697,0.5168141911666585,0.25233379613370804,0.1788275621311747,0.3110623549249564,0.11712759843403808
A1,A3,B1,B2,B3
3.885780503997023,-0.5551115098154605,-6.661338154763403,-1.6653345479353092,-0.5551115128969512
ans,J2,J3,Energy,Sigma,L,A1,A2,B1,B2,B3
q0,-0.008999999999999998,-0.024,-0.4699403371375806,2.0035834397449292e-13,0.7183240773909946,0.5169679169628494,0.22117018021745616,0.18152752834147381,0.19231854128508288,0.2539622468005964
A1,A2,B1,B2,B3
3.330669077381705,-1.665334538690852,-5.551115128969506,-2.7755575644847528,0.0
ans,J2,J3,Energy,Sigma,L,A1,A2,A3,B1,B2,phiA1
cb1,-0.008999999999999998,-0.024,-0.4695277529974663,9.242734371228188e-09,0.7095264435423827,0.5137544575860453,-0.09272917743100818,0.24697345319268588,0.1689470860490655,0.14010205217771415,1.9958094867952336
A1,A2,A3,B1,B2,phiA1
4.440892103175614,-3.3306690773816063,-1.6653345386908032,-7.771561180556855,-0.555111512897499,0.5551115190599423
