ans,J2,J3,Energy,Sigma,L,A1,A3,B1,B2,B3
3x3,-0.008999999999999998,0.021000000000000005,-0.4731962269239677,3.7551504721750335e-11,0.7248894078673916,0.5175070513103306,0.26794840404837694,0.18094467539664552,0.3197082821306805,0.11864739210015701
A1,A3,B1,B2,B3
3.330669077381689,0.0,-5.551115128969485,-1.1102230319568729,0.0
ans,J2,J3,Energy,Sigma,L,A1,A2,B1,B2,B3
q0,-0.008999999999999998,0.021000000000000005,-0.4672242455590609,1.4878310794772103e-09,0.7092691167670403,0.5152995674017177,0.20717716419800625,0.17680390936014803,0.18830673034812828,0.23739371665220654
A1,A2,B1,B2,B3
2.7755575028550012,0.0,-6.66133815476389,0.0,1.1102230257939023
ans,J2,J3,Energy,Sigma,L,A1,A2,A3,B1,B2,phiA1
cb1,-0.008999999999999998,0.021000000000000005,-0.4724822024085384,1.1271409257696903e-08,0.7182502019406766,0.5147957307173451,-0.09619999202551403,0.26551326944883513,0.17212787650015837,0.14759366855168227,-1.9882408055536493
A1,A2,A3,B1,B2,phiA1
3.330669003425959,2.220446051587963,0.0,-5.5511151289695695,-1.6653345386904643,-0.5551115190601541
