ans,J2,J3,Energy,Sigma,L,A1,A3,B1,B2,B3
3x3,-0.011999999999999997,-0.015,-0.4718226314906125,6.479413815621754e-12,0.7211126561463407,0.5171646588965921,0.2572333263007198,0.17983905443850484,0.31435981776741945,0.11845516664578047
A1,A3,B1,B2,B3
3.3306690773817103,-0.5551115159784364,-7.216449667660359,0.0,0.5551115128969485
ans,J2,J3,Energy,Sigma,L,A1,A2,B1,B2,B3
q0,-0.011999999999999997,-0.015,-0.4693031275906499,1.9166238508959567e-12,0.716049452698699,0.5164749058474143,0.21701460762727467,0.1800982491661705,0.19132961630895481,0.24938029886077437
A1,A2,B1,B2,B3
7.771561180557308,2.2204460515878024,-3.8857805902786606,1.665334538690856,1.665334538690856
ans,J2,J3,Energy,Sigma,L,A1,A2,A3,B1,B2,phiA1
cb1,-0.011999999999999997,-0.015,-0.47015310964248436,6.058852345525803e-12,0.7113305542273041,0.5139697783029895,-0.09318151999268472,0.2506097461839565,0.16957732277393955,0.14255986396474019,-1.9964540101916155
A1,A2,A3,B1,B2,phiA1
0.5551115128969517,-2.7755575644847537,-1.6653345479353145,-6.661338154763403,-1.6653345386908454,-2.775557595299648
