ans,J2,J3,Energy,Sigma,L,A1,A3,B1,B2,B3
3x3,0.0030000000000000027,0.012000000000000004,-0.4703077525975241,3.94910332722889e-09,0.7168104000327611,0.5166087812595119,0.25708946559588985,0.17820074455512797,0.3147098471037072,0.11377535893375594
A1,A3,B1,B2,B3
3.330669077381668,1.1102230319568729,-4.996003616072748,2.2204460639132373,1.6653345386909726
ans,J2,J3,Energy,Sigma,L,A1,A2,B1,B2,B3
q0,0.0030000000000000027,0.012000000000000004,-0.46795883137385447,9.157305511499015e-09,0.7122863481394897,0.516284610348488,0.21280543102626295,0.17957898442600082,0.19151104634908842,0.24677235724964386
A1,A2,B1,B2,B3
86.04228258850544,84.3769499603365,76.05027726688148,86.04228449902764,85.48717298613049
ans,J2,J3,Energy,Sigma,L,A1,A2,A3,B1,B2,phiA1
cb1,0.0030000000000000027,0.012000000000000004,-0.47157757545575346,8.76889804271475e-09,0.7157454090761757,0.5146306762688407,-0.09760512348327284,0.26080624622445886,0.17156897920326578,0.14177332151023345,1.982076280730351
A1,A2,A3,B1,B2,phiA1
7.21644950742294,-0.5551115128969485,-0.5551115098153335,-2.7755575644847847,0.0,0.5551115190601541
