ans,J2,J3,Energy,Sigma,L,A1,A3,B1,B2,B3
3x3,-0.024,0.024,-0.4765215283761256,3.2776655690908256e-10,0.7341627804655764,0.518416524353856,0.2779319638129268,0.18388835394699404,0.32799892056019136,0.12363668805905108
A1,A3,B1,B2,B3
1.1102230011420429,0.0,-11.102230257939011,-4.440892078523684,-2.220446051587794
ans,J2,J3,Energy,Sigma,L,A1,A2,B1,B2,B3
q0,-0.024,0.024,-0.4668759306408061,1.3127690865887276e-10,0.7073366324078522,0.5143585087620243,0.200166191659298,0.1742731839266339,0.18734192476607184,0.23049636881660035
A1,A2,B1,B2,B3
25.53512902626597,17.763568412702437,15.543122361114726,19.98401446429023,-1.6653345386908454
ans,J2,J3,Energy,Sigma,L,A1,A2,A3,B1,B2,phiA1
cb1,-0.024,0.024,-0.47306828631289677,1.1412924895192125e-08,0.719746695378406,0.5148093120490249,-0.09592234957065332,0.26759627410940223,0.17224155860978194,0.1489039672760575,-1.9966081686295127
A1,A2,A3,B1,B2,phiA1
3.8857805902786406,2.220446051587963,2.220446063913576,-4.996003616073426,0.5551115128968214,1.1102230381196305
