ans,J2,J3,Energy,Sigma,L,A1,A3,B1,B2,B3
3x3,0.015,0.015,-0.4681806077690336,8.546106127784365e-12,0.7108495859993675,0.5158389795677231,0.25090864088756387,0.17601300370503528,0.3054016632390676,0.1102825752389677
A1,A3,B1,B2,B3
2.220446002284001,-2.7755575490773134,-7.771561180557321,-3.330669095870629,-1.665334538690856
ans,J2,J3,Energy,Sigma,L,A1,A2,B1,B2,B3
q0,0.015,0.015,-0.46803849518737406,1.279304666311857e-10,0.7131874723148653,0.5168554711259767,0.21942808784629106,0.18119308364395711,0.19054517263509885,0.24967042621737076
A1,A2,B1,B2,B3
5.551115128969517,3.330669077381704,-1.6653345386908032,4.996003616072557,4.996003616072536
ans,J2,J3,Energy,Sigma,L,A1,A2,A3,B1,B2,phiA1
cb1,0.015,0.015,-0.4715186889221026,9.928762327072982e-09,0.7157352401315635,0.5147217281934434,-0.10002322340186061,0.26107276623040304,0.1718643451653523,0.14295242335821276,-1.9741545104123261
A1,A2,A3,B1,B2,phiA1
2.7755575028550226,1.6653345386911418,2.7755575490773454,-4.996003616073426,1.1102230257939816,1.6653345571797846
