ans,J2,J3,Energy,Sigma,gap,L,A1,A3,B1,B2,B3
3x3,0.22500000000000003,0.14999999999999997,-0.44538377309231375,1.980504947983614e-09,0.09180097700055441,0.6476774456782022,0.5032296046845036,-0.16439648235406232,0.14545082329417977,0.22299462333028996,-0.05611700941242136
A1,A3,B1,B2,B3
33.544556021780636,9.570233494571312,-22.774448993345686,-8.885558955284978,-12.886025579916804
ans,J2,J3,Energy,Sigma,gap,L,A1,A2,B1,B2,B3
q0,0.22500000000000003,0.14999999999999997,-0.4675209745061314,1.5261303334948463e-10,0.0015906187910394956,0.7213456303037756,0.5218847523875734,0.2781606850892785,0.20216066655591555,0.19536162712024083,-0.29571419200828913
A1,A2,B1,B2,B3
9.991119043206709,1.3080647676133594,-4.063416270128073,-5.167533068117791,-2.8044233602031454
