ans,J2,J3,Energy,Sigma,gap,L,A1,A3,B1,B2,B3
3x3,-0.15,-0.3,-0.4891790027452788,2.7597540078483713e-10,0.0006343199607720467,0.7670500579105675,0.5201591782818927,-0.25406078433666457,0.19207721246026166,0.337628244238176,-0.15268906226842066
A1,A3,B1,B2,B3
7.680078795146983,-2.474243032679624,-6.885603198725221,9.803713396649982,8.20643553112177
ans,J2,J3,Energy,Sigma,gap,L,A1,A2,B1,B2,B3
q0,-0.15,-0.3,-0.48534028441744825,3.804483176944976e-11,0.0002920081110568385,0.7626800988394743,0.5175207735543305,0.24283671387774455,0.18778684007424404,0.20473092289522976,-0.2905568191134096
A1,A2,B1,B2,B3
2.1587176490811544,-4.302114220422482,-1.9408918916496987,3.1039615322470127,1.2144729666374587
