ans,J2,J3,Energy,Sigma,gap,L,A1,A3,B1,B2,B3
3x3,0.3,0.0,-0.4376826725263755,2.796926779525079e-10,0.0841657954243546,0.6303929298688367,0.495420395067834,0.0,0.13206298763642021,0.1747216701806958,0.0
A1,A3,B1,B2,B3
2.4550361743536087,-0.0,-6.953937425890899,-15.010270804083348,0.0
ans,J2,J3,Energy,Sigma,gap,L,A1,A2,B1,B2,B3
q0,0.3,0.0,-0.49422945537249696,7.528325030597402e-11,-0.00015829065760330395,0.8009881884618338,0.5227106080214372,0.35762882139220525,0.22544486505364653,0.21334730797855,0.0
A1,A2,B1,B2,B3
0.04929390229335695,3.922417946000678,-1.376010416720419,-7.615907904323649,0.0
