ans,J2,J3,Energy,Sigma,gap,L,A1,A3,B1,B2,B3
3x3,0.3,0.07500000000000001,-0.43818507792044914,5.699984725209155e-10,0.08343712294809719,0.631215867227364,0.4966279172838312,-0.10099584766081038,0.1338181956568738,0.18206953113891022,-0.0455523606537282
A1,A3,B1,B2,B3
11.532108601386426,11.438072711200675,-1.6803780589214057,-17.417012276865762,-0.05873079800267078
ans,J2,J3,Energy,Sigma,gap,L,A1,A2,B1,B2,B3
q0,0.3,0.07500000000000001,-0.48401896375695785,2.451500448339133e-09,0.0005354622992187556,0.7723645364129936,0.523328324100877,0.3400075281092249,0.22062937711037772,0.20845634441547975,-0.3588126747523727
A1,A2,B1,B2,B3
3.8670178170718827,11.341705352663212,-27.019497750302435,-39.12081769641418,-6.886269332539996
