ans,J2,J3,Energy,Sigma,gap,L,A1,A3,B1,B2,B3
3x3,0.07500000000000001,-0.3,-0.4529848226548077,6.45670586251114e-10,0.0055565935438710535,0.6673324505258375,0.504822352327969,-0.13247159799881572,0.15168627682534208,0.22617791171518345,-0.08644135170890324
A1,A3,B1,B2,B3
17.29949516970919,-12.661760528942523,-0.4981015599980765,-10.414169526740125,8.796297024105115
ans,J2,J3,Energy,Sigma,gap,L,A1,A2,B1,B2,B3
q0,0.07500000000000001,-0.3,-0.5035306373448094,7.876242810851161e-10,-0.0002778860363362087,0.8259851705238959,0.5233909883493575,0.33622598369689466,0.2194358420495006,0.21767305575104348,-0.37469738311454626
A1,A2,B1,B2,B3
1.5255574581374276,0.7815970093361102,-9.947154211431553,-23.875013077656604,10.757505997105454
