ans,J2,J3,Energy,Sigma,gap,L,A1,A3,B1,B2,B3
3x3,0.3,-0.3,-0.43687191193274294,4.0700348282219174e-09,0.09945393427666292,0.6298698767948817,0.4925201464540967,-0.056912129763114855,0.12797335775638996,0.1595102792646675,-0.04900858944190483
A1,A3,B1,B2,B3
1.580957587066223,-33.27654818363612,-36.30651335129187,-38.25362249187947,13.368028906057816
ans,J2,J3,Energy,Sigma,gap,L,A1,A2,B1,B2,B3
q0,0.3,-0.3,-0.5435917603945875,5.157041142176134e-09,-0.0013924449901190398,0.926777954661456,0.5171256524528297,0.4010990471230075,0.23633468832037452,0.22551623554526046,-0.426043110363708
A1,A2,B1,B2,B3
34.52838015505222,11.749712314212957,-42.52187491005088,-34.217517708157175,29.117486199936593
