ans,J2,J3,Energy,Sigma,gap,L,A1,A3,B1,B2,B3
3x3,0.22500000000000003,-0.22499999999999998,-0.44132830344423807,2.373795295676145e-09,0.08926221854410857,0.6388590261713136,0.4965802593547872,-0.08400300886892217,0.1349965996894872,0.17980359829625,-0.05619919035593397
A1,A3,B1,B2,B3
36.68082504404424,-19.97929599539816,-0.5703215677499429,-4.155009669659648,24.729551739710587
ans,J2,J3,Energy,Sigma,gap,L,A1,A2,B1,B2,B3
q0,0.22500000000000003,-0.22499999999999998,-0.5156001312799846,8.778075393736519e-10,-0.0015459160580459366,0.8588385388580185,0.5216436000913393,0.37280582089938485,0.22969588882622932,0.22087010648385755,-0.40170994208288546
A1,A2,B1,B2,B3
4.682143561751673,15.324963520413348,-0.6931122342734852,-14.642953516386115,20.15276834299584
