ans,J2,J3,Energy,Sigma,gap,L,A1,A3,B1,B2,B3
3x3,0.14999999999999997,-0.15,-0.4474710290354805,1.029752095286163e-09,0.052354514223212786,0.6526513487618144,0.5020708360532696,-0.12331702360880734,0.14485220545715952,0.20922234994091646,-0.06764476022146328
A1,A3,B1,B2,B3
24.6097031642023,-17.415902053841137,-7.685796443723802,-7.855660566491451,0.13450351943333771
ans,J2,J3,Energy,Sigma,gap,L,A1,A2,B1,B2,B3
q0,0.14999999999999997,-0.15,-0.4928591439282536,2.2850438070684546e-09,8.363632217328723e-05,0.7971012633990219,0.5239022733087337,0.33172236296083474,0.21824244753113886,0.2133623428320637,-0.3633997880515955
A1,A2,B1,B2,B3
16.63402748874887,35.68567663592148,-3.078870491890484,-10.26390084035711,24.90097017471271
