ans,J2,J3,Energy,Sigma,gap,L,A1,A3,B1,B2,B3
3x3,0.0,-0.22499999999999998,-0.4634359768401901,3.346046657945234e-09,0.0015049263589282538,0.6955360927278696,0.5122023023513265,-0.18765230675809358,0.16744280449850055,0.0,-0.11006470276259932
A1,A3,B1,B2,B3
11.094569707381652,-38.18101390606898,-25.85204272875785,0.0,33.11856344723196
ans,J2,J3,Energy,Sigma,gap,L,A1,A2,B1,B2,B3
q0,0.0,-0.22499999999999998,-0.48640394306163104,1.165750349787979e-10,0.00022794119226137035,0.7735777785641849,0.5221582384555603,0.0,0.20354724498885496,0.0,-0.3263863932055919
A1,A2,B1,B2,B3
4.887867888214714,-0.0,-7.709832772206937,0.0,5.765610211483363
ans,J2,J3,Energy,Sigma,gap,L,A1,A2,A3,B1,B2,phiA1
cb1,0.0,-0.22499999999999998,-0.46026162676586696,3.617361615293661e-10,0.03958860954052583,0.6828535210289858,0.5084662897942712,0.0,-0.1796322938435432,0.15740890040219105,0.0,2.0027096075049036
A1,A2,A3,B1,B2,phiA1
0.49460435747050724,0.0,-12.480405597870003,-12.225997991777149,0.0,0.0007500398474524772
