ans,J2,J3,Energy,Sigma,gap,L,A1,A3,B1,B2,B3
3x3,0.07500000000000001,0.07500000000000001,-0.46183142859084875,6.988856068572296e-10,0.004215398731598762,0.6907735957715305,0.5128291887252733,-0.23250462356092363,0.16670209462907398,0.2826914514668449,-0.09275349324135795
A1,A3,B1,B2,B3
14.19747652775527,2.5435209494162336,-15.30564563978487,-14.420853400309852,-6.973088773065683
ans,J2,J3,Energy,Sigma,gap,L,A1,A2,B1,B2,B3
q0,0.07500000000000001,0.07500000000000001,-0.4651333275682923,2.005431066308158e-11,0.0019035162046692148,0.7078875212277789,0.5173885187081341,0.22582466010890645,0.1842178699092363,0.18903743060087913,-0.24945214084327727
A1,A2,B1,B2,B3
0.69155792203901,3.725408870280944,-0.7943090629680682,-1.7549850461762162,-1.4094281297616362
