ans,J2,J3,Energy,Sigma,gap,L,A1,A3,B1,B2,B3
3x3,-0.3,-0.15,-0.5411812823004709,7.881957791776263e-09,0.0004309064683537277,0.903577863942424,0.5234887001770974,-0.3460824740786852,0.21615040288199106,0.40669633552109036,-0.18611685381420345
A1,A3,B1,B2,B3
82.78178142973047,-7.524092460187148,-16.71118798896032,23.999469078717084,10.829781516008552
ans,J2,J3,Energy,Sigma,gap,L,A1,A2,B1,B2,B3
q0,-0.3,-0.15,-0.4763451573142439,5.471924984816317e-11,0.001501891468205653,0.7258298124335875,0.5059618656082299,0.1556337933801814,0.1560083270353355,0.1894159478437763,-0.20053553184766798
A1,A2,B1,B2,B3
5.0978665733225625,-4.54170034913659,-2.8466118351389014,0.005329070518200751,0.027144952952085077
