ans,J2,J3,Energy,Sigma,gap,L,A1,A3,B1,B2,B3
3x3,-0.22499999999999998,-0.22499999999999998,-0.5124024633239587,2.6431357215489887e-09,0.0004946543183888631,0.8298324694446899,0.5232630358740683,-0.30556296659825677,0.2061247849411312,0.37744026297002486,-0.1718357182937485
A1,A3,B1,B2,B3
41.38711595658151,-4.104161455131816,-15.018986054826655,6.494360604847316,25.409674364595958
ans,J2,J3,Energy,Sigma,gap,L,A1,A2,B1,B2,B3
q0,-0.22499999999999998,-0.22499999999999998,-0.47895034698903816,3.357220867312064e-09,0.0009001388314374674,0.7380070970791605,0.5115933867262901,0.19379883485731067,0.17010371823659046,0.1959625872524677,-0.24017909214295208
A1,A2,B1,B2,B3
29.75808488514531,-30.118463278938634,-36.73106263590853,14.644396806318127,0.9623413177450857
