ans,J2,J3,Energy,Sigma,gap,L,A1,A3,B1,B2,B3
3x3,-0.22499999999999998,0.22500000000000003,-0.5557139766669189,3.3894216397184363e-09,0.0005334890904293091,0.9323121691439237,0.5189094721188653,-0.4015437392566288,0.21258818915935015,0.41666493551406103,-0.17439707846666092
A1,A3,B1,B2,B3
30.301317011094397,28.71924920100355,-16.594503549072215,36.537550762716364,-6.007194741641797
ans,J2,J3,Energy,Sigma,gap,L,A1,A2,B1,B2,B3
q0,-0.22499999999999998,0.22500000000000003,-0.46361502887240663,1.2458642218822222e-09,0.0047172433992555595,0.6887516847638284,0.5001701463363931,0.11094486483624687,0.14192012103556814,0.17164636791032345,-0.13613967257391857
A1,A2,B1,B2,B3
8.974265774952528,-3.405498105735205,-15.761281169091035,28.532509688261598,-9.550249480128059
