ans,J2,J3,Energy,Sigma,gap,L,A1,A3,B1,B2,B3
3x3,0.22500000000000003,-0.15,-0.4416810125616491,5.4113697143134043e-11,0.09173150493076758,0.6393612989658859,0.4974894188133239,-0.09306849420181385,0.13629577995480868,0.18450923528430418,-0.05543967973666325
A1,A3,B1,B2,B3
2.2050139492080234,-3.5045855106830004,-1.695310558602614,-3.1071811790184256,4.943767617504591
ans,J2,J3,Energy,Sigma,gap,L,A1,A2,B1,B2,B3
q0,0.22500000000000003,-0.15,-0.5038973563834193,1.185203278222526e-09,-0.0006903335261610517,0.8279857223054097,0.5228145802060626,0.3601162953188629,0.226290576325459,0.21748244623158663,-0.387885524957346
A1,A2,B1,B2,B3
8.428147069139413,17.392087769962927,-26.004087771980267,-7.789435763072561,8.648526339527507
