ans,J2,J3,Converge,Energy,Sigma,gap,L,A1,A3,B1,B2,B3,phiB1,phiB2,phiA3
3x3_1,0.0,0.14999999999999997,True,-0.4811249650737174,2.079581465357107e-09,0.0053530750253256345,0.7442242323908979,0.5181296292358901,0.3080635584951452,0.18415910701742105,0.0,-0.12103227987917518,3.1413445731596945,0.0,3.1412854694010965
ans,J2,J3,Converge,Energy,Sigma,gap,L,A1,A2,B1,B2,B3,phiB1,phiA2,phiB2
q0_1,0.0,0.14999999999999997,True,-0.4607259101576651,3.817202254895584e-10,0.007304582117063332,0.6893157343429623,0.5106319716192907,0.0,0.16594523644622977,0.0,-0.1947339072068079,3.1414362864327434,-0.0,0.0
ans,J2,J3,Converge,Energy,Sigma,gap,L,A1,A2,A3,B1,B2,phiA1,phiB1,phiA2,phiB2
cb1,0.0,0.14999999999999997,True,-0.486890277133325,9.914958509221894e-10,0.0050817862508237485,0.7636104314899506,0.5194182235684696,0.0,-0.3563974563242825,0.18941696862252996,0.0,1.941120406129253,3.141460145280007,0.0,0.0
