ans,J2,J3,Converge,Energy,Sigma,gap,L,A1,A3,B1,B2,B3,phiB1,phiB2,phiA3
3x3_1,-0.07500000000000001,-0.15,True,-0.4792629632858224,2.1832007036448306e-09,0.004017034808453503,0.739853251926054,0.5191298335180194,0.2518436358807986,0.18525844644212774,0.32315315986774706,-0.13580814043763625,3.1414771844508813,-0.0003569355342421473,3.1421014656376864
ans,J2,J3,Converge,Energy,Sigma,gap,L,A1,A2,B1,B2,B3,phiB1,phiA2,phiB2
q0_1,-0.07500000000000001,-0.15,True,-0.47810028237461843,2.9268068264090653e-09,0.0021443921398135632,0.7438798659614848,0.5181951061979101,0.2077150063245943,0.1874215844158083,0.2002272626454142,-0.2799466548443661,3.1415385829993117,3.21226452565163,3.142636946101408
ans,J2,J3,Converge,Energy,Sigma,gap,L,A1,A2,A3,B1,B2,phiA1,phiB1,phiA2,phiB2
cb1,-0.07500000000000001,-0.15,True,-0.4717444152711894,4.300794669035277e-09,0.012861102885867316,0.7131302224553521,0.513570721628891,0.0870064849026559,-0.23640258132314482,0.168586355896829,0.2657583503434073,1.9826690215081297,3.1418779159900003,4.18952455128655,5.261421740905079
