ans,J2,J3,Energy,Sigma,gap,L,A1,A2,A3,B1,B2,phiA1
cb1,0.07500000000000001,0.14999999999999997,-0.4828865842974256,1.0188461706507254e-09,0.0032451128876243504,0.7526597716102964,0.5189322419864673,0.050207114369933956,-0.34510403389641897,0.1867592806752032,0.16711816372634553,1.937386429191572
A1,A2,A3,B1,B2,phiA1
3.865796571744795,0.2711164626134632,0.29398705692074145,-5.2946536044373715,-0.31818991885756986,0.12707390695254617
ans,J2,J3,Energy,Sigma,gap,L,A1,A3,B1,B2,B3
3x3,0.07500000000000001,0.14999999999999997,-0.46578657238348015,1.4140744808816386e-09,0.01098744096390839,0.7019956209835158,0.5139459977985432,-0.26396467410945734,0.17041507924913046,0.2997401845689304,-0.0955221445524412
A1,A3,B1,B2,B3
3.709699214482498,0.2224331829836501,-5.92170756874566,-0.3556599459386689,-0.34533487180965494
ans,J2,J3,Energy,Sigma,gap,L,A1,A2,B1,B2,B3
q0,0.07500000000000001,0.14999999999999997,-0.46094807133752286,1.6092951937123825e-09,0.003293537333070374,0.6943281350828456,0.514507181956036,0.20129806730773653,0.17624646476277497,0.18303510644735094,-0.22230308038310165
A1,A2,B1,B2,B3
4.248379426030624,0.09026113190202523,-5.56821255770501,-0.30647706594777446,-0.5447309270323331
