ans,J2,J3,Energy,Sigma,gap,L,A1,A2,A3,B1,B2,phiA1
cb1,-0.07500000000000001,-0.3,-0.4603740236414782,4.84099778493545e-10,0.09245174864171779,0.68251109822862,0.505920811526545,0.02849040908146031,-0.15472060035043986,0.15332631364908034,0.13620932718651538,2.2049241430233164
A1,A2,A3,B1,B2,phiA1
3.6891600885269327,-0.3441691376337985,-1.0823564267070651,-5.840716799099255,0.2816635813474022,0.0011735057370287905
ans,J2,J3,Energy,Sigma,gap,L,A1,A3,B1,B2,B3
3x3,-0.07500000000000001,-0.3,-0.47385055514510555,1.7627446986162353e-09,0.004211583429676034,0.7246494832682185,0.5159963871851876,-0.21342911308333587,0.1785838097232058,0.30107954270486775,-0.1318622202339368
A1,A3,B1,B2,B3
3.7470027081099033,-0.9833245329105011,-5.345723863570129,0.2425837308805967,0.4796163466380676
ans,J2,J3,Energy,Sigma,gap,L,A1,A2,B1,B2,B3
q0,-0.07500000000000001,-0.3,-0.4922179034375157,1.1329870245354232e-09,0.0017548890820215661,0.7883418757446605,0.5213532961059701,0.24541672228150369,0.20234141068352873,0.2113465427988025,-0.33066659188375847
A1,A2,B1,B2,B3
1.5007994846882866,-2.425837308805967,-6.545208819375148,1.9753088054130785,3.530953307517848
