ans,J2,J3,Energy,Sigma,gap,L,A1,A2,A3,B1,B2,phiA1
cb1,-0.3,0.22500000000000003,-0.5191797212931527,1.1452952460376186e-09,0.0017958425268321573,0.8483066713713711,0.5183033042366262,0.03230503350919278,-0.42317791082395706,0.20258189222548129,0.20128392164986386,1.9349785297023783
A1,A2,A3,B1,B2,phiA1
8.592682121388862,-1.4599432773820809,2.8195223933380476,-6.720624057265923,2.5845992013273644,0.15677015241521985
ans,J2,J3,Energy,Sigma,gap,L,A1,A3,B1,B2,B3
3x3,-0.3,0.22500000000000003,-0.5826174952346402,1.2900111951584541e-09,0.0024983344645008224,0.9962260105121589,0.5178961839170224,-0.41316422878466846,0.21816299578084433,0.42946622034316545,-0.1851007434404368
A1,A3,B1,B2,B3
5.148104165186851,2.404521026733164,-4.441336187710476,4.2521541843143495,-0.4843903056439558
ans,J2,J3,Energy,Sigma,gap,L,A1,A2,B1,B2,B3
q0,-0.3,0.22500000000000003,-0.4685044124635699,1.2266450125929908e-09,0.0039898223501707315,0.701892328967051,0.5004614308236206,0.0941319861095331,0.14286418760279193,0.17601026439279976,-0.1469940067017794
A1,A2,B1,B2,B3
2.892797112963308,-3.15591996979947,-7.961242776133304,0.9477418849712649,-0.8563705300446145
