ans,J2,J3,Energy,Sigma,gap,L,A1,A2,A3,B1,B2,phiA1
cb1,-0.22499999999999998,-0.22499999999999998,-0.4685735625627769,5.983181358017361e-06,0.07118050381010396,0.7034952449770547,0.5091698077076592,0.02722514767454154,-0.18597913883880846,0.16150831935865437,0.15228666929629808,2.2074076661221547
A1,A2,A3,B1,B2,phiA1
3.748445998041916,-1.3094525463941409,-0.712874204111813,-5.726585872167789,0.7717160244169463,2.220446049250313e-06
ans,J2,J3,Energy,Sigma,gap,L,A1,A3,B1,B2,B3
3x3,-0.22499999999999998,-0.22499999999999998,-0.5124191196914505,1.2115884462182283e-09,0.002569612138233732,0.8298578231335035,0.5232819415633229,-0.3056253123800957,0.2061304105813178,0.3774641000927472,-0.17179928433860056
A1,A3,B1,B2,B3
3.7634340088743556,-0.7260858581048524,-1.6874279751277754,0.5927480728473711,0.25923707624997405
ans,J2,J3,Energy,Sigma,gap,L,A1,A2,B1,B2,B3
q0,-0.22499999999999998,-0.22499999999999998,-0.4845273074490347,9.163277173267358e-10,0.002030404357360966,0.7568600721692287,0.514369697775225,0.18263827945117939,0.17905717333695156,0.20148422976323954,-0.268697380792996
A1,A2,B1,B2,B3
2.926658915214375,-1.8277601654403952,-6.1879390500507725,2.6755264670441647,1.9353407765265729
