ans,J2,J3,Energy,Sigma,gap,L,A1,A2,A3,B1,B2,phiA1
cb1,0.14999999999999997,-0.3,-0.45566265659454813,2.0106806140630547e-07,0.040955449840234304,0.6704688208180059,0.5039338868066294,0.018476263906000025,-0.1392678774334786,0.1498436513653578,0.0730794296017721,1.7937109123112198
A1,A2,A3,B1,B2,phiA1
3.431699369116359,0.45574655160862676,-1.3484768857097151,-6.705247468374864,-0.8097411630103579,1.1657341758564142e-05
ans,J2,J3,Energy,Sigma,gap,L,A1,A3,B1,B2,B3
3x3,0.14999999999999997,-0.3,-0.4462971755562938,1.2264943768667776e-09,0.047159741024100164,0.6504427594631046,0.49981726074689264,-0.10097950120198125,0.14145332797055218,0.1973076494603962,-0.06860743707389612
A1,A3,B1,B2,B3
3.1809554990047673,-1.3943846077779654,-7.354949982385506,-1.0772494007937894,0.4493627692170321
ans,J2,J3,Energy,Sigma,gap,L,A1,A2,B1,B2,B3
q0,0.14999999999999997,-0.3,-0.5154052144130011,1.0490840366875882e-09,0.0016475831458903731,0.8601527899092496,0.5221916522970803,0.3658040761849056,0.22692638356982808,0.22186859190178293,-0.3984928650700678
A1,A2,B1,B2,B3
11.264988941661613,2.7725599593964034,-1.1945999744966684,-4.751088411580895,8.214762203806458
