ans,J2,J3,Energy,Sigma,gap,L,A1,A3,B1,B2,B3
3x3,0.22500000000000003,0.3,-0.45095313530276465,3.122762126641462e-09,0.07959256630087184,0.6634856065598529,0.5060528711355456,-0.24060514611298922,0.15257152713118266,0.2624792152530482,-0.05827988359312519
A1,A3,B1,B2,B3
1.2394529846915248,12.33990687410369,-26.438351508062397,-40.11735388331772,-25.70144097546745
ans,J2,J3,Energy,Sigma,gap,L,A1,A2,B1,B2,B3
q0,0.22500000000000003,0.3,-0.4568000499188494,2.7859238528210534e-10,0.006063200275432893,0.685545595965525,0.5163029021963639,0.2229382433653308,0.1845730063575791,0.17991348487200803,-0.23100056642017086
A1,A2,B1,B2,B3
2.3910873281351996,8.002265516893203,-1.329047982778775,-3.9179770539021774,-13.846368496217565
ans,J2,J3,Energy,Sigma,gap,L,A1,A2,A3,B1,B2,phiA1
cb1,0.22500000000000003,0.3,-0.49546553361886514,1.2228758475488733e-09,-0.014306499081500397,0.7871912375956188,0.5167369319510366,0.06557300439033008,-0.398834157927101,0.19173609117396814,0.1807038298028554,1.9510740227621575
A1,A2,A3,B1,B2,phiA1
13.586798353060203,7.272737967412013,20.10025479393107,-20.1209049421891,-1.620148459835491,0.0013186587921598658
