ans,J2,J3,Energy,Sigma,gap,L,A1,A3,B1,B2,B3
3x3,0.22500000000000003,-0.15,-0.44168971379832683,1.0397318680957286e-09,0.09078401670270478,0.6393694324458554,0.49747427260222893,-0.09304933561870499,0.13626163530979557,0.18440434584210535,-0.055378352038210565
A1,A3,B1,B2,B3
10.814849016327344,-18.124279854703218,-9.584666393891439,-4.9273363167401385,21.86634207035354
ans,J2,J3,Energy,Sigma,gap,L,A1,A2,B1,B2,B3
q0,0.22500000000000003,-0.15,-0.5028604980634775,1.2394589773112513e-09,0.0021315233889029174,0.8250601984195488,0.5225203479009711,0.35781320102609004,0.22575443485751778,0.2163852936849529,-0.3846057201045716
A1,A2,B1,B2,B3
7.760125875222457,23.632318324473545,-5.985212325754219,-23.058221998439876,7.297162873953766
ans,J2,J3,Energy,Sigma,gap,L,A1,A2,A3,B1,B2,phiA1
cb1,0.22500000000000003,-0.15,-0.4584152698966012,4.154353232699886e-11,0.019413091614284467,0.6785750507384565,0.5068309353382573,0.028240310974342958,-0.17038240296708643,0.15506248920058202,0.0850782798899139,1.8043651338703783
A1,A2,A3,B1,B2,phiA1
2.8810287489022812,1.7780221739371882,-1.9496626535442374,-2.108924146426716,-1.9245161020364776,0.0004257855690248391
