ans,J2,J3,Energy,Sigma,gap,L,A1,A3,B1,B2,B3
3x3,-0.07500000000000001,-0.15,-0.47922565285510055,5.2963249731757495e-12,0.0016402413247220873,0.7398163213628808,0.5191018483002702,-0.251857466861085,0.1852343215075169,0.3231650085010264,-0.1357441075267099
A1,A3,B1,B2,B3
1.4267476089457887,-0.014432899320127035,-0.2639000129533997,0.2191580250610059,1.77280412572145
ans,J2,J3,Energy,Sigma,gap,L,A1,A2,B1,B2,B3
q0,-0.07500000000000001,-0.15,-0.4754292548633391,4.633904769533818e-11,0.0016632734924739627,0.7347808707895277,0.5168064063110833,0.22776598996436526,0.1835300400396049,0.19692757116043008,-0.2656243091119602
A1,A2,B1,B2,B3
0.9106049247975534,-1.6653345369377348,-4.448885704277927,2.6423307986078726,3.9952485764160883
ans,J2,J3,Energy,Sigma,gap,L,A1,A2,A3,B1,B2,phiA1
cb1,-0.07500000000000001,-0.15,-0.46544611994327845,8.268239923860401e-10,0.02014479489385063,0.6973941497289533,0.5119034773369301,0.034701385343099134,-0.21426382351082068,0.16484488870341343,0.13584723593222167,2.028252523339398
A1,A2,A3,B1,B2,phiA1
5.850708806320881,-2.186861802755402,-7.649825217725947,-17.041090760727684,0.11463052729254741,0.002094944137609467
