ans,J2,J3,Energy,Sigma,gap,L,A1,A3,B1,B2,B3
3x3,0.07500000000000001,0.07500000000000001,-0.46181509897659817,8.232830283386862e-10,0.006031171885667047,0.6907822094325388,0.5128163863887397,-0.2324866820017435,0.16669031477790022,0.2826218450697953,-0.09276858434590302
A1,A3,B1,B2,B3
5.743239217537166,5.2042259390816525,-2.2567503421555557,-19.337698109467283,-19.600376877093595
ans,J2,J3,Energy,Sigma,gap,L,A1,A2,B1,B2,B3
q0,0.07500000000000001,0.07500000000000001,-0.4648244573716134,9.540396749720957e-09,0.003711057315962613,0.7067455171216517,0.5170349701654775,0.22383478548741997,0.18370815413323244,0.1881720659070322,-0.2470260699747023
A1,A2,B1,B2,B3
64.98490634498921,56.157578587345824,-32.47491164870553,-18.28409645909801,-27.83445696152853
ans,J2,J3,Energy,Sigma,gap,L,A1,A2,A3,B1,B2,phiA1
cb1,0.07500000000000001,0.07500000000000001,-0.47491042877970224,2.9457260977350892e-09,-0.006020569481781647,0.7288986118394775,0.5176590775597839,0.04536399686988286,-0.3032570468057057,0.1799369384613713,0.15226551682856163,1.9308324753002941
A1,A2,A3,B1,B2,phiA1
16.155965454345278,14.864220965193908,38.01992054519587,-11.083356454832938,-7.9394268936994195,0.002885093005611239
