ans,J2,J3,Energy,Sigma,gap,L,A1,A3,B1,B2,B3
3x3,0.0,-0.3,-0.4619068267354192,4.2399240827020475e-10,0.002829312794845961,0.6915964065476669,0.5105310630038755,-0.17119031603464066,0.16453431471188495,0.0,-0.10891175996691092
A1,A3,B1,B2,B3
0.12428946760678627,-10.690004437208245,-17.47069156010639,0.0,2.115585484574467
ans,J2,J3,Energy,Sigma,gap,L,A1,A2,B1,B2,B3
q0,0.0,-0.3,-0.49406771398394433,1.9896183285705153e-10,-0.00045784406016098443,0.7966864720413764,0.5224848589250111,0.0,0.209408209268755,0.0,-0.34541443728137555
A1,A2,B1,B2,B3
2.689959366364292,-0.0,-12.074119482008427,0.0,6.778022587639043
ans,J2,J3,Energy,Sigma,gap,L,A1,A2,A3,B1,B2,phiA1
cb1,0.0,-0.3,-0.4581271152633723,7.881790572192138e-10,0.060882284761721715,0.6767361559652811,0.5063746357885512,0.0,-0.15935218039887938,0.15344545735184892,0.0,2.0264446032465315
A1,A2,A3,B1,B2,phiA1
13.362977391295772,0.0,-0.45946579874112103,-11.957657086725249,0.0,0.0021596602062246006
