ans,J2,J3,Energy,Sigma,gap,L,A1,A3,B1,B2,B3
3x3,0.07500000000000001,0.22500000000000003,-0.47096945831970377,5.495314675434715e-10,0.0050171761264152645,0.7163646836416371,0.5139964109307733,-0.2970776707807671,0.1733531597978486,0.3165780541623861,-0.09745691924415412
A1,A3,B1,B2,B3
10.468736988400451,7.617628750011818,-17.629897541837636,-2.7542412794900883,-7.969291893061836
ans,J2,J3,Energy,Sigma,gap,L,A1,A2,B1,B2,B3
q0,0.07500000000000001,0.22500000000000003,-0.4575726515391496,1.5658934930046168e-09,0.007044945708013654,0.6820899129822848,0.5112506920645525,0.17933881357317555,0.1687308634937054,0.17583787408582374,-0.19361684302332877
A1,A2,B1,B2,B3
17.599921520172757,17.161161380840895,-25.239199619164765,-16.962542481735454,-6.073364033909456
ans,J2,J3,Energy,Sigma,gap,L,A1,A2,A3,B1,B2,phiA1
cb1,0.07500000000000001,0.22500000000000003,-0.49267817461051067,1.2914505114096691e-09,-0.013284149585743213,0.779846130727244,0.5185480114183812,0.05350596800138442,-0.3820599855264547,0.19178224981649625,0.17918305032493384,1.9353898389345867
A1,A2,A3,B1,B2,phiA1
9.458545058294021,28.866353751766383,15.331957925468487,-10.770273561888644,-3.718914065586887,0.00019549960650344644
