ans,J2,J3,Energy,Sigma,gap,L,A1,A3,B1,B2,B3
3x3,0.0,-0.15,-0.46540739438105655,2.7640662048066785e-12,0.0026803079143421196,0.7009561231602829,0.5139182640874618,-0.20670441603369727,0.17069996375593116,0.0,-0.1116143065753254
A1,A3,B1,B2,B3
0.09114931032172535,-1.6026624471976447,-0.313693515607838,0.0,0.2980393709606233
ans,J2,J3,Energy,Sigma,gap,L,A1,A2,B1,B2,B3
q0,0.0,-0.15,-0.47844159348522,3.272855094744197e-10,0.00108687006009917,0.7484765608744296,0.5203901133997503,0.0,0.1955208545132085,0.0,-0.29759475026955196
A1,A2,B1,B2,B3
12.207457267265909,-0.0,-4.376388140769905,0.0,12.613909916581179
ans,J2,J3,Energy,Sigma,gap,L,A1,A2,A3,B1,B2,phiA1
cb1,0.0,-0.15,-0.4630589117209544,7.0774791950003776e-12,0.0167450411416292,0.6912223082598054,0.5110667638660976,0.0,-0.2061239873336286,0.16270816256180887,0.0,1.9765528880184693
A1,A2,A3,B1,B2,phiA1
1.6813772596435683,0.0,-1.4689915950327759,-1.4186984920172563,0.0,2.8250307648747253e-05
