ans,J2,J3,Converge,Energy,Sigma,gap,L,A1,A3,B1,B2,B3,phiB1,phiB2,phiA3
3x3_1,-0.07500000000000001,-0.15,True,-0.30063488036368075,2.786107887646141e-09,0.009390333407640169,0.5933160450559493,0.4050528590549722,0.15266237848525496,0.1245733986978471,0.20358983514995715,-0.07394111486389099,3.141659807250993,0.0007478363048823403,3.142912472934028
ans,J2,J3,Converge,Energy,Sigma,gap,L,A1,A2,B1,B2,B3,phiB1,phiA2,phiB2
q0_1,-0.07500000000000001,-0.15,True,-0.2988856772099169,2.3547177961464683e-09,0.0039060703179079493,0.5936449702243745,0.4041111743471783,0.12339740956922458,0.1263756231965494,0.13459592034148998,-0.15866720831594294,3.141444955433362,3.1991657457516114,3.1481892912791416
ans,J2,J3,Converge,Energy,Sigma,gap,L,A1,A2,A3,B1,B2,phiA1,phiB1,phiA2,phiB2
cb1,-0.07500000000000001,-0.15,True,-0.29849893345676154,3.3257655369016364e-09,0.04745299866113752,0.5799912321489019,0.40257755066547585,0.0487354616539161,-0.1431504142015021,0.11563860729609374,0.17379474939442885,2.009197636508622,3.1422942689856157,4.2412078229390024,5.254048459696003
