ans,J2,J3,Converge,Energy,Sigma,gap,L,A1,A3,B1,B2,B3,phiB1,phiB2,phiA3
3x3_1,-0.22499999999999998,-0.3,True,-0.3123065980949482,3.8870715826547455e-09,0.0042282742545695215,0.6426384304591805,0.40724187140350504,0.17984239166989438,0.13815813003127106,0.23769335792800272,-0.10121164709351077,3.142069216369319,-0.00014474205516294244,3.1405443098420287
ans,J2,J3,Converge,Energy,Sigma,gap,L,A1,A2,B1,B2,B3,phiB1,phiA2,phiB2
q0_1,-0.22499999999999998,-0.3,True,-0.30414664125130164,4.31033157429114e-09,0.0029052007268770695,0.6142740415375104,0.40313145981988446,0.12043087042777388,0.1261772968208254,0.13986470553405708,-0.1701273170533745,3.141760265555567,3.2090471301765895,3.1407292242906544
ans,J2,J3,Converge,Energy,Sigma,gap,L,A1,A2,A3,B1,B2,phiA1,phiB1,phiA2,phiB2
cb1,-0.22499999999999998,-0.3,True,-0.3042096432425212,3.2078892325548795e-09,0.050982946870004875,0.5984502370424741,0.4025010632132582,0.041987617987350886,-0.14641003630670496,0.11707106097294914,0.1814817654072517,2.027600692146673,3.1428321831572803,4.219656268076048,5.2703287250192785
