ans,J2,J3,Converge,Energy,Sigma,gap,L,A1,A3,B1,B2,B3,phiB1,phiB2,phiA3
3x3_1,0.3,0.07500000000000001,True,-0.2830627584824132,2.859203763070901e-09,0.13513685975771472,0.5268125197949555,0.39484065832931947,0.07123696693540088,0.09748386142164894,0.12944109388882646,-0.028150921333069717,3.141635731338127,-0.0006636079071529555,3.105417360500261
ans,J2,J3,Converge,Energy,Sigma,gap,L,A1,A2,B1,B2,B3,phiB1,phiA2,phiB2
q0_1,0.3,0.07500000000000001,True,-0.2989943789974521,2.645029660854927e-09,0.0030096122954504784,0.610526344159306,0.40720826913432173,0.21959556331576696,0.15136182750801463,0.1417973901054505,-0.22175749990429372,3.141419204698932,3.1548511638361094,3.143054584528396
ans,J2,J3,Converge,Energy,Sigma,gap,L,A1,A2,A3,B1,B2,phiA1,phiB1,phiA2,phiB2
cb1,0.3,0.07500000000000001,False,-0.2858353834278892,2.7900852808080963e-06,0.05576184628848182,0.5401123799953617,0.3989752983957246,0.07013391144628006,-0.11021702194283803,0.10973355496094805,0.14195168392547935,1.9438252613924392,3.131875901280796,4.280635039906443,5.1385460172869015
