ans,J2,J3,Converge,Energy,Sigma,gap,L,A1,A3,B1,B2,B3,phiB1,phiB2,phiA3
3x3_1,-0.3,-0.3,True,-0.32154992650869807,3.2192329688025287e-09,0.0033443756383591764,0.6798258313622219,0.40767325523921705,0.20256747673232392,0.14556196796443818,0.25807814669435025,-0.11366740972296087,3.1411943877157014,2.94604749992554e-05,3.1408950818537047
ans,J2,J3,Converge,Energy,Sigma,gap,L,A1,A2,B1,B2,B3,phiB1,phiA2,phiB2
q0_1,-0.3,-0.3,True,-0.3050847690296425,1.0004056078011545e-09,0.0029483009215104257,0.6149748593406263,0.40167686453637325,0.10925446630358288,0.12207011301578242,0.13892213489515995,-0.16107409515681273,3.142000558042104,3.2117587576746445,3.139654826203707
ans,J2,J3,Converge,Energy,Sigma,gap,L,A1,A2,A3,B1,B2,phiA1,phiB1,phiA2,phiB2
cb1,-0.3,-0.3,True,-0.30920654958327837,3.2688015917379106e-09,0.038403116714408235,0.6169369017364439,0.4028871948786632,0.04300262879051841,-0.16276063595867293,0.11992066659711441,0.19318146923175428,2.018611117708087,3.142191525228087,4.197826365360234,5.272446209674972
