ans,J2,J3,Converge,Energy,Sigma,gap,L,A1,A3,B1,B2,B3,phiB1,phiB2,phiA3
3x3_1,-0.07500000000000001,0.14999999999999997,True,-0.30924362182409465,8.367003833527635e-10,0.006885427824958941,0.6289481430589168,0.4058580976441056,0.22202827184681068,0.13266489602370823,0.23957480497620157,-0.08219632812016739,3.141592847449052,6.925170180794163e-05,3.142535810481148
ans,J2,J3,Converge,Energy,Sigma,gap,L,A1,A2,B1,B2,B3,phiB1,phiA2,phiB2
q0_1,-0.07500000000000001,0.14999999999999997,True,-0.29389737363341706,1.2396417411438315e-09,0.010286182678485335,0.5650894983244482,0.39936806993525364,0.08402185869943599,0.11107671112592224,0.1211091926823387,-0.10202757616198849,3.141590334001049,3.18504220433926,3.145023569800728
ans,J2,J3,Converge,Energy,Sigma,gap,L,A1,A2,A3,B1,B2,phiA1,phiB1,phiA2,phiB2
cb1,-0.07500000000000001,0.14999999999999997,True,-0.30932867366786526,4.935559447963505e-09,0.0063920738549641505,0.6302571422812353,0.4051118729193248,0.076121546479664,-0.2409662151120365,0.1305861585418895,0.22182004410093498,1.9620406030448811,3.141705075710821,4.141932263991834,5.274272941267945
