ans,J2,J3,Converge,Energy,Sigma,gap,L,A1,A3,B1,B2,B3,phiB1,phiB2,phiA3
3x3_1,-0.15,0.0,True,-0.31215180349258936,1.1113571359960203e-09,0.005099698924467325,0.641689321560789,0.40737200253954214,0.0,0.1372457925058983,0.2444256791303886,0.0,3.1416325930566575,0.0008216869104202732,0.0
ans,J2,J3,Converge,Energy,Sigma,gap,L,A1,A2,B1,B2,B3,phiB1,phiA2,phiB2
q0_1,-0.15,0.0,True,-0.2968875408995801,1.4427574818909963e-09,0.0058315756589321826,0.5781730162574885,0.40032067287088985,0.09042633012555056,0.11398678385383249,0.1266248906741642,0.0,3.1418267005059874,3.1993930379502085,3.1382824563041765
ans,J2,J3,Converge,Energy,Sigma,gap,L,A1,A2,A3,B1,B2,phiA1,phiB1,phiA2,phiB2
cb1,-0.15,0.0,True,-0.30805508778256113,4.295480886419892e-09,0.009907274108123736,0.6199776668239028,0.4049290402066608,0.0625978551060172,0.0,0.12596611189178333,0.20838912575057328,1.9808926847618817,3.1419963518087446,4.1717960734104444,5.271607792527578
