ans,J2,J3,Converge,Energy,Sigma,gap,L,A1,A3,B1,B2,B3,phiB1,phiB2,phiA3
3x3_1,0.07500000000000001,0.0,True,-0.29250587663568456,2.05175868133292e-09,0.05588346734735248,0.5595116024280016,0.40123671865258775,0.0,0.11192149579494978,0.17181837771682737,0.0,3.141632194490326,-0.004277973130353423,-0.0
ans,J2,J3,Converge,Energy,Sigma,gap,L,A1,A2,B1,B2,B3,phiB1,phiA2,phiB2
q0_1,0.07500000000000001,0.0,True,-0.29523247241234013,1.2317912075523636e-09,0.004671043578174606,0.5813364880697901,0.4051032960009015,0.14413906895645304,0.12944338285992044,0.13145935136744696,0.0,3.1418503228521346,3.160229854160069,3.145032544396843
ans,J2,J3,Converge,Energy,Sigma,gap,L,A1,A2,A3,B1,B2,phiA1,phiB1,phiA2,phiB2
cb1,0.07500000000000001,0.0,True,-0.29364094091709503,1.7877201981142112e-09,0.039764062478607365,0.5653188909131521,0.4023719296872948,0.05855962103851046,0.0,0.11498694164472516,0.16814287534563088,1.9751000166266577,3.14111069189948,4.206104487065776,5.232716779340813
