ans,J2,J3,Converge,Energy,Sigma,gap,L,A1,A3,B1,B2,B3,phiB1,phiB2,phiA3
3x3_1,0.14999999999999997,-0.22499999999999998,True,-0.2872066889252122,1.498223543849832e-09,0.09716445194306522,0.5400703811791046,0.3967831753538313,0.07373323041669289,0.10245837941272266,0.1389946828870607,-0.03881166876685925,3.141398868564938,0.0005754858717263525,3.1336545974206254
ans,J2,J3,Converge,Energy,Sigma,gap,L,A1,A2,B1,B2,B3,phiB1,phiA2,phiB2
q0_1,0.14999999999999997,-0.22499999999999998,True,-0.30659050685259615,1.8801712322845372e-09,0.0024366714582018294,0.6432689373223814,0.40764183585338054,0.2248045721894324,0.15367539997539176,0.1494289014088818,-0.24048361684648722,3.1416636025642144,3.1563555473771086,3.142259240259802
