ans,J2,J3,Converge,Energy,Sigma,gap,L,A1,A3,B1,B2,B3,phiB1,phiB2,phiA3
3x3_1,0.22500000000000003,0.3,True,-0.28875214092842055,3.4120578351187826e-09,0.10226399134763808,0.547356462444486,0.39923825936576435,0.1502005338328451,0.10725437194709256,0.17265537693080416,-0.03561022871497797,3.141864040934327,0.0003890343427164713,3.1409004780154772
ans,J2,J3,Converge,Energy,Sigma,gap,L,A1,A2,B1,B2,B3,phiB1,phiA2,phiB2
q0_1,0.22500000000000003,0.3,True,-0.28989926687877615,3.2288961385337136e-09,0.007256513339633577,0.5585457154193433,0.403354948685211,0.13158871461968702,0.125390539682435,0.12224318414159858,-0.13065502811796673,3.1417967957991437,3.161458358832806,3.1449773820681592
ans,J2,J3,Converge,Energy,Sigma,gap,L,A1,A2,A3,B1,B2,phiA1,phiB1,phiA2,phiB2
cb1,0.22500000000000003,0.3,True,-0.29457701674714476,2.520397225103284e-09,0.0057122681636155,0.5808341664302485,0.40457321492270737,0.09287908198386985,-0.21621773400364308,0.1275941997181733,0.20071452623639702,1.9220430208830703,3.1386421410080194,4.167264827291888,5.2441197702313325
