ans,J2,J3,Converge,Energy,Sigma,gap,L,A1,A3,B1,B2,B3,phiB1,phiB2,phiA3
3x3_1,0.14999999999999997,0.22500000000000003,True,-0.29179290441901956,3.5996457539279953e-09,0.07499432240871062,0.5581196222810741,0.4008170001787941,0.1556430802919802,0.11125152972337987,0.1808767717848171,-0.04266480980316509,3.141754797229271,0.0005779302720576294,3.1443523534826863
ans,J2,J3,Converge,Energy,Sigma,gap,L,A1,A2,B1,B2,B3,phiB1,phiA2,phiB2
q0_1,0.14999999999999997,0.22500000000000003,True,-0.29096802748667167,1.3014504265268931e-09,0.0075627639699256954,0.5607855455428342,0.4028253226529112,0.12199971409447906,0.12240627979327072,0.12264118834280709,-0.12567073931059594,3.141342917347443,3.16240730099711,3.1431892479971144
ans,J2,J3,Converge,Energy,Sigma,gap,L,A1,A2,A3,B1,B2,phiA1,phiB1,phiA2,phiB2
cb1,0.14999999999999997,0.22500000000000003,True,-0.2960371290452656,1.5742285084183025e-09,0.007353436370549227,0.5829453690036897,0.4047733578689743,0.08286208614725736,-0.20511293656366242,0.12544543125346547,0.19750568589850015,1.9391320045474891,3.140287711851332,4.169683207279382,5.245961702491156
