ans,J2,J3,Converge,Energy,Sigma,gap,L,A1,A3,B1,B2,B3,phiB1,phiB2,phiA3
3x3_1,-0.22499999999999998,0.0,True,-0.3218873965186607,3.9803334992500166e-10,0.003895774240799506,0.6803622229157283,0.4075590964654473,0.0,0.14450702378609032,0.2643231855677167,0.0,3.1414133466246925,-0.00013950881374197286,-0.0
ans,J2,J3,Converge,Energy,Sigma,gap,L,A1,A2,B1,B2,B3,phiB1,phiA2,phiB2
q0_1,-0.22499999999999998,0.0,True,-0.29817491174250366,1.9857840502622868e-09,0.005648083480507579,0.5812940663839877,0.39916037244416963,0.08224008175678194,0.11100649102706062,0.1265729487410299,0.0,3.1415470710188735,3.2091296215288905,3.1394325077794525
ans,J2,J3,Converge,Energy,Sigma,gap,L,A1,A2,A3,B1,B2,phiA1,phiB1,phiA2,phiB2
cb1,-0.22499999999999998,0.0,True,-0.31434809518306805,1.69473483097409e-09,0.006911106591091176,0.6434173440952206,0.40474147665395754,0.06417084057091087,0.0,0.12892236397507503,0.22012736659977764,1.977451544048627,3.142251279547228,4.158555592213317,5.277320787214422
