ans,J2,J3,Converge,Energy,Sigma,gap,L,A1,A3,B1,B2,B3,phiB1,phiB2,phiA3
3x3_1,-0.15,0.22500000000000003,True,-0.3227610661397152,2.711952688209903e-09,0.004729073711352142,0.6804764426373394,0.4048173822321788,0.26220369899456286,0.1408938558233219,0.2668170015634719,-0.0972962303460939,3.1413224255091112,-0.0004761690947308791,3.1415766799844786
ans,J2,J3,Converge,Energy,Sigma,gap,L,A1,A2,B1,B2,B3,phiB1,phiA2,phiB2
q0_1,-0.15,0.22500000000000003,True,-0.2944967961060157,4.060152398099861e-09,0.011801888377006648,0.5646882583686487,0.3974841265765902,0.07035620087455792,0.10605786492577189,0.11922342998649325,-0.08866151014049897,3.1409366636836897,3.200854214664463,3.1384189292153217
ans,J2,J3,Converge,Energy,Sigma,gap,L,A1,A2,A3,B1,B2,phiA1,phiB1,phiA2,phiB2
cb1,-0.15,0.22500000000000003,True,-0.321695415365573,2.8095082756147524e-09,0.004048627275609361,0.6767503157658231,0.40307865772852886,0.08329471009252915,-0.28341457258297087,0.13584176267555026,0.24263853214985628,1.956314044167003,3.140772637451317,4.121695398004116,5.286832229964357
