ans,J2,J3,Energy,Sigma,L,A1,A3,B1,B2,B3,phase,phase,phase,phase,phase,phase,phase,phase,phase,phase,phase,phase,phase,phase
3x3,0.02,-0.0049999999999999975,-0.46804886608419816,4.23571937722491e-12,0.7071196255763827,0.5157986831615997,-0.23882251505419427,0.17361072516946274,0.29758186658404606,-0.11049522567624087,100,100,100,100,100,100,100,100,100,100,100,100,100,100
A1,A3,B1,B2,B3
3.5658143098901185,-0.010269562977477014,-6.705025423570427,-0.1909028491051083,0.009825473767913068
ans,J2,J3,Energy,Sigma,L,A1,A2,B1,B2,B3,phase,phase,phase,phase,phase,phase,phase,phase,phase,phase,phase,phase,phase
q0,0.02,-0.0049999999999999975,-0.4683117894582942,1.0594521583560382e-11,0.716777467258016,0.5171921590036324,0.2257836309849366,0.18377694652959997,0.1923499881781403,-0.25482104364045216,0.06091765398333693,0.06091765398333693,0.06091765398333693,0.06091765398333693,0.06091765398333693,0.06091765398333693,0.06091765398333693,0.06091765398333693,0.06091765398333693,0.06091765398333693,0.06091765398333693,0.06091765398333693,0.06091765398333693
A1,A2,B1,B2,B3
1.9423351812543623,0.007105427357389587,-5.860589791065658,-0.10269562977477141,0.008493206138365463
ans,J2,J3,Energy,Sigma,L,A1,A2,A3,B1,B2,phiA1,phase,phase,phase,phase,phase,phase,phase,phase,phase,phase,phase,phase,phase,phase
cb1,0.02,-0.0049999999999999975,-0.47052161288434147,2.7570432236795077e-11,0.7148736906267361,0.516056890769958,0.040784763395652845,-0.2694247072750303,0.17462234853421965,0.1437619500601106,1.9492967380021338,100,100,100,100,100,100,100,100,100,100,100,100,100,100
A1,A2,A3,B1,B2,phiA1
3.2365221615604454,0.07782663402606793,-0.01004751837395307,-5.838829419783653,-0.08160139230752118,0.08753250901865328
