ans,J2,J3,Energy,Sigma,L,A1,A3,B1,B2,B3,phase
3x3,0.024999999999999998,-0.025,-0.4663277448820754,1.6638749131993703e-11,0.702267481045143,0.5150160918191357,-0.22889705107944722,0.17162164125346055,0.29088051486413297,-0.10819913258546854,100
A1,A3,B1,B2,B3
3.851807761840632,-0.05317968288091459,-5.742240016962897,-0.11840528557603623,0.04818367926863543
ans,J2,J3,Energy,Sigma,L,A1,A2,B1,B2,B3,phase
q0,0.024999999999999998,-0.025,-0.4698175529955807,7.343012795835942e-12,0.7221027532807459,0.5181569650763969,0.23463754589091534,0.18677614107348484,0.19441811908250872,-0.2647556779455424,0.15250269060287147
A1,A2,B1,B2,B3
4.666711460922885,0.410893541401544,-5.693778781620693,-0.10635936575592521,0.04174438572582274
ans,J2,J3,Energy,Sigma,L,A1,A2,A3,B1,B2,phiA1,phase
cb1,0.024999999999999998,-0.025,-0.4689435964298032,8.951464039353451e-12,0.7099859850286228,0.5152879960587872,0.03976434507644065,-0.25836856330853003,0.17253228395792114,0.13973449804993496,1.9494301489764254,100
A1,A2,A3,B1,B2,phiA1
3.7579384051035523,0.09636735853727076,-0.05351274978682545,-5.907663247308365,-0.10297318553663545,0.0812109601790773
