ans,J2,J3,Converge,Energy,Sigma,gap,L,A1,A3,B1,B2,B3,phiB1,phiB2,phiA3
3x3_1,0.14999999999999997,0.07500000000000001,True,-0.28931873021790216,1.573504384293038e-09,0.08778040879637154,0.5479186959191719,0.399525923581952,0.11606712271475683,0.10738351104930587,0.16070375139850046,-0.040276401037541806,3.1414249505935046,0.0015386844255730642,3.150915135935616
ans,J2,J3,Converge,Energy,Sigma,gap,L,A1,A2,B1,B2,B3,phiB1,phiA2,phiB2
q0_1,0.14999999999999997,0.07500000000000001,True,-0.29405081628991603,1.914652712335715e-09,0.0012642865094772725,0.5789203336557137,0.40569169139181865,0.1542779978820298,0.13251145244944654,0.13112306844836571,-0.16253469099857534,3.1414233485900023,3.161233431513121,3.1427884403808366
