ans,J2,J3,Converge,Energy,Sigma,gap,L,A1,A3,B1,B2,B3,phiB1,phiB2,phiA3
3x3_1,0.0,0.07500000000000001,True,-0.29924068204519366,9.359836597461142e-10,0.009235500696381653,0.5873460910581865,0.40438510294113494,0.17288533241893897,0.12196505511325455,0.0,-0.06382758918031245,3.141621833077962,0.0,3.13967497726517
ans,J2,J3,Converge,Energy,Sigma,gap,L,A1,A2,B1,B2,B3,phiB1,phiA2,phiB2
q0_1,0.0,0.07500000000000001,True,-0.29386582911691356,3.7593096471657506e-10,0.0051410571025604585,0.5687087448549702,0.4017908448658942,0.0,0.11808938216006212,0.0,-0.12191218668811192,3.141849796578724,-0.0,0.0
ans,J2,J3,Converge,Energy,Sigma,gap,L,A1,A2,A3,B1,B2,phiA1,phiB1,phiA2,phiB2
cb1,0.0,0.07500000000000001,True,-0.3000003273409361,7.332764311311075e-10,0.005626735015184599,0.5919489191719642,0.40464948041837084,0.0,-0.1895657435566637,0.12284753229463719,0.0,1.9707493781856604,3.1418499449593726,0.0,0.0
