ans,J2,J3,Converge,Energy,Sigma,gap,L,A1,A3,B1,B2,B3,phiB1,phiB2,phiA3
3x3_1,0.07500000000000001,0.22500000000000003,True,-0.2973222765100226,1.8187956577948143e-09,0.03565878661989918,0.5799176239277822,0.40267146568541823,0.18653304016502567,0.11824443561683727,0.20300001779192414,-0.053762785524707826,3.141566458276396,0.0008798191261107128,3.1424329369726314
ans,J2,J3,Converge,Energy,Sigma,gap,L,A1,A2,B1,B2,B3,phiB1,phiA2,phiB2
q0_1,0.07500000000000001,0.22500000000000003,True,-0.29128404666676905,1.4828458301011672e-09,0.0038364104686575656,0.5582575000158938,0.40096325439278696,0.1023638746533903,0.11619027376406532,0.12013383461154512,-0.10890548392836889,3.1412705435240937,3.178509050232868,3.138943013369602
