ans,J2,J3,Converge,Energy,Sigma,gap,L,A1,A3,B1,B2,B3,phiB1,phiB2,phiA3
3x3_1,0.22500000000000003,0.14999999999999997,True,-0.28650326867028925,1.0421847246797248e-09,0.11401430244951623,0.5382265995349873,0.3978993088311702,0.10660295906981675,0.10346558392771497,0.15106193838860626,-0.033934150427723346,3.1412510333561667,0.00012311640366530072,3.140683328379613
ans,J2,J3,Converge,Energy,Sigma,gap,L,A1,A2,B1,B2,B3,phiB1,phiA2,phiB2
q0_1,0.22500000000000003,0.14999999999999997,True,-0.29325527603770846,4.176231669339465e-09,0.001189279437337735,0.5780722779449102,0.4061572055050709,0.1663413106544821,0.13612622264909358,0.13127665329328583,-0.16972807619658156,3.141357353169696,3.157552030480509,3.1441234001260203
