ans,J2,J3,Converge,Energy,Sigma,gap,L,A1,A3,B1,B2,B3,phiB1,phiB2,phiA3
3x3_1,-0.15,-0.15,True,-0.30764559481914083,2.9092695163174822e-09,0.0016818026657356845,0.6232724028110106,0.4070054183529543,0.18070324506510219,0.13348741303379164,0.22847774980815286,-0.0897914549666438,3.1413167068751284,-1.7569378697632427e-05,3.1400726681880102
ans,J2,J3,Converge,Energy,Sigma,gap,L,A1,A2,B1,B2,B3,phiB1,phiA2,phiB2
q0_1,-0.15,-0.15,True,-0.29952438973674345,1.079194736685176e-09,0.001115462771326344,0.5932150571511107,0.4025791105771073,0.10982722648805683,0.12163947070506867,0.13331267452006196,-0.14756016578165324,3.1416347519749674,3.204826334271248,3.1399877457991274
ans,J2,J3,Converge,Energy,Sigma,gap,L,A1,A2,A3,B1,B2,phiA1,phiB1,phiA2,phiB2
cb1,-0.15,-0.15,True,-0.30298117766579874,7.923607999026437e-10,0.028703893073738287,0.596531844211325,0.40341020119633525,0.04944121400166419,-0.16118604817401902,0.11885626189738524,0.18611100198070776,2.009085266540721,3.142307938051821,4.192246930837214,5.265082747905685
