ans,J2,J3,Converge,Energy,Sigma,gap,L,A1,A3,B1,B2,B3,phiB1,phiB2,phiA3
3x3_1,0.0,0.0,True,-0.29753148178674765,1.3703404405409486e-11,0.013618297868838319,0.5799210920387934,0.4038474076746298,0.0,0.11969569181824488,0.0,0.0,3.1416365098549703,0.0,0.0
ans,J2,J3,Converge,Energy,Sigma,gap,L,A1,A2,B1,B2,B3,phiB1,phiA2,phiB2
q0_1,0.0,0.0,True,-0.2951206501913043,5.716277632731678e-10,0.003603150112690633,0.5760020817767864,0.4031119842293934,0.0,0.12221806301957344,0.0,0.0,3.141956591633144,0.0,0.0
ans,J2,J3,Converge,Energy,Sigma,gap,L,A1,A2,A3,B1,B2,phiA1,phiB1,phiA2,phiB2
cb1,0.0,0.0,True,-0.29767670501374305,5.3820804850078756e-11,0.019080267405695357,0.5803284561330321,0.40357491822753766,0.0,0.0,0.11846479755713257,0.0,1.9847204674930834,3.1416566196394355,0.0,0.0
