ans,J2,J3,Converge,Energy,Sigma,gap,L,A1,A3,B1,B2,B3,phiB1,phiB2,phiA3
3x3_1,0.14999999999999997,0.14999999999999997,True,-0.2903581105972091,1.0876303029112948e-09,0.08235963060091765,0.5521453851701492,0.40027853638014016,0.13376052522041365,0.10923127709705645,0.16984555111453847,-0.0413961871853682,3.141426641549744,0.00029000779765733906,3.1447610594424558
ans,J2,J3,Converge,Energy,Sigma,gap,L,A1,A2,B1,B2,B3,phiB1,phiA2,phiB2
q0_1,0.14999999999999997,0.14999999999999997,True,-0.29230479185161373,3.6122545583682384e-09,0.001644454643739615,0.5687415628768991,0.4042839228190333,0.1370891592358144,0.12715149420914001,0.126648720264117,-0.14289477844805792,3.141136435736672,3.1651189334790106,3.143988236546874
