ans,J2,J3,Converge,Energy,Sigma,gap,L,A1,A3,B1,B2,B3,phiB1,phiB2,phiA3
3x3_1,-0.07500000000000001,-0.07500000000000001,True,-0.30213263958376535,1.4330413449901805e-09,0.0030513886578702916,0.5997418791763031,0.40568141396462576,0.1675601499930213,0.12662030289676968,0.211584529295388,-0.0757390929412061,3.1413026431174913,0.001210467928705043,3.1459558820790776
