ans,J2,J3,Energy,Sigma,gap,L,A1,A2,A3,B1,B2,phiA1
cb1,0.0,0.14999999999999997,-0.48653950270598434,1.4943879015017518e-11,0.003192311155584778,0.762379186887397,0.5191441001319679,0.0,0.353412668197541,0.18870426199501125,0.0,1.943068844498661
A1,A2,A3,B1,B2,phiA1
3.8654635048374075,0.0,0.24358293160275934,-5.310862860596899,0.0,0.13013710109532894
ans,J2,J3,Energy,Sigma,gap,L,A1,A3,B1,B2,B3
3x3,0.0,0.14999999999999997,-0.4803148571958883,9.195926563696824e-12,-0.00031310626610242607,0.7430651307722093,0.5174683040704388,0.30765718476259435,0.18352362478426562,0.0,0.11739934451396643
A1,A3,B1,B2,B3
3.8347103270552907,0.24724666758402236,-5.341838082983941,0.0,-0.3305133944309091
ans,J2,J3,Energy,Sigma,gap,L,A1,A2,B1,B2,B3
q0,0.0,0.14999999999999997,-0.4615457247993294,6.821821202648868e-13,0.00507822547734161,0.6897921215685356,0.5111078402072948,0.0,0.16603181554809215,0.0,0.19636916996658926
A1,A2,B1,B2,B3
3.585021168817093,-0.0,-6.397493645948771,0.0,-0.4451439217234565
