ans,J2,J3,Energy,Sigma,gap,L,A1,A3,B1,B2,B3
3x3,-0.11249999999999999,0.03749999999999998,-0.4989704346928917,7.472818415653716e-12,-0.004208155484548276,0.794228649228519,0.5214385607035685,0.3237917791323326,0.1976720303196644,0.3663367933380167,0.14657170136748937
A1,A3,B1,B2,B3
3.9661607331709092,0.06683542608243442,-4.828915045607118,0.5151434834260726,-0.07827072323607354
ans,J2,J3,Energy,Sigma,gap,L,A1,A2,B1,B2,B3
q0,-0.11249999999999999,0.03749999999999998,-0.46667186627454343,1.8639240924161973e-11,0.004435333987449155,0.7014198590924847,0.5095340469737507,0.166521503634807,0.16182142225955481,0.1824294400402984,0.19692778551354723
A1,A2,B1,B2,B3
3.4158786910154504,-0.7239764343580646,-6.728062551530911,0.4392042285417119,-0.08243405957841787
ans,J2,J3,Energy,Sigma,gap,L,A1,A2,A3,B1,B2,phiA1
cb1,-0.11249999999999999,0.03749999999999998,-0.47997682428592514,4.1709389021988593e-11,0.006543559623177617,0.7421271817516792,0.5186778583183521,0.04152434088940177,0.31240955687140115,0.1836284489308792,0.16449693285838857,1.967523515513408
A1,A2,A3,B1,B2,phiA1
3.8471448249310924,-0.5137001934940599,0.07038813976123492,-5.434763750145066,0.41955328100584666,0.10808621775382221
