ans,J2,J3,Energy,Sigma,gap,L,A1,A3,B1,B2,B3
3x3,0.14999999999999997,-0.07500000000000001,-0.44763361346692077,9.072025222627985e-12,0.053483879971218874,0.6540229172611386,0.5031229706105921,0.1387284698370384,0.1471105569514236,0.21783352950084484,0.06636190799638222
A1,A3,B1,B2,B3
3.416211757922838,-0.18951507030351422,-6.6542882315445695,-0.9731104810839497,0.1411093464298574
ans,J2,J3,Energy,Sigma,gap,L,A1,A2,A3,B1,B2,phiA1
cb1,0.14999999999999997,-0.07500000000000001,-0.46245698331196256,5.850028402407504e-12,0.020762976883646506,0.6907835802092316,0.5111449030375025,0.036385764215118646,0.21334769023188488,0.16312440644169157,0.11323598097743436,1.8914904976778044
A1,A2,A3,B1,B2,phiA1
3.6244895973425173,0.47178927431446027,-0.18490764475131982,-6.310174605062002,-0.7384093336781916,0.055138754673222934
ans,J2,J3,Energy,Sigma,gap,L,A1,A2,B1,B2,B3
q0,0.14999999999999997,-0.07500000000000001,-0.4851587543291891,1.2005832048976993e-11,0.002737078625644208,0.7719481135263206,0.5244946812446335,0.3147286072063141,0.2128447335718608,0.20883336496331975,0.3452498946514131
A1,A2,B1,B2,B3
4.11404244005098,0.02808864252301646,-4.219180560482982,-0.7158718062783009,1.1269873922969964
