ans,J2,J3,Energy,Sigma,gap,L,A1,A3,B1,B2,B3
3x3,-0.22499999999999998,-0.11249999999999999,-0.5187200979698111,9.530108072819867e-12,-0.007719443157970662,0.8470450689877778,0.5230092259827787,0.32855234303679254,0.20818648256099492,0.3866432948540191,0.16857545119119507
A1,A3,B1,B2,B3
2.7017277304253184,-0.25057733665789783,-4.776290474239886,1.6123768986631148,0.21471713296250527
ans,J2,J3,Energy,Sigma,gap,L,A1,A2,B1,B2,B3
q0,-0.22499999999999998,-0.11249999999999999,-0.47434099599924334,2.391301135949239e-12,0.003618709663766938,0.720871025804301,0.5089021464409278,0.16858387553023083,0.16108450920662198,0.1890731860009762,0.21031761368679786
A1,A2,B1,B2,B3
3.2622238244073287,-2.148059508044753,-6.907141525402949,0.9963696534498467,0.15698553568199713
ans,J2,J3,Energy,Sigma,gap,L,A1,A2,A3,B1,B2,phiA1
cb1,-0.22499999999999998,-0.11249999999999999,-0.4734750191021961,9.159583454359805e-12,0.02038819927109182,0.7192070164021848,0.514583732840818,0.035656558293501624,0.24706228302639127,0.17273797710603017,0.15633344160128554,2.0724414739125785
A1,A2,A3,B1,B2,phiA1
3.7655989437723747,-1.2500001034254637,-0.28910207561239076,-5.84493564659283,0.7588374373312945,0.0454740356481409
