ans,J2,J3,Energy,Sigma,gap,L,A1,A2,A3,B1,B2,phiA1
cb1,0.3,0.22500000000000003,-0.4809670757556347,1.039821073010251e-11,0.0040299326518340615,0.7475725530821433,0.516916803324952,0.0667604850865889,0.3467294538307425,0.18390126987741712,0.1608465534546722,1.9476055249939814
A1,A2,A3,B1,B2,phiA1
3.805955550717499,0.8351097591230427,0.3079758670310184,-5.537237335317968,-1.4493961586481419,0.1259330750791321
ans,J2,J3,Energy,Sigma,gap,L,A1,A3,B1,B2,B3
3x3,0.3,0.22500000000000003,-0.43934710628662205,7.013826486468739e-12,0.08969684570768395,0.6346637923372229,0.49959067131393864,0.1462293031458639,0.13902693170036223,0.20632362218223738,0.04458399845420867
A1,A3,B1,B2,B3
3.484490473937285,0.12811973704174306,-6.2059246630497,-2.3794854975278668,-0.516087172997004
ans,J2,J3,Energy,Sigma,gap,L,A1,A2,B1,B2,B3
q0,0.3,0.22500000000000003,-0.4685727969624015,1.3710502631794486e-11,0.0037805922133650094,0.7233980097326562,0.5228913203380534,0.295859833982558,0.20754433260523955,0.19612489910913336,0.30948687367282424
A1,A2,B1,B2,B3
3.5108582707721325,0.08837375276016246,-5.432765348700741,-1.864730592160413,-1.003086502748829
