ans,J2,J3,Energy,Sigma,gap,L,A1,A3,B1,B2,B3
3x3,0.14999999999999997,-0.2625,-0.4457090220658704,9.796291999828618e-12,0.05156348287670748,0.6499728790095647,0.4999274385335904,0.10561298787825261,0.14215414347144273,0.19969094426652356,0.06646105520666312
A1,A3,B1,B2,B3
3.2341351818843123,-1.1058376436778872,-7.16360304409136,-1.0477729794899915,0.41627812308320244
ans,J2,J3,Energy,Sigma,gap,L,A1,A2,B1,B2,B3
q0,0.14999999999999997,-0.2625,-0.51098463885342,7.13395331607686e-12,0.0022888329124002332,0.8444497280057977,0.5235992967734454,0.35769048739034837,0.22545159435002066,0.2200361032728815,0.39265835649371905
A1,A2,B1,B2,B3
2.9852786909145834,4.220734872717458,-4.835798428359794,-1.5143442055887135,0.8182343691487404
ans,J2,J3,Energy,Sigma,gap,L,A1,A2,A3,B1,B2,phiA1
cb1,0.14999999999999997,-0.2625,-0.45639844868454077,2.1016798296564815e-11,0.04296729949373593,0.6726586938570439,0.5049151584500344,0.02345456572235311,0.14899923650062014,0.1515632063365815,0.07905697578167568,1.809137683147341
A1,A2,A3,B1,B2,phiA1
3.4507396939886803,0.4625189120588402,-1.082745004765684,-6.681877273706505,-0.8001932449985816,0.008197226231132504
