ans,J2,J3,Energy,Sigma,gap,L,A1,A3,B1,B2,B3
3x3,0.1875,0.1875,-0.4499803238274555,1.2471882326518877e-11,0.06730684539872127,0.6606921552439116,0.5064195495533499,0.20586358529793283,0.15282273588311202,0.2499784143156219,0.06296742814115283
A1,A3,B1,B2,B3
3.6047276275041895,0.20394796962364126,-6.045941525201215,-1.1516898545949061,-0.4332090242087361
ans,J2,J3,Energy,Sigma,gap,L,A1,A2,B1,B2,B3
q0,0.1875,0.1875,-0.46341528477618726,3.271696673828777e-11,0.004181575067097492,0.7040943492624995,0.5197613822011752,0.2462549760955177,0.19150067904653673,0.18840714795506,0.2630097160210079
A1,A2,B1,B2,B3
4.307720846696839,0.597688565306953,-5.20983256535601,-0.7852607453173732,-0.5032640970625835
ans,J2,J3,Energy,Sigma,gap,L,A1,A2,A3,B1,B2,phiA1
cb1,0.1875,0.1875,-0.4815449709824623,6.350575678347151e-12,0.0039440982065428965,0.7489186152049285,0.5179261494191391,0.05668995845306897,0.34419928818938034,0.18490995481465572,0.16317687427696734,1.938148103885016
A1,A2,A3,B1,B2,phiA1
3.8303804572592526,0.6006306563222097,0.2767786000390515,-5.501377131622576,-0.8421041641781812,0.12551475414568358
