ans,J2,J3,Energy,Sigma,gap,L,A1,A3,B1,B2,B3
3x3,0.22500000000000003,-0.1875,-0.4406921813342055,5.481719257483222e-12,0.08942649391041582,0.6383160348678291,0.49662275498595027,0.08815329351658416,0.13558845439844142,0.18196555497986616,0.054093144581756666
A1,A3,B1,B2,B3
3.2068236954785334,-0.6754596881819452,-7.050471317882057,-1.8613444119353062,0.32612801348363973
ans,J2,J3,Energy,Sigma,gap,L,A1,A2,B1,B2,B3
q0,0.22500000000000003,-0.1875,-0.5117961228578903,5.973066754267123e-12,0.0024065802762881817,0.846333719546571,0.5228970968488161,0.3690486973829834,0.22845308369656195,0.21983557489373468,0.3986144708578376
A1,A2,B1,B2,B3
2.9850566463096584,4.162448163924637,-5.4436455343420675,-0.6951106357178105,1.4900303213494226
ans,J2,J3,Energy,Sigma,gap,L,A1,A2,A3,B1,B2,phiA1
cb1,0.22500000000000003,-0.1875,-0.457337195503665,9.884431034252536e-12,0.037611507935255535,0.6755397604341978,0.5056294617159447,0.02497228665377391,0.15829449824071362,0.15305461718562438,0.07769018354705357,1.7815672312044901
A1,A2,A3,B1,B2,phiA1
3.469224907348689,0.6049050149670165,-0.6591949208711867,-6.692479903591675,-1.370625835050987,0.007159928205879851
