ans,J2,J3,Energy,Sigma,gap,L,A1,A3,B1,B2,B3
3x3,-0.1875,0.11249999999999999,-0.5282575914831906,6.553539783856284e-12,-0.006161332781568368,0.8686945761188168,0.5210904590505582,0.3683398904672479,0.20790471979507816,0.39789367960529104,0.16320670820360217
A1,A3,B1,B2,B3
4.167333145232988,0.18107737531636303,-4.673816889066984,1.0370593273023587,-1.563527085579608
ans,J2,J3,Energy,Sigma,gap,L,A1,A2,B1,B2,B3
q0,-0.1875,0.11249999999999999,-0.46574411646605257,4.384928772047266e-12,0.005354843552147249,0.6950603541988567,0.5042680826763637,0.1337605927543634,0.14974659703676407,0.17674247554364547,0.16291066655629616
A1,A2,B1,B2,B3
3.32495142529865,-1.6002199565434694,-7.425393633297972,0.7030487303438804,-0.32623903578610225
ans,J2,J3,Energy,Sigma,gap,L,A1,A2,A3,B1,B2,phiA1
cb1,-0.1875,0.11249999999999999,-0.49273245538609634,1.2541201088870066e-11,0.0027697520560600133,0.778444620403755,0.5197900464738385,0.04298300906888435,0.360365531108141,0.19216930374088514,0.18118188864345636,1.9540749908238007
A1,A2,A3,B1,B2,phiA1
3.886002630792973,-0.9049427873719651,0.1957323192414151,-5.186295837233956,0.6941114349956479,0.13171789214894147
