ans,J2,J3,Energy,Sigma,gap,L,A1,A3,B1,B2,B3
3x3,0.3,-0.3,-0.43687537788528746,1.2466119188852583e-10,0.09870660131357732,0.6298685610022974,0.4925194568511161,0.056839033474539245,0.12797671354571472,0.15951903124068958,0.04893458435492909
A1,A3,B1,B2,B3
2.1641577419018176,-3.1857849691618867,-9.981571125194932,-2.844391389089651,1.4512280266387734
ans,J2,J3,Energy,Sigma,gap,L,A1,A2,B1,B2,B3
q0,0.3,-0.3,-0.54431970927227,4.087920503714325e-09,0.0009691798701716042,0.928657430724105,0.5172360194900286,0.4020517316246467,0.23655076505084957,0.22602849258941662,0.42741681749895916
A1,A2,B1,B2,B3
31.099678388102348,41.54543375989306,-16.04261168353105,-21.718404852322237,25.800250824659088
