ans,J2,J3,Energy,Sigma,gap,L,A1,A3,B1,B2,B3
3x3,-0.15,-0.15,-0.4965410267265471,1.2119053587362974e-09,0.0008796734819440899,0.7873989706695874,0.522250297595819,0.2903822401621683,0.19772894363314064,0.357157357013147,0.15544589977334303
A1,A3,B1,B2,B3
7.634892718044739,-15.590861934811073,-22.72249055579323,2.3826496331480485,19.711676735312267
ans,J2,J3,Energy,Sigma,gap,L,A1,A2,B1,B2,B3
q0,-0.15,-0.15,-0.47490333682661123,7.150828867191772e-10,0.0013708058322359498,0.7289889839191023,0.5133298173810058,0.20078960809953872,0.1733460239888372,0.1942063949439742,0.24170847836377454
A1,A2,B1,B2,B3
5.242473122279989,-13.685608202251842,-14.861112340724958,10.50881603958942,13.00060059605812
