ans,J2,J3,Energy,Sigma,L,A1,A3,B1,B2,B3
3x3,0.21000000000000002,0.09000000000000002,-0.5343051519408466,4.287781424512256,0.5000000075271275,0.50184056325774,1.7774307175424162e-09,0.1240310096870023,0.13116337358635527,0.0007240372603838501
A1,A3,B1,B2,B3
4.440892026882407,0.0,-2.2204460504190577,0.0,2.2204460492045097
ans,J2,J3,Energy,Sigma,L,A1,A2,B1,B2,B3
q0,0.21000000000000002,0.09000000000000002,-0.5320838077483098,0.10546729961635687,0.8090333291084812,0.5048994722304284,0.20020066072082188,0.17597364335716026,0.10001934326542558,0.09990687025524504
A1,A2,B1,B2,B3
776.0458777983893,122.12453283723295,192.06858346116857,61.06226641870321,61.062266419830785
ans,J2,J3,Energy,Sigma,L,A1,A2,A3,B1,B2,phiA1
cb1,0.21000000000000002,0.09000000000000002,-0.4282515991901372,0.015987316972683355,0.5000000075271275,0.3159925389337281,-0.13645166594789962,6.610696135189609e-05,0.060067729078890957,0.05030149504110736,-1.1596804963609113
A1,A2,A3,B1,B2,phiA1
-29.97602153091028,2.775557564411601,0.0,-9.436895699796894,0.0,2.2204460762324847
