ans,J2,J3,Energy,Sigma,L,A1,A3,B1,B2,B3
3x3,0.02999999999999997,0.14999999999999997,-0.5423931978793243,0.1047890277713708,0.8089710336608331,0.5026409484809649,0.00019433237810679942,0.16451693384058955,0.09838382597812048,3.5942687998093245e-05
A1,A3,B1,B2,B3
2189.359806865657,-3.330669073877194,2188.2495838370623,1094.679903432784,1099.1207943787801
ans,J2,J3,Energy,Sigma,L,A1,A2,B1,B2,B3
q0,0.02999999999999997,0.14999999999999997,-0.44026815518662665,0.04892727779167937,0.5000000075271275,0.27710765016768374,4.318388019799004e-05,0.0030813104183632007,5.3201802275447174e-05,0.022685307344752347
A1,A2,B1,B2,B3
-70.49916174692615,-2.220446049251463,-24.980018054214373,-2.220446049251463,-3.330669072970526
ans,J2,J3,Energy,Sigma,L,A1,A2,A3,B1,B2,phiA1
cb1,0.02999999999999997,0.14999999999999997,-0.4316446456743098,9.213802729390903e-05,0.5000000075271275,0.31267050327990725,-0.013892107080308545,0.06733895267723343,0.04911373208266959,4.783977052143091e-05,0.6217967047006112
A1,A2,A3,B1,B2,phiA1
-21.09423737298674,1.6653345366688999,1.110223025816682,-6.661338150129604,2.220446049251463,-1.1102230258213897
