ans,J2,J3,Energy,Sigma,L,A1,A3,B1,B2,B3
3x3,0.0,0.18,-0.5428806654207412,0.09587883623188832,0.8090199714956732,0.5012621077690083,0.00011416512997747461,0.1631208850110446,0.0,2.0514578357532148e-05
A1,A3,B1,B2,B3
2656.763700723972,-3.330669073877194,683.8973838898924,0.0,71.05427357599866
ans,J2,J3,Energy,Sigma,L,A1,A2,B1,B2,B3
q0,0.0,0.18,-0.4367752899002723,0.004297322293965233,0.5000000075271275,0.3020009792155534,0.0,0.0648183981193744,0.0,0.10009015627272384
A1,A2,B1,B2,B3
-628.3862291111012,-0.0,-165.42323084312946,-0.0,-7.216449668025274
ans,J2,J3,Energy,Sigma,L,A1,A2,A3,B1,B2,phiA1
cb1,0.0,0.18,-0.3113858762810297,0.3456762438972276,0.5432038843859247,0.30527126632167434,0.0,0.9999338930386481,0.07912442678462166,0.0,-1.738531115485628
A1,A2,A3,B1,B2,phiA1
28.86579883233847,0.0,13.87778782276737,6.106226644203524,0.0,12.212453419343717
