ans,J2,J3,Energy,Sigma,L,A1,A3,B1,B2,B3
3x3,0.0,0.14999999999999997,-0.5471192844238967,0.15004694772274016,0.8090383783378515,0.5044441267080425,0.01690971575408297,0.17604802599880573,0.0,0.0004092670742831005
A1,A3,B1,B2,B3
51.07025805240861,1342.2596363221205,1411.0934657796095,0.0,2676.7477123595154
ans,J2,J3,Energy,Sigma,L,A1,A2,B1,B2,B3
q0,0.0,0.14999999999999997,-0.4360686757802978,0.0034144017157580406,0.5000000075271275,0.3046769659513984,0.0,0.06682758223395852,0.0,0.10008606957363986
A1,A2,B1,B2,B3
-517.3639271480454,-0.0,-131.5614285567181,-0.0,-2.7755575651054905
ans,J2,J3,Energy,Sigma,L,A1,A2,A3,B1,B2,phiA1
cb1,0.0,0.14999999999999997,-0.31380083667796815,0.3703124808327671,0.5130946486826609,0.30469106947748886,0.0,0.9999338930386481,0.07958308406454576,0.0,-1.8992537594900847
A1,A2,A3,B1,B2,phiA1
2.775557547616383,0.0,-2.2204460516427793,-9.992007232436876,0.0,-0.5551115191556993
