ans,J2,J3,Energy,Sigma,L,A1,A3,B1,B2,B3
3x3,-0.15,-0.18,-0.5594875844739053,0.11410619838433173,0.8090392084153954,0.4977134480884145,0.1811976369128692,0.17604802434396274,0.10016673300511827,0.1001532768707152
A1,A3,B1,B2,B3
185.4072442779189,435.2074261111188,502.93103068637015,460.7425557048158,-1.1102230265973076
ans,J2,J3,Energy,Sigma,L,A1,A2,B1,B2,B3
q0,-0.15,-0.18,-0.44026753739778635,0.04782065596075421,0.5000000075271275,0.2772048267725362,0.0011862412896422284,0.0036894581119498826,0.029104073896299484,0.0016090659927024006
A1,A2,B1,B2,B3
-57.73159766190138,-1.665334536947625,-21.094237470778808,0.0,0.555111512315875
ans,J2,J3,Energy,Sigma,L,A1,A2,A3,B1,B2,phiA1
cb1,-0.15,-0.18,-0.43565543012940366,0.029839010000945732,0.5000000075271275,0.2909034257183489,-0.039849876400531996,0.008013488121407454,0.012797499646768825,0.1108517484803724,-2.8444697847490805
A1,A2,A3,B1,B2,phiA1
-13.877787745020807,-0.5551115118343924,0.0,-7.216449661358229,0.0,-0.5551115190581212
