ans,J2,J3,Energy,Sigma,L,A1,A3,B1,B2,B3
3x3,-0.06,0.06,-0.5472577514144432,0.1411210720846304,0.8090383847266385,0.5027976324390386,0.13190275794395273,0.17604802348098134,0.10016671118353264,0.0008233565864054258
A1,A3,B1,B2,B3
858.2023989391175,868.1944061707778,1726.3968051112004,867.0841831450479,868.1944052390392
ans,J2,J3,Energy,Sigma,L,A1,A2,B1,B2,B3
q0,-0.06,0.06,-0.5878019752189363,0.2553128466094903,0.5870290183721524,0.36860414949739834,0.9999692987151063,0.02582519552928027,0.19358811875051585,0.0003853186606458339
A1,A2,B1,B2,B3
601.7408766396453,36.63735985210586,131.00631686161606,21.09423749008328,8.881784197054
ans,J2,J3,Energy,Sigma,L,A1,A2,A3,B1,B2,phiA1
cb1,-0.06,0.06,-0.4325467349512235,0.02544446016338982,0.5000000075271275,0.29330586349296833,-0.12093727511538581,0.3070580440050421,0.013410918276327562,5.320180231820175e-05,0.24334208560047288
A1,A2,A3,B1,B2,phiA1
-12.2124532150632,0.5551115129517091,0.5551115160331971,-5.551115122195784,-0.5551115123128657,-0.5551115128969485
