ans,J2,J3,Energy,Sigma,L,A1,A3,B1,B2,B3
3x3,-0.24,-0.18,-0.6059329606900966,2.9984172745865894,0.5000000075271275,0.43018255180372716,0.0004265136596641641,8.383822054924828e-07,0.18753962171070326,0.19819881566896747
A1,A3,B1,B2,B3
3.3306690571396596,-1.11022302463175,-4.440892098500669,0.0,1.1102230252095289
ans,J2,J3,Energy,Sigma,L,A1,A2,B1,B2,B3
q0,-0.24,-0.18,-0.5000002169032554,6.607734158266419e-08,0.5000000075271275,5.7156481371230264e-05,6.610696135189607e-05,5.320180202837321e-05,5.320180202837322e-05,0.0010698392645735314
A1,A2,B1,B2,B3
2.2204460492501075,-3.3306690738785494,-4.440892098496907,1.1102230246257314,1.1102230246383433
ans,J2,J3,Energy,Sigma,L,A1,A2,A3,B1,B2,phiA1
cb1,-0.24,-0.18,-0.43555789142364976,0.03665245992367441,0.5000000075271275,0.29253125376467126,-0.031035037344485625,5.91282509352891e-05,0.012433461441779026,5.320180202835125e-05,0.2343068679219188
A1,A2,A3,B1,B2,phiA1
-11.102230319276163,-3.88578058484316,-1.665334536938597,-6.661338146634941,0.0,-0.5551115128968214
