ans,J2,J3,Energy,Sigma,L,A1,A3,B1,B2,B3
3x3,-0.21,-0.12,-0.5595835686595797,0.10592358357868038,0.809037902265361,0.4952771170008993,0.18163291119555713,0.17604802108110745,0.10007991023678503,0.09976684083352462
A1,A3,B1,B2,B3
2.220446040868664,1.1102230265973076,-2.2204460504190577,5.551115128823202,2.2204460518068365
ans,J2,J3,Energy,Sigma,L,A1,A2,B1,B2,B3
q0,-0.21,-0.12,-0.4403363317115829,0.048118953300938405,0.5000000075271275,0.27709388302117566,0.0013052862772032058,0.004023516925887634,0.02365391492079707,0.0022637022906332313
A1,A2,B1,B2,B3
-56.066263113454845,-3.885780586211125,-20.539125955687375,-1.1102230240922122,-2.2204460492635
ans,J2,J3,Energy,Sigma,L,A1,A2,A3,B1,B2,phiA1
cb1,-0.21,-0.12,-0.4367279364810073,0.029631789304622524,0.5000000075271275,0.29193564184577336,-0.03178880333014575,0.016462386337751336,0.012784796553584431,0.046933764836200695,-2.0321075331680207
A1,A2,A3,B1,B2,phiA1
-16.653345478914243,-1.6653345374673487,0.5551115118726337,-7.771561173770401,-1.1102230249926885,-0.5551115190608317
