ans,J2,J3,Energy,Sigma,L,A1,A3,B1,B2,B3
3x3,-0.09,0.06,-0.5478426488989899,0.13587268058091334,0.8090262902816314,0.5017674687534979,0.14669580648153918,0.17604805590680483,0.10030666597610152,0.0025872759887272025
A1,A3,B1,B2,B3
5.5511151291069485,2.220446051459892,186.51746833512092,97.69962626995984,0.0
ans,J2,J3,Energy,Sigma,L,A1,A2,B1,B2,B3
q0,-0.09,0.06,-0.4774829264446143,0.5658356192855716,0.5556614269770701,0.35404533269572114,0.03390847261981513,0.16118984926193858,0.37853199102821644,0.38319958835890167
A1,A2,B1,B2,B3
0.5551115156862524,-1.1102230234953125,-16.653345389245164,-1.665334548446536,-1.1102230313725048
ans,J2,J3,Energy,Sigma,L,A1,A2,A3,B1,B2,phiA1
cb1,-0.09,0.06,-0.43387323039509323,0.030367568457852857,0.5000000075271275,0.29120161204200595,-0.06931562050841981,6.610696135189546e-05,0.013069645188754331,0.1773770866545013,-2.876444569103485
A1,A2,A3,B1,B2,phiA1
-15.543122274978417,-1.1102230255564736,-1.1102230246257314,-7.771561173770401,-0.5551115132986538,-0.5551115190472792
