ans,J2,J3,Energy,Sigma,L,A1,A3,B1,B2,B3
3x3,-0.12,0.0,-0.5512160713228881,0.11999135605297206,0.8090379988938032,0.4997427200611036,0.0,0.1757679991626266,0.10007992218312114,0.0
A1,A3,B1,B2,B3
400.79051008674804,-0.0,-6.661338156808289,246.46951172627274,0.0
ans,J2,J3,Energy,Sigma,L,A1,A2,B1,B2,B3
q0,-0.12,0.0,-0.4337043657085238,0.18511327098108954,0.5000000075271275,0.3175071862818986,4.668335237805401e-06,0.12653629795418966,0.2952037635260226,0.0
A1,A2,B1,B2,B3
-35.52713662822471,-1.6653345369377508,-8.326672694622582,0.0,-0.0
ans,J2,J3,Energy,Sigma,L,A1,A2,A3,B1,B2,phiA1
cb1,-0.12,0.0,-0.434813031281711,0.034818389428174334,0.5000000075271275,0.2869222138153628,-0.037231730672505674,0.0,0.01109832066052707,0.13467182805632139,-1.9872523127116373
A1,A2,A3,B1,B2,phiA1
-16.65334529402497,-1.1102230234953125,-0.0,-8.881784198594744,-0.5551115132986538,-3.3306691143704112
