ans,J2,J3,Energy,Sigma,L,A1,A3,B1,B2,B3
3x3,-0.27,-0.18,-0.5820596467243241,3.429869362658123,0.5000000075271275,0.4612954346369536,0.17618284575898446,0.03602491228567111,1.286426947825732e-06,0.05458286415972089
A1,A3,B1,B2,B3
3.3306690571396596,0.0,-3.330669071006355,1.1102230246251672,0.0
ans,J2,J3,Energy,Sigma,L,A1,A2,B1,B2,B3
q0,-0.27,-0.18,-0.5000002145906945,6.085126849414338e-08,0.5000000075271275,5.5240043831877106e-05,3.304870021551085e-08,5.320182161452612e-05,5.320181315110491e-05,0.0010698290562945003
A1,A2,B1,B2,B3
3.3306690738726803,-5.293955920339379e-15,-1.1102230246242268,3.3306690738726803,1.1102230246383433
ans,J2,J3,Energy,Sigma,L,A1,A2,A3,B1,B2,phiA1
cb1,-0.27,-0.18,-0.4356602952145777,0.039152583761636224,0.5000000075271275,0.2916773906714613,-0.02967015218267452,6.610696135189606e-05,0.012538413101549802,5.320180202835124e-05,0.24512958233897886
A1,A2,A3,B1,B2,phiA1
-10.54711868649337,-2.7755575607509475,-2.220446049251463,-8.326672683293678,-0.5551115123128657,-1.1102230257936427
