ans,J2,J3,Energy,Sigma,L,A1,A3,B1,B2,B3
3x3,-0.09,-0.09,-0.552942148220023,0.1148951853849784,0.8090244403598381,0.5010969098633523,0.18100784788930394,0.17604807054764732,0.10030675940578679,0.1002201443524036
A1,A3,B1,B2,B3
9.992007009137602,5.551115128823202,-3.330669075628587,6.661338154726621,5.551115128823202
ans,J2,J3,Energy,Sigma,L,A1,A2,B1,B2,B3
q0,-0.09,-0.09,-0.45431538763626217,0.4949367482414456,0.52653655230555,0.3432054609129307,0.019396928187792203,0.13393012568848373,0.25100585617768517,6.499052166837609e-05
A1,A2,B1,B2,B3
-4.440892125490019,-4.440892096976002,-44.40892103058562,-1.6653345292637192,-1.665334536938597
ans,J2,J3,Energy,Sigma,L,A1,A2,A3,B1,B2,phiA1
cb1,-0.09,-0.09,-0.43594267811443194,0.0332664731882699,0.5000000075271275,0.2931002066847042,-0.07498612382302684,6.09575057279215e-05,0.013553038298269546,5.320180202835125e-05,0.21950599871121734
A1,A2,A3,B1,B2,phiA1
-10.54711868649337,-1.6653345388551275,-1.1102230246257314,-7.216449661358229,0.5551115123128657,0.0
