ans,J2,J3,Energy,Sigma,L,A1,A3,B1,B2,B3
3x3,-0.3,0.06,-0.5553143676562944,0.11085375835912988,0.8090243313357997,0.4931131682257446,0.15801738265257495,0.17604802795907337,0.10007992737685481,0.006574534662367759
A1,A3,B1,B2,B3
16.653345478914243,-5.5511151295170915,-12.212453282855932,-5.551115128823202,1.11022302463175
ans,J2,J3,Energy,Sigma,L,A1,A2,B1,B2,B3
q0,-0.3,0.06,-0.49999993991421676,6.104459562226202e-08,0.5000000075271275,5.3910167991961715e-05,9.517410610234079e-08,5.3201816187304436e-05,5.320181006905348e-05,0.0010682490343911291
A1,A2,B1,B2,B3
0.0,-4.440892098500627,-4.440892098502926,-1.1102230246242268,-2.220446049276687
ans,J2,J3,Energy,Sigma,L,A1,A2,A3,B1,B2,phiA1
cb1,-0.3,0.06,-0.4371995483304955,0.0323043345326575,0.5000000075271275,0.287109976277273,-0.020553052333344285,6.61069613518972e-05,0.011089004132074858,0.062308390745624415,-2.0823649912745545
A1,A2,A3,B1,B2,phiA1
-14.432899254544084,-1.665334536485263,0.5551115123128657,-8.881784195513255,-0.5551115126047644,0.5551115190472792
