ans,J2,J3,Energy,Sigma,L,A1,A3,B1,B2,B3
3x3,0.3,0.14999999999999997,-0.44158959756877714,0.044951675387847286,0.5000000075271275,0.2754845673896766,0.0004630315530159702,0.003773625827237168,5.320180202835125e-05,0.05142094714027284
A1,A3,B1,B2,B3
-72.71960778640704,0.555111512315875,-16.65334536947625,-6.106226635441523,-2.2204460466436804
ans,J2,J3,Energy,Sigma,L,A1,A2,B1,B2,B3
q0,0.3,0.14999999999999997,-0.5477093923853807,0.07267105915228099,0.8090198731341158,0.49257931639846847,0.19030884675370813,0.17936635205295223,0.11368595820705302,0.13190541830352448
A1,A2,B1,B2,B3
2572.386736485336,-173.19479202289213,2261.524303539749,-28.865798670713318,-16.653345386469606
ans,J2,J3,Energy,Sigma,L,A1,A2,A3,B1,B2,phiA1
cb1,0.3,0.14999999999999997,-0.4078345525443679,0.3345622713912226,0.5746649059758953,0.3392057708419134,-0.3977281065898397,0.07840844837323419,0.08660799635775737,3.9527699696412995e-05,3.097590483448304
A1,A2,A3,B1,B2,phiA1
5.551115156862524,3.330669096893072,2.775557564411601,-7.771561180630039,2.220446049251463,1.6653345571743634
