ans,J2,J3,Energy,Sigma,L,A1,A3,B1,B2,B3
3x3,-0.3,0.02999999999999997,-0.5594542580353851,0.10711885056905122,0.8090307281025291,0.4912564212157988,1.2756716798172519e-06,0.17604802761614372,0.10002648270057848,0.08315708530639149
A1,A3,B1,B2,B3
7.771561222383091,3.3306690738755016,-3.330669075628587,5.551115128823202,1.110223025729946
ans,J2,J3,Energy,Sigma,L,A1,A2,B1,B2,B3
q0,-0.3,0.02999999999999997,-0.4999999772880771,6.944803847400847e-08,0.5000000075271275,5.407134422658333e-05,6.610696135189607e-05,5.320180202837321e-05,5.320180202837322e-05,0.001036278495810634
A1,A2,B1,B2,B3
3.330669073877194,-1.1102230246270866,-4.440892098496907,2.220446049251463,-1.1102230246383569
ans,J2,J3,Energy,Sigma,L,A1,A2,A3,B1,B2,phiA1
cb1,-0.3,0.02999999999999997,-0.43715204325359186,0.02869526095379802,0.5000000075271275,0.2895558412748084,-0.01977251268528384,6.61069613518972e-05,0.013118764492496037,0.06409021954808734,-2.7496457137418977
A1,A2,A3,B1,B2,phiA1
-14.432899414781456,-2.775557560404003,-1.1102230246257314,-8.881784198594744,-1.110223025729946,-1.1102230381162423
