ans,J2,J3,Energy,Sigma,L,A1,A3,B1,B2,B3
3x3,0.14999999999999997,0.14999999999999997,-0.5366247765031319,0.09886173487676495,0.8089147242490604,0.5049510535079204,0.0019645449070171957,0.15696521665401686,0.0997653433815532,1.7523345684136021e-07
A1,A3,B1,B2,B3
5.551115004459655,1.11022302463175,-6.661338151257174,-2.220446051633364,0.0
ans,J2,J3,Energy,Sigma,L,A1,A2,B1,B2,B3
q0,0.14999999999999997,0.14999999999999997,-0.4402721288766409,0.04995849664818563,0.5000000075271275,0.27699545033391265,0.0001442078511514959,0.0036180452440257266,5.320180202835125e-05,0.026783016443478764
A1,A2,B1,B2,B3
-63.28271211896022,-1.1102230246257314,-22.204460492635,-0.5551115123128657,0.5551115122195784
ans,J2,J3,Energy,Sigma,L,A1,A2,A3,B1,B2,phiA1
cb1,0.14999999999999997,0.14999999999999997,-0.3309199166080045,0.19804325477021484,0.5630506274030657,0.345830766433978,-0.02681022401254978,0.9999345563442209,0.04937762338567161,0.1278768454420614,-2.1906514288829304
A1,A2,A3,B1,B2,phiA1
6.106226610307157,3.88578058484316,4.440892004677947,-4.44089209398125,1.6653345392020722,3.330669114240307
