ans,J2,J3,Energy,Sigma,L,A1,A3,B1,B2,B3
3x3,0.09000000000000002,-0.21,-0.5500376568492928,0.14502544151788455,0.8090399112289903,0.5086052399456209,0.18016678484422619,0.17604801075152093,0.09968822563727711,0.10004659323074878
A1,A3,B1,B2,B3
1326.716515823254,1323.3858467464233,1316.7245085923907,660.5827003473083,1324.4960697716328
ans,J2,J3,Energy,Sigma,L,A1,A2,B1,B2,B3
q0,0.09000000000000002,-0.21,-0.3443901551466355,0.6491102642845062,0.5645524527005604,0.3194311067086769,0.999878819405875,0.16983468159910506,0.13406785004441274,0.00022147188213565705
A1,A2,B1,B2,B3
4122.813229177834,-0.5551115129106948,3745.3373775205428,3626.5435137556424,3702.5937871295896
ans,J2,J3,Energy,Sigma,L,A1,A2,A3,B1,B2,phiA1
cb1,0.09000000000000002,-0.21,-0.3643572214613034,0.4208611502826421,0.5000000075271275,0.301573662484912,-0.9999495968046477,0.46889216309220205,0.17533260551837831,0.10478389668102417,-1.1472507572898418
A1,A2,A3,B1,B2,phiA1
-204.83614939647387,2.775557567329032,-2.2204460627450096,-31.64135623512492,0.0,0.0
