ans,J2,J3,Energy,Sigma,L,A1,A3,B1,B2,B3
3x3,0.06,0.3,-0.4413424731148339,0.04175076496449484,0.5000000075271275,0.27566855888187164,6.610696135189606e-05,0.0025124993703207472,5.3201802522786467e-05,0.016229461697577385
A1,A3,B1,B2,B3
-78.27072288302757,0.5551115123128657,-16.098233857160373,1.1102230246242268,0.0
ans,J2,J3,Energy,Sigma,L,A1,A2,B1,B2,B3
q0,0.06,0.3,-0.44026166163780917,0.04973673263177753,0.5000000075271275,0.27692074831657243,0.0002381999419959087,0.00333800300613518,5.3201801729525305e-05,0.012928819156395422
A1,A2,B1,B2,B3
-63.28271282153946,0.5551115123128657,-21.649348980319125,-1.665334536938597,-1.1102230244391569
ans,J2,J3,Energy,Sigma,L,A1,A2,A3,B1,B2,phiA1
cb1,0.06,0.3,-0.4925481252720118,0.02879416317752167,0.5000000075271275,0.0869341126572567,-0.0012091993459942907,6.600924434253673e-05,0.0033490901192227518,5.3201800674983415e-05,3.14148779086506
A1,A2,A3,B1,B2,phiA1
-2.2204460531946153,-2.220446049274342,-2.220446049252818,-6.6613381478772355,-3.8857805861847936,-2.2204460762397056
