ans,J2,J3,Energy,Sigma,L,A1,A3,B1,B2,B3
3x3,0.0,-0.27,-0.534640651285398,0.036826079891818464,0.8090272074827974,0.48946776518336654,0.00021392662072068714,0.11948734161282978,0.0,8.658057497484371e-05
A1,A3,B1,B2,B3
1167.9546296172732,1274.5360322710335,1295.6302711016135,0.0,-5.551115123128657
ans,J2,J3,Energy,Sigma,L,A1,A2,B1,B2,B3
q0,0.0,-0.27,-0.398644329859788,0.10544851005950175,0.5686812677595698,0.3593916977920464,0.0,0.01902709278073443,0.0,0.49342219125178766
A1,A2,B1,B2,B3
34165422.38368371,-0.0,-9.436895706345055,0.0,21115395.682612184
ans,J2,J3,Energy,Sigma,L,A1,A2,A3,B1,B2,phiA1
cb1,0.0,-0.27,-0.4353675648440086,0.03333626255839039,0.5000000075271275,0.29176618542985205,0.0,5.6270964383866846e-05,0.015586017481082647,0.0,0.19871278019562943
A1,A2,A3,B1,B2,phiA1
-10.54711868649337,-0.0,-1.665334536938597,-7.21644965885452,-0.0,-1.1102230257936427
