ans,J2,J3,Energy,Sigma,L,A1,A3,B1,B2,B3
3x3,0.3,0.26999999999999996,-0.3676417711761126,0.056816262358937844,0.5000000075271275,0.27547466000129367,0.5891710255230114,0.015146831641116604,0.03750437096236981,0.02108685082767363
A1,A3,B1,B2,B3
-36.082248137997354,-1.6653345387320844,-6.106226634415363,-1.1102230222810061,-0.5551115122195784
ans,J2,J3,Energy,Sigma,L,A1,A2,B1,B2,B3
q0,0.3,0.26999999999999996,-0.5338672084942283,0.0681871370272024,0.8089879851652508,0.4936178864340644,0.22675109407463995,0.1760230428118477,0.11864821830574637,0.00022077924187042817
A1,A2,B1,B2,B3
5.551115099396102,1.1102230252095289,-5.551115128823202,0.0,3.330669073877194
ans,J2,J3,Energy,Sigma,L,A1,A2,A3,B1,B2,phiA1
cb1,0.3,0.26999999999999996,-0.4157996858380332,0.45005242604687484,0.6764273620792196,0.2904858555063712,-5.092741342974964e-05,0.9999338930386481,0.08454893113939284,0.28875901761127337,-1.6594747845272693
A1,A2,A3,B1,B2,phiA1
40243217.91293267,3.3306690738726803,24067027.28532419,24066907.381237403,24067066.009531032,24066835.483936276
