ans,J2,J3,Energy,Sigma,L,A1,A3,B1,B2,B3
3x3,-0.24,-0.24,-0.5475636684440172,0.06104803297784119,0.8090322358873836,0.48323436233192324,0.00010696331036034356,0.13862191404042584,0.10021991523889992,5.320395186223732e-05
A1,A3,B1,B2,B3
-29.976021528134723,0.0,-11.102230258340294,3.3306690770163656,0.0
ans,J2,J3,Energy,Sigma,L,A1,A2,B1,B2,B3
q0,-0.24,-0.24,-0.5000002832867272,6.070525884549361e-08,0.5000000075271275,5.646270280443633e-05,1.257603351135423e-07,5.3201804055343697e-05,5.320180317946446e-05,0.0010696136698118688
A1,A2,B1,B2,B3
1.1102230246257314,2.2204460492503477,-1.1102230246242268,2.220446049250785,2.220446049276687
ans,J2,J3,Energy,Sigma,L,A1,A2,A3,B1,B2,phiA1
cb1,-0.24,-0.24,-0.4355855578399072,0.03733857602394641,0.5000000075271275,0.2922454555070015,-0.0315577821840483,4.6817337808638046e-05,0.012653789620701553,5.320180202835124e-05,0.23671933553843694
A1,A2,A3,B1,B2,phiA1
-11.65734170831548,-2.7755575626768776,0.5551115123128657,-7.216449661358229,-0.5551115123128657,0.0
