ans,J2,J3,Energy,Sigma,L,A1,A3,B1,B2,B3
3x3,0.02999999999999997,0.26999999999999996,-0.5383409708324118,0.06669533871540628,0.8089997274534689,0.4992509808573334,3.463529419772118e-08,0.1504169868434136,0.09908542773279808,1.7616358750503102e-05
A1,A3,B1,B2,B3
9.992007176970093,6.66133814913872,-3.3306690784041444,3.3306690774500463,5.551115123124895
ans,J2,J3,Energy,Sigma,L,A1,A2,B1,B2,B3
q0,0.02999999999999997,0.26999999999999996,-0.4402524230672195,0.04940165431339798,0.5000000075271275,0.2769938446146494,6.0857279074573445e-05,0.0032482629386000206,5.320180058448684e-05,0.013731704772742676
A1,A2,B1,B2,B3
-64.39293585429975,-0.5551115123128657,-24.424906541898498,-1.1102230246257314,-2.775557561097892
ans,J2,J3,Energy,Sigma,L,A1,A2,A3,B1,B2,phiA1
cb1,0.02999999999999997,0.26999999999999996,-0.49273402423246304,6.793295961353285e-05,0.7702832122893245,0.5046929454619141,-0.03771563243347218,1.0833501063124991e-05,0.09419513050992141,5.3201801807678806e-05,1.2311823334977388
A1,A2,A3,B1,B2,phiA1
6.661338006843448,4.44089209392704,3.330669073874937,-8.881784206359985,4.440892098496907,2.2204460762324847
