ans,J2,J3,Energy,Sigma,L,A1,A3,B1,B2,B3
3x3,-0.06,-0.15,-0.5540714808529619,0.11840212273926329,0.8090392527252018,0.5022207723352984,0.18215204512626215,0.17604802044192194,0.100446435022728,0.09999339009564788
A1,A3,B1,B2,B3
2696.73166977407,-3.3306690770163656,2714.495298063935,1363.35387567513,1.1102230265973076
ans,J2,J3,Energy,Sigma,L,A1,A2,B1,B2,B3
q0,-0.06,-0.15,-0.4458241856470898,0.5352265542051978,0.51619747976358,0.3367169576319457,0.012436624568935736,0.13450292250334886,0.3613857903944115,8.52051889494027e-05
A1,A2,B1,B2,B3
-5.551115095232766,-1.6653345366587353,-48.84981313142373,1.1102230190465532,-0.5551115123128657
ans,J2,J3,Energy,Sigma,L,A1,A2,A3,B1,B2,phiA1
cb1,-0.06,-0.15,-0.43665958231877,0.03669615925038957,0.5000000075271275,0.29145559181501846,-0.10987872768235005,6.610696135189609e-05,0.013351230780265,5.320180202835125e-05,0.22623833292086987
A1,A2,A3,B1,B2,phiA1
-9.436895772217406,-0.5551115129517091,0.0,-6.661338146634941,0.5551115123128657,-0.555111512897499
