ans,J2,J3,Energy,Sigma,L,A1,A3,B1,B2,B3
3x3,0.14999999999999997,-0.15,-0.546487053939424,0.15610222258974685,0.8090403960287619,0.5106304928199323,0.18592495340373513,0.17604802619416438,0.09982003917900079,0.10030647636661334
A1,A3,B1,B2,B3
17.763568413142234,-68.83382759907305,-73.27471970268671,-29.976021696269793,1.1102230265973076
ans,J2,J3,Energy,Sigma,L,A1,A2,B1,B2,B3
q0,0.14999999999999997,-0.15,-0.3744182804039513,0.6769282588032102,0.5732266239234498,0.3074604392716105,0.7551111597572104,0.1738442693655077,0.11638661582132931,0.00036656871792870027
A1,A2,B1,B2,B3
2799.4273750823672,-20.53912597492015,-111.02230258201516,-2.775557564411601,-11.657341758633374
ans,J2,J3,Energy,Sigma,L,A1,A2,A3,B1,B2,phiA1
cb1,0.14999999999999997,-0.15,-0.44272044855352727,0.1477496783800018,0.5000000075271275,0.32219372699311516,-0.37514678842354415,0.3845181403344564,0.12904464541338653,0.13926349041407782,-1.043106725404239
A1,A2,A3,B1,B2,phiA1
-45.51914380450092,1.6653345285698298,-0.5551115156862524,-9.992007232436876,1.1102230252095289,0.5551115190689632
