ans,J2,J3,Energy,Sigma,L,A1,A3,B1,B2,B3
3x3,-0.21,0.26999999999999996,-0.5494563359692946,0.13824222694271393,0.8090369395681111,0.49854289110739497,0.0829467294579814,0.17604801461833472,0.10007989228463858,0.0002926588882443072
A1,A3,B1,B2,B3
-710.5427325631065,-21.09423749008328,2926.547895989977,368.5940445638526,-46.629367034533495
ans,J2,J3,Energy,Sigma,L,A1,A2,B1,B2,B3
q0,-0.21,0.26999999999999996,-0.4999997030172312,4.7297316923689665e-08,0.5000000075271275,1.1651878018365327e-06,2.62335467650212e-06,5.320175417897582e-05,5.3201774855306126e-05,0.0010697931561878145
A1,A2,B1,B2,B3
3.330669073875544,1.1102230246251672,0.0,4.440892098495552,4.440892098553373
ans,J2,J3,Energy,Sigma,L,A1,A2,A3,B1,B2,phiA1
cb1,-0.21,0.26999999999999996,-0.2994331437248101,0.3628480091068115,0.6007070687171914,0.29285689692377886,-0.051187306959358775,0.995988180179975,0.08129127547257838,5.320180202835125e-05,-1.8164390450043255
A1,A2,A3,B1,B2,phiA1
2.775557547616383,1.1102230252095289,0.0,-6.661338156808289,1.1102230246257314,-1.1102230383113987
