ans,J2,J3,Energy,Sigma,L,A1,A3,B1,B2,B3
3x3,-0.18,-0.21,-0.540867495546648,0.06520540836821757,0.8090379626814965,0.49537963087711223,2.2636040195564123e-08,0.15550236421065797,0.10880364108862073,0.10282741760882046
A1,A3,B1,B2,B3
5.551115159638082,5.551115121738006,-1.1102230252095289,4.440892103613673,4.440892103613673
ans,J2,J3,Energy,Sigma,L,A1,A2,B1,B2,B3
q0,-0.18,-0.21,-0.44028474432023185,0.04796523510389096,0.5000000075271275,0.27719175859630985,0.0014125289986682418,0.003923264281738784,0.026414972577786806,0.0015993719398521506
A1,A2,B1,B2,B3
-55.511151597768595,-2.2204460492635,-19.9840144433715,-1.1102230240922122,0.0
ans,J2,J3,Energy,Sigma,L,A1,A2,A3,B1,B2,phiA1
cb1,-0.18,-0.21,-0.4364673694362491,0.03029495777932157,0.5000000075271275,0.2918418158167637,-0.03587643830649024,0.002341362728693855,0.012669794910335753,0.05379914899937372,-1.9971460785958741
A1,A2,A3,B1,B2,phiA1
-17.763568511674528,-2.775557558478073,-4.440892098527,-9.436895707732834,-3.330669070485938,-2.2204460762379057
