ans,J2,J3,Energy,Sigma,L,A1,A3,B1,B2,B3
3x3,0.24000000000000005,0.18,-0.4414454383170283,0.04367749250099171,0.5000000075271275,0.2755914810875293,0.0007965234274989648,0.0032495630043399824,5.320180202835125e-05,0.03619338230920662
A1,A3,B1,B2,B3
-73.27472010944312,2.775557561579375,-14.43289932021275,-2.220446049251463,1.1102230233218402
ans,J2,J3,Energy,Sigma,L,A1,A2,B1,B2,B3
q0,0.24000000000000005,0.18,-0.5348442058480776,4.788286783097473,0.5000000075271275,0.5172723820975026,0.03799379290223353,0.17569443516567337,0.09763208941464167,0.15574334119177682
A1,A2,B1,B2,B3
2.2204460134412036,0.0,-5.551115126047645,-1.1102230265973076,-1.1102230259034183
ans,J2,J3,Energy,Sigma,L,A1,A2,A3,B1,B2,phiA1
cb1,0.24000000000000005,0.18,-0.41901996642795714,0.31741673952815364,0.5465422252729859,0.35109021744054014,-0.34109642401777457,4.946894765928259e-05,0.0888681063750417,0.14132528412844775,2.9737443832533126
A1,A2,A3,B1,B2,phiA1
5.551115167964754,2.7755575503919405,0.5551115123121134,-6.106226641427966,2.2204460518068365,1.6653345572068896
