ans,J2,J3,Energy,Sigma,L,A1,A3,B1,B2,B3
3x3,0.26999999999999996,-0.21,-0.6942684780080232,0.2669092846484037,0.5000000075271275,0.11346273497466705,0.952759372291436,0.022422189735424133,0.10317358112946615,0.22952330500387874
A1,A3,B1,B2,B3
2.2204460504190577,4.440892103285559,-2.2204460488783138,0.0,1.1102230265973076
ans,J2,J3,Energy,Sigma,L,A1,A2,B1,B2,B3
q0,0.26999999999999996,-0.21,-0.5318168676784867,0.0475356819438679,0.8089501600462219,0.4862172633071329,0.29179606750063086,0.16299911185298022,0.19904849785498488,0.000593120644821114
A1,A2,B1,B2,B3
7293.05509692458,-3.330669058874383,-12.212453284243711,-4.440892102919784,-5.55111512315875
ans,J2,J3,Energy,Sigma,L,A1,A2,A3,B1,B2,phiA1
cb1,0.26999999999999996,-0.21,-0.3990574586840548,0.5888096945225832,0.5242219590472645,0.3211906090798674,-0.5195526134410549,0.3441132715944373,0.1643593235502248,0.1182589326727087,-0.8786941724306392
A1,A2,A3,B1,B2,phiA1
4.440892125490019,1.665334541507642,0.0,-8.881784206533457,-0.5551115139925432,1.6653345387320844
