ans,J2,J3,Energy,Sigma,L,A1,A3,B1,B2,B3
3x3,-0.27,-0.3,-0.5458889690264462,0.0716296050494693,0.8089346479810803,0.4855829073038506,1.1468012592025885e-06,0.14222770109803629,0.10002670431001978,0.04435181611120717
A1,A3,B1,B2,B3
1.1102230190465532,-1.1102230246251672,-7.771561180630039,-1.1102230252095289,-1.1102230252095289
ans,J2,J3,Energy,Sigma,L,A1,A2,B1,B2,B3
q0,-0.27,-0.3,-0.5000003547985915,6.664162475826574e-08,0.5000000075271275,5.346710506406352e-05,6.610696135189607e-05,5.320180202837322e-05,5.320180202837317e-05,0.001069790536062138
A1,A2,B1,B2,B3
2.220446049251463,0.0,-2.220446049251463,1.1102230246242268,2.2204460492766867
ans,J2,J3,Energy,Sigma,L,A1,A2,A3,B1,B2,phiA1
cb1,-0.27,-0.3,-0.4750831257690845,0.34250691018876533,0.5000000075271275,0.31881552704225985,-3.411863768607304e-05,0.2845502873719741,0.12187715071775412,0.09174989820117069,-0.5338263004437023
A1,A2,A3,B1,B2,phiA1
-26.09024096112484,-1.1102230246257314,-0.5551115156862524,-11.10223025209529,1.6653345392020722,-0.5551115129106948
