ans,J2,J3,Energy,Sigma,L,A1,A3,B1,B2,B3
3x3,-0.3,-0.21,-0.5513994778669812,0.07347566908255214,0.8090348487337957,0.4859849142541006,0.0001456735496739163,0.15326386605452236,0.10002672412304964,0.026957819334631396
A1,A3,B1,B2,B3
15.543122447541739,0.0,-5.551115128823202,1.1102230265973076,0.0
ans,J2,J3,Energy,Sigma,L,A1,A2,B1,B2,B3
q0,-0.3,-0.21,-0.500000249096717,6.025175725570499e-08,0.5000000075271275,5.20374048183905e-05,1.0002099620317274e-08,5.320180860627298e-05,5.320180576388039e-05,0.0010697350816494943
A1,A2,B1,B2,B3
6.661338147744005,0.0,0.0,4.440892098502926,2.2204460492766867
ans,J2,J3,Energy,Sigma,L,A1,A2,A3,B1,B2,phiA1
cb1,-0.3,-0.21,-0.478285450743911,0.15217948980186985,0.5000000075271275,0.2670919989074023,-0.18749313622466718,0.2537574326370068,0.0012378144515755676,0.09834315759578248,1.6451351250743245
A1,A2,A3,B1,B2,phiA1
-4.996003641176271,-0.5551115181558796,0.5551115156862524,-5.55111512315875,1.1102230252095289,2.2204460762758527
