ans,J2,J3,Energy,Sigma,L,A1,A3,B1,B2,B3
3x3,0.21000000000000002,-0.02999999999999997,-0.5469230291343056,0.34114930744230576,0.8062438055443619,0.515608252068212,0.3480979069054263,0.1987824050057405,0.09997677164859572,0.4999873746938282
A1,A3,B1,B2,B3
3.33066900350846,3.330669095852238,-6.661338151257174,0.0,-1.1102230197404426
ans,J2,J3,Energy,Sigma,L,A1,A2,B1,B2,B3
q0,0.21000000000000002,-0.02999999999999997,-0.5239280010261383,0.01398287645733913,0.8090262727334043,0.502451010586318,0.24489294161986427,0.16927384173860546,0.12752026293638216,0.030204916954490436
A1,A2,B1,B2,B3
4600.764218890041,7908.11861272977,4242.162181558546,4020.11757639972,3946.842851220273
ans,J2,J3,Energy,Sigma,L,A1,A2,A3,B1,B2,phiA1
cb1,0.21000000000000002,-0.02999999999999997,-0.3424667927369313,0.37622429584224887,0.6458737271698217,0.37811384314459434,-0.7353550384577803,2.5250612343485912e-05,0.07081605202172846,0.30936376928586,2.761417784990929
A1,A2,A3,B1,B2,phiA1
3.885780572214051,-1.1102230258213897,0.5551115123124896,-8.326672694622582,-1.1102230190465532,0.5551115191556993
