ans,J2,J3,Energy,Sigma,L,A1,A3,B1,B2,B3
3x3,0.3,-0.21,-0.5434403938238564,0.18991318175909333,0.8090417478235836,0.5161085954143586,0.18337940055273844,0.17604802619416438,0.0999065743148569,0.09999338930386482
A1,A3,B1,B2,B3
1088.0185411192087,1084.6878962014746,491.8288004287237,519.5843760717989,1082.46745014828
ans,J2,J3,Energy,Sigma,L,A1,A2,B1,B2,B3
q0,0.3,-0.21,-0.5181917467970587,0.11038900062830162,0.8090327037533889,0.5095943924384109,0.20005237142338803,0.1760475592905963,0.0998912787381706,0.10004665537331639
A1,A2,B1,B2,B3
34.41691303538673,3.3306690773633103,-7.771561182017818,1.1102230259034183,2.2204460531946153
ans,J2,J3,Energy,Sigma,L,A1,A2,A3,B1,B2,phiA1
cb1,0.3,-0.21,-0.5228568855680829,0.43151280815672843,0.5000000075271275,0.3217611372589556,-0.26830834721744384,0.5971084547263419,0.1634166115272479,0.12246639031946313,0.27850313148474526
A1,A2,A3,B1,B2,phiA1
-53.29070553363581,3.3306690571396596,2.2204460516427793,-6.661338156808289,1.1102230252095289,4.440892127821054
