ans,J2,J3,Energy,Sigma,L,A1,A3,B1,B2,B3
3x3,0.24000000000000005,-0.3,-0.50554832383064,0.029136357705308157,0.789885298467656,0.4943423836168519,6.611216926591325e-05,0.09764116055450833,0.12376264734122502,0.1592159971575204
A1,A3,B1,B2,B3
3391.7313626290734,6633.582572142214,3331.7793004072546,3320.6770701496084,3317.346401071898
ans,J2,J3,Energy,Sigma,L,A1,A2,B1,B2,B3
q0,0.24000000000000005,-0.3,-0.5131812873317091,0.12010942930577403,0.8090033942368865,0.5139818734912245,0.20082687935394736,0.17604802619416438,0.005861504454828762,0.1127928300738224
A1,A2,B1,B2,B3
-8.881784206397645,-4.440892103266728,-13.32267631084102,-5.55111512315875,-3.3306690784041444
ans,J2,J3,Energy,Sigma,L,A1,A2,A3,B1,B2,phiA1
cb1,0.24000000000000005,-0.3,-0.4068623816054496,0.051372210321442,0.5000000075271275,0.29473413033004237,-0.29810441654997705,0.04884997525083155,0.062218070024138074,0.0395114296103798,-0.11497437546453665
A1,A2,A3,B1,B2,phiA1
-22.20446063915948,1.1102230190465532,0.0,-7.771561164293716,-1.6653345364265146,1.110223025794998
