ans,J2,J3,Energy,Sigma,L,A1,A3,B1,B2,B3
3x3,-0.06,0.02999999999999997,-0.5479471725628531,0.13695899044757995,0.8090278129651702,0.5025352147805925,0.1551079304853807,0.17604802619416438,0.10021994123075723,0.0005065855089649942
A1,A3,B1,B2,B3
12385.647800740095,-1.110223025729946,12377.876514578047,6189.493368800934,0.0
ans,J2,J3,Energy,Sigma,L,A1,A2,B1,B2,B3
q0,-0.06,0.02999999999999997,-0.4326811140790224,1.3219921637440712e-05,0.5000000075271275,0.30829926284699743,0.0500637505575776,0.056682414566537845,0.06290502169129707,3.622293015115192e-06
A1,A2,B1,B2,B3
-106.58140988456572,0.5551115124963443,-29.976021675632005,2.2204460515872855,1.6653345369377508
ans,J2,J3,Energy,Sigma,L,A1,A2,A3,B1,B2,phiA1
cb1,-0.06,0.02999999999999997,-0.41910947722659947,0.023349892578435467,0.5000000075271275,0.29342286629877873,-0.11614266653724445,0.8063956809460762,0.014485698116917956,5.320180202835125e-05,0.25777074561126023
A1,A2,A3,B1,B2,phiA1
-14.432899255931863,-1.1102230255564736,-1.1102230258213897,-7.771561171074099,-1.1102230246257314,0.555111515978987
