ans,J2,J3,Energy,Sigma,L,A1,A3,B1,B2,B3
3x3,0.18,-0.15,-0.5451832927745033,0.1637270917002825,0.809039839504161,0.5117097707992142,0.18055381411966917,0.17604802619416438,0.09985337251282853,0.09996360721529715
A1,A3,B1,B2,B3
-442.9789872916322,-585.0875345935086,-4.4408921008381155,-577.3159734128786,-585.0875345935086
ans,J2,J3,Energy,Sigma,L,A1,A2,B1,B2,B3
q0,0.18,-0.15,-0.39532560493204155,0.31786221286697586,0.5000000075271275,0.27713588865661326,0.5172048404580685,0.1687213200144632,0.010453508924703397,0.03554155990241915
A1,A2,B1,B2,B3
-18238.743766497428,-410.78251954836304,-716.093851637622,-24.424906537661453,-165.97834201072777
ans,J2,J3,Energy,Sigma,L,A1,A2,A3,B1,B2,phiA1
cb1,0.18,-0.15,-0.37605751783797375,0.5616574784554872,0.5057140231535348,0.32354998965931897,-0.5434632412044245,0.20214589969075666,0.13030239059932042,0.12186300666710727,-0.9779363372923879
A1,A2,A3,B1,B2,phiA1
4.440892076186213,1.1102230258213897,-0.5551115126047644,-8.881784206359985,-0.5551115126047644,-0.5551115129106948
