ans,J2,J3,Energy,Sigma,L,A1,A3,B1,B2,B3
3x3,0.14999999999999997,-0.21,-0.5428487700474341,0.1694264649534761,0.7915636066010164,0.5024394306519542,0.16115851808428966,0.17597148275149807,0.09951710141056483,0.1238440853384458
A1,A3,B1,B2,B3
2.2204460516427793,-1.1102230265973076,-5.551115126047645,-1.1102230259034183,-2.2204460518068365
ans,J2,J3,Energy,Sigma,L,A1,A2,B1,B2,B3
q0,0.14999999999999997,-0.21,-0.38324361332814866,0.6650844265737682,0.5762288868159419,0.3120603584250997,0.7320807753779073,0.1729514984978895,0.11812513000597363,5.0194523270277736e-05
A1,A2,B1,B2,B3
4161.115923771287,2764.4553342286467,2984.2794933341793,5055.955659465434,2767.7860003919486
ans,J2,J3,Energy,Sigma,L,A1,A2,A3,B1,B2,phiA1
cb1,0.14999999999999997,-0.21,-0.3876241477293585,0.3305825278101461,0.5000000075271275,0.31280121252918497,-0.6313871847046022,0.3138432129382769,0.15589720576090196,0.18518285682969515,-0.2596891495647322
A1,A2,A3,B1,B2,phiA1
-27.20046398051834,1.1102230258213897,-0.5551115156862524,-6.106226638652409,-1.1102230252095289,0.555111515968145
