ans,J2,J3,Energy,Sigma,L,A1,A3,B1,B2,B3
3x3,0.09000000000000002,-0.15,-0.49999999620176094,1.5914690885242984e-07,0.5000000075271275,4.1798389912631267e-07,3.0817006265974666e-06,5.320181744835291e-05,5.320170600542968e-05,5.3197550438409315e-05
A1,A3,B1,B2,B3
5.551115123125777,2.2204460492503557,0.0,3.330669073876517,2.220446049251463
ans,J2,J3,Energy,Sigma,L,A1,A2,B1,B2,B3
q0,0.09000000000000002,-0.15,-0.34137750650261617,0.6536937364020159,0.5584905973871702,0.31550727332080586,0.9998602749249716,0.16905168970535392,0.1338275261894025,0.0005931206448211018
A1,A2,B1,B2,B3
3228.5285769298853,-8.326672693660422,-124.90009040268538,-0.5551115127782368,-10.547118734001625
ans,J2,J3,Energy,Sigma,L,A1,A2,A3,B1,B2,phiA1
cb1,0.09000000000000002,-0.15,-0.4386637718024,0.40626399366803445,0.5000000075271275,0.3068271808938209,-0.8125187456757115,0.6712021544068676,0.16782480780608747,0.11129326099350542,-1.0563057098231379
A1,A2,A3,B1,B2,phiA1
-93.8138461995489,1.665334541507642,0.5551115101351373,-12.767564789909583,-0.5551115129517091,-0.5551115188087546
