ans,J2,J3,Energy,Sigma,L,A1,A3,B1,B2,B3
3x3,-0.27,-0.15,-0.583256342915274,4.269596273912632,0.5000000075271275,0.48721102375733305,0.1904063826124439,0.1692220136259136,0.09334200249617006,0.00014781965936879092
A1,A3,B1,B2,B3
2.2204460627450096,-2.2204460518068365,-4.4408921008381155,0.0,-1.110223024626409
ans,J2,J3,Energy,Sigma,L,A1,A2,B1,B2,B3
q0,-0.27,-0.15,-0.5000001802225329,6.100375543038212e-08,0.5000000075271275,5.556986871868033e-05,4.319725690662316e-08,5.3201809015058065e-05,5.320180599602427e-05,0.001069791573390631
A1,A2,B1,B2,B3
1.1102230246228715,-3.3306690738754705,-4.440892098502926,1.1102230246257314,0.0
ans,J2,J3,Energy,Sigma,L,A1,A2,A3,B1,B2,phiA1
cb1,-0.27,-0.15,-0.43544027939865415,0.036628223290267194,0.5000000075271275,0.2928956103162948,-0.029781066090635695,5.227996540017361e-05,0.01288303062280613,5.320180202835125e-05,0.24041352609006328
A1,A2,A3,B1,B2,phiA1
-11.102230196016647,-1.6653345366587353,-2.220446049251463,-6.661338146634941,1.1102230246257314,0.5551115128968214
