ans,J2,J3,Energy,Sigma,L,A1,A3,B1,B2,B3
3x3,0.09000000000000002,0.3,-0.4413280895906509,0.04194580678587458,0.5000000075271275,0.27569104610508594,0.0003355962759367648,0.0025887592233112527,5.3201801729525305e-05,0.016547940308721854
A1,A3,B1,B2,B3
-81.04628043341953,-1.6653345369295693,-18.87379141873975,0.5551115123128657,-2.7755575607509475
ans,J2,J3,Energy,Sigma,L,A1,A2,B1,B2,B3
q0,0.09000000000000002,0.3,-0.44025159399594715,0.049944512242535544,0.5000000075271275,0.2769184478799619,3.7259139843328314e-05,0.0034552643832198074,5.320180246377959e-05,0.013315164751382929
A1,A2,B1,B2,B3
-59.95204372603417,0.0,-21.09423746800325,0.5551115123121134,-0.5551115122195784
ans,J2,J3,Energy,Sigma,L,A1,A2,A3,B1,B2,phiA1
cb1,0.09000000000000002,0.3,-0.4915189852507995,0.011117507642726659,0.7739750308617478,0.5149679030103246,-2.970172872574993e-08,0.01816255452758225,0.10783867882092947,0.09252281263666136,-2.0661444169042293
A1,A2,A3,B1,B2,phiA1
5.551115005847434,-3.469446951953615e-10,1.1102230244391569,-7.771561180630039,-2.220446051589996,-5.551115190689632
