ans,J2,J3,Energy,Sigma,L,A1,A3,B1,B2,B3
3x3,0.21000000000000002,0.26999999999999996,-0.41400345466939925,0.4714264280724642,0.5210175300843123,0.2755907781904431,0.5893725767155108,0.0153818526796901,0.23767747707956033,0.12491703048576913
A1,A3,B1,B2,B3
-26.645352775144577,-0.5551115005847433,-33.30669073317471,-2.2204460504190577,-2.77555756579938
ans,J2,J3,Energy,Sigma,L,A1,A2,B1,B2,B3
q0,0.21000000000000002,0.26999999999999996,-0.556875086043057,0.12872173087158148,0.8089707634614289,0.4952473741457612,0.17021216678140935,0.1896800679917114,0.0007102119973539552,0.11640892987240666
A1,A2,B1,B2,B3
1459.9432708150468,744.9596503083353,1444.4001565581,737.1880883527064,1454.3921637877613
ans,J2,J3,Energy,Sigma,L,A1,A2,A3,B1,B2,phiA1
cb1,0.21000000000000002,0.26999999999999996,-0.4376248002888684,0.03802462667818283,0.7575739350396098,0.4692745521050615,-1.3309647805296565e-06,0.5481586447325724,0.05561297427010843,5.32018115596655e-05,-1.3318169139141864
A1,A2,A3,B1,B2,phiA1
4.44089212774516,-3.3306690738755016,-2.2204460516427793,-6.661338149869395,-1.1102230246242268,0.0
