ans,J2,J3,Energy,Sigma,L,A1,A3,B1,B2,B3
3x3,-0.09,0.0,-0.5501613495427515,0.12505885870753017,0.809037885616834,0.5009270724137505,0.0,0.17576800377427737,0.10015399920659837,0.0
A1,A3,B1,B2,B3
25.535129593891963,0.0,23.314683540502337,6.661338154726621,0.0
ans,J2,J3,Energy,Sigma,L,A1,A2,B1,B2,B3
q0,-0.09,0.0,-0.43965603104855544,0.2520759013073229,0.5000000075271275,0.318869850636304,7.688265149183586e-06,0.13647221274273125,0.3127914929309084,0.0
A1,A2,B1,B2,B3
-29.420910346636944,-1.1102230246249791,-9.992007232436876,-1.6653345299576086,-0.0
ans,J2,J3,Energy,Sigma,L,A1,A2,A3,B1,B2,phiA1
cb1,-0.09,0.0,-0.4362181544415531,0.03320384890340359,0.5000000075271275,0.2896676510391662,-0.05837139064794108,0.0,0.011999281114269506,0.08861847328715262,-1.8479221663684995
A1,A2,A3,B1,B2,phiA1
-16.098233784501694,-2.220446046990625,-0.0,-7.771561173770401,-0.5551115129517091,-1.1102230381162423
