ans,J2,J3,Energy,Sigma,L,A1,A3,B1,B2,B3
3x3,-0.09,0.3,-0.544581460648044,0.07721072499661871,0.8089715300042614,0.49625649018655527,0.00031984036140677804,0.15790175269228715,0.10052194765087874,3.305348067594806e-05
A1,A3,B1,B2,B3
3800.2934383892607,1890.7098109492579,1865.1746833317804,3800.2934172927007,3799.183190269253
ans,J2,J3,Energy,Sigma,L,A1,A2,B1,B2,B3
q0,-0.09,0.3,-0.45278211613352054,0.5851299129080194,0.5089047163236935,0.3305397946826409,0.02414720642210888,0.13593664256684915,0.17388972357284113,0.030498225924409025
A1,A2,B1,B2,B3
-4.440892076186213,-2.7755575607509475,-15.54312235848452,-1.6653345385081828,-3.330669071929692
ans,J2,J3,Energy,Sigma,L,A1,A2,A3,B1,B2,phiA1
cb1,-0.09,0.3,-0.32812984107749554,0.36677116469081117,0.6314723323930772,0.292061798456537,-0.006110428432461415,0.9582309922379455,0.09238166296181022,5.320180233392903e-05,-0.7884511674146184
A1,A2,A3,B1,B2,phiA1
6.661338193786144,2.2204460492635,2.2204460516427793,-2.2204460504190577,3.3306690738726803,0.0
