ans,J2,J3,Energy,Sigma,L,A1,A3,B1,B2,B3
3x3,0.3,-0.24,-0.5438595920940962,0.190368484474559,0.8090403557362386,0.5164547359577831,0.18055381411966917,0.17604802619416438,0.09995989638096121,0.09990657431535131
A1,A3,B1,B2,B3
-1.1102230258213897,-1.1102230252095289,-6.661338156808289,-2.220446051459892,0.0
ans,J2,J3,Energy,Sigma,L,A1,A2,B1,B2,B3
q0,0.3,-0.24,-0.21380397833678133,2.9782536290563417,0.5000000075271275,0.30762432580632987,0.9999884417302312,0.03876430438379014,0.009147337172633106,8.564875534594737e-05
A1,A2,B1,B2,B3
3.3306690571396596,1.1102230313725048,-4.4408921008381155,-1.110223024824343,0.0
ans,J2,J3,Energy,Sigma,L,A1,A2,A3,B1,B2,phiA1
cb1,0.3,-0.24,-0.40219640863448225,0.5845330404130293,0.5296559517058058,0.321193721100394,-0.4951734239898069,0.29990812598741234,0.16466170747369085,0.11886886163355653,-0.8894651245247698
A1,A2,A3,B1,B2,phiA1
4.996003641176271,2.2204460627450096,1.6653345470587573,-6.661338154726621,-0.5551115126047644,0.5551115129106948
