ans,J2,J3,Energy,Sigma,L,A1,A3,B1,B2,B3
3x3,-0.02999999999999997,0.06,-0.5469110668120118,0.14637713122009804,0.8090382354325975,0.503730773271598,0.10829553824698446,0.1761345612755217,0.1022143386568587,1.5802839424608296e-05
A1,A3,B1,B2,B3
1775.2465788256004,2924.327449940946,2915.445665732331,2922.1070038895296,1463.2739464553756
ans,J2,J3,Energy,Sigma,L,A1,A2,B1,B2,B3
q0,-0.02999999999999997,0.06,-0.4475948371267317,0.48673622397279465,0.5159237572955284,0.3368544055975293,0.0016191403247047377,0.11269008820951938,1.8269847212531663e-06,4.8723287074250545e-08
A1,A2,B1,B2,B3
4.440892125490019,0.555111512315875,-10.54711874504164,1.1102230246251672,1.110223024625157
ans,J2,J3,Energy,Sigma,L,A1,A2,A3,B1,B2,phiA1
cb1,-0.02999999999999997,0.06,-0.4258043104953103,0.035947186961447324,0.5000000075271275,0.28727997231962027,-0.15678074050743246,6.610696135189546e-05,0.011314833553521331,0.48473353688533355,-1.925108936887384
A1,A2,A3,B1,B2,phiA1
-14.98801076545514,-2.220446051459892,-1.1102230246257314,-7.771561173770401,-1.1102230197404426,0.0
