ans,J2,J3,Energy,Sigma,L,A1,A3,B1,B2,B3
3x3,-0.12,0.14999999999999997,-0.5477213312273816,0.13966089263522047,0.8090284188367259,0.5012535935040093,0.10203153817054086,0.1760480420079284,0.10025335796124592,0.00033741715145281693
A1,A3,B1,B2,B3
3527.178474628029,3418.3766964193946,6822.320493504127,6831.202277709966,1.110223024619713
ans,J2,J3,Energy,Sigma,L,A1,A2,B1,B2,B3
q0,-0.12,0.14999999999999997,-0.4881163259817017,0.5741907988462424,0.5680204580155418,0.36011972267337916,0.04202952737852811,0.16626598291650044,0.2940226578900545,0.200107749646381
A1,A2,B1,B2,B3
115.46319403635268,212.05259777963167,92.14851114790206,106.58140988398026,213.16282095263963
ans,J2,J3,Energy,Sigma,L,A1,A2,A3,B1,B2,phiA1
cb1,-0.12,0.14999999999999997,-0.43444427486177883,0.023308158409762924,0.5000000075271275,0.29318644491584966,-0.07555537188173615,0.15052541644838682,0.016961075171929234,5.320180202835125e-05,0.2626041930761656
A1,A2,A3,B1,B2,phiA1
-12.212453350648667,-1.1102230259034183,1.6653345388551275,-6.6613381452471625,1.1102230246257314,-0.5551115098146558
