ans,J2,J3,Energy,Sigma,L,A1,A3,B1,B2,B3
3x3,-0.24,-0.02999999999999997,-0.5000000117780147,5.203336219035786e-08,0.5000000075271275,1.3539528708084383e-06,1.6664556236227402e-05,5.320180204317147e-05,5.320180202053669e-05,9.031736347522588e-07
A1,A3,B1,B2,B3
2.2204460492503344,-1.1102230246248097,-3.330669073877194,0.0,-1.1102230246251672
ans,J2,J3,Energy,Sigma,L,A1,A2,B1,B2,B3
q0,-0.24,-0.02999999999999997,-0.44037522199247386,0.04834761543270784,0.5000000075271275,0.2769912462655472,0.0013737389090977882,0.004198051318940934,0.02212594370328912,0.0072883366124986285
A1,A2,B1,B2,B3
-52.18048192294357,-4.996003610842875,-19.428902931055624,-1.6653345363117906,-1.665334536947625
ans,J2,J3,Energy,Sigma,L,A1,A2,A3,B1,B2,phiA1
cb1,-0.24,-0.02999999999999997,-0.43730222911124417,0.03496393619015271,0.5000000075271275,0.29075672218538734,-0.02860152198979189,0.155158367895366,0.012567041668147318,5.103536898240682e-05,2.4322778583091216
A1,A2,A3,B1,B2,phiA1
-14.98801076545514,-3.330669072970526,-2.220446051633364,-8.881784198594744,-2.7755575615643284,-1.1102230381216633
