ans,J2,J3,Energy,Sigma,L,A1,A3,B1,B2,B3
3x3,-0.21,0.02999999999999997,-0.5296550466532908,3.8236583591696975,0.5000000075271275,0.4887968867924704,1.3071334507590908e-06,6.865084334925142e-07,4.12466105630118e-06,0.49999415600958913
A1,A3,B1,B2,B3
2.2204460380931064,-2.2204460492503557,-5.551115123125836,0.0,0.0
ans,J2,J3,Energy,Sigma,L,A1,A2,B1,B2,B3
q0,-0.21,0.02999999999999997,-0.44036959409821236,0.04816143708979364,0.5000000075271275,0.2770414165889954,0.0013218176432251763,0.003952753419050742,0.023121602918193217,4.0831478285493746e-05
A1,A2,B1,B2,B3
-60.507155241720426,-3.885780586211125,-22.204460492635,0.0,0.5551115123128657
ans,J2,J3,Energy,Sigma,L,A1,A2,A3,B1,B2,phiA1
cb1,-0.21,0.02999999999999997,-0.42497657734329,0.029572097225787766,0.5000000075271275,0.2918237500515326,-0.03862398351263739,0.6329419926759926,0.015916238401415452,5.320180202835125e-05,0.2551375990057865
A1,A2,A3,B1,B2,phiA1
-11.102230319276163,-1.1102230248625842,1.1102230011694867,-4.996003608588428,0.0,-0.555111515978987
