ans,J2,J3,Energy,Sigma,L,A1,A3,B1,B2,B3
3x3,-0.18,-0.24,-0.5438118177275747,0.052410615659832335,0.8090284990043086,0.48397255740837375,0.00018499199368533792,0.13114056793292483,0.10072654368212929,0.00019321775143775442
A1,A3,B1,B2,B3
2.2204460627450096,7807.088309172306,15616.397080817047,7819.300770666864,7807.088309172306
ans,J2,J3,Energy,Sigma,L,A1,A2,B1,B2,B3
q0,-0.18,-0.24,-0.4402752774370966,0.047990838552965875,0.5000000075271275,0.2772017359782873,0.0014734795572750006,0.003971085053098864,0.026799501575985384,0.00155281000757093
A1,A2,B1,B2,B3
-54.400927962424454,-3.33066907389525,-19.9840144433715,-1.1102230242656845,-2.2204460492635
ans,J2,J3,Energy,Sigma,L,A1,A2,A3,B1,B2,phiA1
cb1,-0.18,-0.24,-0.435711978913038,0.037003424593298785,0.5000000075271275,0.29188911705000564,-0.0398849857181071,6.610696135189606e-05,0.013066854556609409,5.320180202835125e-05,0.23095644526222664
A1,A2,A3,B1,B2,phiA1
-11.102230319276163,-2.775557562329933,-2.220446049251463,-6.106226636533886,-1.1102230246257314,0.0
