ans,J2,J3,Energy,Sigma,L,A1,A3,B1,B2,B3
3x3,-0.06,0.09000000000000002,-0.5468430826256465,0.14469012098846576,0.8090253415256572,0.5029595175165086,0.11585456785394224,0.17604805663189418,0.10050030512240754,0.00116691847052932
A1,A3,B1,B2,B3
0.0,363.0429294346825,720.5347437384601,359.7122603572324,361.9327060320322
ans,J2,J3,Energy,Sigma,L,A1,A2,B1,B2,B3
q0,-0.06,0.09000000000000002,-0.5537168045960169,0.4306897923196835,0.5269984372737573,0.3333158962173836,0.921065303952576,0.053400013874218964,6.517180451094287e-05,0.23698453524403773
A1,A2,B1,B2,B3
-2.2204460380931064,369.70426759297163,739.4085336357351,750.5107646469944,373.0349366667724
ans,J2,J3,Energy,Sigma,L,A1,A2,A3,B1,B2,phiA1
cb1,-0.06,0.09000000000000002,-0.4365445583153704,0.032086140599515395,0.5000000075271275,0.2935263831874751,-0.11736143166085543,0.007495879135485648,0.01354839862239725,5.320180233392903e-05,0.21895900520695744
A1,A2,A3,B1,B2,phiA1
-13.322676234109753,-2.2204460518068365,-1.665334536947625,-6.661338148946058,-0.5551115123121134,0.555111512897499
