ans,J2,J3,Energy,Sigma,L,A1,A3,B1,B2,B3
3x3,0.12,0.09000000000000002,-0.46357581722009766,0.20004940573209679,0.7631284200088501,0.4677540072445601,0.9994305627210336,0.12380560261960843,0.3175435753748251,0.10004994826444708
A1,A3,B1,B2,B3
869.3046243700303,865.9739601184795,429.6563109781323,863.7535092734098,432.98698006000586
ans,J2,J3,Energy,Sigma,L,A1,A2,B1,B2,B3
q0,0.12,0.09000000000000002,-0.44031824501356354,0.04936042788690529,0.5000000075271275,0.27708550907824314,3.388881734430987e-05,0.0033969731042351966,5.3201802217208706e-05,0.04136394336739387
A1,A2,B1,B2,B3
-66.61338191704476,-0.5551115123128657,-21.649348980319125,-1.1102230246242268,0.5551115118343924
