ans,J2,J3,Energy,Sigma,L,A1,A3,B1,B2,B3
3x3,-0.15,-0.27,-0.5431304729076125,0.05337312767039469,0.8090322440467886,0.4829316992976072,0.00038699689243292673,0.12950358198728606,0.12712539051866595,5.325425524030877e-05
A1,A3,B1,B2,B3
-28.865798511863726,-1.11022302463175,-11.10223025799335,2.2204460518068365,0.0
ans,J2,J3,Energy,Sigma,L,A1,A2,B1,B2,B3
q0,-0.15,-0.27,-0.44023911698474355,0.04790090705487227,0.5000000075271275,0.2772285840425157,0.0013755336477644469,0.0038403517152024204,0.030547287362392428,0.0014029577513243
A1,A2,B1,B2,B3
-57.73159766190138,-1.665334536947625,-21.09423746800325,-1.1102230242656845,-0.555111512315875
ans,J2,J3,Energy,Sigma,L,A1,A2,A3,B1,B2,phiA1
cb1,-0.15,-0.27,-0.4355066000480569,0.03333425364341134,0.5000000075271275,0.2877714240462547,-0.034196541954489984,0.0024083988904735495,0.01210861368520878,0.10993720702943231,-2.0961363779290996
A1,A2,A3,B1,B2,phiA1
-15.543122273590638,-0.5551115124312921,-0.555111512315875,-7.771561171074099,-1.1102230259034183,-1.1102230381162423
