ans,J2,J3,Energy,Sigma,L,A1,A3,B1,B2,B3
3x3,0.24000000000000005,0.09000000000000002,-0.5243858242170727,0.012526979119904132,0.8090349335895143,0.49896996457588044,0.0019193692169248244,0.10172175074279102,0.14287542769783884,0.000464657512219538
A1,A3,B1,B2,B3
8.88178415792354,3.330669074068722,-4.440892103266728,-2.220446051459892,0.0
ans,J2,J3,Energy,Sigma,L,A1,A2,B1,B2,B3
q0,0.24000000000000005,0.09000000000000002,-0.5340694479039614,0.03580505987221603,0.8090198679482983,0.5014849044469756,0.20015536234118156,0.1760531838786227,0.09981981309535586,0.1000311331109515
A1,A2,B1,B2,B3
-398.5700662601644,10347.278600398453,-84.37694996033312,4957.145810170265,10345.058154348035
ans,J2,J3,Energy,Sigma,L,A1,A2,A3,B1,B2,phiA1
cb1,0.24000000000000005,0.09000000000000002,-0.42907313133018643,0.016070582588209707,0.5000000075271275,0.31474267181135107,-0.12250656697956991,6.610696135189609e-05,0.05769383462805014,0.04819339654327271,-1.171749563921236
A1,A2,A3,B1,B2,phiA1
-31.086244895083478,-0.5551115126047644,-0.5551115123128657,-9.436895712893216,-0.5551115118343924,-0.5551115190689632
