ans,J2,J3,Energy,Sigma,L,A1,A3,B1,B2,B3
3x3,-0.27,0.21000000000000002,-0.5494274151498826,0.13160720705837986,0.8090279561926238,0.49660711448691464,0.12681120655897368,0.17604802720619908,0.10007992612393322,0.0001955011567991061
A1,A3,B1,B2,B3
6673.550645092594,0.0,6759.037781033877,6786.793356677993,13599.121828647523
ans,J2,J3,Energy,Sigma,L,A1,A2,B1,B2,B3
q0,-0.27,0.21000000000000002,-0.4617963908685415,0.10172200751381626,0.5000000075271275,0.3066577465762748,0.2153392842602553,6.825354744524904e-05,6.174950032237925e-05,0.0009094952162712993
A1,A2,B1,B2,B3
-15.543122274978417,-2.2204460504190577,-7.77156117238012,-0.5551115123128657,-1.6653345369115138
ans,J2,J3,Energy,Sigma,L,A1,A2,A3,B1,B2,phiA1
cb1,-0.27,0.21000000000000002,-0.36833163057772883,0.05060537378927003,0.5000000075271275,0.28933564394101946,-0.030391964916146277,0.6208741775187169,0.01404747603192357,5.320180202835125e-05,-1.4981487971162561
A1,A2,A3,B1,B2,phiA1
-51.625370412899876,-1.6653345366587353,-0.5551115005847433,-6.661338148946058,0.0,-2.2204460761023803
