ans,J2,J3,Energy,Sigma,L,A1,A3,B1,B2,B3
3x3,0.21000000000000002,-0.09,-0.5362397239364574,0.14741949137391053,0.8090402165085431,0.5095289060278866,0.032208752765329335,0.17273948742158265,0.033717030735297776,0.1873027575295404
A1,A3,B1,B2,B3
-1.1102230011694867,34.41691377577081,57.73159733865108,64.39293545105045,33.3066907736331
ans,J2,J3,Energy,Sigma,L,A1,A2,B1,B2,B3
q0,0.21000000000000002,-0.09,-0.48196597829673826,3.790481254138584,0.5000000075271275,0.4354640170527528,0.6775893938790066,0.1644039004728284,4.804359574884942e-05,3.244628301160732e-10
A1,A2,B1,B2,B3
4.440892076186213,1.1102230067206018,-5.551115126047645,-2.220446049251463,0.0
ans,J2,J3,Energy,Sigma,L,A1,A2,A3,B1,B2,phiA1
cb1,0.21000000000000002,-0.09,-0.4732133052372777,0.452961257737516,0.5422237086964377,0.34400155985990233,-0.4871541632335241,0.8904929114998652,0.15287454665339392,0.07835009508543285,-0.7781734254410777
A1,A2,A3,B1,B2,phiA1
4.440892125490019,1.6653345470587573,1.1102230258213897,-10.54711874504164,-1.1102230259034183,0.0
