ans,J2,J3,Energy,Sigma,L,A1,A3,B1,B2,B3
3x3,-0.06,0.18,-0.5478183321604118,0.14484918153193768,0.8090291092322384,0.5028391994269988,0.047654752786757446,0.17604804414078498,0.10053350743538443,0.00019152317586209797
A1,A3,B1,B2,B3
2295.9411663615997,2332.5785755745605,2333.6888002172263,4667.377600437575,2335.909243813233
ans,J2,J3,Energy,Sigma,L,A1,A2,B1,B2,B3
q0,-0.06,0.18,-0.43327022798104325,0.0008846111485301069,0.5000000075271275,0.3083907635394256,0.11011645251357527,0.05423039909430685,0.09739011106038431,0.008354903446395508
A1,A2,B1,B2,B3
-97.14451529626851,-0.5551115126047644,-28.3106871380725,-0.5551115129517091,-2.775557561097892
ans,J2,J3,Energy,Sigma,L,A1,A2,A3,B1,B2,phiA1
cb1,-0.06,0.18,-0.4341543523422451,0.01877344043451881,0.5000000075271275,0.294765359005715,-0.15075216909341632,0.1916989647180736,0.01564287599069786,5.320180183274197e-05,0.4398980858568713
A1,A2,A3,B1,B2,phiA1
-18.31868002736078,-2.2204460518068365,0.5551115132986538,-8.881784194125476,-1.6653345369363401,-1.110223031957974
