ans,J2,J3,Energy,Sigma,L,A1,A3,B1,B2,B3
3x3,-0.06,-0.3,-0.5501467190327469,4.071479280346784,0.5000000075271275,0.4895786809770436,0.0005370560646467021,0.12156912759378562,0.01754004552860098,1.867655514210852e-08
A1,A3,B1,B2,B3
2.2204460627450096,-1.1102230246022549,-4.4408921008381155,0.0,0.0
ans,J2,J3,Energy,Sigma,L,A1,A2,B1,B2,B3
q0,-0.06,-0.3,-0.4402107167137885,0.521100170048844,0.521309054066444,0.33824673130370253,0.016222157621712578,0.13268921806985107,0.4466360001767894,0.0003180611761477209
A1,A2,B1,B2,B3
112.68763773982039,235.36728114167968,39.968028929747504,238.69795186998863,225.93038551256112
ans,J2,J3,Energy,Sigma,L,A1,A2,A3,B1,B2,phiA1
cb1,-0.06,-0.3,-0.4363158243953871,0.03392428453070692,0.5000000075271275,0.29277480425906294,-0.10188232905589038,3.967706312459635e-05,0.013040096711954354,5.320180202835125e-05,0.2172757444978214
A1,A2,A3,B1,B2,phiA1
-11.657341705539922,-0.5551115129517091,-1.665334536938597,-7.21644965885452,-1.665334536938597,-1.1102230257936427
