ans,J2,J3,Energy,Sigma,L,A1,A3,B1,B2,B3
3x3,0.26999999999999996,-0.02999999999999997,-0.4516757636246216,0.5725127746599823,0.5081380080601745,0.3216403715349856,4.596294394935678e-05,0.0833340436901596,0.1838282353972279,0.004452910047040241
A1,A3,B1,B2,B3
49.404924918280926,2.220446049251463,-5.551115128823202,1.6653345378142934,4.4408920987004725
ans,J2,J3,Energy,Sigma,L,A1,A2,B1,B2,B3
q0,0.26999999999999996,-0.02999999999999997,-0.5279007198070753,0.0310868562598883,0.809026598663801,0.5042983337341028,0.20009373111094506,0.17600614391303604,0.09996348371908673,0.09983070980284951
A1,A2,B1,B2,B3
4125.588672243117,2075.0068352087915,2009.5036766867347,4117.817202669853,2057.2432667960716
ans,J2,J3,Energy,Sigma,L,A1,A2,A3,B1,B2,phiA1
cb1,0.26999999999999996,-0.02999999999999997,-0.4704025844296421,0.5340002155136936,0.5104851123368409,0.33141150241683814,-0.17356327640129024,0.9999338930386481,0.11949188577526212,0.06067444767527802,-0.3986447151015427
A1,A2,A3,B1,B2,phiA1
3.8857806098037666,1.1102230265973076,0.0,-7.771561182017818,-2.2204460504190577,0.5551115097834851
