ans,J2,J3,Energy,Sigma,L,A1,A3,B1,B2,B3
3x3,-0.15,-0.09,-0.5555485218690046,0.10800269068244804,0.8090268852046405,0.498344460980231,0.18188024892606308,0.1760480601886234,0.10079140713506575,0.09997997516655151
A1,A3,B1,B2,B3
521.8048250198575,-3.3306690770163656,958.122471260975,480.72657016899564,962.5633633632008
ans,J2,J3,Energy,Sigma,L,A1,A2,B1,B2,B3
q0,-0.15,-0.09,-0.440288065277607,0.0477983858534167,0.5000000075271275,0.2771805594895658,0.0011529079417463301,0.0035803027354551265,0.028110430653689795,0.002232983043754974
A1,A2,B1,B2,B3
-58.286708530475174,0.0,-21.09423746800325,1.1102230240922122,1.11022302463175
ans,J2,J3,Energy,Sigma,L,A1,A2,A3,B1,B2,phiA1
cb1,-0.15,-0.09,-0.43573894488117476,0.03516604189183726,0.5000000075271275,0.29249647179371924,-0.046747603247991994,4.1597974761841144e-05,0.012819371059959724,5.320180202835125e-05,0.22534607206320734
A1,A2,A3,B1,B2,phiA1
-9.436895667446816,-0.5551115118343924,-2.2204460492484537,-6.661338146634941,0.0,-1.6653345386911418
