ans,J2,J3,Energy,Sigma,L,A1,A3,B1,B2,B3
3x3,0.26999999999999996,-0.12,-0.5423944768155557,0.19177000772807337,0.8090393954429111,0.5140161464171468,0.18051295777066073,0.1760552857483816,0.09990657431535131,0.09993990764868464
A1,A3,B1,B2,B3
-53.29070405492106,65.50315852205668,83.26672692957247,0.0,62.17248944504031
ans,J2,J3,Energy,Sigma,L,A1,A2,B1,B2,B3
q0,0.26999999999999996,-0.12,-0.5221487183798093,0.09973453078086947,0.8090329567336477,0.5084645712978213,0.20015988758892858,0.17599454321787333,0.09996485172064504,0.10004658950502729
A1,A2,B1,B2,B3
1.1102230256479173,4.440892103266728,-7.771561182017818,3.3306690773633103,3.3306690770163656
ans,J2,J3,Energy,Sigma,L,A1,A2,A3,B1,B2,phiA1
cb1,0.26999999999999996,-0.12,-0.4311777543135365,0.0005212606444733471,0.5000000075271275,0.31758040589444175,-0.03293939971180424,3.2543114857278645e-07,0.058728310284988226,2.597996588442854e-05,-1.178818634643092
A1,A2,A3,B1,B2,phiA1
-23.31468341229415,2.2204460468171527,2.7755575615628887,-6.106226629137483,1.1102230246249791,1.1102230381162423
