ans,J2,J3,Energy,Sigma,L,A1,A3,B1,B2,B3
3x3,0.06,-0.3,-0.5322414888322352,0.034325969288524175,0.8078107398727442,0.49341943465813315,6.609590050057429e-05,0.1234628785158362,0.1283877870590232,5.428289254525506e-07
A1,A3,B1,B2,B3
965.8940270784283,36.63735981264914,272.0046413192758,26.645352619079954,68.83382752676036
ans,J2,J3,Energy,Sigma,L,A1,A2,B1,B2,B3
q0,0.06,-0.3,-0.4314352097399571,0.12657606011560166,0.5000000075271275,0.32935870256701466,0.2921749135351705,0.12321962778152802,0.030087510511664684,0.07522980131845955
A1,A2,B1,B2,B3
-424.10519349921566,-2.220446039480885,-24.980018078316633,-4.440892096976002,-8.326672693234803
ans,J2,J3,Energy,Sigma,L,A1,A2,A3,B1,B2,phiA1
cb1,0.06,-0.3,-0.4467268355789168,0.030470032076892337,0.5000000075271275,0.28866129572514043,-0.0007777069744181464,6.610696135189546e-05,0.012964671727195369,0.24908939500718338,0.15872185920594395
A1,A2,A3,B1,B2,phiA1
-12.7675648677227,0.555111512315875,0.0,-5.551115124121715,1.1102230265973076,-0.555111512897499
