ans,J2,J3,Energy,Sigma,L,A1,A3,B1,B2,B3
3x3,-0.18,-0.12,-0.5582286083386298,0.10671572063545544,0.8090380886536193,0.4967454217795364,0.1828855145110882,0.1760480274285262,0.1001667437142399,0.10016646862227262
A1,A3,B1,B2,B3
-3.3306690955052933,-1.1102230252095289,-4.4408921008381155,2.220446051112947,1.1102230259034183
ans,J2,J3,Energy,Sigma,L,A1,A2,B1,B2,B3
q0,-0.18,-0.12,-0.4403132965217687,0.04793259613666605,0.5000000075271275,0.2771381655264754,0.0011529079392239186,0.0038132003836214732,0.025530242403512038,0.002114885425353949
A1,A2,B1,B2,B3
-58.28670917758763,-3.33066907389525,-21.649348980319125,-0.5551115122195784,-2.2204460492635
ans,J2,J3,Energy,Sigma,L,A1,A2,A3,B1,B2,phiA1
cb1,-0.18,-0.12,-0.4356900174947785,0.03598438632980845,0.5000000075271275,0.2923364204429402,-0.04053268474706823,6.610696135189606e-05,0.012752182116849893,5.320180202835125e-05,0.22897016602022913
A1,A2,A3,B1,B2,phiA1
-8.881784155147983,0.0,1.1102230246257314,-4.996003611709543,0.0,0.0
