ans,J2,J3,Energy,Sigma,L,A1,A3,B1,B2,B3
3x3,-0.02999999999999997,0.09000000000000002,-0.5465963390426817,0.1490822917590307,0.8090351035619467,0.5038431241941898,0.09439475021597647,0.17604803327237162,0.10103977490530894,0.0008322978778852492
A1,A3,B1,B2,B3
1989.519618047148,0.0,-13.322676313616578,1.110223025773314,0.0
ans,J2,J3,Energy,Sigma,L,A1,A2,B1,B2,B3
q0,-0.02999999999999997,0.09000000000000002,-0.4349656107319798,0.00538233949231286,0.5000000075271275,0.3112390171754357,0.0009472245053580111,0.07349495009555226,4.53699888916591e-06,0.09938555419596025
A1,A2,B1,B2,B3
-207.05659546025973,-0.555111512315875,-47.73959010898976,1.6653345369377508,-0.5551115129517091
ans,J2,J3,Energy,Sigma,L,A1,A2,A3,B1,B2,phiA1
cb1,-0.02999999999999997,0.09000000000000002,-0.4265838138378928,0.032986915870281484,0.5000000075271275,0.28928302124566346,-0.18927225290424282,6.610696135189546e-05,0.012918873755223312,0.47427190297967253,-1.9533036970215498
A1,A2,A3,B1,B2,phiA1
-15.543122274978417,-2.220446051459892,-1.665334536938597,-9.992007219952413,-1.6653345292637192,-0.5551115190472792
