ans,J2,J3,Energy,Sigma,L,A1,A3,B1,B2,B3
3x3,-0.21,-0.24,-0.5455451920601735,0.056532909144163056,0.8090263428250579,0.4833742947244256,0.00017111484606278641,0.13405933372060735,0.1000799165319972,5.322944842054994e-05
A1,A3,B1,B2,B3
-134.33698686823757,-354.1611448556083,-5.551115128823202,-170.9743459724731,0.0
ans,J2,J3,Energy,Sigma,L,A1,A2,B1,B2,B3
q0,-0.21,-0.24,-0.44031021587672,0.048193077901501055,0.5000000075271275,0.27713039512971616,0.0014626307414406944,0.004170497171861777,0.024753529679391945,0.0016283252757665657
A1,A2,B1,B2,B3
-51.070259469503014,-2.775557561579375,-18.318679906423874,1.1102230240922122,1.11022302463175
ans,J2,J3,Energy,Sigma,L,A1,A2,A3,B1,B2,phiA1
cb1,-0.21,-0.24,-0.43570935948525824,0.037708038263246375,0.5000000075271275,0.2918450223890518,-0.036276984981456546,6.262206905699458e-05,0.012748320593247785,5.320180202835125e-05,0.2351860354398475
A1,A2,A3,B1,B2,phiA1
-9.992007174194535,-2.220446046990625,0.0,-5.551115122195784,1.1102230246257314,-0.5551115128968214
