ans,J2,J3,Energy,Sigma,L,A1,A3,B1,B2,B3
3x3,0.12,0.02999999999999997,-0.5443669721336809,0.1758150479182038,0.8090385221633021,0.507931855332078,0.004978138916463464,0.17593689469758572,0.09962613996121748,9.050517159080488e-05
A1,A3,B1,B2,B3
1565.4144663699954,780.4867863207606,1553.202013084145,-2.220446051589996,778.2663402629846
ans,J2,J3,Energy,Sigma,L,A1,A2,B1,B2,B3
q0,0.12,0.02999999999999997,-0.4406118512135326,0.04922673244826157,0.5000000075271275,0.2770950634728175,0.0002622394280793115,0.0033763022948146665,5.320180202835125e-05,0.12187765877502457
A1,A2,B1,B2,B3
-67.72360419792199,0.555111512315875,-23.869795029582622,0.0,-1.110223025729946
ans,J2,J3,Energy,Sigma,L,A1,A2,A3,B1,B2,phiA1
cb1,0.12,0.02999999999999997,-0.4299635629643568,0.3211715856964111,0.5000000075271275,0.33092916278448964,-0.18106804536512966,8.419351990794844e-05,0.09337391416428012,5.236129479812291e-05,-0.763477973414866
A1,A2,A3,B1,B2,phiA1
-427.43586255496757,2.2204460518068365,0.0,-14.43289933466277,0.0,0.0
