ans,J2,J3,Energy,Sigma,L,A1,A3,B1,B2,B3
3x3,-0.21,0.14999999999999997,-0.5490945889803068,0.12931450247729312,0.8090256779914349,0.4982530199784944,0.13106040086637863,0.1760480441256634,0.10013345590462065,0.0008928341741393208
A1,A3,B1,B2,B3
1603.1620403469922,2610.1343336415034,1375.5663289618024,1280.0871487403535,0.0
ans,J2,J3,Energy,Sigma,L,A1,A2,B1,B2,B3
q0,-0.21,0.14999999999999997,-0.440383338740796,0.0483067348319272,0.5000000075271275,0.27694223844663846,0.0012842030296181257,0.003973124640762213,0.023338505741305058,5.482473633450788e-05
A1,A2,B1,B2,B3
-52.73559401794955,-2.775557561579375,-18.87379141873975,1.1102230240922122,0.0
ans,J2,J3,Energy,Sigma,L,A1,A2,A3,B1,B2,phiA1
cb1,-0.21,0.14999999999999997,-0.43493017635714454,0.029422493303562624,0.5000000075271275,0.2922195673928564,-0.04402085369258474,0.11291014202261518,0.016295593873337545,5.320180202835125e-05,0.25539267713613323
A1,A2,A3,B1,B2,phiA1
-12.2124532150632,-2.220446050072113,-1.6653345388551275,-7.77156116968632,-1.1102230246257314,-1.1102230319566186
