ans,J2,J3,Energy,Sigma,L,A1,A3,B1,B2,B3
3x3,0.12,0.3,-0.4413425777903768,0.042248840088902735,0.5000000075271275,0.27564565181049555,6.610696135189606e-05,0.0026764781263233345,5.320180183274197e-05,0.017363753209672653
A1,A3,B1,B2,B3
-78.82583439393864,-1.1102230246257314,-17.208456881792124,-1.1102230246242268,-0.5551115118726337
ans,J2,J3,Energy,Sigma,L,A1,A2,B1,B2,B3
q0,0.12,0.3,-0.4402616121959543,0.05028680016508482,0.5000000075271275,0.2768494276134959,0.00045535378661639163,0.0035886214226130246,5.320180179727924e-05,0.013778192932218717
A1,A2,B1,B2,B3
-61.062266079479336,-1.11022302463175,-22.204460492635,-2.220446049251463,-3.8857805855370495
ans,J2,J3,Energy,Sigma,L,A1,A2,A3,B1,B2,phiA1
cb1,0.12,0.3,-0.4979802879196483,0.012784488007393251,0.752846671385055,0.5084328367849177,-6.606564409087608e-05,5.624160937574979e-06,0.09216649821383345,0.2874485315281055,-2.2949346021120958
A1,A2,A3,B1,B2,phiA1
3.33066900350846,2.220446049251463,-1.1102230246251672,-5.551115128996675,0.0,0.0
