ans,J2,J3,Energy,Sigma,L,A1,A3,B1,B2,B3
3x3,0.21000000000000002,-0.21,-0.5458818387753251,0.1688437473425473,0.8090415689396233,0.513176045670929,0.18128695155552657,0.17604802619416438,0.0999065743148569,0.0999399889987829
A1,A3,B1,B2,B3
-340.83846135070576,254.24107290759667,225.3752742341078,223.15482818472955,236.47750449314196
ans,J2,J3,Energy,Sigma,L,A1,A2,B1,B2,B3
q0,0.21000000000000002,-0.21,-0.5142264911251617,0.12604210089927423,0.8090302548178211,0.5179136618787269,0.20015984887944185,0.17599454453898422,0.09998428359096397,0.1000637013564961
A1,A2,B1,B2,B3
-361.9326983722321,-189.84813741074953,-369.70426758906217,-4.440892103179992,-360.8224833818348
ans,J2,J3,Energy,Sigma,L,A1,A2,A3,B1,B2,phiA1
cb1,0.21000000000000002,-0.21,-0.47296958579682896,0.3575829205445774,0.5000000075271275,0.31857155145384874,-0.4056362867659081,0.4995927941361668,0.16309327934751378,0.12195251834365484,-0.7153528398655864
A1,A2,A3,B1,B2,phiA1
-47.73959037399772,1.6653345470587573,0.5551115095232766,-9.992007232436876,0.0,1.6653345387320844
