ans,J2,J3,Energy,Sigma,L,A1,A3,B1,B2,B3
3x3,-0.24,0.26999999999999996,-0.5573659411609894,0.11994529256006504,0.8090378544210926,0.4939019992302154,0.001590135752991368,0.178330857504871,0.11260834240156165,0.0008912042755194902
A1,A3,B1,B2,B3
1230.1271194074402,1.11022302463175,1156.8523928789518,0.0,1183.4977442262314
ans,J2,J3,Energy,Sigma,L,A1,A2,B1,B2,B3
q0,-0.24,0.26999999999999996,-0.4999997028423926,4.79094469783832e-08,0.5000000075271275,1.8403771669685188e-06,6.85198999847115e-07,5.3201572104264564e-05,5.3201671457342636e-05,0.0010697279229421707
A1,A2,B1,B2,B3
1.1102230246252096,-2.2204460492503344,-2.220446049251463,0.0,2.2204460492766867
ans,J2,J3,Energy,Sigma,L,A1,A2,A3,B1,B2,phiA1
cb1,-0.24,0.26999999999999996,-0.29874760347505885,0.3693115888470846,0.5987099935990664,0.29267005435860466,-0.044986202371704656,0.9945901322011034,0.08179401079322476,5.320180202835125e-05,-1.8651921966840344
A1,A2,A3,B1,B2,phiA1
4.440892081737328,-1.6653345378142934,0.5551114978091858,-6.661338156808289,-0.5551115123128657,1.1102230383113987
