ans,J2,J3,Energy,Sigma,L,A1,A3,B1,B2,B3
3x3,0.21000000000000002,-0.15,-0.5443419643858495,0.17120490170712388,0.80902889646983,0.5126820854681358,0.1807268843913814,0.17606603324735995,0.09985337251282853,0.10007992443972094
A1,A3,B1,B2,B3
2079.447727312115,2076.117058235389,2072.7863891542092,1035.8380830658875,1039.168752142904
ans,J2,J3,Energy,Sigma,L,A1,A2,B1,B2,B3
q0,0.21000000000000002,-0.15,-0.25194955481900316,3.330023392604848,0.5000000075271275,0.4050022014792559,0.9999963089890335,5.32009916895797e-05,3.4046859408446296e-05,5.292789774188997e-05
A1,A2,B1,B2,B3
2.2204460627450096,-1.1102230067206018,-4.440892098496907,-2.220446049251124,1.1102230246257314
ans,J2,J3,Energy,Sigma,L,A1,A2,A3,B1,B2,phiA1
cb1,0.21000000000000002,-0.15,-0.4582253343692351,0.49491466309508264,0.562063406225491,0.3509751203280469,-0.4540381653149731,0.44707096936418944,0.12921519576327417,0.20448201847694486,-0.7473762277954658
A1,A2,A3,B1,B2,phiA1
6.661338188235029,1.6653345470587573,1.1102230313725048,-7.216449667331385,0.5551115126047644,0.5551115005847433
