ans,J2,J3,Energy,Sigma,L,A1,A3,B1,B2,B3
3x3,-0.18,-0.27,-0.5462582371448427,0.06981676922841343,0.8090142589236401,0.48243032834557736,0.06276602476752989,0.12567275830200964,0.06656466430661014,1.7130891124055616e-05
A1,A3,B1,B2,B3
13.322676234109753,3.3306690770163656,-2.220446051589996,1.1102230252095289,2.2204460492499583
ans,J2,J3,Energy,Sigma,L,A1,A2,B1,B2,B3
q0,-0.18,-0.27,-0.44026980536897403,0.04803699315441912,0.5000000075271275,0.2772001735208111,0.0014802741612907912,0.004020286266483348,0.02718432711316475,0.0014693992171896748
A1,A2,B1,B2,B3
-53.84581645290118,-0.555111512315875,-19.428902931055624,0.0,1.11022302463175
ans,J2,J3,Energy,Sigma,L,A1,A2,A3,B1,B2,phiA1
cb1,-0.18,-0.27,-0.4357399522128094,0.036867134546821625,0.5000000075271275,0.2920430509295777,-0.04135066506149876,6.610696135189606e-05,0.012849412773462809,5.320180202835125e-05,0.2312874166110076
A1,A2,A3,B1,B2,phiA1
-9.9920072851281,-2.220446050072113,-2.220446049251463,-7.21644965885452,-1.1102230246257314,-1.6653345386911418
