ans,J2,J3,Energy,Sigma,L,A1,A3,B1,B2,B3
3x3,0.18,0.0,-0.5491080326624058,0.17348110795188848,0.8090311768914874,0.5051983711474249,0.0,0.18025212125337886,6.092372015302364e-05,0.0
A1,A3,B1,B2,B3
3.33066900350846,-0.0,-4.440892106389231,2.220446049251463,0.0
ans,J2,J3,Energy,Sigma,L,A1,A2,B1,B2,B3
q0,0.18,0.0,-0.2823460292688492,3.3796768832979494,0.5000000075271275,0.42288345163046265,0.9999905076869502,5.320011262705325e-05,6.339732740107793e-05,0.0
A1,A2,B1,B2,B3
3.3306690571396596,0.0,-4.440892098502926,-1.1102230246257314,0.0
ans,J2,J3,Energy,Sigma,L,A1,A2,A3,B1,B2,phiA1
cb1,0.18,0.0,-0.41950827564041554,0.5421528430355087,0.517170218082112,0.3274846304064032,-0.36933590957961876,0.0,0.10842776777344044,0.13857757278361624,-0.7259054655093825
A1,A2,A3,B1,B2,phiA1
8.326672735293785,4.44089207896177,0.0,-5.551115128823202,1.1102230252095289,2.775557502923717
