ans,J2,J3,Energy,Sigma,L,A1,A3,B1,B2,B3
3x3,-0.12,0.02999999999999997,-0.5509632729046966,0.12307846548762481,0.8090371897868661,0.5000166085346652,0.06021419018784612,0.17613456133161567,0.10035989624399981,1.173386947331033e-07
A1,A3,B1,B2,B3
-1.1102230011694867,5.551115117476563,-2.220446055970173,5.551115128823202,2.220446050291145
ans,J2,J3,Energy,Sigma,L,A1,A2,B1,B2,B3
q0,-0.12,0.02999999999999997,-0.4669092771232581,0.5507026716316213,0.5321874921783756,0.3408018971219619,0.02252082318687352,0.1464915013011835,0.27092772337647,0.4999425551452063
A1,A2,B1,B2,B3
-0.5551115095232766,-3.3306690727970536,-29.976021697310625,1.1102230313725048,-1.1102230197404426
ans,J2,J3,Energy,Sigma,L,A1,A2,A3,B1,B2,phiA1
cb1,-0.12,0.02999999999999997,-0.4220763544442786,0.02590885532156156,0.5000000075271275,0.2923146403550221,-0.06296565084396075,0.717723492191713,0.016230557400698543,5.320180202835125e-05,0.25357121085449197
A1,A2,A3,B1,B2,phiA1
-14.432899414781456,-3.3306690773633103,0.5551115129106948,-6.661338146634941,1.1102230246257314,-1.1102230319566186
