ans,J2,J3,Energy,Sigma,L,A1,A3,B1,B2,B3
3x3,0.02999999999999997,-0.18,-0.5512741376007277,0.13287772075528048,0.8090195233647947,0.50612352911096,0.18006003979522947,0.17604817534112693,0.09903069906375597,0.10027399914698616
A1,A3,B1,B2,B3
2081.668173363758,24.424906568487422,586.1977576159426,2.220446051633364,62.17248944504031
ans,J2,J3,Energy,Sigma,L,A1,A2,B1,B2,B3
q0,0.02999999999999997,-0.18,-0.43238203757157967,0.0005383299193841136,0.5000000075271275,0.30904187404599226,0.06045111078760389,0.06048524006024799,0.07519196133898187,1.206784974732991e-06
A1,A2,B1,B2,B3
-152.65566689405878,0.5551115125180283,-39.412917333649915,-1.110223025794998,-0.5551115123125836
ans,J2,J3,Energy,Sigma,L,A1,A2,A3,B1,B2,phiA1
cb1,0.02999999999999997,-0.18,-0.4367629145305234,0.04848626969136249,0.5000000075271275,0.28564465232274366,-6.358432635594768e-05,0.02698457213061997,0.011406990565815598,5.320179988210991e-05,0.22485505009007722
A1,A2,A3,B1,B2,phiA1
-11.102230196016647,-3.330669073877194,-3.3306690727536856,-8.881784195513255,-3.88578058619006,-2.7755575644847847
