ans,J2,J3,Energy,Sigma,L,A1,A3,B1,B2,B3
3x3,0.14999999999999997,-0.09,-0.5452065587067069,0.16274176646815058,0.8090381227558896,0.5100704256557871,0.18965674754437406,0.17602747619219739,0.0999065743148569,0.09999338930386482
A1,A3,B1,B2,B3
-29.97602169648363,4.440892103613673,-2.220446055970173,2.220446051633364,6.661338154726621
ans,J2,J3,Energy,Sigma,L,A1,A2,B1,B2,B3
q0,0.14999999999999997,-0.09,-0.43981539095393235,0.053069902864501146,0.5000000075271275,0.2771407245744323,0.00010216036247060335,0.0036459181453412167,5.320180202835125e-05,5.3201787965626674e-05
A1,A2,B1,B2,B3
-18.31868002874856,-1.1102230246257314,-10.547118734001625,-1.665334536938597,-2.7755575615643284
ans,J2,J3,Energy,Sigma,L,A1,A2,A3,B1,B2,phiA1
cb1,0.14999999999999997,-0.09,-0.45805684497044635,0.5892446462882955,0.5639110489293049,0.33898474926559813,-0.6322394225359207,0.36047354599603293,0.10439469863767711,0.48555295022441763,-1.0210129112036714
A1,A2,A3,B1,B2,phiA1
7.216449623802595,2.2204460516427793,2.220446039480885,-6.661338154726621,1.6653345285698298,0.5551115191556993
