ans,J2,J3,Energy,Sigma,L,A1,A3,B1,B2,B3
3x3,-0.02999999999999997,-0.12,-0.5515291415109985,0.12255548849835267,0.8090241305173956,0.5036362584538132,0.17988715704387137,0.17604809169523686,0.1014610095048516,0.09998996206188938
A1,A3,B1,B2,B3
2.2204460516427793,1.1102230252095289,-4.4408921008381155,1.110223025816682,0.0
ans,J2,J3,Energy,Sigma,L,A1,A2,B1,B2,B3
q0,-0.02999999999999997,-0.12,-0.4326447993111898,0.0001973244673809953,0.5000000075271275,0.3089960850633736,0.08362769812815132,0.057155408477426,0.06600589930759602,2.5545168602838365e-07
A1,A2,B1,B2,B3
-109.35696864776286,-2.220446051633364,-31.08624465752181,-2.220446051584575,-2.7755575615628887
ans,J2,J3,Energy,Sigma,L,A1,A2,A3,B1,B2,phiA1
cb1,-0.02999999999999997,-0.12,-0.4379333781364009,0.03511129875293799,0.5000000075271275,0.29213520721997843,-0.21698085643714093,6.610696135189607e-05,0.01336063043578958,5.320180202835125e-05,0.22176350515127274
A1,A2,A3,B1,B2,phiA1
-11.102230319276163,-0.5551115129517091,-1.665334536938597,-8.326672683293678,-1.1102230246257314,0.0
