ans,J2,J3,Converge,Energy,Sigma,gap,L,A1,A3,B1,B2,B3,phiA3
3x3_1,-0.3,-0.22499999999999998,True,-0.5351796446676987,6.777752717514879e-10,0.0014398858156419584,0.8885786305562265,0.5235361432261219,0.3316298731873663,0.2146120428899756,0.4003157457472651,0.1851446378802806,6.283182686167893
ans,J2,J3,Converge,Energy,Sigma,gap,L,A1,A2,B1,B2,B3,phiA2
q0_1,-0.3,-0.22499999999999998,True,-0.4796380398632901,1.4058781361179443e-09,0.0010833144020159112,0.7362309439820949,0.5082851080624519,0.17254437145235674,0.16227148476500103,0.1934698150492122,0.22107464642060898,3.141533042371108
ans,J2,J3,Converge,Energy,Sigma,gap,L,A1,A2,A3,B1,B2,phiA1,phiB2
cb1,-0.3,-0.22499999999999998,True,-0.5019422851462384,1.8155256860211916e-09,0.002180598098109163,0.7900385412857678,0.5155641649689072,0.07075204956224593,0.294201723239908,0.18025210173467998,0.31036400721386226,1.9742232474619639,5.277615580491949
