ans,J2,J3,Converge,Energy,Sigma,gap,L,A1,A3,B1,B2,B3,phiA3
3x3_1,-0.15,-0.15,False,-0.3135746282395451,7.358687535978701e-10,0.006087704213390363,0.6490228473874636,0.4075255740666125,0.00030214411661655394,0.13928376519101038,0.24996579577419095,0.0991423949163734,1.569318699181085
ans,J2,J3,Converge,Energy,Sigma,gap,L,A1,A2,B1,B2,B3,phiA2
q0_1,-0.15,-0.15,True,-0.29849697307298056,4.3578250794283297e-10,0.004540518925082068,0.5869124160684759,0.4017871775254876,0.11710432580410482,0.11871459456501202,0.130764370261753,0.136704363615632,3.141221181953846
ans,J2,J3,Converge,Energy,Sigma,gap,L,A1,A2,A3,B1,B2,phiA1,phiB2
cb1,-0.15,-0.15,True,-0.30316560746907556,1.6700218073383712e-09,0.019276782020186865,0.5977747449336481,0.4036617672863592,0.04451931534343319,0.1635422594137142,0.1196912013457432,0.1874329361385825,2.00162236847158,5.261931775407966
