ans,J2,J3,Converge,Energy,Sigma,gap,L,A1,A3,B1,B2,B3,phiA3
3x3_1,-0.07500000000000001,0.07500000000000001,False,-0.3035981112679936,3.0021445076260646e-10,0.011598623875471946,0.6052655468380124,0.4059381389781537,0.00019883067763043494,0.1278242953838492,0.21804492163553557,0.07514790866540612,4.713042225596709
ans,J2,J3,Converge,Energy,Sigma,gap,L,A1,A2,B1,B2,B3,phiA2
q0_1,-0.07500000000000001,0.07500000000000001,True,-0.29444084554412625,4.3585065898769817e-10,0.008149544953376022,0.5680922918423601,0.4000674699351185,0.09883742115876902,0.1130698889886367,0.12281357706669242,0.10927479903582556,3.1373112516327866
ans,J2,J3,Converge,Energy,Sigma,gap,L,A1,A2,A3,B1,B2,phiA1,phiB2
cb1,-0.07500000000000001,0.07500000000000001,True,-0.30562157438527787,4.427110331481701e-09,0.006431582952364365,0.6141541554627539,0.4052868739390807,0.059935363371268965,0.2142664766598302,0.1272287613232283,0.2096015191147426,1.9674788378667731,5.263297603540314
