ans,J2,J3,Converge,Energy,Sigma,gap,L,A1,A3,B1,B2,B3,phiA3
3x3_1,0.07500000000000001,0.07500000000000001,True,-0.2936775527411582,2.3826336768393337e-09,0.05174465977211645,0.5645090295747953,0.4020038315411033,0.1433022285485913,0.11396497005711077,0.18095819687414377,0.050019792794106135,0.0053261202614881134
ans,J2,J3,Converge,Energy,Sigma,gap,L,A1,A2,B1,B2,B3,phiA2
q0_1,0.07500000000000001,0.07500000000000001,True,-0.29154369050695234,4.876562194600784e-09,0.008533161353861101,0.5605218811801301,0.4012543804025358,0.001419973597859614,0.11671916984790207,0.1224131462067937,0.11500851156465079,4.6999517652150375
ans,J2,J3,Converge,Energy,Sigma,gap,L,A1,A2,A3,B1,B2,phiA1,phiB2
cb1,0.07500000000000001,0.07500000000000001,True,-0.2953043723423984,6.069200866806454e-10,0.015062681470398503,0.5739498394450169,0.40363317689411154,0.06135993442610584,0.1662026166586692,0.11894888125010253,0.18035707399663797,1.9652937935629387,5.2422504831113885
