ans,J2,J3,Converge,Energy,Sigma,gap,L,A1,A3,B1,B2,B3,phiA3
3x3_1,0.3,0.0,True,-0.2827819651571895,4.858449798403566e-11,0.1351401692804405,0.5259957501992217,0.3942312472320878,0.0,0.09659205280353335,0.1251472113961008,0.0,0.0
ans,J2,J3,Converge,Energy,Sigma,gap,L,A1,A2,B1,B2,B3,phiA2
q0_1,0.3,0.0,True,-0.3032112507198029,1.5519437939045928e-09,0.002951524190063529,0.6275220365126968,0.40708082481825086,0.23425334814124849,0.15559164124210226,0.14565949775666798,0.0,3.14225371225514
ans,J2,J3,Converge,Energy,Sigma,gap,L,A1,A2,A3,B1,B2,phiA1,phiB2
cb1,0.3,0.0,False,-0.3013276494544667,1.7876982319207544e-09,0.004468723692595129,0.6033809780486911,0.4062993300799049,0.10457245565273848,0.0,0.13303330776372663,8.074523895354457e-05,1.9265984740183775,3.6813763463475793
