ans,J2,J3,Converge,Energy,Sigma,gap,L,A1,A3,B1,B2,B3,phiA3
3x3_1,0.14999999999999997,0.3,True,-0.2937823026620851,7.478154305855921e-10,0.06783969508737349,0.5665732014560623,0.4008682885325228,0.18233224092790087,0.11338652514352612,0.1939029373115015,0.04440609478863155,0.0017424510484370633
ans,J2,J3,Converge,Energy,Sigma,gap,L,A1,A2,B1,B2,B3,phiA2
q0_1,0.14999999999999997,0.3,True,-0.2901534534647435,1.762993148433052e-09,0.01249152114095175,0.5549880305582784,0.40152868044887463,0.11317412701173163,0.11862289946126875,0.11916118699202626,0.11164669208014412,3.1440304401247836
ans,J2,J3,Converge,Energy,Sigma,gap,L,A1,A2,A3,B1,B2,phiA1,phiB2
cb1,0.14999999999999997,0.3,True,-0.29968637857738684,1.5694823659761942e-09,0.004608175343942505,0.6014792418159643,0.4047356637819297,0.09275584992491617,0.24307411094593614,0.13096020257413485,0.21563594325532348,1.9367132172096937,5.26187623320089
