ans,J2,J3,Converge,Energy,Sigma,gap,L,A1,A3,B1,B2,B3,phiA3
3x3_1,0.0,-0.07500000000000001,False,-0.2978398440356148,1.5424445152647506e-09,0.01968461800601267,0.5819719436731643,0.4041468981703488,0.000653157200383836,0.12072600729743199,0.0,0.06449079886986976,4.715576600200942
ans,J2,J3,Converge,Energy,Sigma,gap,L,A1,A2,B1,B2,B3,phiA2
q0_1,0.0,-0.07500000000000001,True,-0.2966708591240856,1.210383614964076e-11,0.0043388275391511785,0.5851298532326554,0.40441260443369675,0.0,0.12690869578374098,0.0,0.15415910939652727,0.0
ans,J2,J3,Converge,Energy,Sigma,gap,L,A1,A2,A3,B1,B2,phiA1,phiB2
cb1,0.0,-0.07500000000000001,True,-0.2959390389756668,3.826830794363896e-10,0.04419514379172893,0.5721031108391628,0.4024591225666978,0.0,0.14215346764671707,0.11509522851352888,0.0,1.9965037201150815,0.0
