ans,J2,J3,Converge,Energy,Sigma,gap,L,A1,A3,B1,B2,B3,phiA3
3x3_1,-0.3,-0.07500000000000001,True,-0.3295841681712791,4.889277893568718e-09,0.004378623256156469,0.7102454767825835,0.4075326243882857,0.23962478245407348,0.14955520459978178,0.27517869422898456,0.1166985620646038,0.005683049357048714
ans,J2,J3,Converge,Energy,Sigma,gap,L,A1,A2,B1,B2,B3,phiA2
q0_1,-0.3,-0.07500000000000001,False,-0.30777238009285024,3.2932242619054607e-10,0.003132036663455545,0.6251397732049134,0.4054443778072803,4.7192610832025306e-05,0.13254946483614075,0.13963253084037716,0.18056323506472804,4.711953344982736
ans,J2,J3,Converge,Energy,Sigma,gap,L,A1,A2,A3,B1,B2,phiA1,phiB2
cb1,-0.3,-0.07500000000000001,True,-0.3181009879757527,1.4730502292012386e-09,0.004718911925247883,0.6569296309151391,0.4047511331107563,0.05179935928257012,0.2249761932424314,0.13063478296969228,0.2236017442022494,1.9749769092646072,5.279228447194308
