ans,J2,J3,Converge,Energy,Sigma,gap,L,A1,A3,B1,B2,B3,phiA3
3x3_1,0.3,-0.3,False,-0.2822608061432638,4.389521143918643e-05,0.14129232807331696,0.5248336697644076,0.39247860156125863,0.05000008794086139,0.09401444604709563,0.11252245962309389,0.029781803762572005,0.001222318697107532
ans,J2,J3,Converge,Energy,Sigma,gap,L,A1,A2,B1,B2,B3,phiA2
q0_1,0.3,-0.3,True,-0.32433756870112096,1.3830256314446804e-09,0.0021268543458649084,0.7133324088518987,0.4024595653459236,0.279083068669017,0.16742978012850956,0.15788038606595173,0.2867579584788392,3.141636045168076
ans,J2,J3,Converge,Energy,Sigma,gap,L,A1,A2,A3,B1,B2,phiA1,phiB2
cb1,0.3,-0.3,False,-0.29439281509923915,3.884400653907934e-09,0.015037913266581767,0.567448188339853,0.4014845099374774,0.07421239467374036,0.11431069747778211,0.11697325682678658,0.00025428752244130437,1.8938863455311687,3.6106975261190613
