ans,J2,J3,Converge,Energy,Sigma,gap,L,A1,A3,B1,B2,B3,phiA3
3x3_1,-0.07500000000000001,0.22500000000000003,False,-0.3028144399569268,1.72393838768042e-09,0.014581954587476072,0.6006217104378884,0.4054704868654432,0.000250859822130467,0.12590018629674818,0.2126390349680381,0.06951892884216655,1.5694293507128951
ans,J2,J3,Converge,Energy,Sigma,gap,L,A1,A2,B1,B2,B3,phiA2
q0_1,-0.07500000000000001,0.22500000000000003,True,-0.29297287227037616,7.353883554660452e-10,0.01474266054324295,0.5598099059796612,0.39810381595414585,0.08298263008869924,0.10783769906842239,0.11789599737166694,0.0893821925261664,3.139053907707466
ans,J2,J3,Converge,Energy,Sigma,gap,L,A1,A2,A3,B1,B2,phiA1,phiB2
cb1,-0.07500000000000001,0.22500000000000003,True,-0.31446619599911485,2.5723378302714917e-09,0.0038889224294766287,0.652295342591783,0.4042453789580258,0.07122596722375067,0.2700711825072287,0.13472819754416007,0.2350221101536957,1.9543072018127137,5.281098612009071
