ans,J2,J3,Converge,Energy,Sigma,gap,L,A1,A3,B1,B2,B3,phiA3
3x3_1,-0.07500000000000001,-0.07500000000000001,True,-0.3021585406454687,9.421848980600202e-10,0.01133962323683129,0.5998632138505928,0.4057143228944419,0.16763835432849308,0.12669653707657183,0.2119131389554105,0.07601008255231576,6.279253041292797
ans,J2,J3,Converge,Energy,Sigma,gap,L,A1,A2,B1,B2,B3,phiA2
q0_1,-0.07500000000000001,-0.07500000000000001,False,-0.2993297778131629,1.3843304473052106e-09,0.003934041815917684,0.594799032162595,0.4047565546897182,0.00067056893396511,0.12841693066492385,0.1341320431868135,0.16115396077047023,1.5759427190233846
ans,J2,J3,Converge,Energy,Sigma,gap,L,A1,A2,A3,B1,B2,phiA1,phiB2
cb1,-0.07500000000000001,-0.07500000000000001,True,-0.3003107669610487,2.2790090907563597e-09,0.021203548012394484,0.58863245636791,0.4036806404616595,0.04852403888847932,0.16294260157205742,0.11905132946472025,0.18420832735730477,1.9924589819018061,5.2545818951803565
