ans,J2,J3,Converge,Energy,Sigma,gap,L,A1,A3,B1,B2,B3,phiA3
3x3_1,0.07500000000000001,0.22500000000000003,True,-0.29731897020172365,1.51412336687111e-09,0.038227331026730246,0.5799492368408801,0.40269843813674705,0.18657060603185796,0.11831551717548171,0.20335993931969937,0.05399773798106048,8.617598058835576e-05
ans,J2,J3,Converge,Energy,Sigma,gap,L,A1,A2,B1,B2,B3,phiA2
q0_1,0.07500000000000001,0.22500000000000003,True,-0.2899571963848115,2.7281779531022827e-09,0.017652320301293364,0.551297679192333,0.3989654188060652,0.0013911584852716041,0.11054709355988565,0.11681258506880442,0.09178097367894003,1.5852371651483268
ans,J2,J3,Converge,Energy,Sigma,gap,L,A1,A2,A3,B1,B2,phiA1,phiB2
cb1,0.07500000000000001,0.22500000000000003,True,-0.30119576476006626,2.921434106792223e-09,0.005371272610270866,0.6033658423693132,0.4051279636408769,0.08204082389520463,0.23033214484321105,0.12896950579719357,0.21183143626010162,1.9481025043074314,5.2643377310910715
