ans,J2,J3,Converge,Energy,Sigma,gap,L,A1,A3,B1,B2,B3,phiA3
3x3_1,0.22500000000000003,0.22500000000000003,True,-0.28741487283684,1.1884966718364235e-09,0.10893040688237081,0.5418433674750206,0.39867730706012544,0.12545171514868,0.10524137860037043,0.16055038187411072,0.034598940796211286,0.0011999162088241883
ans,J2,J3,Converge,Energy,Sigma,gap,L,A1,A2,B1,B2,B3,phiA2
q0_1,0.22500000000000003,0.22500000000000003,True,-0.29172210996737385,1.6079786536266967e-09,0.00661275055381754,0.5672571046946006,0.4048842117881405,0.14995862967730272,0.13056630404328748,0.1263023521275329,0.1489242317144023,3.142099528083439
ans,J2,J3,Converge,Energy,Sigma,gap,L,A1,A2,A3,B1,B2,phiA1,phiB2
cb1,0.22500000000000003,0.22500000000000003,True,-0.29146242546455436,1.2781439131280912e-09,0.007663839519219361,0.5661218278526884,0.40371245622157237,0.0825889146073022,0.1798003059778163,0.12213045886293807,0.18266846241732082,1.9189064923632546,5.22380540155878
