ans,J2,J3,Converge,Energy,Sigma,gap,L,A1,A3,B1,B2,B3,phiA3
3x3_1,0.0,-0.07500000000000001,False,-0.2976351883845168,1.1995346732337659e-06,0.02036885849671,0.5810264185247054,0.40403891619871546,0.05001184965870293,0.1203628257215728,0.0,0.06393099629297852,5.066890275522215
ans,J2,J3,Converge,Energy,Sigma,gap,L,A1,A2,B1,B2,B3,phiA2
q0_1,0.0,-0.07500000000000001,True,-0.2966708591240856,1.210383614964076e-11,0.0043388275391511785,0.5851298532326554,0.40441260443369675,0.0,0.12690869578374098,0.0,0.15415910939652727,0.0
ans,J2,J3,Converge,Energy,Sigma,gap,L,A1,A2,A3,B1,B2,phiA1,phiB2
cb1,0.0,-0.07500000000000001,True,-0.2959390389756668,3.826830794363896e-10,0.04419514379172893,0.5721031108391628,0.4024591225666978,0.0,0.14215346764671707,0.11509522851352888,0.0,1.9965037201150815,0.0
