ans,J2,J3,Converge,Energy,Sigma,gap,L,A1,A3,B1,B2,B3,phiA3
3x3_1,0.07500000000000001,-0.22499999999999998,True,-0.2904019294143707,1.2155592782573614e-09,0.0670009080693738,0.5512508162793442,0.39906904144550276,0.0915031050944614,0.10764056488479504,0.15355397126487524,0.04641232099606069,6.280567279861369
ans,J2,J3,Converge,Energy,Sigma,gap,L,A1,A2,B1,B2,B3,phiA2
q0_1,0.07500000000000001,-0.22499999999999998,True,-0.3032638472405884,1.4434497234919078e-09,0.002668036195153504,0.6240089976663681,0.4077008761682963,0.1983328368986611,0.14561504972248338,0.14508139756539298,0.21590010670935542,3.143747202817016
ans,J2,J3,Converge,Energy,Sigma,gap,L,A1,A2,A3,B1,B2,phiA1,phiB2
cb1,0.07500000000000001,-0.22499999999999998,False,-0.2938322937346935,9.60519688533118e-10,0.06237907027722926,0.5627791671443145,0.400829627023588,0.04595110831861304,0.11415766989449133,0.11155164106902705,0.0003366968476432308,2.0007605568831166,3.668165308229364
