ans,J2,J3,Converge,Energy,Sigma,gap,L,A1,A3,B1,B2,B3,phiA3
3x3_1,0.3,0.07500000000000001,False,-0.2827235942892709,7.422048234966477e-10,0.13236051892820938,0.5257496038834734,0.39417105590544843,0.0006245546813392622,0.09650037986628504,0.12469143357011798,0.02760399203449515,1.5633129193412851
ans,J2,J3,Converge,Energy,Sigma,gap,L,A1,A2,B1,B2,B3,phiA2
q0_1,0.3,0.07500000000000001,True,-0.29928656222866085,7.645719668381344e-10,0.00339779693138905,0.609065098215369,0.40741260065138607,0.21786478347291754,0.150968260372369,0.14126487702362744,0.21945883019027976,3.141409646254113
