ans,J2,J3,Energy,Sigma,L,A1,A2,A3,B1,B2,phiA1
cb1,0.005000000000000001,-0.025,-0.46946013291926597,2.1210338127438423e-11,0.7112473190610836,0.5151794778562259,0.03932425380173935,0.25865935618186153,0.17248697991675316,0.14170115458608487,1.9617145023816007
A1,A2,A3,B1,B2,phiA1
3.7806979771095857,0.01987299214075052,-0.05256906022173234,-5.808686864665978,-0.01992850329253485,0.08036381005089324
ans,J2,J3,Energy,Sigma,L,A1,A3,B1,B2,B3
3x3,0.005000000000000001,-0.025,-0.4684588889333999,1.765384338865901e-11,0.7105566323960203,0.5157615028381688,0.24139013826486239,0.17536474566821428,0.30146672570266964,0.11109778742406848
A1,A3,B1,B2,B3
3.808009462671278,-0.06133982210871473,-5.673128633678202,-0.022370993948636144,0.046296300126776456
ans,J2,J3,Energy,Sigma,L,A1,A2,B1,B2,B3
q0,0.005000000000000001,-0.025,-0.4706834281648327,1.2295497844477063e-11,0.7206198705356905,0.5179771355671146,0.2281978619277333,0.1840553009194297,0.19323234051161403,0.25992263648454755
A1,A2,B1,B2,B3
3.6218805726242396,0.012323475573656676,-5.91127147246643,-0.022426505096760845,0.24974466938892942
