ans,J2,J3,Energy,Sigma,L,A1,A2,A3,B1,B2,phiA1
cb1,0.009999999999999998,0.010000000000000002,-0.47176156538822667,2.2044475452129013e-11,0.7184460570582397,0.5162143890923668,0.04106497662872853,0.2751632717299427,0.17543338297362568,0.14676013226275447,1.9563510691028134
A1,A2,A3,B1,B2,phiA1
3.8078984412143573,0.03969047313026997,0.019817480991719604,-5.693223670424434,-0.040412118095153174,0.08993117361932612
ans,J2,J3,Energy,Sigma,L,A1,A3,B1,B2,B3
3x3,0.009999999999999998,0.010000000000000002,-0.4692238820877683,2.161071859509655e-11,0.7126926181843465,0.516044777045354,0.2502232433446301,0.17609920633409323,0.3053370210560459,0.11083217967589777
A1,A3,B1,B2,B3
3.861355678995526,0.019595436386770377,-5.554168236586552,-0.04102274076437188,-0.019984014443212926
ans,J2,J3,Energy,Sigma,L,A1,A2,B1,B2,B3
q0,0.009999999999999998,0.010000000000000002,-0.4685520173150263,2.3027255790944682e-11,0.7137477125315798,0.5169722894909532,0.21930046889781546,0.18108638074545352,0.19049541554903499,0.24865417738326243
A1,A2,B1,B2,B3
3.6377567618737037,0.030642155478742585,-6.617761893837485,-0.04291011990048561,-0.02314815006403056
