ans,J2,J3,Energy,Sigma,L,A1,A2,A3,B1,B2,phiA1
cb1,0.024999999999999998,-0.03,-0.46841029414090163,3.22928464907186e-11,0.7082101956062724,0.5147169992017944,0.039152816848593,0.2530143038152577,0.1712548968975109,0.13838449640309788,1.955557293006159
A1,A2,A3,B1,B2,phiA1
3.7631009413327594,0.09631184738603944,-0.06455946888899104,-5.860922857973036,-0.10286216323417008,0.0776610220578297
ans,J2,J3,Energy,Sigma,L,A1,A3,B1,B2,B3
3x3,0.024999999999999998,-0.03,-0.46475570064441213,1.5693700463612163e-11,0.7001204294467301,0.5141734519528547,0.22693089214479178,0.1711643427888772,0.28916697929226326,0.1041551797979161
A1,A3,B1,B2,B3
3.7356784326291397,-0.06356026815789896,-5.8814619839279905,-0.10669243266626403,0.05884182030501558
ans,J2,J3,Energy,Sigma,L,A1,A2,B1,B2,B3
q0,0.024999999999999998,-0.03,-0.471713292326452,4.3963371829324474e-12,0.7250133580823839,0.519214935912095,0.2392540398641186,0.1879027188580975,0.1951358632845282,0.2707954557099284
A1,A2,B1,B2,B3
4.259148588651678,0.83322238000264,-4.244826712225516,0.6102895966182889,0.7759348719089699
