ans,J2,J3,Energy,Sigma,L,A1,A2,A3,B1,B2,phiA1
cb1,-0.02,-0.04,-0.46940190669676823,1.0609130949731137e-11,0.7107513272639416,0.51502788320578,0.03861091922488324,0.255252691431323,0.172119573228113,0.14231792348725697,1.972174751642373
A1,A2,A3,B1,B2,phiA1
3.77509134999669,-0.08237854842702186,-0.08731904089628828,-5.817846204618863,0.07854827898989256,0.07745040164782754
ans,J2,J3,Energy,Sigma,L,A1,A3,B1,B2,B3
3x3,-0.02,-0.04,-0.4724477213031164,1.5562738256610795e-12,0.7218064820122747,0.5171872487867779,0.25190443641962007,0.17949996689613384,0.3120560680637373,0.11887419853383671
A1,A3,B1,B2,B3
4.003519737274817,-0.08987255384322665,-5.382527756676292,0.07033262861767149,0.07799316747976126
ans,J2,J3,Energy,Sigma,L,A1,A2,B1,B2,B3
q0,-0.02,-0.04,-0.4710063152836944,1.2015393126348448e-11,0.7204392091833853,0.5171499508467043,0.2218879991275722,0.1816549866891239,0.19279078148841147,0.2547615450064001
A1,A2,B1,B2,B3
4.275912956320693,-0.1273425809277852,-5.238587341537923,0.040467629248629455,-0.37131409058514087
