ans,J2,J3,Energy,Sigma,L,A1,A2,A3,B1,B2,phiA1
cb1,0.015000000000000003,-0.0049999999999999975,-0.4704652512377476,5.680346819051692e-12,0.7144870518454322,0.5156850102876874,0.04040205747726749,0.2669271160865475,0.1738834081523525,0.14371040342371877,1.9564412609528523
A1,A2,A3,B1,B2,phiA1
3.792299807717539,0.05884182030501558,-0.01021405182766499,-5.754174914477925,-0.06078471059641864,0.08535104845091705
ans,J2,J3,Energy,Sigma,L,A1,A3,B1,B2,B3
3x3,0.015000000000000003,-0.0049999999999999975,-0.46758038452461526,7.455501948115423e-12,0.7080746966843725,0.5154255453962411,0.24181454424133278,0.17438479755685726,0.2995777528115153,0.10830238663227029
A1,A3,B1,B2,B3
3.804623282446742,-0.010269562978047195,-5.6882831776489615,-0.04873879078094686,0.009714451465450663
ans,J2,J3,Energy,Sigma,L,A1,A2,B1,B2,B3
q0,0.015000000000000003,-0.0049999999999999975,-0.46964026690282423,2.0173301973638955e-11,0.7176289658348661,0.5177996699726952,0.22635963174959312,0.18351023216068016,0.19224965551558904,0.2564133847647271
A1,A2,B1,B2,B3
4.4053094498189465,0.05179190409722257,-5.242251077810081,-0.06178391131855149,0.009825473769003949
