ans,J2,J3,Energy,Sigma,L,A1,A2,A3,B1,B2,phiA1
cb1,-0.01,-0.035,-0.469354850125472,1.3821697459227624e-11,0.710736166145731,0.5150584991580922,0.03896250998131537,0.25611088113034736,0.17218056990387073,0.14188271332641955,1.9679997535383393
A1,A2,A3,B1,B2,phiA1
3.7753133946015773,-0.04057865154996823,-0.07560618797682188,-5.817013537673327,0.03946842852424988,0.078385881119146
ans,J2,J3,Energy,Sigma,L,A1,A3,B1,B2,B3
3x3,-0.01,-0.035,-0.47077073771731387,6.861331427427867e-12,0.7170797518927756,0.5166155089934329,0.24743255887930748,0.17780759438876537,0.3075720602937443,0.1157270550898569
A1,A3,B1,B2,B3
3.9638847761825398,-0.07460698725259039,-5.511313627528978,0.039024339319828724,0.06822320486307945
ans,J2,J3,Energy,Sigma,L,A1,A2,B1,B2,B3
q0,-0.01,-0.035,-0.47093160647798227,4.528822683423287e-12,0.7206978275759678,0.5175179421074831,0.2247170501850846,0.18271377395347707,0.19306374783050828,0.25718550933850565
A1,A2,B1,B2,B3
4.248768003373182,-0.07233103005217671,-5.242195566658848,0.029531932454150412,-0.554334356194232
