ans,J2,J3,Energy,Sigma,L,A1,A2,A3,B1,B2,phiA1
cb1,0.0,-0.035,-0.46898579271591145,6.244770886704514e-12,0.7097119287511547,0.5149170524940349,0.0,0.254563404361895,0.17179237378951173,0.0,1.9647071748451288
A1,A2,A3,B1,B2,phiA1
3.7709280144923616,0.0,-0.0754951656743597,-5.833944438475448,0.0,0.07782939293062963
ans,J2,J3,Energy,Sigma,L,A1,A3,B1,B2,B3
3x3,0.0,-0.035,-0.46891187081773705,5.6710263750807635e-12,0.7118414322129734,0.5159247274416934,0.24116073325943008,0.17585643078524543,0.0,0.11239613277435646
A1,A3,B1,B2,B3
3.8239966742231855,-0.07460698725673202,-5.645706124655853,0.0,0.06844524946800405
ans,J2,J3,Energy,Sigma,L,A1,A2,B1,B2,B3
q0,0.0,-0.035,-0.47121402634890464,7.656310223221292e-13,0.7221372516571031,0.5180605045254252,0.0,0.18432671178778678,0.0,0.2615045625723803
A1,A2,B1,B2,B3
3.397171432477979,-0.0,-5.648259637925958,0.0,0.06283862320063463
