ans,J2,J3,Energy,Sigma,L,A1,A2,A3,B1,B2,phiA1
cb1,-0.01,0.0,-0.47180819575463534,3.3197552171209282e-12,0.71836063711431,0.5161808278912582,0.04044188057517532,0.0,0.175327695425525,0.14742018038417543,1.9625199188110043
A1,A2,A3,B1,B2,phiA1
3.8077319077606546,-0.040190073491350294,0.0,-5.693945315074381,0.03996802888531636,0.08845212895440897
ans,J2,J3,Energy,Sigma,L,A1,A3,B1,B2,B3
3x3,-0.01,0.0,-0.47254271156792477,1.3472812511675226e-12,0.7220369732119293,0.5172015017292837,0.0,0.1794804958052901,0.31421471124852673,0.0
A1,A3,B1,B2,B3
3.703093386861883,-0.0,-5.519806833973519,-0.030864200087944303,0.0
ans,J2,J3,Energy,Sigma,L,A1,A2,B1,B2,B3
q0,-0.01,0.0,-0.4687332277159568,3.657613919509031e-12,0.7133570877024041,0.5162383711141892,0.2136532705758215,0.178999051911498,0.19006251724728937,0.0
A1,A2,B1,B2,B3
4.187539204505244,-0.04113376306113814,-5.63354918253657,0.0401345623412331,0.0
