ans,J2,J3,Energy,Sigma,L,A1,A2,A3,B1,B2,phiA1
cb1,0.0,-0.04,-0.4686648563616599,2.104121158466371e-12,0.7087115281522899,0.5147470177805764,0.0,0.2521630259181121,0.17134952999207625,0.0,1.965410170827537
A1,A2,A3,B1,B2,phiA1
3.763100941332759,0.0,-0.08770761895494937,-5.85198556262507,0.0,0.07641271504417439
ans,J2,J3,Energy,Sigma,L,A1,A3,B1,B2,B3
3x3,0.0,-0.04,-0.4686861514635605,6.381125959225191e-12,0.7112064277458244,0.5158266505331285,0.23949876800336406,0.17561192750376325,0.0,0.1122542041471288
A1,A3,B1,B2,B3
3.7687075684429927,-0.05645484080050938,-5.6551430203648865,0.0,0.05118128143511739
ans,J2,J3,Energy,Sigma,L,A1,A2,B1,B2,B3
q0,0.0,-0.04,-0.4715584241641122,1.0651095738698901e-11,0.7232798881523859,0.5182345036912335,0.0,0.18486867909724006,0.0,0.2633993967856103
A1,A2,B1,B2,B3
4.854006085145583,-0.0,-4.857447777465089,0.0,0.22915003230761471
