ans,J2,J3,Energy,Sigma,L,A1,A2,A3,B1,B2,phiA1
cb1,-0.005000000000000001,-0.010000000000000002,-0.4708785126241411,1.5430273013267122e-11,0.7155396567225837,0.5158056527455178,0.040057674877795886,0.2675347347857485,0.1742287797285534,0.14529483319791972,1.9625894380169102
A1,A2,A3,B1,B2,phiA1
3.7967406998162776,-0.020039525594444024,-0.02042810365532998,-5.73735503565442,0.019817480990069577,0.0852721726565114
ans,J2,J3,Energy,Sigma,L,A1,A3,B1,B2,B3
3x3,-0.005000000000000001,-0.010000000000000002,-0.47104902313620445,6.325989795827788e-12,0.7178471555861611,0.5167187853253984,0.25268600313244116,0.17804436905996882,0.30961847329736436,0.11507527551129787
A1,A3,B1,B2,B3
3.795685987942827,-0.02131628207512689,-5.640654610207079,0.018596235664498802,0.019595436384594933
ans,J2,J3,Energy,Sigma,L,A1,A2,B1,B2,B3
q0,-0.005000000000000001,-0.010000000000000002,-0.46944773727472106,8.93488920529308e-12,0.7159959181127605,0.5168851755360261,0.2190521352738054,0.1808367625545835,0.19118453286919546,0.24976920261451083
A1,A2,B1,B2,B3
3.7357894557610956,-0.021982415886923956,-6.243727757198997,0.01948441408159173,0.01759703494076176
