ans,J2,J3,Converge,Energy,Sigma,gap,L,A1,A3,B1,B2,B3,phiB1,phiB2,phiA3
3x3_1,0.0,-0.07500000000000001,True,-0.6719105268676928,5.212408789977597e-10,0.0016919152384453672,1.1791666409695358,0.5740093259635473,8.0097945758556e-05,1.8118863762683901e-06,0.0,0.4152898972841701,3.128822818792976,0.0,-0.06221948899453396
