ans,J2,J3,Converge,Energy,Sigma,gap,L,A1,A3,B1,B2,B3,phiB1,phiB2,phiA3
3x3_1,0.07500000000000001,0.0,True,-0.6321973252512642,1.5608617618145452e-10,0.0018292661162274608,1.0848109804828594,0.5737766245724693,0.0,7.58372663403617e-07,0.4182915122073093,0.0,3.1362707587030854,7.824268625906684e-05,0.0
