ans,J2,J3,Converge,Energy,Sigma,gap,L,A1,A3,B1,B2,B3,phiB1,phiB2,phiA3
3x3_1,0.0,-0.22499999999999998,True,-0.6987021041825097,2.337757300368457e-10,0.0016187670590639594,1.2430988786616224,0.5732482755885255,1.1136209094653182e-05,3.4024058326309614e-07,0.0,0.42933859865048957,3.144402593378106,0.0,0.030092408541825846
