ans,J2,J3,Converge,Energy,Sigma,gap,L,A1,A3,B1,B2,B3,phiB1,phiB2,phiA3
3x3_1,-0.3,0.0,True,-0.7790587645451927,1.3206618688850155e-09,0.0015370174800911087,1.417926554215171,0.5711892683735755,0.0,5.919789373864948e-06,0.45924497256654173,0.0,3.1417803771291846,2.1620065495375765e-05,0.0
