ans,J2,J3,Converge,Energy,Sigma,gap,L,A1,A3,B1,B2,B3,phiB1,phiB2,phiA3
3x3_1,0.22500000000000003,-0.15,True,-0.6041644502858691,2.200704936888453e-09,0.0019238252502632018,1.0209108718575384,0.5723220470820262,0.00010079433007997851,1.776354952520709e-06,0.4028827067919543,0.38374919244607664,3.1381517976931237,4.4452637848979574e-05,-0.005759650775266323
