ans,J2,J3,Converge,Energy,Sigma,gap,L,A1,A3,B1,B2,B3,phiB1,phiB2,phiA3
3x3_1,0.3,0.3,True,-0.4419753220415776,2.801394251387831e-09,0.10589269571868898,0.6403558135097384,0.5018462744203634,0.1843182835850067,0.1425886880039113,0.22586981381714774,-0.046390770035336364,3.141525565538445,0.0003392525355990263,3.1429458421004197
