ans,J2,J3,Converge,Energy,Sigma,gap,L,A1,A3,B1,B2,B3,phiB1,phiB2,phiA3
3x3_1,0.07500000000000001,0.14999999999999997,True,-0.46578584143531515,2.001754813694091e-09,0.004693252842421862,0.701944946456133,0.513926637033793,0.26379240837767015,0.17036343387437697,0.29971509508832755,-0.09547943076798174,3.1415878409906894,0.00048144377574989023,3.142005186951084
