ans,J2,J3,Converge,Energy,Sigma,gap,L,A1,A3,B1,B2,B3,phiB1,phiB2,phiA3
3x3_1,0.07500000000000001,0.0,True,-0.4588843492036636,2.3830738481315133e-09,0.006109087252500939,0.6824520828630556,0.5112185895745852,0.0,0.16294024556073514,0.26723575400290966,0.0,3.1415300162585096,0.0015170977300407033,0.0
