ans,J2,J3,Converge,Energy,Sigma,gap,L,A1,A3,B1,B2,B3,phiB1,phiB2,phiA3
3x3_1,-0.3,0.0,True,-0.5554459631511878,7.398604134471662e-10,0.0006194681036480186,0.9374554596348673,0.5224311511109443,0.0,0.2181857925341222,0.4179395721389305,0.0,3.1416352448977354,-6.521770739204228e-05,-0.0
ans,J2,J3,Converge,Energy,Sigma,gap,L,A1,A2,B1,B2,B3,phiB1,phiA2,phiB2
q0_1,-0.3,0.0,True,-0.4748036734158012,1.0333631157098932e-09,0.0005571185454776638,0.7218730190215549,0.5054090747478895,0.12318482059790711,0.15466181206131208,0.1865161469916283,0.0,3.1420150515009473,3.220865706520185,3.1400592050842273
ans,J2,J3,Converge,Energy,Sigma,gap,L,A1,A2,A3,B1,B2,phiA1,phiB1,phiA2,phiB2
cb1,-0.3,0.0,True,-0.5248787289992075,3.340042883001226e-09,0.0005479918852457509,0.8506711623933884,0.5164151847628152,0.1106654750432699,0.0,0.19014386716669726,0.34441203489152555,1.9577320158871905,3.1402123409865204,4.1235598486600775,5.293134172037944
