ans,J2,J3,Converge,Energy,Sigma,gap,L,A1,A3,B1,B2,B3,phiB1,phiB2,phiA3
3x3_1,0.22500000000000003,-0.07500000000000001,True,-0.4421828055751829,2.7035090165903004e-09,0.09336824876829777,0.6402361703282959,0.4985754860256824,0.10448631512082711,0.13790001668738167,0.19058413396090929,-0.0548016906920099,3.1418481699267247,-0.0005820394775815297,3.1404751915196534
