ans,J2,J3,Converge,Energy,Sigma,gap,L,A1,A3,B1,B2,B3,phiB1,phiB2,phiA3
3x3_1,0.14999999999999997,0.14999999999999997,True,-0.4540848480215733,2.7715179310194278e-09,0.046771223452516185,0.6699429152849122,0.5085790572644472,0.2135068971892415,0.15676120950074324,0.2591094879192168,-0.07181447443361942,3.141639908283897,6.917984956745725e-05,3.1397005054917133
ans,J2,J3,Converge,Energy,Sigma,gap,L,A1,A2,B1,B2,B3,phiB1,phiA2,phiB2
q0_1,0.14999999999999997,0.14999999999999997,True,-0.46302614095116795,2.4676748623304343e-09,0.000696430976923981,0.7054194771742208,0.5185429132825423,0.23990130356190587,0.1887951416286123,0.189189051471533,-0.25813540133892543,3.1413993234687223,3.1566649018221407,3.1437564415498955
ans,J2,J3,Converge,Energy,Sigma,gap,L,A1,A2,A3,B1,B2,phiA1,phiB1,phiA2,phiB2
cb1,0.14999999999999997,0.14999999999999997,True,-0.4641948505570014,6.69682573720887e-09,0.0009743634268138719,0.7060008832945511,0.5172559260102665,0.13372450371602612,-0.2942540621165859,0.18012056081863476,0.285063461143445,1.921573963417108,3.1388872304106537,4.18835635772825,5.252654328250094
