ans,J2,J3,Converge,Energy,Sigma,gap,L,A1,A3,B1,B2,B3,phiB1,phiB2,phiA3
3x3_1,0.14999999999999997,-0.15,True,-0.4474720701681462,1.0273790585185931e-09,0.052516488152860884,0.6526587754489368,0.5020773832847241,0.12323388223902075,0.14486061779702258,0.2092931091150634,-0.06771184477947399,3.141597054105519,-0.0002354850269732861,3.142272015272879
