ans,J2,J3,Converge,Energy,Sigma,gap,L,A1,A3,B1,B2,B3,phiB1,phiB2,phiA3
3x3_1,-0.22499999999999998,-0.22499999999999998,True,-0.5124084772565186,2.0308749040441385e-09,0.0006948336490952303,0.8298661151264851,0.5232806998285909,0.30553940040281896,0.2061281745360945,0.3774733406729257,-0.171718557682998,3.1417690911736487,-6.478297026261037e-05,3.1417259645256417
ans,J2,J3,Converge,Energy,Sigma,gap,L,A1,A2,B1,B2,B3,phiB1,phiA2,phiB2
q0_1,-0.22499999999999998,-0.22499999999999998,True,-0.48439691615426395,2.2252611264612304e-09,0.00044669051091355167,0.7564835594300932,0.5143278181492631,0.1830048023472267,0.1789358958721028,0.20141247565103898,-0.2682772464880239,3.141939926305245,3.21540405906023,3.1410500479004604
