ans,J2,J3,Converge,Energy,Sigma,gap,L,A1,A3,B1,B2,B3,phiB1,phiB2,phiA3
3x3_1,-0.07500000000000001,0.3,True,-0.5168460214713693,9.224427629435382e-10,0.0010864613997051363,0.8343869370891863,0.5165005415716843,0.3853531697003036,0.1968609677188732,0.3862317499424644,-0.1427354539462821,3.1416471064388127,0.0001855590522524483,3.141836260115799
ans,J2,J3,Converge,Energy,Sigma,gap,L,A1,A2,B1,B2,B3,phiB1,phiA2,phiB2
q0_1,-0.07500000000000001,0.3,True,-0.4582423639304664,3.1580310761490354e-09,0.0014497406801043738,0.678174959659789,0.5037199407156093,0.11394130296659462,0.15022538501850138,0.16972513942187786,-0.14678013513982857,3.1416880361958843,3.2135379246888087,3.1407496964671764
