ans,J2,J3,Converge,Energy,Sigma,gap,L,A1,A3,B1,B2,B3,phiB1,phiB2,phiA3
3x3_1,0.0,0.3,True,-0.49578576513462236,1.127801069349972e-09,0.0016003792287644974,0.7811340670537598,0.515180625118606,0.36184483756444097,0.18683474816467624,0.0,-0.122410255665927,3.1416838241641387,0.0,3.141112300236147
ans,J2,J3,Converge,Energy,Sigma,gap,L,A1,A2,B1,B2,B3,phiB1,phiA2,phiB2
q0_1,0.0,0.3,True,-0.4561300743298865,5.455278893112154e-10,0.0032295987261800416,0.6742138854644069,0.5057132216916125,0.0,0.15512325399224192,0.0,-0.15530019938909387,3.14134620641198,-0.0,0.0
