ans,J2,J3,Converge,Energy,Sigma,gap,L,A1,A3,B1,B2,B3,phiB1,phiB2,phiA3
3x3_1,0.22500000000000003,0.22500000000000003,True,-0.44759470502036325,1.7432031930454169e-09,0.08903235806881925,0.6537240938836014,0.5049856353927523,0.19811254240079987,0.14901868678034588,0.2409123241915515,-0.05724758249487167,3.141493574502194,0.00036404295653172684,3.141825620196447
