ans,J2,J3,Converge,Energy,Sigma,gap,L,A1,A3,B1,B2,B3,phiB1,phiB2,phiA3
3x3_1,-0.22499999999999998,0.0,True,-0.5302670717758583,1.0751328188597703e-09,0.0007024254005087787,0.8750204852815837,0.5232327236150739,0.0,0.21154632191765174,0.40066860830231843,0.0,3.141660750997074,8.986304307007878e-05,0.0
