ans,J2,J3,Converge,Energy,Sigma,gap,L,A1,A3,B1,B2,B3,phiB1,phiB2,phiA3
3x3_1,0.22500000000000003,0.0,True,-0.4428915006941263,2.9538979589005944e-10,0.09398794092533122,0.6416650281609444,0.49988621658276366,0.0,0.13988907575759044,0.19857912433468158,0.0,3.1415217905207142,0.00035170978599263926,0.0
