ans,J2,J3,Converge,Energy,Sigma,gap,L,A1,A3,B1,B2,B3,phiB1,phiB2,phiA3
3x3_1,0.14999999999999997,0.0,True,-0.4497091308757632,1.0645815940731468e-09,0.052073440092870724,0.6579900337655781,0.505123901817803,0.0,0.14985752868567706,0.2286700829396014,0.0,3.141695742252738,-0.00046706671678799265,-0.0
ans,J2,J3,Converge,Energy,Sigma,gap,L,A1,A2,B1,B2,B3,phiB1,phiA2,phiB2
q0_1,0.14999999999999997,0.0,True,-0.47558981230079167,1.639397565669217e-09,0.0005387088163462353,0.7467057431276893,0.5228351194735366,0.2927637996843051,0.20549824068181025,0.20313995322001385,0.0,3.141528887535124,3.1543349079793,3.143378180559844
ans,J2,J3,Converge,Energy,Sigma,gap,L,A1,A2,A3,B1,B2,phiA1,phiB1,phiA2,phiB2
cb1,0.14999999999999997,0.0,True,-0.4547718777183233,4.112868263988215e-09,0.00207076850862174,0.6755856383802099,0.5109706493067646,0.10939713048078091,0.0,0.16417423078008164,0.23860034133459632,1.9117471110683413,3.1394377786171273,4.172823021244842,5.211674601272671
