ans,J2,J3,Converge,Energy,Sigma,gap,L,A1,A3,B1,B2,B3,phiB1,phiB2,phiA3
3x3_1,-0.07500000000000001,-0.22499999999999998,True,-0.4762325916860811,2.4618253022409726e-09,0.0011778504991670775,0.7313273743261741,0.5176273572598944,0.23169359621154523,0.18185887708769208,0.31160620516639065,-0.1336394890846004,3.1418586318361967,-0.00041037262687285245,3.141484018257909
ans,J2,J3,Converge,Energy,Sigma,gap,L,A1,A2,B1,B2,B3,phiB1,phiA2,phiB2
q0_1,-0.07500000000000001,-0.22499999999999998,True,-0.4845243452540391,3.5353338647221246e-09,0.0005068799873897836,0.7645671472842008,0.5200765517207165,0.22731624595830777,0.19513149018607276,0.20612999992134587,-0.3061328110842606,3.141723858212817,3.2131213282060385,3.14039226358931
