ans,J2,J3,Converge,Energy,Sigma,gap,L,A1,A3,B1,B2,B3,phiB1,phiB2,phiA3
3x3_1,0.22500000000000003,-0.15,True,-0.44168188994761276,2.0663237168469914e-09,0.09174011811988346,0.6393645256179132,0.4974888031833387,0.09312790480113962,0.1362947611311733,0.18449299111456544,-0.055520855613802066,3.1414845991315827,-0.00029705831398006905,3.1401213240924313
