ans,J2,J3,Converge,Energy,Sigma,gap,L,A1,A3,B1,B2,B3,phiB1,phiB2,phiA3
3x3_1,0.3,0.14999999999999997,True,-0.4389378873823964,2.386028826312636e-09,0.08595784462360724,0.6326876582962644,0.49813345452505187,0.11979371204409796,0.1360814802101527,0.19214987488247678,-0.04558735189573043,3.1419200237786535,-0.00026418319685400426,3.139440550277494
