ans,J2,J3,Converge,Energy,Sigma,gap,L,A1,A3,B1,B2,B3,phiB1,phiB2,phiA3
3x3_1,0.07500000000000001,0.3,True,-0.4776526881965556,2.4971568833493633e-09,0.004117857541677953,0.7340789703328924,0.5127329461902769,0.3302765802502416,0.17521907394534547,0.33205346535728386,-0.0986035128236096,3.1415611028112034,-0.00016614950848950298,3.141793458973062
ans,J2,J3,Converge,Energy,Sigma,gap,L,A1,A2,B1,B2,B3,phiB1,phiA2,phiB2
q0_1,0.07500000000000001,0.3,True,-0.455083855973335,1.963597345860392e-09,0.0012942242516020823,0.6745303053047008,0.5087787359573925,0.16065553067985666,0.16278479931349057,0.1717864586709388,-0.1739024715863733,3.1412533450140816,3.1634441168088046,3.1413468818423973
ans,J2,J3,Converge,Energy,Sigma,gap,L,A1,A2,A3,B1,B2,phiA1,phiB1,phiA2,phiB2
cb1,0.07500000000000001,0.3,True,-0.49515690276518043,1.1864189133313128e-09,0.0006286157921980804,0.7899078776113372,0.517942793154482,0.15352227622825831,-0.40697481249187684,0.19615535079657795,0.3429289702521878,1.93161661080662,3.139833960454136,4.202692477203682,5.288892536570824
