ans,J2,J3,Converge,Energy,Sigma,gap,L,A1,A3,B1,B2,B3,phiB1,phiB2,phiA3
3x3_1,-0.15,-0.15,True,-0.4967405791714947,2.1712463088905533e-09,0.0008421867825937698,0.788074075253417,0.5223815365324517,0.2911973648136063,0.19807671966135162,0.35811811816083294,-0.1566831542452216,3.1414861053292253,0.00020154131176270285,3.1416056098708305
ans,J2,J3,Converge,Energy,Sigma,gap,L,A1,A2,B1,B2,B3,phiB1,phiA2,phiB2
q0_1,-0.15,-0.15,True,-0.47825160214820783,3.123582724474891e-09,0.0005017353864648152,0.7405960141549999,0.5151671017088907,0.1848730832889323,0.17916579261393145,0.19785678860318165,-0.26035771900646604,3.141960710816661,3.2137352399467973,3.14195166578276
