ans,J2,J3,Converge,Energy,Sigma,gap,L,A1,A3,B1,B2,B3,phiB1,phiB2,phiA3
3x3_1,0.3,0.3,True,-0.4419753220415776,2.801394251387831e-09,0.10589269571868898,0.6403558135097384,0.5018462744203634,0.1843182835850067,0.1425886880039113,0.22586981381714774,-0.046390770035336364,3.141525565538445,0.0003392525355990263,3.1429458421004197
ans,J2,J3,Converge,Energy,Sigma,gap,L,A1,A2,B1,B2,B3,phiB1,phiA2,phiB2
q0_1,0.3,0.3,True,-0.4612551880064408,2.4418639189478682e-09,0.0005443059450578981,0.7052630217819772,0.519704185303897,0.2740747073379631,0.19884206817794078,0.1894849239453101,-0.27914597496966753,3.1416650908008315,3.1542316641893096,3.143977717469227
ans,J2,J3,Converge,Energy,Sigma,gap,L,A1,A2,A3,B1,B2,phiA1,phiB1,phiA2,phiB2
cb1,0.3,0.3,True,-0.4598396524489219,1.235752059494077e-09,0.0009278263000717364,0.7016390334012389,0.5168258309312977,0.16195066274923245,-0.31932812251610915,0.18609846534515886,0.2927791372088109,1.8944425997393415,3.133125460580083,4.188393552221817,5.250537912568604
