ans,J2,J3,Energy,Sigma,gap,L,A1,A2,B1,B2,B3
q0,0.07500000000000001,-0.1875,-0.48767406148938885,1.290180684216568e-11,-0.0081944229290574,0.7810162273860916,0.5229870079552292,0.3064368608559202,0.21051469440006837,0.21004206407779585,-0.34104853428096404
A1,A2,B1,B2,B3
3.9225289683031406,2.116196107238011,-4.920508445138694,-0.3852473895449293,0.5789813073420191
ans,J2,J3,Energy,Sigma,gap,L,A1,A3,B1,B2,B3
3x3,0.07500000000000001,-0.1875,-0.45505519557505286,1.7500993551751966e-11,-0.011436227742667003,0.6712821873291797,0.507215286956228,-0.1532306957852022,0.15498893207725192,0.2379972864983656,-0.08829915576149781
A1,A3,B1,B2,B3
3.4193203823917884,-0.6264433416447446,-6.945055641693898,-0.4050093593832571,0.3069766663088558
ans,J2,J3,Energy,Sigma,gap,L,A1,A2,A3,B1,B2,phiA1
cb1,0.07500000000000001,-0.1875,-0.4597820506071155,1.590269332604272e-11,0.022668831503791398,0.682030793659081,0.508675234393459,0.03163953312999854,-0.18311316961755605,0.15786762078567462,0.10760005284335894,1.9211661271567204
A1,A2,A3,B1,B2,phiA1
3.5504377216000194,0.2643441021632498,-0.6211142711265438,-6.47998321667842,-0.33584246494910985,0.037734798619126764
