ans,J2,J3,Energy,Sigma,gap,L,A1,A2,B1,B2,B3
q0,0.1875,-0.07500000000000001,-0.48672788998586225,2.2623917410058857e-11,-0.0080812866477448,0.7806445702369521,0.5234756380583322,0.32633425280467687,0.21687229313330897,0.20999693007937914,-0.35296427382045026
A1,A2,B1,B2,B3
5.19573273294327,2.1277424266941125,-3.328559650128682,-0.2517985819849855,0.08670841822322473
ans,J2,J3,Energy,Sigma,gap,L,A1,A3,B1,B2,B3
3x3,0.1875,-0.07500000000000001,-0.44564224118755913,1.2135671882555046e-11,0.03936894013980212,0.6474389131172836,0.5012625349901475,-0.12112656037980638,0.1422489128718332,0.2040598029260388,-0.06317219652848217
A1,A3,B1,B2,B3
3.3646974095802307,-0.1915134717478395,-6.70813404823889,-1.3360423878339134,0.14205303600078878
ans,J2,J3,Energy,Sigma,gap,L,A1,A2,A3,B1,B2,phiA1
cb1,0.1875,-0.07500000000000001,-0.4617316493131028,7.37861757310412e-12,0.0055792846094007845,0.6886025819966035,0.5104297776859085,0.035996235546608614,-0.20672030604995537,0.1617197004017115,0.10733207362157714,1.8700053017408398
A1,A2,A3,B1,B2,phiA1
3.5888514382520498,0.5511147094239277,-0.1878497357665765,-6.439071498220983,-0.9900413822094833,0.049340864727298595
