ans,J2,J3,Energy,Sigma,gap,L,A1,A2,B1,B2,B3
q0,-0.2625,0.11249999999999999,-0.4669242438956336,1.4444698579342011e-11,-0.0012083454739976384,0.6980012587909887,0.5009667763964493,0.11824268164443313,0.14404035663558978,0.17635474605394222,-0.1491698401341414
A1,A2,B1,B2,B3
3.2440716779547074,-2.8395064077813004,-7.847444916109225,0.9493517083569714,-0.3171907181354072
ans,J2,J3,Energy,Sigma,gap,L,A1,A2,A3,B1,B2,phiA1
cb1,-0.2625,0.11249999999999999,-0.4978262086816021,1.1833565713631367e-11,-0.012377874714398057,0.7920424419772819,0.5200610349805314,0.0419167659301945,-0.3715443210051296,0.19491935855526446,0.18659589003611277,1.9520638350882649
A1,A2,A3,B1,B2,phiA1
3.9388492467651304,-1.3060663661690342,0.19240165016753963,-5.123568236342635,1.0896838986695911,0.13617765803886073
ans,J2,J3,Energy,Sigma,gap,L,A1,A3,B1,B2,B3
3x3,-0.2625,0.11249999999999999,-0.5553448666504187,9.328395034763808e-09,-0.0040895436551130785,0.9340417778167646,0.5214585868039888,-0.38731059775598586,0.2158471332802343,0.4175381091846539,-0.18216700760638074
A1,A3,B1,B2,B3
10.573208975017678,8.185563338258817,-13.292478229232074,0.6853406731011091,-0.7787104294720848
