ans,J2,J3,Energy,Sigma,gap,L,A1,A2,B1,B2,B3
q0,-0.03749999999999998,-0.2625,-0.48648272243859136,9.648551630412132e-12,-0.006537911350026437,0.7729457409519834,0.5209526389910801,0.27737204482716327,0.20055366181706263,0.20790873622277736,-0.3187494543358035
A1,A2,B1,B2,B3
3.9085401581928636,-0.20805579481475434,-5.290434756943796,0.08715250743307479,0.8143485885625523
ans,J2,J3,Energy,Sigma,gap,L,A1,A3,B1,B2,B3
3x3,-0.03749999999999998,-0.2625,-0.469050210944077,6.8532246182166775e-12,-0.01530607731339834,0.710108531900848,0.5144534079863803,-0.20061145718999737,0.17294938185158543,0.28666171327947165,-0.12267150512990173
A1,A3,B1,B2,B3
4.463596159354211,-0.47495340993464197,-5.218103726889467,0.08743006318923108,0.5098699240591031
ans,J2,J3,Energy,Sigma,gap,L,A1,A2,A3,B1,B2,phiA1
cb1,-0.03749999999999998,-0.2625,-0.4601693354930514,2.356205375103535e-11,0.0613792735574342,0.6821579162473279,0.5075545107826526,0.03254788072515918,-0.17024816126101508,0.15578717833718508,0.12503395519476432,2.0764468465430492
A1,A2,A3,B1,B2,phiA1
3.622047106688342,-0.16048273820956638,-0.9435230374776893,-6.128098029023477,0.1438849039914203,0.019397955464128813
