ans,J2,J3,Energy,Sigma,gap,L,A1,A2,B1,B2,B3
q0,0.22500000000000003,0.14999999999999997,-0.4667572686338525,5.054532770186364e-12,-0.0044687895805642685,0.7196827784707245,0.5213855105395103,0.2758181918843758,0.20161030375441416,0.19464630850053452,-0.29235977311049727
A1,A2,B1,B2,B3
4.41369163439731,0.46551651422532814,-5.2337023603854504,-0.7902567489281864,-0.3603783937933258
ans,J2,J3,Energy,Sigma,gap,L,A1,A3,B1,B2,B3
3x3,0.22500000000000003,0.14999999999999997,-0.4458747241040626,4.9665954806900075e-12,0.062026381101299634,0.6481529496938094,0.5035961802452208,-0.16461125177739924,0.14557401343031326,0.223679634755404,-0.058274907347884694
A1,A3,B1,B2,B3
3.532452108601092,0.16814327707947996,-6.18560758169906,-1.548872141654556,-0.331568106304303
ans,J2,J3,Energy,Sigma,gap,L,A1,A2,A3,B1,B2,phiA1
cb1,0.22500000000000003,0.14999999999999997,-0.47601400599798815,1.3776871822453059e-11,-0.015605098079315434,0.7329191155305383,0.5172567647613528,0.05589105448415928,-0.31836499736778157,0.18064253045868203,0.15232232178522126,1.9285339925090896
A1,A2,A3,B1,B2,phiA1
3.8042902161805614,0.6896705428971472,0.27844393457598926,-5.538125513737668,-1.0561551633259114,0.11319594150904777
