ans,J2,J3,Energy,Sigma,gap,L,A1,A2,B1,B2,B3
q0,-0.1875,-0.03749999999999998,-0.4692213184931852,1.9495181935449624e-11,-0.0023055372964485496,0.708848847126537,0.5073838406759488,0.15867675563890465,0.15872750924117812,0.18452477173025192,-0.19360114640302667
A1,A2,B1,B2,B3
3.436251283517322,-1.4314660568004456,-6.726508239296436,0.771216424055865,0.2944866572818228
ans,J2,J3,Energy,Sigma,gap,L,A1,A3,B1,B2,B3
3x3,-0.1875,-0.03749999999999998,-0.5158480848396854,4.653700218291925e-12,-0.01040663353534352,0.8374644432794396,0.5236954586568539,-0.33464516498757646,0.20661166675800746,0.38591456306358696,-0.16842830870121775
A1,A3,B1,B2,B3
3.7205794001238246,-1.0053069487980792,-6.671330154972566,9.509837362031703,0.1894040480010517
ans,J2,J3,Energy,Sigma,gap,L,A1,A2,A3,B1,B2,phiA1
cb1,-0.1875,-0.03749999999999998,-0.477123701020574,2.0616879293218393e-11,-0.007002451777353641,0.7320027266118025,0.5175049440176399,0.03835309445339613,-0.2852413108633182,0.17973485765090383,0.16092721860854287,2.0028637631542323
A1,A2,A3,B1,B2,phiA1
3.8116176881430874,-0.9519052213136092,-0.08071321389024888,-5.606071162844728,0.6589173651150304,0.08597907941165772
