ans,J2,J3,Energy,Sigma,gap,L,A1,A2,B1,B2,B3
q0,-0.07500000000000001,-0.15,-0.4751417913145477,1.433555459789409e-11,-0.0040856892197116065,0.7345705817889284,0.5166183057617344,0.22706483472173838,0.1833884425828694,0.1971029274612832,-0.264827331143139
A1,A2,B1,B2,B3
3.965494599356134,-0.41444625509257094,-5.241140854650439,0.30175861809311755,0.1596500709410975
ans,J2,J3,Energy,Sigma,gap,L,A1,A3,B1,B2,B3
3x3,-0.07500000000000001,-0.15,-0.47988702743743694,3.335977588324521e-11,-0.012686739047508389,0.7404659078526957,0.5193603968045414,-0.251751102490268,0.1851530377952944,0.3232295224118661,-0.13703046828656731
A1,A3,B1,B2,B3
3.897215883341687,-0.18673951274195133,-4.304001599564344,0.3934630399271555,0.9100498132852408
ans,J2,J3,Energy,Sigma,gap,L,A1,A2,A3,B1,B2,phiA1
cb1,-0.07500000000000001,-0.15,-0.4654694183241438,1.3868863563003959e-11,0.019336476311965785,0.6974254539795792,0.5119264381609504,0.03494435690677663,-0.2143525630841339,0.16488226721876698,0.13612308405268558,2.0310374312405313
A1,A2,A3,B1,B2,phiA1
3.6748937226604994,-0.33872904481313526,-0.4347633364432113,-6.153577647438624,0.2770561557952078,0.04211643256368802
