ans,J2,J3,Energy,Sigma,gap,L,A1,A2,B1,B2,B3
q0,0.03749999999999998,-0.03749999999999998,-0.47076865275229174,3.580639143434155e-12,-0.004893330221791119,0.7258834893801182,0.5188362332225058,0.2426301517097723,0.1896595689635988,0.1954671585796393,-0.2722009191246857
A1,A2,B1,B2,B3
3.911204693451964,0.1268984917146554,-5.429101612719478,-0.15687451337953462,0.06461498003318411
ans,J2,J3,Energy,Sigma,gap,L,A1,A3,B1,B2,B3
3x3,0.03749999999999998,-0.03749999999999998,-0.46379543085992214,4.101628896081569e-12,-0.010831636364540823,0.6951507917453043,0.5137476550014385,-0.21665488041414438,0.16849148220510218,0.2814560046052053,-0.10345088044121041
A1,A3,B1,B2,B3
3.681943638866869,-0.08149037000748649,-6.093570092957634,-0.1687538997430238,0.0726640969617165
ans,J2,J3,Energy,Sigma,gap,L,A1,A2,A3,B1,B2,phiA1
cb1,0.03749999999999998,-0.03749999999999998,-0.4677684634941536,3.5277104201008842e-12,-0.004509346004675106,0.7063264976343497,0.5147239601748729,0.039199450580002904,-0.2505851831919218,0.17100513171935694,0.13607657185247143,1.9449652408500113
A1,A2,A3,B1,B2,phiA1
3.737676834703052,0.14210854715202004,-0.0818789480661053,-5.973110894785805,-0.1559863349598345,0.07730410755968364
