ans,J2,J3,Energy,Sigma,gap,L,A1,A2,B1,B2,B3
q0,0.03749999999999998,-0.2625,-0.4928076855571005,2.0478223007843222e-11,-0.008614656707956688,0.7951059747102405,0.5227751538522236,0.3098253761279824,0.21141545866722486,0.21253940951893216,-0.3480747286546183
A1,A2,B1,B2,B3
3.5106362261672075,0.9590106486712102,-4.745426274155307,-0.13633538742396922,0.4480860127387132
ans,J2,J3,Energy,Sigma,gap,L,A1,A3,B1,B2,B3
3x3,0.03749999999999998,-0.2625,-0.4583261468936038,2.981816280429096e-11,-0.014471426905792227,0.6805029980042754,0.5086740287337396,-0.1583212582294661,0.15902715183060948,0.24798044022910123,-0.09948097221128685
A1,A3,B1,B2,B3
3.3560376699881544,-0.9735545702937998,-6.841471833496371,-0.17497114868092467,0.40811798385220754
ans,J2,J3,Energy,Sigma,gap,L,A1,A2,A3,B1,B2,phiA1
cb1,0.03749999999999998,-0.2625,-0.45829110665861783,2.051161270299084e-11,0.042904468236116586,0.6774029101712115,0.507005871761127,0.030340274715900423,-0.16578348851480065,0.15461665905710928,0.10710684799634783,1.960872035808234
A1,A2,A3,B1,B2,phiA1
3.5354497107675797,0.14038770146385104,-1.0029199692951352,-6.418476861114186,-0.15870638137016613,0.026500279748375988
