ans,J2,J3,Energy,Sigma,gap,L,A1,A2,B1,B2,B3
q0,-0.15,0.03749999999999998,-0.4658821684249925,6.451288280433998e-12,-0.001476795621720306,0.6997371423996906,0.5068398553330752,0.15287167634218277,0.15722414519899428,0.18084021400177738,-0.18280404413060175
A1,A2,B1,B2,B3
3.6471381470448705,-1.071365218763276,-6.908418281881268,0.5713207684721056,-0.08348877145181177
ans,J2,J3,Energy,Sigma,gap,L,A1,A3,B1,B2,B3
3x3,-0.15,0.03749999999999998,-0.5112708049828657,5.941760920176992e-12,-0.009056006118797411,0.8248482875075778,0.5230111169720757,-0.33967333428206475,0.2036641303351577,0.38207497949783176,-0.16128917039975127
A1,A3,B1,B2,B3
2.7331470420222104,0.37614356074300304,-7.558509373950528,0.0021094237467877974,-0.7667200208061331
ans,J2,J3,Energy,Sigma,gap,L,A1,A2,A3,B1,B2,phiA1
cb1,-0.15,0.03749999999999998,-0.48208786010052507,4.308985102307075e-12,-0.012176796286654773,0.7479966008127829,0.5191525656842038,0.04127944793759954,-0.3196513130035362,0.1854114944524734,0.16816265906572955,1.9688651291039752
A1,A2,A3,B1,B2,phiA1
3.8716807537753084,-0.7123190925995004,0.07072120666862247,-5.424105609108665,0.5501155087017651,0.1110295855255572
