ans,J2,J3,Energy,Sigma,gap,L,A1,A2,B1,B2,B3
q0,-0.03749999999999998,-0.1875,-0.47943680582816073,1.391626112309567e-11,-0.005376241465297566,0.7506322114301917,0.5194808549823948,0.25517826293284807,0.19319214491466116,0.20242328834282208,-0.29370262984271356
A1,A2,B1,B2,B3
3.894884414989974,-0.4255484853388225,-5.397682301122586,0.08493206138382448,0.3317346397579968
ans,J2,J3,Energy,Sigma,gap,L,A1,A3,B1,B2,B3
3x3,-0.03749999999999998,-0.1875,-0.4712097361411293,1.511725970886599e-11,-0.01365413081238809,0.7161015934108624,0.5161510002305546,-0.21936167076454993,0.17625804776979562,0.29760239694669,-0.12433385494453128
A1,A3,B1,B2,B3
3.801847725526386,-1.0255685189974884,-5.783928891389678,0.38269387658829146,0.3097522238704187
ans,J2,J3,Energy,Sigma,gap,L,A1,A2,A3,B1,B2,phiA1
cb1,-0.03749999999999998,-0.1875,-0.46267614457257805,1.8417931163427942e-11,0.031599928970483145,0.6894960955904603,0.5101515511000507,0.03380262284027881,-0.1958646011307455,0.16090322101061577,0.1277867502657759,2.024791176387812
A1,A2,A3,B1,B2,phiA1
3.6328717811784372,-0.1599276266972538,-0.5948574965941589,-6.228795257356978,0.14349632593280148,0.03545033155916144
