ans,J2,J3,Energy,Sigma,gap,L,A1,A2,B1,B2,B3
q0,-0.1875,0.2625,-0.4614200927134859,1.8417275445800395e-12,0.0012321497578442686,0.6837034185358739,0.5002159707358278,0.11081283420898269,0.14252074619454247,0.16994736674975552,-0.13257218403041587
A1,A2,B1,B2,B3
3.225253397687311,-1.689259843118407,-7.826572723246272,0.6936118346345665,-1.0759726443154705
ans,J2,J3,Energy,Sigma,gap,L,A1,A3,B1,B2,B3
3x3,-0.1875,0.2625,-0.5482730448923742,1.9827712602135582e-11,-0.00043189807189037,0.9121789372964225,0.5183230224695141,-0.40190739132826603,0.20907434036853348,0.4111730356881095,-0.16811890922700656
A1,A3,B1,B2,B3
4.114153462353443,2.5665025660259744,-2.4076296512021145,1.1193268534270828,-4.433342581933175
ans,J2,J3,Energy,Sigma,gap,L,A1,A2,A3,B1,B2,phiA1
cb1,-0.1875,0.2625,-0.5165196273089769,2.2600793471239942e-11,-0.020023334255208785,0.841068759572638,0.5173629771706767,0.04670979314321466,-0.4255834560928577,0.20043268015774163,0.1987230803675406,1.9260343737441592
A1,A2,A3,B1,B2,phiA1
3.698041872723934,-0.8669731599297847,0.43720582709738665,-4.920952534348544,0.6965539256498232,0.1589124276613063
