ans,J2,J3,Converge,Energy,Sigma,gap,L,A1,A3,B1,B2,B3,phiA3
3x3_1,0.0,0.22500000000000003,True,-0.304262750399002,1.2570539163390208e-09,0.009377518605003545,0.6082293349835369,0.4041525647233483,0.21630979737769637,0.12626786429226122,0.0,0.06865768814170536,6.281970143089821
ans,J2,J3,Converge,Energy,Sigma,gap,L,A1,A2,B1,B2,B3,phiA2
q0_1,0.0,0.22500000000000003,True,-0.2920603016524415,9.397774770098441e-12,0.00958852459186831,0.5583699553715705,0.39944043179450345,0.0,0.11158290050520554,0.0,0.09762092527696017,0.0
ans,J2,J3,Converge,Energy,Sigma,gap,L,A1,A2,A3,B1,B2,phiA1,phiB2
cb1,0.0,0.22500000000000003,True,-0.30710775738079543,3.818208864971702e-10,0.014013695969555639,0.6242102815813881,0.40471877058061695,0.0,0.24746823266821016,0.13090270232546997,0.0,1.9565421818107476,0.0
