ans,J2,J3,Energy,Sigma,gap,L,A1,A3,B1,B2,B3
3x3,0.22500000000000003,-0.07500000000000001,-0.4421783561815056,5.462925102938765e-10,0.0933372225262509,0.6402347376599216,0.49856749126862565,0.10446359815488816,0.13789392826141295,0.1905708715843873,0.05486019327420056
A1,A3,B1,B2,B3
13.707202040080801,-5.153211191100127,-6.727673973472292,-10.690115459510707,13.126666420504307
ans,J2,J3,Energy,Sigma,gap,L,A1,A2,B1,B2,B3
q0,0.22500000000000003,-0.07500000000000001,-0.4934215131561631,7.189527611021434e-09,0.001919991508303604,0.7994075850881059,0.5237462732748732,0.34558649049936696,0.22224602296068435,0.21377745862027314,0.37223473988431
A1,A2,B1,B2,B3
9.71489555467997,71.23246437146236,-27.15527802621409,-34.900748957511496,8.100187187665142
ans,J2,J3,Energy,Sigma,gap,L,A1,A2,A3,B1,B2,phiA1
cb1,0.22500000000000003,-0.07500000000000001,-0.46095873743439303,6.503254408987129e-09,0.01709251975190344,0.6865109312015703,0.5096098073474401,0.03551211474687055,0.19978696117377126,0.16032913365183568,0.10140079656214865,1.848624272019589
A1,A2,A3,B1,B2,phiA1
58.70198771518176,15.719481272213898,-49.219517350707065,-5.098088617927488,-17.497503446151086,0.7450834393907256
