ans,J2,J3,Energy,Sigma,gap,L,A1,A3,B1,B2,B3
3x3,0.3,0.22500000000000003,-0.44009560781745377,2.106256130410469e-09,0.09302276810934415,0.6353752727646148,0.49995145679886,0.14635304133213672,0.13900910261069968,0.20621872541058592,0.04576820811633239
A1,A3,B1,B2,B3
20.962398483703737,23.373802893189577,-12.045919817182948,-18.59573606211029,-25.091706490343313
ans,J2,J3,Energy,Sigma,gap,L,A1,A2,B1,B2,B3
q0,0.3,0.22500000000000003,-0.4673785187666206,5.446680505572697e-09,0.0027255880223550294,0.7223950589258247,0.5223319308589432,0.2945062725937888,0.2073873511529275,0.19603986999956194,0.307309028579472
A1,A2,B1,B2,B3
44.94005167998694,4.90885110338013,-4.3798298321462426,-22.175594693862877,-53.77764900060811
ans,J2,J3,Energy,Sigma,gap,L,A1,A2,A3,B1,B2,phiA1
cb1,0.3,0.22500000000000003,-0.4812682022173592,3.1343330458647496e-09,0.006189400743249933,0.7487342812220913,0.5171609748226754,0.06738798935042752,0.3495805764777489,0.18457535934343056,0.16196355308040533,1.9484659543856508
A1,A2,A3,B1,B2,phiA1
15.008772003000104,44.24371979894204,15.472290115781107,-26.191715463141918,-1.319833131674386,0.4942002362895436
