ans,J2,J3,Energy,Sigma,L,A1,A2,A3,B1,B2,phiA1
cb1,0.015000000000000003,-0.02,-0.45852488280190173,2.036828685738216e-11,0.6779262867276654,0.4995602220040867,0.07521145798815598,-0.1437160034711059,0.14003415638409422,-0.19451833251018175,6.283059578947548
A1,A2,A3,B1,B2,phiA1
3.9432346281422994,0.059063864909939964,-0.04107825190990848,-4.78950212809041,-0.06039613253781139,0.02411287836079494
ans,J2,J3,Energy,Sigma,L,A1,A3,B1,B2,B3
3x3,0.015000000000000003,-0.02,-0.46826553902248175,8.831296200760633e-12,0.7077463200375309,0.5158747587520188,-0.23702236620381253,0.17386753641411207,0.2974474245109833,-0.11181752136056743
A1,A3,B1,B2,B3
3.6093350532495228,-0.045463632859571036,-6.302569577155782,-0.017819079545198242,0.03880229471057156
ans,J2,J3,Energy,Sigma,L,A1,A2,B1,B2,B3
q0,0.015000000000000003,-0.02,-0.46905946238583823,1.7084352738843887e-11,0.7190417241207488,-0.517365982833432,-0.2278489864422727,0.18444851132945672,0.1930551099326192,-0.25753870879579055
A1,A2,B1,B2,B3
4.132083563504744,0.044575454437373666,-5.607181385702508,-0.06439293542634304,0.03108624469289353
