ans,J2,J3,Energy,Sigma,L,A1,A2,A3,B1,B2,phiA1
cb1,0.015000000000000003,-0.0049999999999999975,-0.45884076844436844,3.3564809149763566e-11,0.6786844656520188,0.49950316375942583,-0.07449913744289499,0.14674152016037847,0.1397802219986539,-0.19571581470349966,0.0001499631225340794
A1,A2,A3,B1,B2,phiA1
3.9428460500836384,0.05906386490994039,-0.010103029524349072,-4.78184158948617,-0.060451643692396834,0.025303958928191164
ans,J2,J3,Energy,Sigma,L,A1,A3,B1,B2,B3
3x3,0.015000000000000003,-0.0049999999999999975,-0.46893848501195967,1.1765488869455447e-11,0.7096389024872892,0.5161623177444032,-0.24235273310542138,0.17460379170626192,0.30034895086385793,-0.11206275516863012
A1,A3,B1,B2,B3
5.821676473245785,-0.011268763699610074,-3.821887251219304,1.2739254097450219,0.00932587340683267
ans,J2,J3,Energy,Sigma,L,A1,A2,B1,B2,B3
q0,0.015000000000000003,-0.0049999999999999975,-0.4680857112331806,2.6284156495341604e-11,0.7157573469618753,0.516835019012136,0.2231128382175496,0.18283583842734474,0.19172749066655617,-0.25199615673164094
A1,A2,B1,B2,B3
3.770539435596494,0.055511151232687996,-6.044664768543033,-0.060729199448560124,0.009825473767912995
