ans,J2,J3,Energy,Sigma,L,A1,A2,A3,B1,B2,phiA1
cb1,0.009999999999999998,-0.025,-0.4694852416937111,9.036245104408235e-12,0.7114416609770983,0.515481711378783,0.03965638516829198,-0.2605743953037355,0.17304939820166493,0.14144062588660647,1.9546230454986662
A1,A2,A3,B1,B2,phiA1
3.8383740632419485,0.03919087276918966,-0.05329070518781738,-5.825007143127481,-0.04063416270232726,0.08198834389167274
ans,J2,J3,Energy,Sigma,L,A1,A3,B1,B2,B3
3x3,0.009999999999999998,-0.025,-0.46893664654391215,9.667506072093991e-12,0.7096392198913958,0.5161453748586955,-0.2385771678290155,0.1746185530681242,0.29930968247072887,-0.11331580714612048
A1,A3,B1,B2,B3
3.6929903573394967,0.05495603971731,-5.4939941486503185,0.09220402220517165,0.17075230118700763
ans,J2,J3,Energy,Sigma,L,A1,A2,B1,B2,B3
q0,0.009999999999999998,-0.025,-0.46924603189918346,5.0104241722691364e-11,0.7194144990178808,0.5172718456544173,0.22716504737816937,0.18417325285128738,0.1931071198479585,-0.2573609444092279
A1,A2,B1,B2,B3
3.2907010451650525,0.0387467835604159,-5.597855512295933,-0.03996802888753503,0.04773959005878585
