ans,J2,J3,Energy,Sigma,L,A1,A2,A3,B1,B2,phiA1
cb1,-0.005000000000000001,0.010000000000000002,-0.4605289632911702,1.105417972717767e-12,0.6825113798077586,0.49916724307526206,0.07130427744128752,-0.15515313060536573,0.13855351173360111,-0.19920402447891822,6.283122695935771
A1,A2,A3,B1,B2,phiA1
3.9384606691358917,-0.020261570199368622,0.019539925232821324,-4.765576822174993,0.019817480988969353,0.029412716706782013
ans,J2,J3,Energy,Sigma,L,A1,A3,B1,B2,B3
3x3,-0.005000000000000001,0.010000000000000002,-0.47346256011268656,2.5576490938438748e-11,0.7223805423025507,0.5177876614124209,-0.26008236175501975,0.17925458047178652,0.31443159375199853,-0.11961967037657716
A1,A3,B1,B2,B3
2.6903479445668737,0.019872992142956913,-5.619948950797287,0.020317081350599505,-0.02009503674567512
ans,J2,J3,Energy,Sigma,L,A1,A2,B1,B2,B3
q0,-0.005000000000000001,0.010000000000000002,-0.4667659776420079,1.6532712211724983e-11,0.7102500255033013,0.5151950352525593,0.20968301516186502,0.17809784938912293,0.18907526663249222,-0.23799165936326955
A1,A2,B1,B2,B3
3.8697378636892874,0.12795320359134485,-5.6323834483607484,0.06883382752853236,0.1315059172629367
