ans,J2,J3,Energy,Sigma,L,A1,A2,A3,B1,B2,phiA1
cb1,-0.01,-0.010000000000000002,-0.4712771608196008,1.8489009972887258e-11,0.717146846214869,0.5163887996682509,0.040546313295548676,0.2728968810034163,0.17562867294601187,0.14665242862180564,1.956435395795156
A1,A2,A3,B1,B2,phiA1
3.72968322912533,-0.043631764867681395,-0.023814283878161886,-5.811240377622538,0.03619327060371226,0.08865054801336957
ans,J2,J3,Energy,Sigma,L,A1,A3,B1,B2,B3
3x3,-0.01,-0.010000000000000002,-0.47204896359276366,2.8365043120735524e-11,0.7207017662411647,0.5171036700725969,0.25596975579274506,0.1791392388055194,0.31262116745546653,0.11687453117206596
A1,A3,B1,B2,B3
4.137412634940737,0.03408384685970831,-5.362765786838551,0.12467804567899775,0.030864200084517568
ans,J2,J3,Energy,Sigma,L,A1,A2,B1,B2,B3
q0,-0.01,-0.010000000000000002,-0.46934647562171466,5.189226847018742e-12,0.7153838218944095,0.5166134902157887,0.2168534937871247,0.18005046492884344,0.19090307428534872,0.24771921754873116
A1,A2,B1,B2,B3
4.417466392917419,-0.04557465515950662,-5.49899015226126,0.038635761257950416,0.018374191056999556
