ans,J2,J3,Energy,Sigma,L,A1,A2,A3,B1,B2,phiA1
cb1,-0.21,0.21000000000000002,-0.5060702155764234,2.350672186228609e-11,0.8132849165046713,0.5174644189878307,0.04343868314290991,0.39176740944210564,0.19505324205748578,0.19012492388272303,1.9483999356177886
A1,A2,A3,B1,B2,phiA1
3.8645753266245046,-1.0195178035112422,0.3534950110791887,-5.070277531291214,0.8004708007753542,0.14888090765978754
ans,J2,J3,Energy,Sigma,L,A1,A3,B1,B2,B3
3x3,-0.21,0.21000000000000002,-0.5468900012771599,1.7367403029696234e-11,0.9119318998342679,0.5186111389642539,0.3935478938905083,0.20994198965266359,0.4092944627610756,0.1655976158158099
A1,A3,B1,B2,B3
3.672728787959012,0.5822009541122676,-5.054290319455631,0.9815481761781114,-0.24902302441601276
ans,J2,J3,Energy,Sigma,L,A1,A2,B1,B2,B3
q0,-0.21,0.21000000000000002,-0.46412038569948455,9.761120238857398e-12,0.6891765353237673,0.5013355120330616,0.11587542137555362,0.1434440382116656,0.17224239949416403,0.14182344648024067
A1,A2,B1,B2,B3
3.1639690861947667,-2.014000077817237,-7.827016812657711,0.773048292023494,-0.76588735355739
