ans,J2,J3,Energy,Sigma,L,A1,A2,A3,B1,B2,phiA1
cb1,-0.09,0.09000000000000002,-0.4628642066385319,1.503388296601116e-11,0.6963521607242998,0.4999857507684513,8.260892010709121e-06,3.897729650930459e-05,0.14687106833630342,0.1830983240358273,3.1414296607939765
A1,A2,A3,B1,B2,phiA1
3.9368508457500093,-0.41094905256499975,0.15587531265737284,-4.946265619162817,0.34738878441415877,0.00566213742400541
ans,J2,J3,Energy,Sigma,L,A1,A3,B1,B2,B3
3x3,-0.09,0.09000000000000002,-0.49736131732057987,1.3770277358944347e-11,0.7893937554526459,0.5206183464818978,0.32892705762795676,0.19567496245694366,0.3644465879399824,0.14114469243421449
A1,A3,B1,B2,B3
3.8091751976927446,0.1649791414589685,-4.907629857907012,0.3244071678308382,-0.18729462425908788
ans,J2,J3,Energy,Sigma,L,A1,A2,B1,B2,B3
q0,-0.09,0.09000000000000002,-0.46442074037419384,2.069069004315663e-11,0.6952101510651477,0.5088457343286462,0.16114203789464357,0.16027392644367952,0.17962890552423724,0.18814841922466644
A1,A2,B1,B2,B3
3.591682507157038,-0.44614312245710974,-6.581235556693737,0.3492206524048372,-0.22853940962497446
