ans,J2,J3,Energy,Sigma,L,A1,A2,A3,B1,B2,phiA1
cb1,-0.09,-0.09,-0.46254976325058056,2.135977944514054e-11,0.692177913976576,0.5001783898519281,0.010279706358549225,0.06647100624930502,0.146630240063041,0.17652512565040596,2.842341482176118
A1,A2,A3,B1,B2,phiA1
3.927025370891037,-0.42121861554267265,-0.20816681711680052,-5.014877402360992,0.34672265058011886,-0.04080069614356839
ans,J2,J3,Energy,Sigma,L,A1,A3,B1,B2,B3
3x3,-0.09,-0.09,-0.48439259471431717,1.6911048401184365e-11,0.7550961448638825,0.5200467559651761,0.27527005493899037,0.1895362268863286,0.3372360136508082,0.13699189363553915
A1,A3,B1,B2,B3
3.801181591915016,-0.20428103655330002,-5.3793636210562035,0.2978728375063337,0.1719735465093196
ans,J2,J3,Energy,Sigma,L,A1,A2,B1,B2,B3
q0,-0.09,-0.09,-0.4728227809320913,1.8524460127871334e-11,0.7229505746105349,0.5150676286896159,0.2078927117653689,0.17616898673449496,0.19269190336853254,0.24499343032287388
A1,A2,B1,B2,B3
3.6309844014246315,-0.4749534099205094,-6.061928736911944,0.3532729664252128,0.1478817068838797
