ans,J2,J3,Energy,Sigma,L,A1,A2,A3,B1,B2,phiA1
cb1,-0.3,0.0,-0.4856660716814871,1.3975373194759193e-11,0.7553247876044311,0.5178174285807439,0.0376047470150304,0.0,0.18405143189587794,0.17317909717954938,2.0232067014412918
A1,A2,A3,B1,B2,phiA1
3.877009824500972,-1.6958656701115344,0.0,-5.302425165746314,1.038946706413307,0.09592326930079767
ans,J2,J3,Energy,Sigma,L,A1,A3,B1,B2,B3
3x3,-0.3,0.0,-0.5530870233557597,1.3367926089569985e-12,0.9320278437307168,0.5216556262837472,0.0,0.21674334872478657,0.4139108633746649,0.0
A1,A3,B1,B2,B3
3.802624881847106,-0.0,-5.546008097047482,-0.34017233478223435,0.0
ans,J2,J3,Energy,Sigma,L,A1,A2,B1,B2,B3
q0,-0.3,0.0,-0.4721108921588867,1.0661701462042606e-11,0.7105505755532256,0.5029151187964964,0.1306873226080247,0.14719247485000178,0.1818453839647102,0.0
A1,A2,B1,B2,B3
3.301470207771419,-3.4094393975604356,-7.696343562655965,1.0857981181113685,0.0
