ans,J2,J3,Energy,Sigma,L,A1,A2,A3,B1,B2,phiA1
cb1,-0.21,0.06,-0.4865651377040928,3.1866715068885765e-11,0.7597648727911802,0.518405806642418,0.040041049998917874,0.3260663459583152,0.18607564447354769,0.17332710619728328,1.9872647929898755
A1,A2,A3,B1,B2,phiA1
3.8884451207918143,-1.0602629885149037,0.11035616865977152,-5.250577750203518,0.7611689057026113,0.11224354783299423
ans,J2,J3,Energy,Sigma,L,A1,A3,B1,B2,B3
3x3,-0.21,0.06,-0.5296067885980233,6.24561727257461e-12,0.8729791151899918,0.5217849751782099,0.36173274834419283,0.20944872221854854,0.39832259495066297,0.16652106678553605
A1,A3,B1,B2,B3
4.693800903761407,0.16397994073680747,-3.96660482226273,1.2584377984100978,-0.1328936960510539
ans,J2,J3,Energy,Sigma,L,A1,A2,B1,B2,B3
q0,-0.21,0.06,-0.4677578201855691,2.633888479916208e-12,0.7005976143396647,0.5047488857405013,0.1380168333872235,0.15088722807544555,0.17924081765870892,0.17050890849184316
A1,A2,B1,B2,B3
3.29591909338107,-1.8774426458407254,-7.345513086865378,0.7218670105897972,-0.15160095401646967
