ans,J2,J3,Energy,Sigma,L,A1,A2,A3,B1,B2,phiA1
cb1,-0.12,-0.24,-0.46357491318411154,3.4569856330859096e-09,0.6908821025194896,0.507567771847303,0.032691312454373844,0.17184895597532868,0.1569274711691664,0.14317689395289757,2.205301280789754
A1,A2,A3,B1,B2,phiA1
3.7242431363043766,-0.5925815393924917,-0.7801537193808844,-5.79281067541431,0.4373168493868401,0.003885780585099412
ans,J2,J3,Energy,Sigma,L,A1,A3,B1,B2,B3
3x3,-0.12,-0.24,-0.48360633513391704,2.8740159669936377e-11,0.7528131169677384,0.5190904368564171,0.2504003637722886,0.18836137015368123,0.32866710418502665,0.14113984815298575
A1,A3,B1,B2,B3
3.880673559620748,-0.6581402090695446,-5.243028233927339,0.37803093992607956,0.4347633364302744
ans,J2,J3,Energy,Sigma,L,A1,A2,B1,B2,B3
q0,-0.12,-0.24,-0.48274711137002146,1.3108905558841026e-11,0.7535790702650783,0.5181691806329135,0.24036568338384362,0.1868882926939912,0.20263291786528928,0.28586430186989914
A1,A2,B1,B2,B3
4.2464920471159955,-0.6400435736773578,-4.902411809691429,0.4543032616883149,0.3638200851689362
