ans,J2,J3,Energy,Sigma,L,A1,A2,A3,B1,B2,phiA1
cb1,-0.21,-0.09,-0.47007137134389476,1.2561505180349949e-10,0.7084205034680504,0.5018453638632909,0.015480460537897445,0.1017780667717292,0.15162444744361,0.1785133205214674,2.714062659379065
A1,A2,A3,B1,B2,phiA1
3.9274694601008124,-1.2231327062334538,-0.21149748619066905,-5.000833081099122,0.7759348718874335,-0.06544764728335667
ans,J2,J3,Energy,Sigma,L,A1,A3,B1,B2,B3
3x3,-0.21,-0.09,-0.5158950619293334,7.45241320946335e-12,0.8395535739884673,0.5228698265473385,0.3276865123707981,0.20679622852063667,0.3837177311295762,0.16541229643521513
A1,A3,B1,B2,B3
3.935074488691974,-1.2970735596669762,-4.60065319160729,0.27255975257519105,0.004329869796149299
ans,J2,J3,Energy,Sigma,L,A1,A2,B1,B2,B3
q0,-0.21,-0.09,-0.47310032575511474,8.588790728845975e-12,0.7177002361047854,0.5089273043439377,0.16770385817013367,0.16097905609288612,0.18796741144637777,0.2078022544293944
A1,A2,B1,B2,B3
3.4844904733500313,-1.7947310304043933,-6.8498540175087115,0.7563949466966005,0.03702593787220277
