ans,J2,J3,Energy,Sigma,L,A1,A2,A3,B1,B2,phiA1
cb1,0.24000000000000005,-0.15,-0.4580183064646022,7.4049321545058e-09,0.677561536344983,0.5061917371961403,0.02773166379582803,0.1661229333781922,0.15399106905250176,0.08207967014309965,1.7962855213384563
A1,A2,A3,B1,B2,phiA1
3.533617842966035,0.6261657858873386,-0.46362913509540243,-6.468936497390912,-1.4446221996393656,0.01221245327559769
ans,J2,J3,Energy,Sigma,L,A1,A3,B1,B2,B3
3x3,0.24000000000000005,-0.15,-0.43988854750045203,1.4657829690707678e-11,0.6364685432059823,0.49628124931714424,0.08762586084689641,0.13481598551545032,0.18029957558707072,0.051959618711884814
A1,A3,B1,B2,B3
3.218481037587983,-0.49010795421979475,-6.990241718588142,-2.026712131392917,0.27022828419322287
ans,J2,J3,Energy,Sigma,L,A1,A2,B1,B2,B3
q0,0.24000000000000005,-0.15,-0.5084593909851803,7.968544524951389e-12,0.8374990019756771,0.5230214691655451,0.3674190788273632,0.22798375813779714,0.2187233463933836,0.39558707780045854
A1,A2,B1,B2,B3
4.488298621892294,1.3339329640844575,-4.561906408049025,-0.2903233209308397,0.29776181523692963
