ans,J2,J3,Energy,Sigma,L,A1,A2,A3,B1,B2,phiA1
cb1,0.24000000000000005,-0.3,-0.4549364128176668,1.8305852079853006e-08,0.6687905932571362,0.5018653350465939,0.009974087773942708,0.12090374491499002,0.14725836956471444,0.04766319590506129,1.6580164639705766
A1,A2,A3,B1,B2,phiA1
3.497091505453915,0.6264433416445788,-1.357858270265071,-6.514289107945498,-1.579514297131045,-0.0360267371470152
ans,J2,J3,Energy,Sigma,L,A1,A3,B1,B2,B3
3x3,0.24000000000000005,-0.3,-0.43935712496654816,6.018111975365286e-12,0.6359407962496743,0.49472514274966767,0.07224032854344331,0.13259853268076943,0.17248589985058424,0.053633154447839004
A1,A3,B1,B2,B3
3.1081803797343714,-1.4221401833907494,-7.303602167279268,-2.1300738951006863,0.47822856785632967
ans,J2,J3,Energy,Sigma,L,A1,A2,B1,B2,B3
q0,0.24000000000000005,-0.3,-0.5334598819888642,1.8978129350602313e-11,0.9011969901554934,0.5202904312918386,0.3891816835418489,0.23361146814787853,0.22464182629170076,0.4192293482794651
A1,A2,B1,B2,B3
4.886757664366506,1.016409179155142,-4.154121491116339,-0.26911806116113035,-0.06594724766992392
