ans,J2,J3,Energy,Sigma,L,A1,A2,A3,B1,B2,phiA1
cb1,0.02999999999999997,-0.15,-0.4551109349224953,8.018671689998236e-11,0.6755493102368678,0.49861345560678144,0.006777902080598723,0.03646599974019046,0.14167323274203195,0.17229165694926254,2.9535960850649845
A1,A2,A3,B1,B2,phiA1
3.900324507802836,0.11396439347764326,-0.3735345366343868,-5.124678459499249,-0.12156942119958564,-0.02542410725680905
ans,J2,J3,Energy,Sigma,L,A1,A3,B1,B2,B3
3x3,0.02999999999999997,-0.15,-0.46002156483708256,4.871795763838129e-12,0.6869132084388384,0.5108804103177169,0.18709107084854124,0.16425543680441132,0.2647331490610825,0.09794698992438748
A1,A3,B1,B2,B3
3.6188829704582566,-0.42271741663691564,-6.2785332490218915,-0.1313393838274749,0.2662869924558111
ans,J2,J3,Energy,Sigma,L,A1,A2,B1,B2,B3
q0,0.02999999999999997,-0.15,-0.48239276517177143,8.580749262585936e-12,0.7597913331274102,0.5226186656469722,0.28055324610145677,0.201512475286874,0.2056590889524211,0.3179085192784591
A1,A2,B1,B2,B3
4.976574707043543,0.765387753175052,-4.017675081393968,0.338618022519394,0.9160450177180858
