ans,J2,J3,Energy,Sigma,L,A1,A2,A3,B1,B2,phiA1
cb1,0.3,0.21000000000000002,-0.47795238659792105,1.3027729281851554e-11,0.7383081238404854,0.5157025601065612,0.06280588076503284,0.32701310274168355,0.17986261257897623,0.15312744681819318,1.9396209700923495
A1,A2,A3,B1,B2,phiA1
3.8069547507980617,0.8129052986289137,0.2896571871241239,-5.5631055316262,-1.471267552189479,0.11368683776556472
ans,J2,J3,Energy,Sigma,L,A1,A3,B1,B2,B3
3x3,0.3,0.21000000000000002,-0.43906122655208746,1.3198653351907598e-11,0.6339923759433271,0.49921762579641216,0.14016732290094194,0.13841383969052434,0.20317807614560826,0.044505296742372975
A1,A3,B1,B2,B3
3.4667269059212327,0.13283818489982113,-6.255163054005699,-2.4104052088257584,-0.47650772216816417
ans,J2,J3,Energy,Sigma,L,A1,A2,B1,B2,B3
q0,0.3,0.21000000000000002,-0.4699855635894349,1.2170749695122833e-11,0.7279362004720936,0.5231585294068557,0.3011157303015465,0.20912946048421796,0.19757632966535543,0.3155916870737649
A1,A2,B1,B2,B3
3.8591352329466506,0.26634250363661227,-5.690226068257869,-1.2722045638801114,-0.5430100813430777
