ans,J2,J3,Energy,Sigma,L,A1,A2,A3,B1,B2,phiA1
cb1,-0.3,-0.15,-0.4749898836589103,9.939334960866403e-09,0.7203612920985271,0.5111428758056863,0.03289903279120351,0.21486006091674767,0.16714935038611428,0.16283707862201668,2.2125214195820155
A1,A2,A3,B1,B2,phiA1
3.7818082001342703,-1.9262369477207957,-0.412558875961333,-5.693778781620692,1.0089151735980961,0.0002220446048668893
ans,J2,J3,Energy,Sigma,L,A1,A3,B1,B2,B3
3x3,-0.3,-0.15,-0.5388271143716878,1.954332367287535e-11,0.8982475548827892,0.5227724390631507,0.34282286900264825,0.21482680927357942,0.4027166687372447,0.18007648284649905
A1,A3,B1,B2,B3
6.890932268082068,1.1191048089441649,-1.5881740367671902,1.4755974220263444,1.6145973447539501
ans,J2,J3,Energy,Sigma,L,A1,A2,B1,B2,B3
q0,-0.3,-0.15,-0.4773050374538728,7.837447847980559e-12,0.7268341612617351,0.5065336253400003,0.15728782106337685,0.15622350567614926,0.1897543803319236,0.20336381016382976
A1,A2,B1,B2,B3
3.3217317779674134,-3.0798141813697733,-7.300826610123065,1.1180500969154956,0.17774670623719846
