ans,J2,J3,Energy,Sigma,L,A1,A2,A3,B1,B2,phiA1
cb1,0.09000000000000002,0.02999999999999997,-0.46990434335494985,3.49467632347976e-12,0.7132620002720955,0.515103136303257,0.04220391779314907,0.2673514513172951,0.17277995634939539,0.1398005839881643,1.9400746103751345
A1,A2,A3,B1,B2,phiA1
3.7955749647975723,0.3171907181347728,0.05612177390092019,-5.724809515475833,-0.39068748235396744,0.08532063943753627
ans,J2,J3,Energy,Sigma,L,A1,A3,B1,B2,B3
3x3,0.09000000000000002,0.02999999999999997,-0.45702960565641726,1.5527471462552397e-11,0.678588612924662,0.5101898509222735,0.20500136007684253,0.16131821891004988,0.26416006207571124,0.08374281655744359
A1,A3,B1,B2,B3
3.628264355014758,0.05540012893022209,-6.193323631535918,-0.46540549192193437,-0.06189493362272874
ans,J2,J3,Energy,Sigma,L,A1,A2,B1,B2,B3
q0,0.09000000000000002,0.02999999999999997,-0.47001455657886526,7.85436015064593e-12,0.7224427340314694,0.5204717200830854,0.25084212675650863,0.19227826713013635,0.1948455517526473,0.2780031256150757
A1,A2,B1,B2,B3
3.924305325352534,0.28366198282265304,-5.24458254587072,-0.36359804057410344,-0.06272760089816012
