ans,J2,J3,Energy,Sigma,L,A1,A2,A3,B1,B2,phiA1
cb1,-0.06,0.24000000000000005,-0.46087386987242057,1.2459078349818138e-11,0.6913278370269323,0.49968186592215297,2.888114889888038e-07,1.841238907893696e-05,0.1456521662191713,0.18117239644898836,3.1415618983757727
A1,A2,A3,B1,B2,phiA1
3.9291347952918017,-0.2626232564750808,0.30658808825023576,-4.986178137173693,0.23392399128156005,0.0021649348974136307
ans,J2,J3,Energy,Sigma,L,A1,A3,B1,B2,B3
3x3,-0.06,0.24000000000000005,-0.5042529931173263,1.9167167676172352e-11,0.8049716428644182,0.5174900433477415,0.3624989292165814,0.19396670317406223,0.3731810090382674,0.13451693666123835
A1,A3,B1,B2,B3
3.771982726365812,0.3965716643953126,-5.016764781224418,0.226152430115692,-0.541677813728565
ans,J2,J3,Energy,Sigma,L,A1,A2,B1,B2,B3
q0,-0.06,0.24000000000000005,-0.4594471724211572,1.2427754729379784e-11,0.6804038128450893,0.5055568790374135,0.13923015188688148,0.15321166716863083,0.1714679647219634,0.15789619509741054
A1,A2,B1,B2,B3
3.3716918148157915,-0.3220201882829449,-7.107259225380151,0.23459012509631516,-0.8933964678892797
