ans,J2,J3,Energy,Sigma,L,A1,A2,A3,B1,B2,phiA1
cb1,-0.12,0.06,-0.46489364154749546,1.957757279014369e-11,0.7011342381904785,0.5002584050811284,0.0014718811112630732,0.02156788362070382,0.14801872471655642,0.18448522602309747,3.058146857431856
A1,A2,A3,B1,B2,phiA1
3.9426240052598294,-0.572208946892026,0.10924594562289688,-4.913847106844727,0.45879966491269397,0.004218847492396252
ans,J2,J3,Energy,Sigma,L,A1,A3,B1,B2,B3
3x3,-0.12,0.06,-0.5028322747266202,6.297555923878167e-12,0.8041826981092816,0.5213888376767946,0.33233395072174904,0.19908849991289354,0.3713729788569663,0.14808441053877489
A1,A3,B1,B2,B3
4.01145783189955,0.06572520305767794,-4.853339952273871,0.4547473509360416,-0.13800072196446117
ans,J2,J3,Energy,Sigma,L,A1,A2,B1,B2,B3
q0,-0.12,0.06,-0.46589358380908175,4.187697241589476e-12,0.69862570582706,0.5084455320771494,0.15934490669305312,0.15928871502337522,0.18072747422760474,0.18882381776270463
A1,A2,B1,B2,B3
3.6169400809686127,-0.8429368314215678,-6.656786233151899,0.5614397835674018,-0.04096722960744926
