ans,J2,J3,Energy,Sigma,L,A1,A2,A3,B1,B2,phiA1
cb1,-0.09,0.12,-0.4864863288864355,7.065880265242141e-12,0.760948856983942,0.5183302695416934,0.04360101645317856,0.3394942795848019,0.18662109365641874,0.17191272590857753,1.9621907389954902
A1,A2,A3,B1,B2,phiA1
3.881450715737855,-0.39757086511747325,0.20439205883308253,-5.259126467784818,0.3448352714383129,0.12134737658455085
ans,J2,J3,Energy,Sigma,L,A1,A3,B1,B2,B3
3x3,-0.09,0.12,-0.5000959329211518,3.3312162396047605e-12,0.7962602560788796,0.5203209507746328,0.33777136095385185,0.1963408314606916,0.3684789739172292,0.14150717704768534
A1,A3,B1,B2,B3
4.099276474042822,0.20994317397950557,-4.633848860042595,0.3406164239543168,-0.25413005032913644
ans,J2,J3,Energy,Sigma,L,A1,A2,B1,B2,B3
q0,-0.09,0.12,-0.46340358330982523,1.3054031133945297e-11,0.6918905935459295,0.507890823344596,0.154703334012422,0.15809008658176768,0.17773275802699964,0.18015710406529123
A1,A2,B1,B2,B3
3.4769409567838525,-0.5332956298924288,-6.849687484055013,0.34744429556539136,-0.3331224185288659
