ans,J2,J3,Energy,Sigma,L,A1,A2,A3,B1,B2,phiA1
cb1,0.0,0.24000000000000005,-0.46828432310450885,1.427072542013884e-11,0.7025936326470849,0.49496052023251796,0.0,0.22888193150883895,0.13088304366851194,0.0,6.2831573891936
A1,A2,A3,B1,B2,phiA1
3.8721248429774136,0.0,0.30597746557758837,-4.627798144558568,0.0,0.05206945988661052
ans,J2,J3,Energy,Sigma,L,A1,A3,B1,B2,B3
3x3,0.0,0.24000000000000005,-0.48844896609766975,2.895138528778548e-12,0.7639991170030461,0.5162179589705902,0.3399886826443531,0.18560349707481572,0.0,0.11830052920171763
A1,A3,B1,B2,B3
3.8202774270913187,0.38191672051269127,-5.314859663327401,0.0,-0.5617728504592056
ans,J2,J3,Energy,Sigma,L,A1,A2,B1,B2,B3
q0,0.0,0.24000000000000005,-0.4584739416483389,3.4003561816729614e-12,0.6797842236179159,0.5079788291959129,0.0,0.15903816909751153,0.0,0.1710837230415158
A1,A2,B1,B2,B3
3.4832692280231496,-0.0,-6.75254296939781,0.0,-0.8645306692498846
