ans,J2,J3,Energy,Sigma,L,A1,A2,A3,B1,B2,phiA1
cb1,0.0,0.21000000000000002,-0.4668128200066621,1.1037495081930242e-12,0.6985063129600184,0.4961486444229646,0.0,0.214376849193588,0.13260044354569975,0.0,6.283163648310709
A1,A2,A3,B1,B2,phiA1
3.892941525121297,0.0,0.28904656446860405,-4.647726648107996,0.0,0.048627768508177883
ans,J2,J3,Energy,Sigma,L,A1,A3,B1,B2,B3
3x3,0.0,0.21000000000000002,-0.48550920302417644,5.273375407069157e-12,0.7565624900352194,0.5168031499495469,0.32915044388183606,0.18505185572043523,0.0,0.11801087635553399
A1,A3,B1,B2,B3
3.840039396926315,0.3324007735721073,-5.328848473733073,0.0,-0.48150372577896733
ans,J2,J3,Energy,Sigma,L,A1,A2,B1,B2,B3
q0,0.0,0.21000000000000002,-0.4593929277767152,6.217240824152209e-16,0.6827893018452083,0.5089702233903919,0.0,0.16121275631683366,0.0,0.1790137001066886
A1,A2,B1,B2,B3
3.5269565040347866,-0.0,-6.629585769417408,0.0,-0.6998845947028731
