ans,J2,J3,Energy,Sigma,L,A1,A2,A3,B1,B2,phiA1
cb1,-0.3,-0.21,-0.4729663213205145,7.786374159375184e-06,0.7136006697456047,0.506891903579557,0.027845595092967555,0.166852375695717,0.15955856741891078,0.16546824092910484,2.36100969820214
A1,A2,A3,B1,B2,phiA1
3.817668403831586,-1.9738655154771132,-0.625111074031269,-5.4206084064198015,1.041722263974799,-0.03408384684645765
ans,J2,J3,Energy,Sigma,L,A1,A3,B1,B2,B3
3x3,-0.3,-0.21,-0.5339527680530277,1.1429655747523345e-11,0.886115095789783,0.5228091116367946,0.3311579350316397,0.2136528578229247,0.39759104936183826,0.1795515745781285
A1,A3,B1,B2,B3
3.93762800077442,-0.8560929743817915,-4.42168524004304,1.110778136135247,0.26845192736127693
ans,J2,J3,Energy,Sigma,L,A1,A2,B1,B2,B3
q0,-0.3,-0.21,-0.4799788088068163,3.0612255502828127e-12,0.7352358130444564,0.5081186593332574,0.1698687448253039,0.16054658317789028,0.19325262410754593,0.21892387015336362
A1,A2,B1,B2,B3
3.2696068069700472,-2.925437669800239,-6.88060719490967,1.1278755707457453,0.20572432645692004
