ans,J2,J3,Energy,Sigma,L,A1,A2,A3,B1,B2,phiA1
cb1,-0.24,-0.12,-0.4736094719540051,7.413142536318991e-10,0.7188192895052999,0.5133782056219006,0.0348403036630534,0.23626017392462595,0.1704948400708738,0.1575249940747932,2.113660813320998
A1,A2,A3,B1,B2,phiA1
3.785471936115729,-1.3699041900822417,-0.3083644450804617,-5.723088669469925,0.8149592112018483,0.03841371664129168
ans,J2,J3,Energy,Sigma,L,A1,A3,B1,B2,B3
3x3,-0.24,-0.12,-0.5224590743970539,4.806047920580891e-12,0.856637320109745,0.5229815298280668,0.3310914319834896,0.20947921252799395,0.3896162528456703,0.170609336817198
A1,A3,B1,B2,B3
3.9771519413275196,-0.7316369732265147,-4.941380637854612,0.16409096303926998,0.0442978986836847
