ans,J2,J3,Energy,Sigma,L,A1,A2,A3,B1,B2,phiA1
cb1,0.26999999999999996,-0.02999999999999997,-0.44179209533899694,1.2141288723193127e-11,0.6443868787020957,0.4948547554242181,6.48586526537365e-06,4.37331395027927e-05,0.13118996407676586,0.15840162882012063,3.1415151365606246
A1,A2,A3,B1,B2,phiA1
3.8054559507712966,0.6256106743762755,-0.06344924585732808,-5.42504929851817,-1.2582157538400955,-0.033306690729443436
ans,J2,J3,Energy,Sigma,L,A1,A3,B1,B2,B3
3x3,0.26999999999999996,-0.02999999999999997,-0.4386202478209061,1.3874748402642161e-11,0.6333629421104235,0.4962653805520172,0.09381782572802691,0.13429272355556435,0.1809124993176597,0.04768718893467882
A1,A3,B1,B2,B3
3.2764901906309714,-0.06700195953599428,-6.781741834946204,-2.3321899967389017,0.05917488721240279
ans,J2,J3,Energy,Sigma,L,A1,A2,B1,B2,B3
q0,0.26999999999999996,-0.02999999999999997,-0.4954575373019612,8.689445864374466e-12,0.8022395531718296,0.5237843486068757,0.354686716261065,0.2244792591903701,0.21387189728135797,0.3788758216121065
A1,A2,B1,B2,B3
3.6459724130641136,0.6777911565323024,-5.548561610004042,-1.6111556532880862,-0.0016653345369343957
