ans,J2,J3,Energy,Sigma,L,A1,A2,A3,B1,B2,phiA1
cb1,-0.3,-0.24,-0.47218875890818646,2.2052292845470504e-05,0.7116044423968599,0.506327930346166,0.026587753328712934,0.1582873077688983,0.1584535729943272,0.1647042290676015,2.3675963730452487
A1,A2,A3,B1,B2,phiA1
3.8169467588655337,-1.9709789356131178,-0.7449041383914201,-5.386135981805213,1.0412226636715314,-0.035638159081149284
ans,J2,J3,Energy,Sigma,L,A1,A3,B1,B2,B3
3x3,-0.3,-0.24,-0.5316859611391519,1.6085634035872173e-11,0.8803578331648393,0.5227461283579132,0.32530108513772144,0.2129899458480858,0.39491653586018943,0.17922665585224798
A1,A3,B1,B2,B3
3.6789460368972455,-0.5911937606117136,-4.131139874736606,1.239230940084121,0.4509725926143535
ans,J2,J3,Energy,Sigma,L,A1,A2,B1,B2,B3
q0,-0.3,-0.24,-0.48147072437207017,1.83888302493827e-11,0.7399200153279125,0.5089269852942575,0.1765593517322116,0.16285761608463542,0.1950598699610214,0.22710225596097555
A1,A2,B1,B2,B3
3.6394220964103603,-2.609468197001321,-6.4968030956688185,1.2158052342983225,0.2603472992668523
