ans,J2,J3,Energy,Sigma,L,A1,A2,A3,B1,B2,phiA1
cb1,-0.3,0.06,-0.477926744639837,5.509125874762064e-11,0.7342538262444597,0.5014095847356141,1.2546291091710073e-06,5.880680304360505e-05,0.1545170452524242,0.19516258901048514,3.141401103269895
A1,A2,A3,B1,B2,phiA1
3.9701575353904546,-1.7649215422466111,0.10991207943789101,-4.7059023343386235,1.102229418876244,0.02597921876896611
ans,J2,J3,Energy,Sigma,L,A1,A3,B1,B2,B3
3x3,-0.3,0.06,-0.559650894968568,2.3866427952073685e-12,0.9468344859315472,0.5207746645012195,0.3822219357406664,0.21706536516273142,0.41764693845508716,0.18033979056578242
A1,A3,B1,B2,B3
4.695466237255831,0.1991740106173547,-3.23086002404488,1.3643530751105997,-0.12423395645185828
ans,J2,J3,Energy,Sigma,L,A1,A2,B1,B2,B3
q0,-0.3,0.06,-0.47050200559144656,4.4729111159783704e-12,0.7055477971911442,0.5016427829697768,0.12190049429428926,0.1442440638886859,0.17906689536769085,0.15806703065072622
A1,A2,B1,B2,B3
3.140931959135105,-3.5385583352294523,-7.8812512074120455,1.1250445020328783,-0.17030821198188545
