ans,J2,J3,Energy,Sigma,L,A1,A2,A3,B1,B2,phiA1
cb1,-0.15,0.0,-0.46678645439750355,5.0003965033937686e-12,0.7035635913987299,0.5006039945513094,0.006574945752762239,0.0,0.1490098373661531,0.18255231148847817,2.8943144823165543
A1,A2,A3,B1,B2,phiA1
3.94317911589661,-0.7653322420258125,0.0,-4.9266146716275365,0.566158231390752,-0.025701663012887156
ans,J2,J3,Energy,Sigma,L,A1,A3,B1,B2,B3
3x3,-0.15,0.0,-0.5060104244480365,1.6080321279542643e-11,0.8131202075675029,0.5221364393508804,0.0,0.20160070041896982,0.3743548641488539,0.0
A1,A3,B1,B2,B3
4.340083848096905,-0.0,-4.23283630355992,0.7556177906422606,0.0
ans,J2,J3,Energy,Sigma,L,A1,A2,B1,B2,B3
q0,-0.15,0.0,-0.46855784926518346,5.05049004601787e-12,0.7058869242396753,0.5089634377001715,0.16424821658357222,0.16057474621712994,0.18376902683154858,0.0
A1,A2,B1,B2,B3
3.613220833033623,-1.0407785744616587,-6.7051364462450955,0.5735412145361278,0.0
