ans,J2,J3,Energy,Sigma,L,A1,A2,A3,B1,B2,phiA1
cb1,-0.09,0.14999999999999997,-0.4900896094442422,2.841428336237921e-11,0.771103530032831,0.5183088523451993,0.044563734888895326,0.3535236771572928,0.18862761965882555,0.17594759312984473,1.957127581460714
A1,A2,A3,B1,B2,phiA1
3.8800074258060855,-0.3961275751854637,0.24980018056789396,-5.214828569101132,0.3463895836919702,0.12778667012700629
ans,J2,J3,Energy,Sigma,L,A1,A3,B1,B2,B3
3x3,-0.09,0.14999999999999997,-0.5030063185750537,1.1935044429159795e-11,0.8034408226642173,0.5198961961879311,0.34652485333477345,0.19688054256413764,0.37230397127698356,0.1417567962112287
A1,A3,B1,B2,B3
4.087508109073556,0.28765878571173936,-4.6880277439029285,0.4618527782944171,-0.32018832031014155
ans,J2,J3,Energy,Sigma,L,A1,A2,B1,B2,B3
q0,-0.09,0.14999999999999997,-0.46247055583056645,4.254150366555325e-12,0.6888612328375857,0.5069728795191585,0.14867009345514598,0.15604140608502198,0.1759448203843057,0.17259957299610437
A1,A2,B1,B2,B3
3.5154101853612088,-0.4515832152528453,-6.868117185883008,0.3864131237092877,-0.41167069754161073
