ans,J2,J3,Energy,Sigma,L,A1,A2,A3,B1,B2,phiA1
cb1,-0.21,-0.15,-0.47068848360226245,1.8623970194818043e-10,0.7103261339657347,0.5117841895787463,0.03412947584569079,0.21731297143075706,0.1665387819122761,0.1533905440121037,2.1412228445108807
A1,A2,A3,B1,B2,phiA1
3.7601033391667764,-1.170008534498881,-0.41466829968515684,-5.796474411395463,0.721644966024938,0.023703261569120705
ans,J2,J3,Energy,Sigma,L,A1,A3,B1,B2,B3
3x3,-0.21,-0.15,-0.51135413720449,1.7141643832959788e-11,0.8278703879816555,0.5227690071708121,0.3137960976362792,0.2052150242241536,0.37706717975042575,0.16448630281822993
A1,A3,B1,B2,B3
3.8471448251369575,-0.47473136532876736,-4.830025268488022,0.40067948958641764,0.16242562850684375
ans,J2,J3,Energy,Sigma,L,A1,A2,B1,B2,B3
q0,-0.21,-0.15,-0.4759107828725202,4.403161581645659e-12,0.7267511589389365,0.5107478015799063,0.18184955339804743,0.16582503620058048,0.19189214534915874,0.22513115319845312
A1,A2,B1,B2,B3
3.477218512539962,-1.7260637363333704,-6.38467056982437,0.7330802631788716,0.16120438317077593
