ans,J2,J3,Energy,Sigma,L,A1,A2,A3,B1,B2,phiA1
cb1,-0.18,-0.3,-0.4649127619564229,1.0509369044726033e-05,0.6937288776832692,0.5045647452058857,0.027473921121116938,0.13841290495054623,0.15303867064686583,0.15515031536964924,2.377697196978547
A1,A2,A3,B1,B2,phiA1
3.800404434953873,-0.9865996908311558,-1.0094147740151156,-5.429157123709169,0.6516454042843466,-0.027755575607846167
ans,J2,J3,Energy,Sigma,L,A1,A3,B1,B2,B3
3x3,-0.18,-0.3,-0.4946442521107326,1.1748428362628995e-11,0.7829047015091714,0.5205538577381283,0.26592811636924,0.19584080106206617,0.347296715507549,0.154837512567575
A1,A3,B1,B2,B3
3.4128255771225553,-0.8558709296818213,-5.108469203339303,0.4252154184305845,0.5559996907157342
