ans,J2,J3,Energy,Sigma,L,A1,A2,A3,B1,B2,phiA1
cb1,0.14999999999999997,0.12,-0.44813864512762003,2.0940847984466347e-10,0.6595976448972454,0.4968783025619851,3.0485288539609957e-05,1.717386974221641e-05,0.1365474337079488,0.16680001850791276,3.1414240475911153
A1,A2,A3,B1,B2,phiA1
3.85791398826224,0.45913273183373,0.19373391779709037,-5.273226299905197,-0.6487588244204059,-0.02076117055468654
ans,J2,J3,Energy,Sigma,L,A1,A3,B1,B2,B3
3x3,0.14999999999999997,0.12,-0.45221171255658327,6.287022957545531e-12,0.6660589659709902,0.5076085493348487,0.20064194068651361,0.15536455314812742,0.2522772648511783,0.0696869770007742
A1,A3,B1,B2,B3
3.6093350532495228,0.16792123247887983,-6.106781746768962,-0.8731348978116454,-0.26417756870902764
ans,J2,J3,Energy,Sigma,L,A1,A2,B1,B2,B3
q0,0.14999999999999997,0.12,-0.4662741703417931,8.937019323870914e-12,0.712408655187474,0.5203367608193583,0.2503641449542918,0.19257644008418676,0.191549502279614,0.2716005510681959
A1,A2,B1,B2,B3
3.8490877145754854,0.3624878175796329,-4.991784763448194,-0.6298850330373057,-0.29448665731392853
