ans,J2,J3,Energy,Sigma,L,A1,A2,A3,B1,B2,phiA1
cb1,-0.18,0.02999999999999997,-0.46908344783722966,1.5862038743147022e-11,0.7120525756896575,0.5007435801014587,1.9923568604584477e-06,9.516395866056692e-05,0.15034631087847256,0.18857936137872114,3.1412557189306303
A1,A2,A3,B1,B2,phiA1
3.954669925077657,-0.9237055564881302,0.05723199691942708,-4.834355138283931,0.6765699112239957,0.014543921618523753
ans,J2,J3,Energy,Sigma,L,A1,A3,B1,B2,B3
3x3,-0.18,0.02999999999999997,-0.5173853220268492,1.246994062551936e-11,0.8423857527709989,0.5221732659868717,0.3459426547401324,0.20586632689070458,0.3873057808304754,0.1608194496995415
A1,A3,B1,B2,B3
4.044653501228341,0.008992806500444133,-4.518607710340766,0.5029310302100265,-0.07649436639864349
ans,J2,J3,Energy,Sigma,L,A1,A2,B1,B2,B3
q0,-0.18,0.02999999999999997,-0.467989122819095,1.5475727434943812e-11,0.7026531002323395,0.5067438350189823,0.1501570226506342,0.15539641675366897,0.18127464291262574,0.18311609037639023
A1,A2,B1,B2,B3
3.484046384140256,-1.420974449175456,-7.015388270484586,0.6802891583188221,-0.05173639294886486
