ans,J2,J3,Energy,Sigma,L,A1,A2,A3,B1,B2,phiA1
cb1,0.09000000000000002,-0.09,-0.4515626699106024,6.803711714196674e-12,0.6680090594844316,0.4977896330351062,9.68047035490372e-06,3.245181200331745e-05,0.13921730425976592,0.17101408803002693,3.1413890752109874
A1,A2,A3,B1,B2,phiA1
3.8813396940817837,0.30914160120687456,-0.2056133041605802,-5.192790641773498,-0.376365605336729,-0.014321877013660674
ans,J2,J3,Energy,Sigma,L,A1,A3,B1,B2,B3
3x3,0.09000000000000002,-0.09,-0.45370667120105346,6.80960837858898e-12,0.669571587482075,0.5073587724111368,0.1673940872378871,0.15584978956846218,0.24273935549651246,0.08070678353356649
A1,A3,B1,B2,B3
3.508526801829115,-0.23087087797674732,-6.556033493670163,-0.4888311977550466,0.1655897641225109
ans,J2,J3,Energy,Sigma,L,A1,A2,B1,B2,B3
q0,0.09000000000000002,-0.09,-0.4809373657446232,1.4064672619008763e-11,0.7575282150878253,0.5234659255373175,0.29069279327604414,0.20511821989538587,0.20540115069405301,0.3237878170661756
A1,A2,B1,B2,B3
3.110178780660744,0.22037927041211963,-5.344391595781552,-0.3654854196957263,0.16253665080479773
