ans,J2,J3,Energy,Sigma,L,A1,A2,A3,B1,B2,phiA1
cb1,0.18,-0.21,-0.45716985291695733,4.575864960849028e-09,0.6749611987996917,0.5055840206981893,0.02554355224598009,0.15761249607137356,0.15270086685544076,0.08216584873615117,1.8136549388540713
A1,A2,A3,B1,B2,phiA1
3.515798763419849,0.5251354906466487,-0.7451816941062315,-6.4809269060565065,-0.9878209361582491,0.011268763704302898
ans,J2,J3,Energy,Sigma,L,A1,A3,B1,B2,B3
3x3,0.18,-0.21,-0.4437358191901726,2.947389176110865e-11,0.6452072852415656,0.4988601110958624,0.10131160172985093,0.13981114454496904,0.19375975198755385,0.06087956727720548
A1,A3,B1,B2,B3
3.2443492337043742,-0.7868150575502749,-7.0539685205913045,-1.3383183449945724,0.35493830097195184
ans,J2,J3,Energy,Sigma,L,A1,A2,B1,B2,B3
q0,0.18,-0.21,-0.5076825070641033,6.130800749513132e-12,0.8357646792088688,0.5236704651212383,0.35813035845654534,0.22555614104911087,0.2188650811858705,0.39063614408329617
A1,A2,B1,B2,B3
3.4051650382539327,-0.347166739799592,-4.190869873230339,-1.2450040997776044,0.33828495564016575
