ans,J2,J3,Energy,Sigma,L,A1,A2,A3,B1,B2,phiA1
cb1,0.02999999999999997,-0.06,-0.46626207671843495,3.5220717155144404e-12,0.7014869819882185,0.5131861359313404,0.03748982761880427,0.235017858685206,0.1675896416699356,0.13270422543350455,1.9637728147123934
A1,A2,A3,B1,B2,phiA1
3.7427838608166075,0.1148525718972426,-0.13739009930090162,-5.901890087908106,-0.12284617767793755,0.06716849301578783
ans,J2,J3,Energy,Sigma,L,A1,A3,B1,B2,B3
3x3,0.02999999999999997,-0.06,-0.4627344172127132,6.585938255011394e-12,0.6943807711862525,0.5129729815497822,0.21328823478462233,0.16840921990251745,0.27988954769244806,0.10041410900507815
A1,A3,B1,B2,B3
3.6928238247058025,-0.13672396547851987,-5.998868068778608,-0.13078427230058196,0.11429746038493122
ans,J2,J3,Energy,Sigma,L,A1,A2,B1,B2,B3
q0,0.02999999999999997,-0.06,-0.47419966738261476,1.1760656569476536e-11,0.7335575758928833,0.5204053655565057,0.2515812526176902,0.19202941969508033,0.19812278480485143,0.28466563893777197
A1,A2,B1,B2,B3
3.5405012249329304,0.11102230246229357,-5.230704758353681,-0.1202371535700012,0.10957901254244966
