ans,J2,J3,Energy,Sigma,L,A1,A2,A3,B1,B2,phiA1
cb1,-0.02999999999999997,-0.3,-0.458862474559539,1.0461642888601734e-10,0.6787943510190175,0.5061182683050955,0.032145526700961595,0.15737735784926965,0.15312836756035858,0.1251562265198172,2.1161194748686953
A1,A2,A3,B1,B2,phiA1
3.6348701820101645,-0.12712053631932624,-1.1186052084277922,-6.020128839699547,0.11601830607631694,0.012434497872325572
ans,J2,J3,Energy,Sigma,L,A1,A3,B1,B2,B3
3x3,-0.02999999999999997,-0.3,-0.46523703715702586,2.4383575748734474e-11,0.7017222734619329,0.512114722923028,0.18609070557527796,0.1692946161136293,0.275213954001516,0.11373634039271495
A1,A3,B1,B2,B3
3.6649017156349855,-1.0473288902489775,-6.125433493922139,0.10480505352440514,0.5040412531788128
ans,J2,J3,Energy,Sigma,L,A1,A2,B1,B2,B3
q0,-0.02999999999999997,-0.3,-0.49397157415234516,4.1470116910988955e-12,0.7926307330290729,0.5228563323140736,0.29682000358750815,0.2064022723349273,0.2124666045287572,0.3415431034242363
A1,A2,B1,B2,B3
4.081623927044035,-0.2262634524432747,-4.907962924814389,0.08637535131326711,0.2262634524432746
