ans,J2,J3,Energy,Sigma,L,A1,A2,A3,B1,B2,phiA1
cb1,0.12,-0.06,-0.46363451347622325,1.945592570231169e-11,0.6941427067043942,0.5116643575615547,0.037154983667770515,0.2206879402106043,0.16420598622511826,0.11986912965853257,1.9190063876017691
A1,A2,A3,B1,B2,phiA1
3.691158489349174,0.3971822870588553,-0.13961054535020903,-6.06370509375139,-0.5551670234626991,0.058786309176627506
ans,J2,J3,Energy,Sigma,L,A1,A3,B1,B2,B3
3x3,0.12,-0.06,-0.4509325341410753,9.862219854365156e-12,0.6622979863658607,0.5056709216362336,0.1582990887425225,0.15210117897515898,0.23292961765579817,0.07319556016630785
A1,A3,B1,B2,B3
3.4847680291061405,-0.14327428133156647,-6.540268327084013,-0.7072675778164107,0.11401990462877562
ans,J2,J3,Energy,Sigma,L,A1,A2,B1,B2,B3
q0,0.12,-0.06,-0.48039337717444286,2.63506697647885e-12,0.7568008231104777,0.5237930298785605,0.2959539917748581,0.20693309617471492,0.2053235738027575,0.3269342440488768
A1,A2,B1,B2,B3
3.2973623825809986,0.2867706072601043,-5.298761429764957,-0.5450084827722722,0.11290968160415257
