ans,J2,J3,Energy,Sigma,L,A1,A2,A3,B1,B2,phiA1
cb1,-0.24,-0.06,-0.47745831799141003,7.692728295059612e-12,0.7313371632750371,0.5158839390154429,0.03653867353584455,0.26932938612851465,0.17669876015868122,0.16217001395302091,2.05379036776681
A1,A2,A3,B1,B2,phiA1
3.834599304958022,-1.3173906410175757,-0.13411494138934038,-5.535794045528532,0.8262279749473214,0.07105427355614631
ans,J2,J3,Energy,Sigma,L,A1,A3,B1,B2,B3
3x3,-0.24,-0.06,-0.5275455656602098,2.083651946482295e-11,0.8692607279437157,0.5228006406318939,0.3440775172093955,0.21069385973502436,0.39536812531312615,0.17118130765114367
A1,A3,B1,B2,B3
4.562017429718377,-0.1282307593581856,-4.290012789326414,0.8177902800280478,0.11746159600836678
ans,J2,J3,Energy,Sigma,L,A1,A2,B1,B2,B3
q0,-0.24,-0.06,-0.4724416933639269,4.494342799688264e-12,0.7141774070873361,0.5067229203356869,0.15359921259829926,0.15576987899711256,0.1855178346031468,0.19309754107077573
A1,A2,B1,B2,B3
3.549938120640654,-2.0584645100105194,-6.886602399624751,0.9877099138283802,0.09936496070651075
