ans,J2,J3,Energy,Sigma,L,A1,A2,A3,B1,B2,phiA1
cb1,-0.06,0.02999999999999997,-0.4608738698741339,1.6972958245085452e-11,0.691327405899132,0.4996817423586542,1.7273588174453185e-05,0.00012606591685760705,0.14565206724388632,0.18116715570984923,3.1412709786226474
A1,A2,A3,B1,B2,phiA1
3.929245817594264,-0.26256774532384847,0.057176485768194174,-4.98634467062739,0.23420154705070875,0.002331468351061045
ans,J2,J3,Energy,Sigma,L,A1,A3,B1,B2,B3
3x3,-0.06,0.02999999999999997,-0.4850740919963503,1.081024398898465e-11,0.756678296612978,0.5198368575216396,0.2964531902063829,0.18923037833984624,0.3429369900024313,0.13179775231503574
A1,A3,B1,B2,B3
3.8697933748405218,0.05762057497793036,-5.121569834745913,0.21915802508489887,-0.06139533326335252
ans,J2,J3,Energy,Sigma,L,A1,A2,B1,B2,B3
q0,-0.06,0.02999999999999997,-0.4666549304714468,1.0292877619304849e-11,0.7040284276770624,0.5123888212780192,0.18534842809581642,0.16885555689130166,0.184915064346675,0.21499644610343477
A1,A2,B1,B2,B3
3.6286529330733117,-0.30075941736200557,-6.314615496972606,0.23603341504138747,-0.06450395772880237
