ans,J2,J3,Energy,Sigma,L,A1,A2,A3,B1,B2,phiA1
cb1,0.12,0.14999999999999997,-0.4792052112033576,9.910373886927645e-12,0.7413486569134429,0.5171399593713928,0.04973919410504376,0.3240906894498519,0.18163482106994333,0.1585044796979629,1.9413045559695756
A1,A2,A3,B1,B2,phiA1
3.849476292634039,0.41433523278927986,0.23503421431267554,-5.442979400365332,-0.5179190410009747,0.11401990467308115
ans,J2,J3,Energy,Sigma,L,A1,A3,B1,B2,B3
3x3,0.12,0.14999999999999997,-0.4576326295345715,4.9476474700734185e-12,0.6807394237140205,0.5103730198723085,0.23378760494123096,0.16195370796995842,0.2749444870204951,0.07859659311473997
A1,A3,B1,B2,B3
3.6650127379374537,0.20611290451552713,-5.988709528436029,-0.6357137039696715,-0.34167113582770864
ans,J2,J3,Energy,Sigma,L,A1,A2,B1,B2,B3
q0,0.12,0.14999999999999997,-0.46303430187718164,1.524395275164121e-11,0.7003420634260327,0.5176009807307557,0.2245711053240439,0.18389079764536803,0.1860841190985105,0.24427675964298934
A1,A2,B1,B2,B3
3.6833869289959837,0.2914890551066615,-5.5535021024634785,-0.49554804705420163,-0.39346303991544773
