ans,J2,J3,Energy,Sigma,L,A1,A2,A3,B1,B2,phiA1
cb1,0.21000000000000002,0.21000000000000002,-0.4817594981433164,6.349066889311578e-12,0.7489810337876993,0.5166309529292183,0.057073237483429407,0.34129508260051566,0.18298411553589722,0.16123824826957162,1.941799630373305
A1,A2,A3,B1,B2,phiA1
3.8339331702919064,0.6509237593364273,0.30486724259530534,-5.439537708989097,-0.9502398867483963,0.12134737663843968
ans,J2,J3,Energy,Sigma,L,A1,A3,B1,B2,B3
3x3,0.21000000000000002,0.21000000000000002,-0.4480695984795815,1.8037795981185193e-11,0.656005437036767,0.5053612231598231,0.20099430159068843,0.150580867648668,0.2445838519004186,0.05862859775059298
A1,A3,B1,B2,B3
3.5956793100459024,0.20211610162699575,-6.029787780348219,-1.3377077223310465,-0.49038550997595076
ans,J2,J3,Energy,Sigma,L,A1,A2,B1,B2,B3
q0,0.21000000000000002,0.21000000000000002,-0.46297041291520175,5.5861010058243475e-12,0.7034624044717948,0.5200205658437371,0.25030620727737374,0.1929654510874815,0.18833058237239406,0.26564160423615285
A1,A2,B1,B2,B3
3.7883030039875027,0.32102098760536224,-5.3491655550842365,-0.8952838470807847,-0.5889178034112361
