ans,J2,J3,Energy,Sigma,L,A1,A2,A3,B1,B2,phiA1
cb1,0.3,0.12,-0.44030634577983224,3.133132612103881e-11,0.6409105662943354,0.4943160914449035,3.552651345806737e-06,2.0146565677949015e-05,0.12986284243251106,0.15632364831586495,3.14151885211158
A1,A2,A3,B1,B2,phiA1
3.791800207566918,0.640987263267334,0.19201307210892127,-5.459799279187903,-1.424971252143089,-0.03580469253415147
ans,J2,J3,Energy,Sigma,L,A1,A3,B1,B2,B3
3x3,0.3,0.12,-0.43783092437625176,8.456086575217432e-12,0.6312978303756444,0.49711955764323607,0.11132012422105905,0.13512005772598243,0.18780758041706963,0.04416628474654197
A1,A3,B1,B2,B3
3.3691938128232235,0.13372636331583274,-6.502964833455647,-2.5771607069856914,-0.2576272528637522
ans,J2,J3,Energy,Sigma,L,A1,A2,B1,B2,B3
q0,0.3,0.12,-0.47994366070518013,4.849917523226121e-12,0.7580590294824402,0.5240205189076889,0.3299063304339485,0.217533735521653,0.20556504324641625,0.3483390792316947
A1,A2,B1,B2,B3
4.947264820296892,1.6141532554992863,-3.8887781882388217,-0.46096459983623733,0.05928590952144684
