ans,J2,J3,Energy,Sigma,L,A1,A2,A3,B1,B2,phiA1
cb1,-0.12,0.02999999999999997,-0.4648963418407372,1.607974932457148e-11,0.7014846272176397,0.5002640459378556,1.097274014395973e-05,0.00016633051237714092,0.1480605533961074,0.18497124841390158,3.1410993876076785
A1,A2,A3,B1,B2,phiA1
3.9436787162576072,-0.5704881012036359,0.05739853037312231,-4.907518835604552,0.45879966493816254,0.008659739589654946
ans,J2,J3,Energy,Sigma,L,A1,A3,B1,B2,B3
3x3,-0.12,0.02999999999999997,-0.5002569654023703,9.640857845351606e-12,0.7976585318659816,0.5215518439651576,0.3240427593733818,0.19834730202283254,0.36748343824322227,0.14762147468720493
A1,A3,B1,B2,B3
3.8217207170230876,0.058286708799175156,-4.990341473516144,0.42066350407633357,-0.060729199445189085
ans,J2,J3,Energy,Sigma,L,A1,A2,B1,B2,B3
q0,-0.12,0.02999999999999997,-0.46701038525065997,1.3537363471131457e-11,0.7022714149913787,0.5094049737248264,0.16602944818615417,0.1615615132376375,0.1826685591403573,0.1971293143787295
A1,A2,B1,B2,B3
3.5233482799877036,-0.7556733016886269,-6.651790229541233,0.4632405570110624,-0.06528111384601679
