ans,J2,J3,Energy,Sigma,L,A1,A2,A3,B1,B2,phiA1
cb1,0.24000000000000005,-0.02999999999999997,-0.4433174942346767,3.2960916796327675e-11,0.6479912001889664,0.49538170761426414,1.264026633777701e-05,6.899376637697193e-05,0.1325244042252199,0.16048999832464556,3.141452456415954
A1,A2,A3,B1,B2,phiA1
3.819278227429386,0.6004086117172839,-0.06306066779870907,-5.38807887209835,-1.0967338148433268,-0.030142555110146168
ans,J2,J3,Energy,Sigma,L,A1,A3,B1,B2,B3
3x3,0.24000000000000005,-0.02999999999999997,-0.44068539904711374,6.444522815177084e-12,0.6378207107129215,0.4980299511876261,0.10626046963589415,0.13739114290815957,0.19023777908568165,0.051427647349608877
A1,A3,B1,B2,B3
3.3196223547738093,-0.06700195953599417,-6.720513034763485,-1.9308998844778031,0.058675286851322186
ans,J2,J3,Energy,Sigma,L,A1,A2,B1,B2,B3
q0,0.24000000000000005,-0.02999999999999997,-0.4908816571963467,1.0258275215610486e-11,0.7896181518150588,0.5243418837821135,0.3425891393385714,0.22115451473250272,0.21199578267288544,0.36822265377190344
A1,A2,B1,B2,B3
4.3108849825477,1.1699530234775406,-3.9588332613103447,-0.7862599460161401,0.0600630656387694
