ans,J2,J3,Energy,Sigma,L,A1,A2,A3,B1,B2,phiA1
cb1,0.02999999999999997,0.09000000000000002,-0.47729297277145666,1.7225840079035625e-11,0.7351681991763608,0.517237052620293,0.04452034896302904,0.30753028540469807,0.1801814415856747,0.1568449766344426,1.9526896990429694
A1,A2,A3,B1,B2,phiA1
3.8550274077562294,0.11568523916570994,0.1542099781372465,-5.459965812944681,-0.12212453271191254,0.10613732119519538
ans,J2,J3,Energy,Sigma,L,A1,A3,B1,B2,B3
3x3,0.02999999999999997,0.09000000000000002,-0.4697636055370431,8.918528858742329e-12,0.7141193935211014,0.5156911853029524,0.2669785755164595,0.1757284058217026,0.3098624643179014,0.10560200185933916
A1,A3,B1,B2,B3
3.8140601781544654,0.15409895581766345,-5.596856311884489,-0.12778667013409997,-0.19251267246961706
ans,J2,J3,Energy,Sigma,L,A1,A2,B1,B2,B3
q0,0.02999999999999997,0.09000000000000002,-0.46434543854652477,1.3519289703287128e-11,0.7006985945885993,0.5149764166341312,0.20297860892749453,0.17581439462636905,0.18498400966043113,0.22741642824361294
A1,A2,B1,B2,B3
3.7368996787857793,0.10641487690715493,-5.882849762708731,-0.12106982083849148,-0.2174371793784373
