ans,J2,J3,Energy,Sigma,L,A1,A2,A3,B1,B2,phiA1
cb1,0.18,-0.27,-0.44649012891842565,1.6546786488984356e-10,0.6555949172353794,0.49639573069813625,6.211220318537149e-05,0.00018594692080294766,0.135205702532866,0.16469717163237702,3.140503191067005
A1,A2,A3,B1,B2,phiA1
3.8453684685109226,0.5170863737191698,-0.7757128273055797,-5.312472683824529,-0.7924771949538557,-0.02403632847641556
ans,J2,J3,Energy,Sigma,L,A1,A3,B1,B2,B3
3x3,0.18,-0.27,-0.44339016627304007,3.510694803598686e-12,0.6446670976007547,0.49808532298962543,0.0937768840950342,0.1386774826634344,0.18980863991122432,0.06142414518195259
A1,A3,B1,B2,B3
3.191835684639709,-1.1723400028505893,-7.203959651222025,-1.3674616993901152,0.431876756578322
ans,J2,J3,Energy,Sigma,L,A1,A2,B1,B2,B3
q0,0.18,-0.27,-0.5171106441648872,6.966646395138382e-12,0.8606130507176015,0.5228014517798195,0.368461144702039,0.22840021660514248,0.22157815115491178,0.4018486834502566
A1,A2,B1,B2,B3
5.452083229620965,2.555622380379536,-2.7671198664934025,0.9839906667506193,1.837530128257428
