ans,J2,J3,Energy,Sigma,L,A1,A2,A3,B1,B2,phiA1
cb1,-0.06,-0.24,-0.4614451710525646,2.0526163943190717e-11,0.6857383786722698,0.508031974005384,0.033023599792526184,0.1757791337369724,0.15695700312008262,0.1312552396131547,2.1074551387957126
A1,A2,A3,B1,B2,phiA1
3.6667890939627585,-0.2665645482119669,-0.8059108935514205,-6.000422381346127,0.2263744747268996,0.020150547891313392
ans,J2,J3,Energy,Sigma,L,A1,A3,B1,B2,B3
3x3,-0.06,-0.24,-0.4717688823407512,1.119956851473421e-11,0.7198302624227214,0.5155758231377471,0.217119446209711,0.17742241658899216,0.2988118955654702,0.12394733501922314
A1,A3,B1,B2,B3
3.7726488601806225,-0.7213118991175418,-5.759226428920398,0.20328183580845946,0.41905368064392706
ans,J2,J3,Energy,Sigma,L,A1,A2,B1,B2,B3
q0,-0.06,-0.24,-0.4854402922403275,2.373281711376816e-11,0.7652192795042686,0.5209477598599953,0.26660330059601794,0.19625193856029793,0.20636350359267291,0.3103368003988444
A1,A2,B1,B2,B3
3.9274139498216516,-0.14899192990439863,-4.106825990268715,0.27033930648818144,1.052380405040081
