ans,J2,J3,Energy,Sigma,L,A1,A2,A3,B1,B2,phiA1
cb1,-0.06,0.14999999999999997,-0.4608738703091863,2.7646182885257153e-10,0.6913283958893348,0.49968144838394984,3.476378656885865e-05,0.00012302669657662536,0.1456522213474785,0.18119411347356704,3.141329460913116
A1,A2,A3,B1,B2,phiA1
3.9292458175942633,-0.262789789928777,0.23220314560034586,-4.98612262602246,0.2339239912945446,0.0022204460486299296
ans,J2,J3,Energy,Sigma,L,A1,A3,B1,B2,B3
3x3,-0.06,0.14999999999999997,-0.49492362771398113,3.948129798916137e-12,0.7822297946332838,0.5193395714422843,0.33485970344738486,0.1927579453398276,0.36155795425628023,0.13413373064445888
A1,A3,B1,B2,B3
3.902433931766248,0.2592370762494556,-5.152545057132034,0.22370993948635848,-0.3232969447612257
ans,J2,J3,Energy,Sigma,L,A1,A2,B1,B2,B3
q0,-0.06,0.14999999999999997,-0.46200259394446247,7.275006902948754e-12,0.6886717264514735,0.5082551367101045,0.15652964739465264,0.15907805451841797,0.17663626321676923,0.17955783811598153
A1,A2,B1,B2,B3
3.5053626662094666,-0.31347147099358547,-6.765865645693656,0.23503421430615193,-0.44092507421676086
