ans,J2,J3,Energy,Sigma,L,A1,A2,A3,B1,B2,phiA1
cb1,0.14999999999999997,0.02999999999999997,-0.4481386448306341,1.5135541578833415e-11,0.6595965038656253,0.49687805741449664,9.019301484947118e-06,3.7761951185155684e-05,0.13654683374668053,0.1668086023004952,3.1415133153131616
A1,A2,A3,B1,B2,phiA1
3.85780296638808,0.458966198380039,0.05700995231450195,-5.273448344510116,-0.6487588244204059,-0.020983215159549616
ans,J2,J3,Energy,Sigma,L,A1,A3,B1,B2,B3
3x3,0.14999999999999997,0.02999999999999997,-0.44960253839611064,1.2927110615732486e-12,0.6589716885838914,0.5054688463513122,0.16746214778388113,0.15113860517302485,0.23390306831863056,0.06763997732370801
A1,A3,B1,B2,B3
3.52706752633723,0.054567461658702895,-6.346534408929631,-0.9209299988991644,-0.06139533326164836
ans,J2,J3,Energy,Sigma,L,A1,A2,B1,B2,B3
q0,0.14999999999999997,0.02999999999999997,-0.47385559009812894,8.297298905239593e-12,0.7371585617052862,0.5229827439357142,0.2818892017321297,0.20266571194733765,0.20008332857190608,0.30807719201719713
A1,A2,B1,B2,B3
3.366751321608376,0.15032419755063486,-5.047962048495674,-0.9037215420179865,-0.07394085343988745
