ans,J2,J3,Energy,Sigma,L,A1,A2,A3,B1,B2,phiA1
cb1,0.18,0.06,-0.44649012551573924,8.558286399005962e-12,0.6555934196782497,0.4963951351991975,2.766880079402658e-06,1.5995029956138988e-05,0.13520518206809667,0.1647031785625931,3.1415811457837166
A1,A2,A3,B1,B2,phiA1
3.8455350015376943,0.5173084183240924,0.10852430065710936,-5.312250639219609,-0.7921996391977081,-0.0239253061739837
ans,J2,J3,Energy,Sigma,L,A1,A3,B1,B2,B3
3x3,0.18,0.06,-0.4471110655795348,3.859681956176731e-12,0.6527976858264101,0.5039509269328573,0.15949515386744617,0.1479533203827764,0.2257017792091007,0.061793021638810626
A1,A3,B1,B2,B3
3.5064173780826824,0.09769962616410674,-6.3399285822852445,-1.1799450306020065,-0.12539969063116066
ans,J2,J3,Energy,Sigma,L,A1,A2,B1,B2,B3
q0,0.18,0.06,-0.4734365854580248,1.2650167152910951e-11,0.7366835796417855,0.5232657446530214,0.28745662687580265,0.20456535681967875,0.2000606068883054,0.3115453784753675
A1,A2,B1,B2,B3
3.9824810118460054,0.31930014191700573,-4.385491969441337,-0.858424442614628,-0.129340982368572
