ans,J2,J3,Energy,Sigma,L,A1,A2,A3,B1,B2,phiA1
cb1,0.18,0.09000000000000002,-0.4712641247647702,1.4435815324540392e-12,0.717973832638201,0.515349220966949,0.04749571825248548,0.28231976199504155,0.17432311677557435,0.1405743060144078,1.9240388278994014
A1,A2,A3,B1,B2,phiA1
3.799960345744102,0.560440582829658,0.14876988529947333,-5.695222071868811,-0.8418821195482055,0.0923150444922726
ans,J2,J3,Energy,Sigma,L,A1,A3,B1,B2,B3
3x3,0.18,0.09000000000000002,-0.44780800299201906,4.233452459072753e-12,0.6546106688721952,0.5046741619312943,0.16976504036437684,0.14926061392062878,0.23137061059253033,0.062300219667096354
A1,A3,B1,B2,B3
3.536670956283918,0.1325051179850696,-6.25777207811349,-1.1580181258008118,-0.19251267246961712
ans,J2,J3,Energy,Sigma,L,A1,A2,B1,B2,B3
q0,0.18,0.09000000000000002,-0.4706333345288214,1.26154004627701e-11,0.7277103495547481,0.522560519775237,0.27711559425191584,0.2013215225103897,0.19725690589077036,0.2996671868724973
A1,A2,B1,B2,B3
3.84103859764831,0.2576827640149834,-5.078049092181902,-0.817568235355022,-0.22404300636890853
