ans,J2,J3,Energy,Sigma,L,A1,A2,A3,B1,B2,phiA1
cb1,0.02999999999999997,0.26999999999999996,-0.4996305723619159,1.71895801491569e-11,0.796913037876905,0.5164707360180445,0.051906159540424046,0.39243256219371625,0.19180560798788637,0.18334228157372076,1.945194673210551
A1,A2,A3,B1,B2,phiA1
3.8354874825261196,0.11624035067802117,0.4168887457921965,-5.203504293960812,-0.12145839889712047,0.14321877023201052
ans,J2,J3,Energy,Sigma,L,A1,A3,B1,B2,B3
3x3,0.02999999999999997,0.26999999999999996,-0.4842288981608842,2.658001061190178e-12,0.7525943349553511,0.5145897846691695,0.33825433334178634,0.1815091503892338,0.3447877886474968,0.10963415077892147
A1,A3,B1,B2,B3
3.748445998242499,0.3996802889086303,-5.505262912350554,-0.12534417949384544,-0.6616929226752698
ans,J2,J3,Energy,Sigma,L,A1,A2,B1,B2,B3
q0,0.02999999999999997,0.26999999999999996,-0.4572659400944299,5.13125288285581e-12,0.6771149391725629,0.5083096291972576,0.15661005030606212,0.16014634231932318,0.1717752456373467,0.17104191223709395
A1,A2,B1,B2,B3
3.4849345633336175,0.10125233984280148,-6.685818565244983,-0.12156942119283723,-1.0426104424523372
