ans,J2,J3,Energy,Sigma,L,A1,A2,A3,B1,B2,phiA1
cb1,0.18,0.24000000000000005,-0.4869010659273856,1.204747846902799e-11,0.7632365584592785,0.5166874171921778,0.05732949733980446,0.36084974005203424,0.18599679390509755,0.16894526684124744,1.9463137852079135
A1,A2,A3,B1,B2,phiA1
3.8292702335892663,0.5860867346984479,0.3506084311759231,-5.376921130402102,-0.787814258250569,0.13022916083887454
ans,J2,J3,Energy,Sigma,L,A1,A3,B1,B2,B3
3x3,0.18,0.24000000000000005,-0.45333412872327455,7.810448257660609e-12,0.6700940595049271,0.5077671904220867,0.23747918742536125,0.15658183283818322,0.2676216896392313,0.06573825095952675
A1,A3,B1,B2,B3
3.6368685842617,0.24641400032189995,-5.928590951321926,-1.0396683515235745,-0.5812017533901069
ans,J2,J3,Energy,Sigma,L,A1,A2,B1,B2,B3
q0,0.18,0.24000000000000005,-0.45976587934740903,1.6661742784947842e-12,0.6916938551391,0.5172440446092289,0.22379503374053997,0.18413306676255822,0.18262267548368066,0.23744669432813229
A1,A2,B1,B2,B3
3.789413227853359,0.2863820292094351,-5.57126567116622,-0.7588929484599444,-0.7351896869257138
