ans,J2,J3,Energy,Sigma,L,A1,A2,A3,B1,B2,phiA1
cb1,-0.3,-0.3,-0.47075252939665346,6.444685477754909e-05,0.7079742095588675,0.5055653690034282,0.024804006065432288,0.14639936363370198,0.156879004681448,0.16243060261651432,2.364258473396424
A1,A2,A3,B1,B2,phiA1
3.810063376112495,-1.9627632852308727,-1.0102474412277436,-5.354439114154099,1.0357825707932793,-0.035860203685175916
ans,J2,J3,Energy,Sigma,L,A1,A3,B1,B2,B3
3x3,-0.3,-0.3,-0.5274818282189954,1.8163959014202694e-11,0.869472054968299,0.5224691304552148,0.3135878526939535,0.2115234198787473,0.389371106436667,0.1784656628064496
A1,A3,B1,B2,B3
4.043765322808593,-0.7551737014323621,-4.842459766363453,0.8612000002000114,0.5637712518878791
ans,J2,J3,Energy,Sigma,L,A1,A2,B1,B2,B3
q0,-0.3,-0.3,-0.48480049844926887,3.312237380212694e-12,0.7503353880103436,0.5105469387970906,0.1906554008771679,0.16774565102005695,0.19873494644058862,0.2440860334592751
A1,A2,B1,B2,B3
3.7169156643414576,-2.6992852398406644,-6.457279155632694,1.13209441823943,0.2793321129873775
