ans,J2,J3,Energy,Sigma,L,A1,A2,A3,B1,B2,phiA1
cb1,-0.12,0.12,-0.48817072587943,2.251040005462662e-11,0.7654716810081375,0.5184358791275057,0.04306946959000944,0.34330662860278577,0.18756774460350448,0.17419256669509517,1.9642171515849842
A1,A2,A3,B1,B2,phiA1
3.8834491171818435,-0.5465627950218714,0.20539125955524334,-5.23048271374875,0.4545253062932456,0.12267964421402433
ans,J2,J3,Energy,Sigma,L,A1,A3,B1,B2,B3
3x3,-0.12,0.12,-0.5084729023177562,1.5830354221926015e-11,0.8181135918833878,0.5207279044558878,0.3487947516636962,0.20024380508936182,0.3786279961919351,0.14864680009384687
A1,A3,B1,B2,B3
4.033662293283965,0.25390800575945466,-4.692579658304009,0.6366018823894685,-0.260236276978839
ans,J2,J3,Energy,Sigma,L,A1,A2,B1,B2,B3
q0,-0.12,0.12,-0.46392626335969533,1.4108616559468355e-12,0.6922449031562806,0.506626943145725,0.14712215778119356,0.15513915156333216,0.17710686477702017,0.17351372420146757
A1,A2,B1,B2,B3
3.411493310250733,-0.7930323065101741,-7.074674180001095,0.4601874437189797,-0.33367753005968476
