ans,J2,J3,Energy,Sigma,L,A1,A2,A3,B1,B2,phiA1
cb1,-0.18,0.12,-0.46908345723911565,9.553566467768875e-11,0.712051063074879,0.5007433128725397,4.194194764106769e-05,0.0011962999564219317,0.15034620379892852,0.188576710179088,3.13748458152881
A1,A2,A3,B1,B2,phiA1
3.954558902775189,-0.9234835118832108,0.19834134334927397,-4.834410649703525,0.6767919557913569,0.014932499677034031
ans,J2,J3,Energy,Sigma,L,A1,A3,B1,B2,B3
3x3,-0.18,0.12,-0.5265009094049093,1.7107756217364237e-11,0.8640517289749533,0.5209233336338008,0.3671414322434463,0.2070058242638072,0.3958797379072676,0.16105242274356754
A1,A3,B1,B2,B3
4.196420987770929,0.21715962364035574,-4.514610907201401,0.5478950627122474,-0.2501332474544901
ans,J2,J3,Energy,Sigma,L,A1,A2,B1,B2,B3
q0,-0.18,0.12,-0.4653068767533151,4.990320990104498e-12,0.6940863368769522,0.5043331154512918,0.13401561521101055,0.14993360709482298,0.17637806026269623,0.16255644923778084
A1,A2,B1,B2,B3
3.289701843712376,-1.4881429422458874,-7.3747674635650045,0.6749600878382477,-0.34006131243256665
