ans,J2,J3,Energy,Sigma,L,A1,A2,A3,B1,B2,phiA1
cb1,0.12,0.06,-0.44982935495492754,3.976277864094606e-11,0.663734854034065,0.4973436900308039,1.7732135471182353e-05,3.1891064430411564e-05,0.13788541481791722,0.16891929798768393,3.1414338971406166
A1,A2,A3,B1,B2,phiA1
3.8697933750553384,0.38929970358481225,0.10841327835464705,-5.23342480447357,-0.5102585021308639,-0.01759703493538927
ans,J2,J3,Energy,Sigma,L,A1,A3,B1,B2,B3
3x3,0.12,0.06,-0.45401505241939677,9.296776951543828e-12,0.6705358903982478,0.5085014872888965,0.19648922857441617,0.15742453684524899,0.2544568456349285,0.07580277487299181
A1,A3,B1,B2,B3
3.6031733154625236,0.10108580639472388,-6.198153101692894,-0.6675771047057713,-0.12639889135332125
ans,J2,J3,Energy,Sigma,L,A1,A2,B1,B2,B3
q0,0.12,0.06,-0.46924712461357376,1.0777941170295787e-11,0.7211256877066179,0.5209291514256704,0.2558231005071331,0.19412746167284362,0.1946121363065967,0.28087586935461095
A1,A2,B1,B2,B3
3.9293013280911344,0.34416913767132057,-5.149769499570554,-0.49027448768709625,-0.1306732500126271
