ans,J2,J3,Energy,Sigma,L,A1,A2,A3,B1,B2,phiA1
cb1,-0.24,0.21000000000000002,-0.5081451111754148,1.1449725589221381e-11,0.8185360404242461,0.5173768191544664,0.04278073299181914,0.3944380770493409,0.19575058285836341,0.1916468686616203,1.9480951923743266
A1,A2,A3,B1,B2,phiA1
3.8637981705072253,-1.1932677068647315,0.3508304757808475,-5.0559556542731805,0.8993916722720035,0.1438849039831452
ans,J2,J3,Energy,Sigma,L,A1,A3,B1,B2,B3
3x3,-0.24,0.21000000000000002,-0.557085796013565,9.914401428605202e-12,0.9365225008801228,0.5183028851053072,0.399020473214859,0.21239682600539952,0.41505003565568893,0.17029962470947485
A1,A3,B1,B2,B3
4.263700503998606,0.8443246103194817,-4.146682997081759,1.3510303986636505,-0.2375877272627139
ans,J2,J3,Energy,Sigma,L,A1,A2,B1,B2,B3
q0,-0.24,0.21000000000000002,-0.4651268593873895,1.5254230315011317e-11,0.6911760910566642,0.500487344029205,0.11152627440083071,0.14160002396949228,0.17243087846006136,0.13884638261177018
A1,A2,B1,B2,B3
3.1808444761662256,-2.5345836540629314,-7.938205648136125,0.8734124534951058,-0.7727707362673457
