ans,J2,J3,Energy,Sigma,L,A1,A2,A3,B1,B2,phiA1
cb1,-0.02999999999999997,0.0,-0.4723187765390269,9.103054619519106e-12,0.7194826641447062,0.5158711739964517,0.03981735651172224,0.0,0.17487262443548762,0.14876091648420683,1.975804687750233
A1,A2,A3,B1,B2,phiA1
3.8216096947206446,-0.12506662372377386,0.0,-5.621780818475894,0.11701750679850526,0.08620881789546993
ans,J2,J3,Energy,Sigma,L,A1,A3,B1,B2,B3
3x3,-0.02999999999999997,0.0,-0.4764752047709728,1.5701942161875169e-12,0.7329607086081533,0.5181796583350237,0.0,0.18278373288143696,0.32338677039399955,0.0
A1,A3,B1,B2,B3
3.870015419445459,-0.0,-5.347056131040573,0.11302070391916268,0.0
ans,J2,J3,Energy,Sigma,L,A1,A2,B1,B2,B3
q0,-0.02999999999999997,0.0,-0.46837026255551806,7.248783832174942e-12,0.711256198787099,0.5151104364007465,0.20530616756850084,0.17595267537186432,0.18883701987193238,0.0
A1,A2,B1,B2,B3
4.010181076311885,-0.13289369604367682,-5.582867501463939,0.11918244169658011,0.0
