ans,J2,J3,Energy,Sigma,L,A1,A2,A3,B1,B2,phiA1
cb1,-0.24,0.06,-0.45455694081136433,0.000553583146250494,0.6703274839219711,0.49928689211346944,0.023334137232937806,0.0,0.1482521791879744,0.0,5.069424832824104
A1,A2,A3,B1,B2,phiA1
3.830769035735527,-1.24494858866109,0.0935918009759007,-5.829836613284541,0.32623903578610225,-0.10336176365261084
ans,J2,J3,Energy,Sigma,L,A1,A3,B1,B2,B3
3x3,-0.24,0.06,-0.5393016962076845,1.352907553206086e-11,0.8971408139071663,0.521566018025572,0.3693857121133963,0.21225049610561014,0.4054760933995792,0.17158564892664285
A1,A3,B1,B2,B3
4.35762537188692,0.11590728378350264,-4.333644554192885,1.130429083671073,-0.12156942119283728
ans,J2,J3,Energy,Sigma,L,A1,A2,B1,B2,B3
q0,-0.24,0.06,-0.46858888631995355,2.139799599042027e-12,0.7019663127559627,0.503657361079995,0.13215728003005722,0.14850722039612851,0.17905688367436837,0.16581920760638635
A1,A2,B1,B2,B3
3.3567593143884342,-2.2953305921929807,-7.459477479932001,0.9440781490143171,-0.0898170426895026
