ans,J2,J3,Energy,Sigma,L,A1,A2,A3,B1,B2,phiA1
cb1,0.06,0.21000000000000002,-0.489310388798057,8.68674622211943e-12,0.7696136376339492,0.5174789609638025,0.05077349639736158,0.36240402305929664,0.18780727262921162,0.1733575691178827,1.9465444697575052
A1,A2,A3,B1,B2,phiA1
3.8563596762418393,0.22470914018368218,0.3251843239481606,-5.277001058481743,-0.24646951145945087,0.13122836150314654
ans,J2,J3,Energy,Sigma,L,A1,A3,B1,B2,B3
3x3,0.06,0.21000000000000002,-0.4721223370322031,1.3898124908898822e-11,0.7205673771069756,0.5143676874363228,0.2986378260387898,0.17519590514133826,0.3200933976410412,0.0993698590200319
A1,A3,B1,B2,B3
3.7458924844539694,0.3034239526294485,-5.676792369344433,-0.2671196597242783,-0.5000444502901702
ans,J2,J3,Energy,Sigma,L,A1,A2,B1,B2,B3
q0,0.06,0.21000000000000002,-0.459172309681302,8.548160959449558e-12,0.6847078251457707,0.5118940867574697,0.18063419607054823,0.1686084136607567,0.17705988300403755,0.19755525879806715
A1,A2,B1,B2,B3
3.6479708136985334,0.17630341631501564,-6.175615574636488,-0.2450817326923156,-0.6709077737982615
