ans,J2,J3,Energy,Sigma,L,A1,A2,A3,B1,B2,phiA1
cb1,-0.24,-0.09,-0.4754088242478017,2.5115874929539195e-11,0.7247381540184635,0.5147451821193145,0.03570791328496565,0.25323267397893934,0.17370944821787765,0.15952868435996553,2.0796640838263967
A1,A2,A3,B1,B2,phiA1
3.810340931022598,-1.3419820810129737,-0.2152167333470501,-5.633826738292718,0.818789480636689,0.05601075157668095
ans,J2,J3,Energy,Sigma,L,A1,A3,B1,B2,B3
3x3,-0.24,-0.09,-0.5249380540650225,1.1832050897285559e-11,0.8628334505119302,0.5229249966290741,0.33760804859787164,0.21012007549677592,0.39254301280458076,0.17092455598499187
A1,A3,B1,B2,B3
4.676814490445271,0.47328807544930307,-4.00468547200624,1.5676349107675855,1.0506040482298442
ans,J2,J3,Energy,Sigma,L,A1,A2,B1,B2,B3
q0,-0.24,-0.09,-0.4736050239208008,2.05700725574729e-11,0.7178875208044985,0.507555737620207,0.1597311452508558,0.15785966783840172,0.18729287447648882,0.2007543354826351
A1,A2,B1,B2,B3
3.5209613004846316,-1.9858004129366968,-6.819600439708333,0.9267586698297184,0.09020562074810984
