ans,J2,J3,Energy,Sigma,L,A1,A2,A3,B1,B2,phiA1
cb1,-0.15,-0.21,-0.46571883083641213,9.686863311534334e-09,0.6964992299107133,0.5087209271896275,0.033049588317524636,0.18400578816455784,0.15954018305314907,0.14663454512673058,2.1952488166488484
A1,A2,A3,B1,B2,phiA1
3.736011500366031,-0.7757683384552798,-0.6498135363298396,-5.794587032575322,0.5360711874243064,0.006550315843464815
ans,J2,J3,Energy,Sigma,L,A1,A3,B1,B2,B3
3x3,-0.15,-0.21,-0.49187382805196966,7.583318341145632e-12,0.7756222813351871,0.5208548758166722,0.273226832349098,0.1946144069378862,0.34647246169596674,0.14970616261085745
A1,A3,B1,B2,B3
3.91253696042212,-0.531685806491924,-5.06894526366163,0.47417625381645595,0.39068748235396744
