ans,J2,J3,Energy,Sigma,L,A1,A2,A3,B1,B2,phiA1
cb1,0.18,0.21000000000000002,-0.48315432943150305,3.7936912824276405e-12,0.7528464390497096,0.5168644409194971,0.055574968083310444,0.34579776413939056,0.18399145024487867,0.16381793600093061,1.9428252435627644
A1,A2,A3,B1,B2,phiA1
3.840039396926316,0.5817568649024184,0.3094191569967648,-5.403122393782476,-0.7959188863742739,0.12345680038604305
ans,J2,J3,Energy,Sigma,L,A1,A3,B1,B2,B3
3x3,0.18,0.21000000000000002,-0.4518806279146137,1.698405466148262e-11,0.665917025518863,0.5073409962157339,0.2218082452868299,0.15511299886783383,0.25945391972083875,0.06499365971476492
A1,A3,B1,B2,B3
3.6278202666105206,0.2244870955725269,-5.974776229476626,-1.0639267246142792,-0.4952149801330603
ans,J2,J3,Energy,Sigma,L,A1,A2,B1,B2,B3
q0,0.18,0.21000000000000002,-0.4615458011854296,5.507810628545205e-12,0.6976829453138892,0.5184718792092402,0.23420243595877072,0.18754147513495362,0.18550354715568032,0.24971262784856157
A1,A2,B1,B2,B3
3.837485883970108,0.3663735981153999,-5.3556603594811625,-0.7565059689990657,-0.5462297280993235
