ans,J2,J3,Energy,Sigma,L,A1,A2,A3,B1,B2,phiA1
cb1,0.06,0.18,-0.48552308418050283,1.5644160085045942e-11,0.7591367125295666,0.5176606404476494,0.04946685030281176,0.34807346403552497,0.18588196522772982,0.16878822706011254,1.9468180783680935
A1,A2,A3,B1,B2,phiA1
3.8583580768295436,0.22415402867137088,0.2819966482855336,-5.318190332401178,-0.24769075678650215,0.12534417952863547
ans,J2,J3,Energy,Sigma,L,A1,A3,B1,B2,B3
3x3,0.06,0.18,-0.46985515159534763,1.3897008510480564e-11,0.7143774890313124,0.5144593139862604,0.2856795216060085,0.17410066069544128,0.31362226699398565,0.09857241963302095
A1,A3,B1,B2,B3
3.752442801131363,0.26612045903166304,-5.697387006450617,-0.26928459465218973,-0.41788794646807303
ans,J2,J3,Energy,Sigma,L,A1,A2,B1,B2,B3
q0,0.06,0.18,-0.460402166622941,1.2991497649276314e-11,0.6888266361340832,0.5130616404650994,0.1888263438162738,0.17136676262443276,0.17938813972634127,0.20744261533750902
A1,A2,B1,B2,B3
3.757549826210569,0.17974510769144203,-6.075751013568883,-0.24458213231764428,-0.5331290964091367
