ans,J2,J3,Energy,Sigma,L,A1,A2,A3,B1,B2,phiA1
cb1,-0.18,-0.12,-0.4678968903097281,8.950102176768344e-11,0.7029697304666638,0.5016973231368143,0.01669575383862614,0.10026411048785032,0.1505405262970899,0.1758289834417319,2.7011040671260527
A1,A2,A3,B1,B2,phiA1
3.9200309658370767,-0.9968692538089341,-0.2962630141206303,-5.035638572922017,0.6707967514957964,-0.06400435735174752
ans,J2,J3,Energy,Sigma,L,A1,A3,B1,B2,B3
3x3,-0.18,-0.12,-0.5051033584376663,3.86453558929645e-12,0.8113133074807428,0.5224904069999998,0.3091921302179795,0.20221120645643595,0.37019845909684274,0.15873285284409416
A1,A3,B1,B2,B3
3.932187907954674,-0.2876587856798027,-4.797717778738718,0.5756506382669923,0.2250422070848229
ans,J2,J3,Energy,Sigma,L,A1,A2,B1,B2,B3
q0,-0.18,-0.12,-0.4742013212290873,5.1673680752473546e-12,0.7227572931178912,0.5113219124198488,0.18386749977843314,0.1668932257334126,0.19088397960998346,0.22472663315445884
A1,A2,B1,B2,B3
3.276046101239216,-1.2711498520067488,-6.589950807071452,0.6977196598436497,0.1816879979745006
