ans,J2,J3,Energy,Sigma,L,A1,A2,A3,B1,B2,phiA1
cb1,-0.06,0.26999999999999996,-0.5053970931625331,1.8859114300262077e-11,0.8116828819202011,0.5163442997690436,0.048756641052646765,0.40127085969769866,0.19400215152460884,0.18837854809489105,1.9428093474873005
A1,A2,A3,B1,B2,phiA1
3.8273828552975724,-0.2535749388238789,0.4281019982946042,-5.1416648717764515,0.23614443734385274,0.14788170693723865
ans,J2,J3,Energy,Sigma,L,A1,A3,B1,B2,B3
3x3,-0.06,0.26999999999999996,-0.5077502810216553,1.6069342911865862e-11,0.8131814629074304,0.5165761280855644,0.37132653008693567,0.1940626063708564,0.37650708978498204,0.13433131037819765
A1,A3,B1,B2,B3
3.7828629120077206,0.3982369989322469,-5.181965967571381,0.19928503294194208,-0.6298295218860728
ans,J2,J3,Energy,Sigma,L,A1,A2,B1,B2,B3
q0,-0.06,0.26999999999999996,-0.4587292372287674,4.95979737631314e-12,0.67811479569234,0.5047446188164044,0.13420670701701842,0.1515087683836517,0.16995952263004915,0.15154489971955568
A1,A2,B1,B2,B3
3.3569813589933215,-0.3249067681468843,-7.192857420975487,0.2338684801303304,-1.0839107389694569
