ans,J2,J3,Energy,Sigma,L,A1,A2,A3,B1,B2,phiA1
cb1,0.09000000000000002,0.06,-0.45156266997117606,2.3324432571479416e-11,0.6680097189114821,0.49778993970256596,1.5184295643622114e-05,4.473643065955324e-05,0.13921738113052506,0.17101129915045674,3.1414519736507516
A1,A2,A3,B1,B2,phiA1
3.881117649476859,0.3089750677531814,0.10857981180834093,-5.192957175227187,-0.37625458305515613,-0.014210854711228923
ans,J2,J3,Energy,Sigma,L,A1,A3,B1,B2,B3
3x3,0.09000000000000002,0.06,-0.4581469132618897,1.3245116596705216e-11,0.6817225841081779,0.510863839860775,0.21616707913147312,0.16282400769271904,0.27046204298059584,0.0846894660511931
A1,A3,B1,B2,B3
3.6533553953670577,0.10319523014156622,-6.110889571959952,-0.4590772207325518,-0.12639889135332102
ans,J2,J3,Energy,Sigma,L,A1,A2,B1,B2,B3
q0,0.09000000000000002,0.06,-0.4677947549557163,1.3665127383341054e-11,0.7150581101890997,0.5194321915511201,0.2404902485940711,0.18888435598465897,0.19204528370141769,0.26596471744618017
A1,A2,B1,B2,B3
3.942846049864766,0.24097390748771988,-5.300870853217541,-0.3760325384502254,-0.13633538742369655
