ans,J2,J3,Energy,Sigma,L,A1,A2,A3,B1,B2,phiA1
cb1,0.21000000000000002,0.26999999999999996,-0.44488328038398156,2.028086683289425e-09,0.6517235738349184,0.49589683978081234,5.210788329748163e-05,4.858256522072596e-05,0.1338601118992358,0.16262618485476593,3.141305861522117
A1,A2,A3,B1,B2,phiA1
3.8326009037263407,0.5642153411145095,0.30248026305912473,-5.350719867021728,-0.9415801471565776,-0.027144952944496103
ans,J2,J3,Energy,Sigma,L,A1,A3,B1,B2,B3
3x3,0.21000000000000002,0.26999999999999996,-0.4506818824651941,5.963902492419924e-12,0.6634974193716348,0.5063563745575652,0.23319991569880114,0.1535429552516657,0.2613047706667211,0.05986238795631995
A1,A3,B1,B2,B3
3.618993992760701,0.2369215934611106,-5.927203172870212,-1.2710388298806816,-0.664412969085596
ans,J2,J3,Energy,Sigma,L,A1,A2,B1,B2,B3
q0,0.21000000000000002,0.26999999999999996,-0.4591275187101136,6.952730820977549e-12,0.6906117403578395,0.517647456719461,0.22883735782127745,0.18601297889461568,0.1823921230762016,0.24044890224611615
A1,A2,B1,B2,B3
3.852806962562848,0.2655098363312058,-5.454414697821412,-0.8931189121827098,-0.8586464872195466
