ans,J2,J3,Energy,Sigma,L,A1,A2,A3,B1,B2,phiA1
cb1,0.14999999999999997,-0.06,-0.4628872812753807,1.713111552275538e-11,0.6920155981906332,0.5110915340779806,0.03694537315929918,0.21563227356617962,0.1630574501225993,0.11527142476713033,1.9025484109172053
A1,A2,A3,B1,B2,phiA1
3.6721736764466693,0.47151171855736107,-0.14033219031623403,-6.120326467668985,-0.7263079027083246,0.05478950628643181
ans,J2,J3,Energy,Sigma,L,A1,A3,B1,B2,B3
3x3,0.14999999999999997,-0.06,-0.4478604918571776,1.2582632136028471e-11,0.6545848552054928,0.5034297865413686,0.14221994747873296,0.1476194689229783,0.2197851227485367,0.0664286593007933
A1,A3,B1,B2,B3
3.4340863480405446,-0.1447175712555833,-6.601885704952296,-0.9642842080630153,0.11440848268739362
ans,J2,J3,Energy,Sigma,L,A1,A2,B1,B2,B3
q0,0.14999999999999997,-0.06,-0.4833516005325663,1.9957808337877204e-11,0.7666240341670656,0.5243646290516191,0.3103673991145933,0.2115177511598447,0.2076738232476369,0.3403947570516728
A1,A2,B1,B2,B3
4.6465054018781125,0.9773293286840756,-3.9678260678100408,0.3737010700777079,0.7485123632007834
