ans,J2,J3,Energy,Sigma,L,A1,A2,A3,B1,B2,phiA1
cb1,0.0,-0.24,-0.45969206462243056,5.9301662364290776e-12,0.6813629687025045,0.5077887632316442,0.0,0.1738466705588428,0.1561307722308822,0.0,2.024762824762144
A1,A2,A3,B1,B2,phiA1
3.614053500301951,0.0,-0.8307798893022843,-6.167844013463912,0.0,0.02814415366637985
ans,J2,J3,Energy,Sigma,L,A1,A3,B1,B2,B3
3x3,0.0,-0.24,-0.46213342754578307,1.877992007327482e-12,0.6929780946067292,0.5111987155658659,0.18253505040958598,0.16612537033029026,0.0,0.10560010027105193
A1,A3,B1,B2,B3
3.6152192344776113,-0.8000267115654928,-6.269873509429592,0.0,0.3999578446204126
ans,J2,J3,Energy,Sigma,L,A1,A2,B1,B2,B3
q0,0.0,-0.24,-0.4896481718100856,3.86637786300703e-12,0.7808837356211892,0.5230376477416682,0.0,0.20546541088224762,0.0,0.3350637060673593
A1,A2,B1,B2,B3
3.288813666023089,-0.0,-5.4214410736882455,0.0,0.3742561816003916
