ans,J2,J3,Energy,Sigma,L,A1,A2,A3,B1,B2,phiA1
cb1,0.18,0.14999999999999997,-0.47660815414458524,1.8164428485048913e-11,0.7339990375057216,0.5165207698493108,0.05171150019926823,0.3143216358742933,0.17941262286336115,0.15261457943108417,1.9344748369388274
A1,A2,A3,B1,B2,phiA1
3.8318237465454743,0.5713207684709629,0.22948309921503837,-5.527023283633767,-0.8167910792377644,0.10880185640700804
ans,J2,J3,Energy,Sigma,L,A1,A3,B1,B2,B3
3x3,0.18,0.14999999999999997,-0.449545439925562,1.1617983688440793e-11,0.6593218593698923,0.5061121796252845,0.19354710376801337,0.15210642682622377,0.24435617656269434,0.06352701005629356
A1,A3,B1,B2,B3
3.5906277944863088,0.1837419105699962,-6.1027294327292,-1.1117218257370334,-0.3363975764607496
ans,J2,J3,Energy,Sigma,L,A1,A2,B1,B2,B3
q0,0.18,0.14999999999999997,-0.4656757701931411,1.141372264618997e-11,0.7114797025949654,0.5207320192591615,0.2556832723699955,0.1944991307096591,0.1914155977068824,0.27485650549470986
A1,A2,B1,B2,B3
3.7292391399154563,0.26928459462229315,-5.155376126130925,-0.8049672040252019,-0.4665157149983513
