ans,J2,J3,Energy,Sigma,L,A1,A2,A3,B1,B2,phiA1
cb1,0.0,0.14999999999999997,-0.48510130100921756,5.444652171905547e-12,0.7576572188726581,0.5179818655264228,0.0,0.341814602187886,0.1857892238944989,0.0,1.9518908518552458
A1,A2,A3,B1,B2,phiA1
3.8703484854934747,0.0,0.24391599850965912,-5.301870054233987,0.0,0.12212453275597795
ans,J2,J3,Energy,Sigma,L,A1,A3,B1,B2,B3
3x3,0.0,0.14999999999999997,-0.4802636516681218,9.172192191923103e-12,0.7429082504518095,0.5174299768002589,0.3070164885541809,0.18342857941003135,0.0,0.11695092359531736
A1,A3,B1,B2,B3
3.8161696027482575,0.24735768988599013,-5.333067321226758,0.0,-0.3300693052203986
ans,J2,J3,Energy,Sigma,L,A1,A2,B1,B2,B3
q0,0.0,0.14999999999999997,-0.4615048122655284,4.323990656869991e-12,0.689767415744263,0.5110849882032399,0.0,0.16601860050809036,0.0,0.19642759782214245
A1,A2,B1,B2,B3
3.5892400165027327,-0.0,-6.378120253979277,0.0,-0.42882364327251127
