ans,J2,J3,Energy,Sigma,L,A1,A2,A3,B1,B2,phiA1
cb1,0.24000000000000005,-0.12,-0.44331749691534367,1.9590585271101696e-10,0.6479908230114897,0.49538207929052014,1.9587132020174544e-05,9.93537954246081e-05,0.132524100862947,0.16049550953017244,3.1410676804278506
A1,A2,A3,B1,B2,phiA1
3.819389249731861,0.6007416786246731,-0.2872702076217609,-5.388023360947118,-1.0964562590871787,-0.02986499935406637
ans,J2,J3,Energy,Sigma,L,A1,A3,B1,B2,B3
3x3,0.24000000000000005,-0.12,-0.44004871571600906,4.2936517628714585e-13,0.6367068192936902,0.4966683801534629,0.091621494909874,0.13537774699205118,0.18240339317857723,0.051761105270918734
A1,A3,B1,B2,B3
3.2421842988063596,-0.35943470422167545,-6.925404693951962,-2.004563182052304,0.22087887074873314
ans,J2,J3,Energy,Sigma,L,A1,A2,B1,B2,B3
q0,0.24000000000000005,-0.12,-0.5038348201575298,8.184084916129216e-12,0.825209702327045,0.5234543676517932,0.3619324937828013,0.22651034175952134,0.21723638994892874,0.3895763108283588
A1,A2,B1,B2,B3
4.789169061581811,1.6497914145896824,-2.9770630404437726,-1.0319523013583765,0.21349588763499056
