ans,J2,J3,Energy,Sigma,L,A1,A2,A3,B1,B2,phiA1
cb1,-0.06,0.3,-0.5103661121335866,3.4539765352824356e-11,0.8240535292914161,0.5154226855404008,0.049432739185645995,0.41256161085561444,0.19508981336081704,0.19137157585591627,1.9403546370186016
A1,A2,A3,B1,B2,phiA1
3.8212766286618067,-0.2536859611263409,0.47462034302630507,-5.133893310318886,0.23603341504138714,0.1512123759452497
ans,J2,J3,Energy,Sigma,L,A1,A3,B1,B2,B3
3x3,-0.06,0.3,-0.5114439936832895,2.19170756920305e-11,0.8216900185695154,0.5155128076252391,0.37995636035488356,0.19400116420530558,0.37954290132805135,0.1340030954827826
A1,A3,B1,B2,B3
3.7688741010598363,0.4877209747710034,-5.130340596924982,0.22737367546802073,-0.700883795425006
ans,J2,J3,Energy,Sigma,L,A1,A2,B1,B2,B3
q0,-0.06,0.3,-0.4580672631141522,3.859094892670339e-12,0.6760192415896318,0.5039757680158093,0.1295181595489237,0.14991965983543276,0.16851193970084943,0.1455887717958377
A1,A2,B1,B2,B3
3.350375532741848,-0.29293234503863114,-7.2670203186189575,0.24841240175248713,-1.2739254096389465
