ans,J2,J3,Energy,Sigma,L,A1,A2,A3,B1,B2,phiA1
cb1,-0.06,0.12,-0.4848527920226381,2.965247930362864e-11,0.7565258014585687,0.518197967636403,0.044155117217405754,0.3354854380921468,0.18564604698145262,0.169532485141988,1.959874998777425
A1,A2,A3,B1,B2,phiA1
3.8778980020596534,-0.25701663020020965,0.2030597912260799,-5.2893245340554,0.23314683516434542,0.11945999749584757
ans,J2,J3,Energy,Sigma,L,A1,A3,B1,B2,B3
3x3,-0.06,0.12,-0.4921923487619356,4.23734442452669e-12,0.7753123363048163,0.5196646833194885,0.325349314041286,0.19206324532028177,0.35718136581923715,0.13372950630333533
A1,A3,B1,B2,B3
3.9195313654760797,0.20916601786218322,-4.995115432522155,0.2188249581531807,-0.25546231797282815
ans,J2,J3,Energy,Sigma,L,A1,A2,B1,B2,B3
q0,-0.06,0.12,-0.46301390883263605,1.6816621861762973e-11,0.6919846941016425,0.509238648511482,0.16311673629455167,0.16130737725477548,0.17856194791456265,0.1876877168218967
A1,A2,B1,B2,B3
3.5076386241884165,-0.3220756994520529,-6.630196392080967,0.1771915947249025,-0.3220201883008206
