ans,J2,J3,Energy,Sigma,L,A1,A2,A3,B1,B2,phiA1
cb1,0.14999999999999997,-0.09,-0.44813864488540633,4.48530863055695e-11,0.6595969584415194,0.49687816492510806,4.421426081396547e-06,4.1417645045707535e-05,0.13654722717370937,0.16680453162919293,3.141522806136262
A1,A2,A3,B1,B2,phiA1
3.8580805221442662,0.4591327318337333,-0.20572432646304292,-5.272948744149049,-0.6485367798514883,-0.02070565940347077
ans,J2,J3,Energy,Sigma,L,A1,A3,B1,B2,B3
3x3,0.14999999999999997,-0.09,-0.4474152865910349,1.4503819436327567e-11,0.6535361167117605,0.5028133877019848,0.13524242024628996,0.14661233486240588,0.21590860285392396,0.06616684763916829
A1,A3,B1,B2,B3
3.4034441933217705,-0.23786528301886223,-6.68615163215236,-0.9776623955100928,0.16736612096190767
ans,J2,J3,Energy,Sigma,L,A1,A2,B1,B2,B3
q0,0.14999999999999997,-0.09,-0.4869273862506054,9.755725496460505e-12,0.7773004228138778,0.5245468422065127,0.3188632812283078,0.21409832443714927,0.20991093504402,0.3499314932379788
A1,A2,B1,B2,B3
3.4221514505278354,0.41577852272128946,-5.195621710486209,-0.6090683513250477,0.16731060982925153
