ans,J2,J3,Energy,Sigma,L,A1,A2,A3,B1,B2,phiA1
cb1,0.12,-0.18,-0.45892465191902876,1.4668633100745337e-11,0.6799053042009816,0.5077190450510477,0.0306265691242728,0.17688046673790242,0.1562090171912203,0.10050524478411256,1.8917415196366323
A1,A2,A3,B1,B2,phiA1
3.5734748495522113,0.392130772296821,-0.573874281411667,-6.342149028334552,-0.5752065490571432,0.032696068087850444
ans,J2,J3,Energy,Sigma,L,A1,A3,B1,B2,B3
3x3,0.12,-0.18,-0.4490680066627245,3.314692438609259e-12,0.6578177851420622,0.503207738887298,0.13133236623707598,0.14802420586563222,0.21775640553539954,0.07220995415882478
A1,A3,B1,B2,B3
3.3588132269836444,-0.6040723477141058,-6.897815652173754,-0.7431832926619658,0.30642155479593014
ans,J2,J3,Energy,Sigma,L,A1,A2,B1,B2,B3
q0,0.12,-0.18,-0.4948026042840158,1.7639390929940924e-11,0.799620844568801,0.5245046638849964,0.3291482514348288,0.217121737086126,0.21396896115565178,0.36406784017697247
A1,A2,B1,B2,B3
5.663913781473139,1.5460965840899006,-2.832289958194184,1.137978600206924,1.7921220065453087
