ans,J2,J3,Energy,Sigma,L,A1,A2,A3,B1,B2,phiA1
cb1,-0.02999999999999997,0.26999999999999996,-0.45892584413729814,4.373591243704056e-11,0.6864154644757107,0.4993520137072449,8.243015647605379e-06,1.2345456512813401e-05,0.14440630103417462,0.17915167333210769,3.1415352356476327
A1,A2,A3,B1,B2,phiA1
3.92114118994985,-0.1255662240851044,0.3186340080674193,-5.026701277294516,0.11868284132889785,-0.0010547118730990894
ans,J2,J3,Energy,Sigma,L,A1,A3,B1,B2,B3
3x3,-0.02999999999999997,0.26999999999999996,-0.49945660134518177,3.2076634887743647e-12,0.7920605595372346,0.5161028815546893,0.3616097902018785,0.19015789187881874,0.36689387781698213,0.12665527513381183
A1,A3,B1,B2,B3
3.8083980407298315,0.41633363423360087,-5.216271859033182,0.11546319457360434,-0.6357137039167378
ans,J2,J3,Energy,Sigma,L,A1,A2,B1,B2,B3
q0,-0.02999999999999997,0.26999999999999996,-0.45812692252145815,6.407495792023741e-12,0.6774078561420684,0.505848555208478,0.14092224138444898,0.15413831415995038,0.17039015260349874,0.15719794448315777
A1,A2,B1,B2,B3
3.4262037653278035,-0.14149792448426582,-7.008282842737764,0.1181832409743918,-1.0368372826665817
