ans,J2,J3,Energy,Sigma,L,A1,A2,A3,B1,B2,phiA1
cb1,-0.3,0.02999999999999997,-0.47792674417272973,1.5983903247207474e-10,0.7342537458110444,0.5014095067041981,6.141351472505332e-06,7.102501036224384e-05,0.15451749060180708,0.19516382047060693,3.141318856786156
A1,A2,A3,B1,B2,phiA1
3.970268557692899,-1.7645884753392245,0.05773159728050846,-4.705569267431246,1.1025624857224352,0.02609024107139786
ans,J2,J3,Energy,Sigma,L,A1,A3,B1,B2,B3
3x3,-0.3,0.02999999999999997,-0.5563064181850924,1.4586773898242048e-11,0.9393419553367157,0.5212459804880947,0.37679819412626414,0.21693715874383282,0.41583557389817966,0.18048946689627635
A1,A3,B1,B2,B3
3.480216114705945,0.058730798009073826,-4.460098956941513,1.278199768248386,-0.06039613254116409
ans,J2,J3,Energy,Sigma,L,A1,A2,B1,B2,B3
q0,-0.3,0.02999999999999997,-0.47127829977595864,2.564493127489907e-11,0.7079575470801768,0.5022653537427691,0.12617014132935414,0.14567517779005743,0.18042893742960794,0.16364157536222548
A1,A2,B1,B2,B3
3.1708524696503533,-3.5170200086493844,-7.807310353970106,1.1098344465951218,-0.05639932965241062
