ans,J2,J3,Energy,Sigma,L,A1,A2,A3,B1,B2,phiA1
cb1,-0.24,-0.18,-0.4707823585613324,3.0078401745417546e-09,0.709154906729028,0.5094007485138743,0.03231153178967563,0.19388976161881988,0.1625914201176464,0.15776867702364208,2.2424701174986867
A1,A2,A3,B1,B2,phiA1
3.7755354392064655,-1.4281908988749465,-0.5223599330705936,-5.675904191239835,0.8298917109286785,-0.005329070516710979
ans,J2,J3,Energy,Sigma,L,A1,A3,B1,B2,B3
3x3,-0.24,-0.18,-0.5178766708541415,3.586848760657215e-12,0.8449307006954215,0.5228954453880619,0.3180021152775547,0.20800841562147115,0.38347150664258073,0.169801116597713
A1,A3,B1,B2,B3
3.061217945283026,-0.4131139874621944,-4.684364007661536,-0.08637535131566443,0.34561242757471267
ans,J2,J3,Energy,Sigma,L,A1,A2,B1,B2,B3
q0,-0.24,-0.18,-0.47769269828385474,4.95877298187944e-12,0.7309471183625308,0.5101581536107577,0.1799660300918769,0.16479905656124547,0.19293093529905783,0.2256758851577027
A1,A2,B1,B2,B3
3.4223734958926424,-2.086442130115973,-6.463829471836602,0.8315570454656593,0.13089529459941102
