ans,J2,J3,Energy,Sigma,L,A1,A2,A3,B1,B2,phiA1
cb1,0.24000000000000005,-0.09,-0.45989478628386876,6.516057218305339e-10,0.6831800910519575,0.5081842104384842,0.033280013883198796,0.187791935755045,0.1576005835015897,0.0945855226507055,1.8337030899246956
A1,A2,A3,B1,B2,phiA1
3.5836333894323484,0.6333267243961536,-0.2338684801303304,-6.360689752846269,-1.3869461135102006,0.030087043965611265
ans,J2,J3,Energy,Sigma,L,A1,A3,B1,B2,B3
3x3,0.24000000000000005,-0.09,-0.44023249677772125,2.9774617694648714e-11,0.637005984216807,0.49708783339564516,0.09599846766753778,0.13599151125448405,0.1847413161092702,0.051624047176055274
A1,A3,B1,B2,B3
3.267219828011607,-0.24563684419782458,-6.8587358013252055,-1.9811374762334104,0.16930901125499806
ans,J2,J3,Energy,Sigma,L,A1,A2,B1,B2,B3
q0,0.24000000000000005,-0.09,-0.4993567853595503,5.720083671868659e-12,0.8131183024340614,0.5238271415264005,0.35599766772813674,0.2248904739026986,0.21562937483385342,0.3830368259071452
A1,A2,B1,B2,B3
3.9976910672841837,0.27500224319910127,-4.379718809956581,-1.1637357743774612,-0.5718758799832743
