ans,J2,J3,Energy,Sigma,L,A1,A2,A3,B1,B2,phiA1
cb1,0.14999999999999997,-0.21,-0.44813865419782994,7.186888017394681e-10,0.6595922681038244,0.49687779734099896,5.0418899874065065e-05,0.00032115942867180693,0.13654589426120972,0.16684053040738459,3.1396994161562213
A1,A2,A3,B1,B2,phiA1
3.8577474548085466,0.45885517607758186,-0.5616063170066078,-5.273281811056427,-0.6488698467588865,-0.020872192857118287
ans,J2,J3,Energy,Sigma,L,A1,A3,B1,B2,B3
3x3,0.14999999999999997,-0.21,-0.44610367022466757,9.437732698093056e-12,0.6507161447037489,0.5006900626027874,0.1130543435255212,0.1432922688849503,0.20368698057224396,0.0660855187145233
A1,A3,B1,B2,B3
3.2847058408317564,-0.7755462938503519,-7.018552406104849,-1.0269562978047195,0.3511635426882345
ans,J2,J3,Energy,Sigma,L,A1,A2,B1,B2,B3
q0,0.14999999999999997,-0.21,-0.503065356754381,4.602534268570982e-12,0.8231432625799453,0.5241623721258333,0.3475194225002541,0.22255988670983323,0.21739054315193074,0.38163067166924075
A1,A2,B1,B2,B3
3.327227381938382,0.21083135237589556,-4.787392704343684,-0.5648814749124711,0.43831605012113534
