ans,J2,J3,Energy,Sigma,L,A1,A2,A3,B1,B2,phiA1
cb1,-0.24,0.14999999999999997,-0.49935984228345986,2.1001343815840798e-12,0.7954131380824077,0.5183877680807347,0.04168129678994846,0.370320423937933,0.19283850441565892,0.18565502824196328,1.961644733249888
A1,A2,A3,B1,B2,phiA1
3.8840042286940624,-1.21158638677101,0.2570166302002097,-5.099365374254072,0.8865130851368086,0.13433698597191804
ans,J2,J3,Energy,Sigma,L,A1,A3,B1,B2,B3
3x3,-0.24,0.14999999999999997,-0.5495535441423424,1.633669791829585e-11,0.9202021021903248,0.5198412712999512,0.387460467981765,0.21258485244911285,0.4116503741162266,0.17105515883276462
A1,A3,B1,B2,B3
3.09752223818215,0.27844393457543226,-4.489963956055456,0.4869438186536813,-0.3108624468857939
ans,J2,J3,Energy,Sigma,L,A1,A2,B1,B2,B3
q0,-0.24,0.14999999999999997,-0.4663665653548246,6.833415726159412e-12,0.6950127289124001,0.5016679925932238,0.11904787732269101,0.14410823345528792,0.17489491567004198,0.1487687620875866
A1,A2,B1,B2,B3
3.2349678493258875,-2.470301740937263,-7.76895214846832,0.873745520402502,-0.4719558077541106
