ans,J2,J3,Energy,Sigma,L,A1,A2,A3,B1,B2,phiA1
cb1,0.09000000000000002,0.18,-0.48398776240411046,8.442905187121815e-12,0.7549293483350923,0.5174942096325014,0.0503877310894133,0.3438336339601142,0.18489364515317766,0.1663282439732315,1.9450845934499699
A1,A2,A3,B1,B2,phiA1
3.857247854661587,0.3245181900972839,0.2792210906926683,-5.349498621991633,-0.3775868506847406,0.12323475578103224
ans,J2,J3,Energy,Sigma,L,A1,A3,B1,B2,B3
3x3,0.09000000000000002,0.18,-0.4642388638755317,4.020880224843554e-12,0.6989658043797993,0.5127080344853313,0.26722436942124184,0.16872587220361257,0.2981204776278056,0.0888023910200867
A1,A3,B1,B2,B3
3.707201212875467,0.2513544928025385,-5.867251129213211,-0.4355960037591698,-0.4224953720202581
ans,J2,J3,Energy,Sigma,L,A1,A2,B1,B2,B3
q0,0.09000000000000002,0.18,-0.4607315867972092,4.2732317901910215e-12,0.6912715300560098,0.5147001850010007,0.2011253911000545,0.17580534247268617,0.1812066995738075,0.21930882895508422
A1,A2,B1,B2,B3
3.6340375147418364,0.2147171329561161,-5.915157253052719,-0.39129810503921447,-0.5402900349477479
