ans,J2,J3,Energy,Sigma,L,A1,A2,A3,B1,B2,phiA1
cb1,0.02999999999999997,-0.21,-0.4549984692714796,1.2554891502408256e-10,0.6742702470616913,0.498645649600911,0.010680665440233748,0.04887849567863983,0.14156110768649197,0.16943882393770432,2.8756687372352583
A1,A2,A3,B1,B2,phiA1
3.89521748188957,0.11352030426789174,-0.5719869022857365,-5.1423310055912435,-0.12173595464652584,-0.038136160885213155
ans,J2,J3,Energy,Sigma,L,A1,A3,B1,B2,B3
3x3,0.02999999999999997,-0.21,-0.45865522649075213,8.620854892459104e-12,0.6832984159602558,0.5095149821218421,0.17231652192178945,0.16178937305399863,0.2561450475461329,0.09682606745475891
A1,A3,B1,B2,B3
3.5522695889919738,-0.687838674924231,-6.4782623711571015,-0.13400391908686593,0.35071945347838546
ans,J2,J3,Energy,Sigma,L,A1,A2,B1,B2,B3
q0,0.02999999999999997,-0.21,-0.48885167079565794,1.619450189443285e-11,0.7796359300628284,0.5234801280649544,0.2982753759224619,0.2072053993757075,0.21013188493574828,0.3378384421832049
A1,A2,B1,B2,B3
4.352185278099587,0.09270362256630736,-4.932498853931683,-0.12734258092778508,-0.018984813723160212
