ans,J2,J3,Energy,Sigma,L,A1,A2,A3,B1,B2,phiA1
cb1,-0.02999999999999997,0.09000000000000002,-0.45892584452899365,2.7339393911321342e-11,0.6864158614367313,0.49935193933396255,2.2369927543952617e-05,5.810142940609886e-05,0.14440621548605356,0.1791675570050498,3.1413457300551513
A1,A2,A3,B1,B2,phiA1
3.920697100304667,-0.1258992909924931,0.1551536676913665,-5.026978833329718,0.11829426327685728,-0.0012212453267462918
ans,J2,J3,Energy,Sigma,L,A1,A3,B1,B2,B3
3x3,-0.02999999999999997,0.09000000000000002,-0.4824528092602739,2.5914373724380817e-12,0.7492100988804935,0.5187836738919546,0.30104011773971645,0.18640914535122316,0.3395437928653926,0.12458026499298656
A1,A3,B1,B2,B3
3.8451464236925244,0.16076029396540112,-5.20794518605918,0.11468603845628199,-0.18929302569821058
ans,J2,J3,Energy,Sigma,L,A1,A2,B1,B2,B3
q0,-0.02999999999999997,0.09000000000000002,-0.46398792292242835,4.4311165503145656e-12,0.6966192704865306,0.5117586549028355,0.18000799765559408,0.16739606348877495,0.1817938034107089,0.20553081183096208
A1,A2,B1,B2,B3
3.729017094482511,-0.135558231310223,-6.309730515664401,0.11918244168996438,-0.2228772721992404
