ans,J2,J3,Energy,Sigma,L,A1,A2,A3,B1,B2,phiA1
cb1,0.24000000000000005,0.02999999999999997,-0.44331749397206066,1.0022166974228859e-11,0.6479907716403314,0.4953817437171214,4.49475703983835e-06,3.590208389072673e-05,0.13252415730431802,0.16049310433908479,3.141523769563468
A1,A2,A3,B1,B2,phiA1
3.819056182824438,0.600297589414822,0.056787907709577125,-5.387967849795886,-1.0967893260554404,-0.030142555110146168
ans,J2,J3,Energy,Sigma,L,A1,A3,B1,B2,B3
3x3,0.24000000000000005,0.02999999999999997,-0.4412847581857272,6.917990868907301e-12,0.6390325465486983,0.499134442191059,0.1189132754952236,0.139073046168073,0.19710016708628997,0.05154384175533714
A1,A3,B1,B2,B3
3.3770763962980466,0.05356826093805665,-6.572187239042808,-1.873667887452893,-0.061062266354261555
ans,J2,J3,Energy,Sigma,L,A1,A2,B1,B2,B3
q0,0.24000000000000005,0.02999999999999997,-0.48311911643520966,1.045580174615046e-11,0.7672490995097485,0.5244529876890845,0.3269363561296334,0.21666288111023216,0.20774603899282723,0.35068789151676816
A1,A2,B1,B2,B3
4.959366251265955,1.105671110221982,-4.029665490283254,-0.4194422586909033,0.7496225863086311
