ans,J2,J3,Energy,Sigma,L,A1,A2,A3,B1,B2,phiA1
cb1,0.14999999999999997,-0.12,-0.4603960686526186,7.403739395525963e-11,0.6844248559354112,0.509043739066035,0.03316363087482151,0.19225943564102127,0.15885020623955998,0.10463136877685862,1.8851269108903388
A1,A2,A3,B1,B2,phiA1
3.609113007843202,0.46668224840025113,-0.33067992787476364,-6.276701380682786,-0.7447376049170653,0.03996802888420717
ans,J2,J3,Energy,Sigma,L,A1,A3,B1,B2,B3
3x3,0.14999999999999997,-0.12,-0.4470232264331534,6.848888542562029e-12,0.6526445181704603,0.5022315578997951,0.1289315862126043,0.1456803770431078,0.21238908157540398,0.06603170996285548
A1,A3,B1,B2,B3
3.3729130593940075,-0.34655611712643064,-6.770417560094735,-0.9905964936923201,0.2172706459187086
ans,J2,J3,Energy,Sigma,L,A1,A2,B1,B2,B3
q0,0.14999999999999997,-0.12,-0.49069604116198273,1.564663906811465e-12,0.7883262668589269,0.524604876298824,0.32680484277495164,0.21648473380460778,0.21199656477779769,0.3587965129039402
A1,A2,B1,B2,B3
3.91398025035389,0.6667999485885352,-4.295896971595224,-0.6147304887507818,0.21538326680076192
