ans,J2,J3,Energy,Sigma,L,A1,A2,A3,B1,B2,phiA1
cb1,0.18,0.18,-0.47972526639754065,2.893887050256222e-12,0.7430865733102872,0.516806386434527,0.053695247903442024,0.33024200319895114,0.18178733628308677,0.1583580422216706,1.9388890635926577
A1,A2,A3,B1,B2,phiA1
3.8378189517296066,0.5767608612916151,0.26911806119847775,-5.458855589920026,-0.8057998712489614,0.11624035072318982
ans,J2,J3,Energy,Sigma,L,A1,A3,B1,B2,B3
3x3,0.18,0.18,-0.45062650085805905,2.9425840616346024e-11,0.662347762510149,0.5067724742092858,0.20711577693623867,0.1536048891067273,0.25166770798692306,0.06423451452607566
A1,A3,B1,B2,B3
3.612332654614072,0.2045030811298691,-6.033729072085739,-1.0873524304364237,-0.41366909897450593
ans,J2,J3,Energy,Sigma,L,A1,A2,B1,B2,B3
q0,0.18,0.18,-0.4635117427368658,1.7401099238670187e-11,0.7042710943390748,0.5196429610626865,0.2448771301265259,0.1910119790859783,0.1884472605008256,0.26225093254342874
A1,A2,B1,B2,B3
4.0288328222320064,0.49760195962218867,-5.04829511540307,-0.7994160888575567,-0.5253020241003422
