ans,J2,J3,Converge,Energy,Sigma,gap,L,A1,A3,B1,B2,B3,phiB1,phiB2,phiA3
3x3_1,-0.07500000000000001,0.0,True,-0.4900698142056179,1.123946457104915e-09,0.005940875382836757,0.7650925024531158,0.5221241987619564,0.0,0.19138299018558477,0.3474023160439236,0.0,3.1416379193959765,-0.0005687181219374909,-0.0
ans,J2,J3,Converge,Energy,Sigma,gap,L,A1,A2,B1,B2,B3,phiB1,phiA2,phiB2
q0_1,-0.07500000000000001,0.0,True,-0.466375545221485,2.552935909372518e-09,0.0011400586586676348,0.7106468966180866,0.5118672319756783,0.16493899178124524,0.17163793032332325,0.18898787024002198,0.0,3.1416413328822372,3.2126922380308605,3.1378242623617476
ans,J2,J3,Converge,Energy,Sigma,gap,L,A1,A2,A3,B1,B2,phiA1,phiB1,phiA2,phiB2
cb1,-0.07500000000000001,0.0,True,-0.4828531803941276,2.2247342064058055e-09,0.0054508520624914234,0.7461559877131384,0.5178123830085672,0.10842844659868828,0.0,0.18058046798805427,0.3007427143260863,1.9597936077225704,3.1417205608259215,4.150156659739447,5.272222941725301
