ans,J2,J3,Converge,Energy,Sigma,gap,L,A1,A3,B1,B2,B3,phiB1,phiB2,phiA3
3x3_1,-0.3,0.0,True,-0.5577708139503937,1.160765756018642e-09,0.003421552586307906,0.9393771677108335,0.5235172377946011,0.0,0.21800094660394215,0.41768867375542257,0.0,3.141655410355996,-4.6246175441547185e-05,-0.0
ans,J2,J3,Converge,Energy,Sigma,gap,L,A1,A2,B1,B2,B3,phiB1,phiA2,phiB2
q0_1,-0.3,0.0,True,-0.4733207718638822,2.2121631088527397e-09,0.000904892328792975,0.721725594254428,0.5043106670017744,0.12016795516483413,0.1545278335294144,0.1874963578405252,0.0,3.1418707588424786,3.2237386485671173,3.141325337657238
ans,J2,J3,Converge,Energy,Sigma,gap,L,A1,A2,A3,B1,B2,phiA1,phiB1,phiA2,phiB2
cb1,-0.3,0.0,True,-0.5247921719917278,1.175488514518142e-09,0.001594450355615912,0.8499107501300899,0.5161581595985862,0.10897844224655255,0.0,0.18927719960354195,0.34333755780492925,1.9582591537262897,3.1401312232931633,4.125025180315766,5.290976631820207
