ans,J2,J3,Converge,Energy,Sigma,gap,L,A1,A3,B1,B2,B3,phiB1,phiB2,phiA3
3x3_1,-0.15,-0.07500000000000001,True,-0.30968204125640864,2.2540544042364827e-09,0.0026773878310578708,0.6317539664924591,0.40733426979609205,0.1955943981533091,0.1354200667993458,0.23636158713171698,-0.09175393822161075,3.141350353036603,-7.890030577308404e-05,3.1469441353245458
ans,J2,J3,Converge,Energy,Sigma,gap,L,A1,A2,B1,B2,B3,phiB1,phiA2,phiB2
q0_1,-0.15,-0.07500000000000001,True,-0.2980591227419534,1.5704427763881917e-09,0.002338538936344095,0.5848992314162955,0.40143357021592835,0.09949651948248878,0.11755411634436663,0.1298269873957114,-0.13242964765070814,3.1416020112541374,3.204334384757718,3.1406621953700897
ans,J2,J3,Converge,Energy,Sigma,gap,L,A1,A2,A3,B1,B2,phiA1,phiB1,phiA2,phiB2
cb1,-0.15,-0.07500000000000001,True,-0.3051793060649766,3.162979392100826e-09,0.027471675865143465,0.6065366550817624,0.4042022465800211,0.05500905716221678,-0.18138880873411364,0.12196881497317377,0.19613630140143326,1.9956712912401213,3.1420652984928763,4.189830693260585,5.267219741756344
