ans,J2,J3,Converge,Energy,Sigma,gap,L,A1,A3,B1,B2,B3,phiB1,phiB2,phiA3
3x3_1,0.0,-0.07500000000000001,True,-0.29620499586618365,1.1043436871701159e-09,0.01966527056142497,0.5741770120571074,0.4031322342009242,0.1381892668085143,0.11760313450308922,0.0,-0.059458053690488344,3.141814448462868,0.0,3.1470886764179578
ans,J2,J3,Converge,Energy,Sigma,gap,L,A1,A2,B1,B2,B3,phiB1,phiA2,phiB2
q0_1,0.0,-0.07500000000000001,True,-0.2967177258477419,1.4390652492789244e-10,0.004523971414545545,0.5851796951500923,0.4044428862512696,0.0,0.12691911700720948,0.0,-0.15424459172327212,3.1417543725680424,-0.0,0.0
ans,J2,J3,Converge,Energy,Sigma,gap,L,A1,A2,A3,B1,B2,phiA1,phiB1,phiA2,phiB2
cb1,0.0,-0.07500000000000001,True,-0.2959457320793411,9.778213757916524e-10,0.0530810546044591,0.572040152273826,0.4024354269011071,0.0,-0.14195922434360078,0.11501803402425907,0.0,1.9979130061844055,3.141769885674433,0.0,0.0
