ans,J2,J3,Energy,Sigma,gap,L,A1,A3,B1,B2,B3
3x3,-0.15,-0.3,-0.4885635894054775,4.3132914059308456e-10,0.0001989417809048126,0.764918439711633,0.5197564755825187,0.25154458701593296,0.19106734657210112,0.3344808301086568,0.14942709830384895
A1,A3,B1,B2,B3
2.948974398009341,-4.9751314179502515,-10.374368031307313,9.555800595251185,14.104606371745376
ans,J2,J3,Energy,Sigma,gap,L,A1,A2,B1,B2,B3
q0,-0.15,-0.3,-0.48556997107381406,2.9862616642006456e-09,0.0021542826254601593,0.7635524237453838,0.517652962972092,0.2438337394936854,0.18807738339068686,0.2051324553877637,0.29201928417541545
A1,A2,B1,B2,B3
32.17393018672965,-26.298518918110858,-21.28819343027999,22.559398793475793,17.244539129990244
ans,J2,J3,Energy,Sigma,gap,L,A1,A2,A3,B1,B2,phiA1
cb1,-0.15,-0.3,-0.4634922122486873,3.83088099642215e-06,0.11109146267949242,0.6902578323223141,0.5044093219223182,0.028728592934712516,0.13805055945026787,0.15229779981518357,0.15291333483009045,2.3723332701566426
A1,A2,A3,B1,B2,phiA1
3.7231329130804625,-63.93124918346871,-304.2379126405592,-28.87551309171954,130.9326536080846,130.9326536080846
