ans,J2,J3,Energy,Sigma,gap,L,A1,A3,B1,B2,B3
3x3,-0.15,-0.22499999999999998,-0.49196149897620856,5.5522229877570915e-09,0.00014902321519347526,0.7744940348757428,0.52100056714164,0.2697058784586859,0.19408417233321043,0.34462240829394086,0.1512067907234075
A1,A3,B1,B2,B3
17.809531627221986,-6.357581128213496,-60.95279836415557,23.341439892021754,30.570546094565998
ans,J2,J3,Energy,Sigma,gap,L,A1,A2,B1,B2,B3
q0,-0.15,-0.22499999999999998,-0.479706956433943,1.85414776041843e-10,0.0024090192197976697,0.7447838541335907,0.5156384066643543,0.22207752236204634,0.18063117937901035,0.19972182773499078,0.2668391116697098
A1,A2,B1,B2,B3
7.852385408568807,-1.2783107905534052,-8.129497075515246,1.9272361484468092,7.233103005432895
ans,J2,J3,Energy,Sigma,gap,L,A1,A2,A3,B1,B2,phiA1
cb1,-0.15,-0.22499999999999998,-0.46525425370382867,9.206092449836258e-09,0.07838219091705423,0.6950620741871801,0.5081625313844853,0.032671273108359294,0.17784742937314246,0.1584861022178585,0.14664154155703013,2.212656498878954
A1,A2,A3,B1,B2,phiA1
28.977542587682592,-10.644096715139995,-40.845382631715665,-11.756540185814401,79.82586813781722,0.0008623626679415963
