ans,J2,J3,Energy,Sigma,gap,L,A1,A3,B1,B2,B3
3x3,0.3,-0.07500000000000001,-0.4373372375510358,2.525729812258198e-09,0.08580482705262688,0.6299561046142893,0.4944451872438448,0.07644057918067648,0.1306861535427448,0.1692417161766262,0.046021935726063536
A1,A3,B1,B2,B3
26.90320188847295,-18.154644454426716,-31.15363522709913,-5.929479129918036,21.60205347934152
ans,J2,J3,Energy,Sigma,gap,L,A1,A2,B1,B2,B3
q0,0.3,-0.07500000000000001,-0.5058373434603584,3.6154006352897905e-09,0.0022383984814948236,0.832337179992129,0.5217182925863937,0.3729152580388508,0.22941206311944015,0.21777880232126612,0.3955407843811794
A1,A2,B1,B2,B3
13.450573987938697,8.210099267103033,-52.70794911638177,-19.86100173212435,13.945955501526441
ans,J2,J3,Energy,Sigma,gap,L,A1,A2,A3,B1,B2,phiA1
cb1,0.3,-0.07500000000000001,-0.4597332426643328,4.647712228131729e-10,0.02288779637746512,0.6828153018719612,0.5078137448059391,0.03378038756574171,0.18506963845678617,0.15720400990492508,0.08854397622201365,1.8017475697996812
A1,A2,A3,B1,B2,phiA1
1.9912960169676808,0.18934853684982045,-7.865985640620465,-7.222944464757575,-7.893741216236094,0.0016864587243370366
