ans,J2,J3,Energy,Sigma,gap,L,A1,A2,A3,B1,B2,phiA1
cb1,-0.3,-0.15,-0.47497939508759557,1.8178556772386e-08,0.0426837121955336,0.7207003236312999,0.5120533959153317,0.033409649470090765,0.22312491027212206,0.16881726365843683,0.16188703979352517,2.1778953463850392
A1,A2,A3,B1,B2,phiA1
3.7558289811556733,-1.9270696149931155,-0.4218847493575595,-5.83433301670766,0.9915956944439586,3.774758283725532e-07
ans,J2,J3,Energy,Sigma,gap,L,A1,A3,B1,B2,B3
3x3,-0.3,-0.15,-0.5390733861994936,1.0835463761191e-11,-0.009727282255263456,0.8989513959941374,0.522831878157837,0.3436856091765861,0.21503631776964952,0.4034576258988461,0.18070142833899708
A1,A3,B1,B2,B3
3.8991032624835498,-1.0641487691032125,-5.784595025204453,0.6231681837221004,0.5258016244624741
ans,J2,J3,Energy,Sigma,gap,L,A1,A2,B1,B2,B3
q0,-0.3,-0.15,-0.4773495129377973,4.391660877116055e-12,0.003530785647328037,0.7268960431485777,0.5065380788930911,0.15724281644111232,0.15620636186785566,0.18983077051799072,0.20334276840909063
A1,A2,B1,B2,B3
3.2014391138091014,-2.985389713217046,-7.36571914572437,0.7559508574672691,0.31452618287630685
