ans,J2,J3,Energy,Sigma,gap,L,A1,A2,A3,B1,B2,phiA1
cb1,0.22500000000000003,0.22500000000000003,-0.4843910624549371,4.1149284036436005e-12,0.0030444535869790204,0.7570821441566664,0.5176364908081486,0.06136561966959117,0.35862936747898627,0.18649016098718646,0.16720095853177092,1.9446452764848279
A1,A2,A3,B1,B2,phiA1
3.821387650759789,0.6961098364399732,0.3219646771412954,-5.441203043687892,-1.0202949596305189,0.13174600299592498
ans,J2,J3,Energy,Sigma,gap,L,A1,A3,B1,B2,B3
3x3,0.22500000000000003,0.22500000000000003,-0.4468544564632065,2.537618951879044e-12,0.08645276311727326,0.6529969265089628,0.5046791928713804,0.19826925088807845,0.14912701081954802,0.24131412850988623,0.05619651501911904
A1,A3,B1,B2,B3
3.585853836085562,0.19484414082171497,-6.035338895316045,-1.4743761767022079,-0.5296318938974309
ans,J2,J3,Energy,Sigma,gap,L,A1,A2,B1,B2,B3
q0,0.22500000000000003,0.22500000000000003,-0.4627932156482692,1.177605023478067e-12,0.0042787069229367775,0.7032053464945394,0.5202108281970467,0.2531553697764246,0.19396082464770348,0.1882994990165933,0.2673987765942813
A1,A2,B1,B2,B3
3.866851283618189,0.6107891969975299,-5.270617275954237,-0.9490741526008151,-0.628053165030451
