ans,J2,J3,Energy,Sigma,gap,L,A1,A2,A3,B1,B2,phiA1
cb1,0.0,0.22500000000000003,-0.4969076253299254,2.199431701640169e-11,0.0009685226636053139,0.7907927676883131,0.5185213424558563,0.0,0.3892462048179769,0.19353253682440977,0.0,1.9394656252265996
A1,A2,A3,B1,B2,phiA1
3.8530290069616058,0.0,0.354605234065275,-5.2309268028238876,0.0,0.14513024115814233
ans,J2,J3,Energy,Sigma,gap,L,A1,A3,B1,B2,B3
3x3,0.0,0.22500000000000003,-0.487027781689122,9.89917868110954e-12,-1.0282344388219677e-05,0.7604522850587154,0.5165623247219343,0.3353306748434015,0.18544105627928037,0.0,0.11867184857038944
A1,A3,B1,B2,B3
3.9278580388213413,0.2636779683484747,-5.2332582711756,0.0,-0.5434541705540141
ans,J2,J3,Energy,Sigma,gap,L,A1,A2,B1,B2,B3
q0,0.0,0.22500000000000003,-0.4589655031107636,1.5897383991887631e-12,0.0060613781516748845,0.6812754352320242,0.5084910827329248,0.0,0.1601197052762066,0.0,0.17492492243606958
A1,A2,B1,B2,B3
3.504974088741619,-0.0,-6.688205544946868,0.0,-0.7827627435119666
