ans,J2,J3,Energy,Sigma,gap,L,A1,A3,B1,B2,B3
3x3,-0.22499999999999998,0.1875,-0.5493869137600693,2.2598230632196614e-12,-0.006871767915287849,0.9187908082737138,0.519125426332623,0.3928743032968404,0.21149523058274428,0.41173678752714804,0.16912847833682174
A1,A3,B1,B2,B3
6.245670647331281,0.11957101975212936,-4.545031018210466,0.9281464485866309,-1.1969314428483813
ans,J2,J3,Energy,Sigma,gap,L,A1,A2,B1,B2,B3
q0,-0.22499999999999998,0.1875,-0.46511187040710744,5.671899329791077e-12,0.006167234963429859,0.6915885070174738,0.5013665018929016,0.11645999900372939,0.14343883654972966,0.17328774196816626,0.14395715636061032
A1,A2,B1,B2,B3
3.1941671529978066,-2.2440382885235977,-7.845391003513669,0.8201772594418344,-0.6294964549624638
ans,J2,J3,Energy,Sigma,gap,L,A1,A2,A3,B1,B2,phiA1
cb1,-0.22499999999999998,0.1875,-0.5060207811457796,4.795274148461593e-12,0.00019102224174491491,0.8141959696580584,0.5190075947987222,0.044078983443818075,0.3975890226138244,0.1976563481983581,0.19237610992213314,1.9382367754571814
A1,A2,A3,B1,B2,phiA1
3.8542502522886934,-1.098676705169055,0.3168576512280197,-5.070499575765552,0.8422151864806438,0.14813240634126146
