ans,J2,J3,Energy,Sigma,gap,L,A1,A3,B1,B2,B3
3x3,-0.3,0.1875,-0.575671517829457,5.8555724921666784e-12,-0.0074995010964664394,0.98161855866638,0.5180886808866835,0.4054530292637433,0.21707138701881834,0.4248882771456855,0.17978140738805093
A1,A3,B1,B2,B3
5.789146939605416,2.952860178595529,-3.234301715338006,2.0183854587685346,-0.7331912854624534
ans,J2,J3,Energy,Sigma,gap,L,A1,A2,B1,B2,B3
q0,-0.3,0.1875,-0.46777635357873204,7.575993638218162e-12,0.0060933429640838335,0.6970589188727493,0.4992860635298415,0.10620070632093624,0.13901987301971613,0.17394896457304496,0.13724880617591662
A1,A2,B1,B2,B3
3.0537239403827243,-3.7920222517584534,-8.237521775811274,1.0674239270258568,-0.6621925230376746
ans,J2,J3,Energy,Sigma,gap,L,A1,A2,A3,B1,B2,phiA1
cb1,-0.3,0.1875,-0.5114026682117662,1.5882162299800344e-11,-0.0005022321480402782,0.8278622504056015,0.5187927728465588,0.04248574810739919,0.404652152633455,0.19949033027914995,0.1961530799518628,1.9359924317884871
A1,A2,A3,B1,B2,phiA1
3.845368468091692,-1.549094186259481,0.31796787425264483,-4.894862293269853,1.1063372440389685,0.15066133896013412
