ans,J2,J3,Energy,Sigma,gap,L,A1,A3,B1,B2,B3
3x3,0.22500000000000003,0.1875,-0.4456303145502211,1.3498664192281537e-12,0.08794390170968794,0.6496097707317837,0.5038149251998839,0.18018067262048526,0.14726764695963315,0.23172457297639185,0.055495337794691485
A1,A3,B1,B2,B3
3.5562663924793014,0.18096635301390052,-6.124156737286057,-1.5231149674832523,-0.4287126209590042
ans,J2,J3,Energy,Sigma,gap,L,A1,A2,B1,B2,B3
q0,0.22500000000000003,0.1875,-0.4656386214643386,8.787724796782041e-12,0.003928570833430302,0.7125905669454368,0.5214967754423632,0.2669227058968811,0.1983354624284169,0.19210007087646133,0.2834179019576357
A1,A2,B1,B2,B3
3.7007064079830343,0.2614020111479931,-5.040301509495748,-1.2196355037019657,-0.7022160630754115
ans,J2,J3,Energy,Sigma,gap,L,A1,A2,A3,B1,B2,phiA1
cb1,0.22500000000000003,0.1875,-0.47983850262285455,3.1152613712943207e-12,0.0044763513813696155,0.7441122186491297,0.5175523951331787,0.058577415891684366,0.33797166682581314,0.18352421713644768,0.15973766244076185,1.9371909069137552
A1,A2,A3,B1,B2,phiA1
3.815614491031738,0.6854516954035716,0.2715605518233133,-5.52935475184313,-1.0421663532156344,0.12234417923195906
