ans,J2,J3,Energy,Sigma,gap,L,A1,A2,A3,B1,B2,phiA1
cb1,0.0,-0.15,-0.4630009452958458,5.335280751412412e-12,0.027376639630629196,0.6911693601864551,0.5110725450629536,0.0,0.20649712485774374,0.16277914779816774,0.0,1.9797825062161363
A1,A2,A3,B1,B2,phiA1
3.6394220970237257,0.0,-0.4388711616343244,-6.244005312794343,0.0,0.04796238961546351
ans,J2,J3,Energy,Sigma,gap,L,A1,A3,B1,B2,B3
3x3,0.0,-0.15,-0.4644958914439639,3.3356475363173474e-12,-0.0006491179966790951,0.699391606233266,0.5132845714293914,0.2055325391550841,0.17005066883022135,0.0,0.10782805418569441
A1,A3,B1,B2,B3
3.642530721492676,-0.4076183834911262,-5.997313756722633,0.0,0.28121949213755215
ans,J2,J3,Energy,Sigma,gap,L,A1,A2,B1,B2,B3
q0,0.0,-0.15,-0.48045116865541815,6.878058523425322e-12,0.002776507454345828,0.7522536575048184,0.5214931399612335,0.0,0.19669257523844258,0.0,0.30459567459925374
A1,A2,B1,B2,B3
4.963918165401537,-0.0,-5.704325900524054,0.0,0.43931525084417444
