ans,J2,J3,Energy,Sigma,gap,L,A1,A2,A3,B1,B2,phiA1
cb1,-0.15,0.22500000000000003,-0.5068218614178643,1.792740215944362e-11,-0.0001610823104459198,0.8164561350207595,0.518378577908488,0.046726255546570616,0.40537176774043393,0.19753586479618768,0.19244373064046003,1.9346687424812887
A1,A2,A3,B1,B2,phiA1
3.8130609780751,-0.6857847623109592,0.3681499549657019,-5.092593013955593,0.574429392941056,0.15136096820356215
ans,J2,J3,Energy,Sigma,gap,L,A1,A3,B1,B2,B3
3x3,-0.15,0.22500000000000003,-0.5294687305016891,3.3511758872950974e-12,-0.0047651642665926496,0.8688649987162242,0.5185287207236329,0.38483374480677174,0.2044788914663841,0.3977522536114021,0.1554321408434281
A1,A3,B1,B2,B3
4.760858374197596,2.2607471450442063,-3.6337599595981374,0.23669954885008337,-0.7450706718259426
ans,J2,J3,Energy,Sigma,gap,L,A1,A2,B1,B2,B3
q0,-0.15,0.22500000000000003,-0.4620247293979925,1.420571317426828e-11,0.006585143865761379,0.6848413409766676,0.502851937907603,0.12364709277363443,0.14682761536854358,0.17153143928638506,0.14634335514050711
A1,A2,B1,B2,B3
3.230249401298124,-1.1675660438470459,-7.5617845318731725,0.5649924972317422,-0.829558643999917
