ans,J2,J3,Energy,Sigma,gap,L,A1,A3,B1,B2,B3
3x3,-0.15,-0.15,-0.49534017033011835,1.1280344222947154e-11,-0.005443486008854498,0.7851799597257684,0.5216469120462914,0.2892098786017509,0.19707026835869443,0.3553120339760512,0.15173581905225395
A1,A3,B1,B2,B3
3.9780401195343984,-0.3396172232328354,-5.102362976572294,1.1597389715234385,0.40045744498229396
ans,J2,J3,Energy,Sigma,gap,L,A1,A2,A3,B1,B2,phiA1
cb1,-0.15,-0.15,-0.46819139809272864,7.624231909724132e-12,0.031244916260911696,0.7043751867796438,0.5123611813487519,0.034853110984228525,0.2202743463702982,0.16669313309624167,0.14581433035786107,2.0793813577069185
A1,A2,A3,B1,B2,phiA1
3.712086193985442,-0.7621125952539387,-0.42732484217822275,-6.020461906786068,0.5245803791353865,0.033139130328763144
ans,J2,J3,Energy,Sigma,gap,L,A1,A2,B1,B2,B3
q0,-0.15,-0.15,-0.4758913213815752,2.217629266145081e-11,0.0031992423471534424,0.7297307517176077,0.5138726890134513,0.2021756594608443,0.17353000751136177,0.19430734646032166,0.2438781205489065
A1,A2,B1,B2,B3
3.152922367632982,-0.8236744619694036,-5.673350678137012,0.49682480351975755,0.12501111257279263
