ans,J2,J3,Energy,Sigma,gap,L,A1,A3,B1,B2,B3
3x3,-0.07500000000000001,-0.15,-0.47812437122571305,1.2740161748507294e-11,-0.003669178665514347,0.7376849377326957,0.5184064750867173,0.25028147058266587,0.18438678424332702,0.32080664812410625,0.1313738323737792
A1,A3,B1,B2,B3
4.027000954920368,-0.3878009025015672,-5.426770144367765,0.255129251058861,0.276445533131664
ans,J2,J3,Energy,Sigma,gap,L,A1,A2,A3,B1,B2,phiA1
cb1,-0.07500000000000001,-0.15,-0.46538728435655746,1.3701078968372398e-11,0.028577657895664188,0.6973303560538499,0.5119037238502049,0.03491358294762403,0.21458390087957535,0.16491736237150556,0.1361544376749637,2.030908928188714
A1,A2,A3,B1,B2,phiA1
3.6796121705151563,-0.33850700020821023,-0.4318767565791859,-6.124101226134826,0.2772226892489016,0.04333557956925915
ans,J2,J3,Energy,Sigma,gap,L,A1,A2,B1,B2,B3
q0,-0.07500000000000001,-0.15,-0.47717759244862723,4.200830826563129e-12,0.002981295034208055,0.7379400186528845,0.5178861237281127,0.23231322509447935,0.18461024948724883,0.19839485671968332,0.2722588095966402
A1,A2,B1,B2,B3
3.518962898851896,-0.5655476087440547,-5.653921775206072,0.7539524560229438,0.49682480351975755
