ans,J2,J3,Energy,Sigma,gap,L,A1,A2,A3,B1,B2,phiA1
cb1,0.22500000000000003,0.14999999999999997,-0.4758187341861134,3.043938278131758e-11,0.00613143920713821,0.7322943297075489,0.5170764702410339,0.055549055104166634,0.31661831796238354,0.18025733286095322,0.15172739294415677,1.9286135346598798
A1,A2,A3,B1,B2,phiA1
3.7916336736998346,0.6733502644351574,0.21904700275854339,-5.622835530516568,-1.0592637877948619,0.11196020777148874
ans,J2,J3,Energy,Sigma,gap,L,A1,A3,B1,B2,B3
3x3,0.22500000000000003,0.14999999999999997,-0.4446333987883582,9.296169824469646e-12,0.08927488409265183,0.6469570165714329,0.5028904974171029,0.16433460221871918,0.14550539007796232,0.22320650901855094,0.05487682599692725
A1,A3,B1,B2,B3
3.521294367203609,0.1657007864253046,-6.221190229638296,-1.5688561560978087,-0.3336775300510908
ans,J2,J3,Energy,Sigma,gap,L,A1,A2,B1,B2,B3
q0,0.22500000000000003,0.14999999999999997,-0.4688218151505976,1.2521658975089183e-11,0.003631534599840941,0.7229321803745281,0.5225819146530962,0.280494433530234,0.2025937171102207,0.1958297976909129,0.2991280845261753
A1,A2,B1,B2,B3
3.8528069623566807,0.865085780787922,-4.955258425809461,-1.1403100685924983,-0.38180569816859133
