ans,J2,J3,Energy,Sigma,gap,L,A1,A3,B1,B2,B3
3x3,-0.11249999999999999,-0.11249999999999999,-0.48838592850663787,4.67114439809669e-12,-0.004370232275917817,0.7661727589343852,0.5207711208124346,0.2810883340160211,0.19254861420004493,0.34457989521026733,0.14307447560849826
A1,A3,B1,B2,B3
4.268807529683727,-0.25712765250318625,-4.340305892469587,0.3552713678800501,0.21505019986989282
ans,J2,J3,Energy,Sigma,gap,L,A1,A2,B1,B2,B3
q0,-0.11249999999999999,-0.11249999999999999,-0.4739577717112966,1.0965871331183266e-11,0.0033096405404006313,0.7253958253728319,0.5146390767401301,0.20567837436571146,0.175159357515901,0.1932966402199326,0.2444396069922052
A1,A2,B1,B2,B3
3.1007418854755997,-0.610178574333986,-6.3513638792755955,0.42865710980777294,0.16364687382974807
ans,J2,J3,Energy,Sigma,gap,L,A1,A2,A3,B1,B2,phiA1
cb1,-0.11249999999999999,-0.11249999999999999,-0.4686668546802615,4.3148998477105705e-12,0.020698421519630382,0.7068739498657653,0.5137901311202592,0.03604376097006486,0.23579470608388797,0.1694536668732092,0.14425274386852246,2.0271592610224967
A1,A2,A3,B1,B2,phiA1
3.7311265188577636,-0.5330180741225377,-0.29282132274488504,-5.974387651264124,0.4048983370807946,0.05487630350131667
