ans,J2,J3,Energy,Sigma,gap,L,A1,A2,A3,B1,B2,phiA1
cb1,-0.22499999999999998,-0.15,-0.4713948802005939,7.85799601129272e-12,0.03580281114994524,0.7121900996430206,0.5124107729859021,0.03436312329303625,0.22321593723903072,0.1680034814348772,0.15434775433594328,2.128065745723881
A1,A2,A3,B1,B2,phiA1
3.7364555893759643,-1.286248885179475,-0.4241051954068098,-5.9269811281126294,0.7590594819362195,0.01822778594728902
ans,J2,J3,Energy,Sigma,gap,L,A1,A3,B1,B2,B3
3x3,-0.22499999999999998,-0.15,-0.515837475595025,8.606777062552314e-12,-0.007732203529556007,0.8396675807855456,0.5229627817347883,0.3201056927284703,0.2072402695905998,0.38264838768465537,0.1680393567658718
A1,A3,B1,B2,B3
5.0885962110669425,-0.9168221737354543,-5.5743187843404485,0.8160139230994901,0.4135580766728708
ans,J2,J3,Energy,Sigma,gap,L,A1,A2,B1,B2,B3
q0,-0.22499999999999998,-0.15,-0.47608453117946115,9.28975321137765e-12,0.0033900179524075217,0.7264648453299863,0.510016024024398,0.1772645415530334,0.16406207386445537,0.1914818708682131,0.22096529132001239
A1,A2,B1,B2,B3
3.554712080244826,-1.8669510382096632,-6.799338869711846,0.5822009541134321,0.5611067166455541
