ans,J2,J3,Energy,Sigma,gap,L,A1,A2,A3,B1,B2,phiA1
cb1,0.07500000000000001,0.3,-0.5042239809644524,1.3188092739112537e-11,-0.0003813116097586401,0.8096227308118341,0.5167312595690648,0.05706856827946513,0.4133621454967091,0.19517890736806875,0.18898694623520795,1.9424912121299924
A1,A2,A3,B1,B2,phiA1
3.8146152903095754,0.27988722450800196,0.457522908448027,-5.2373660963667135,-0.3077538224260934,0.15362326966084083
ans,J2,J3,Energy,Sigma,gap,L,A1,A3,B1,B2,B3
3x3,0.07500000000000001,0.3,-0.477032826637118,9.304606365213266e-12,0.007091565055201065,0.7335330333794908,0.512205518110705,0.3307910289112529,0.17494363287495907,0.3318267192635398,0.09621814139044772
A1,A3,B1,B2,B3
3.6523006841093775,0.4065636716177323,-5.8617555254159015,-0.3391731340229853,-0.7918110611626616
ans,J2,J3,Energy,Sigma,gap,L,A1,A2,B1,B2,B3
q0,0.07500000000000001,0.3,-0.4560707918207955,8.88828069299236e-12,0.0067204208800663865,0.6749600642659694,0.5093466343622017,0.16377190729646382,0.1630654864305044,0.1713977288740157,0.17544485915386276
A1,A2,B1,B2,B3
3.5021985311800563,0.1534883331544279,-6.494693671754703,-0.27172708527700706,-1.2747580768746047
