ans,J2,J3,Energy,Sigma,gap,L,A1,A3,B1,B2,B3
3x3,-0.07500000000000001,0.14999999999999997,-0.4990145120849969,8.731456886075094e-12,-0.0027685660455299466,0.79304791069507,0.5196988196892067,0.34164101416923787,0.19501653219252923,0.36767681995925533,0.13866693284020587
A1,A3,B1,B2,B3
3.799294212569748,0.22881696537524476,-4.626743432822877,0.23414603589344551,-0.29554136915521667
ans,J2,J3,Energy,Sigma,gap,L,A1,A2,A3,B1,B2,phiA1
cb1,-0.07500000000000001,0.14999999999999997,-0.49082644105735107,2.967921600437683e-11,0.002525258085705182,0.7739908367462733,0.5194395619129988,0.04640301249793706,0.36376261970700347,0.19118906371330355,0.1783420194855928,1.9451999748463942
A1,A2,A3,B1,B2,phiA1
3.877009824293509,-0.3241851231905457,0.24868995751603507,-5.229483512891875,0.290656387846866,0.13443824942172
ans,J2,J3,Energy,Sigma,gap,L,A1,A2,B1,B2,B3
q0,-0.07500000000000001,0.14999999999999997,-0.46225991993470533,1.4064047027659018e-11,0.005452917462024809,0.688732092910886,0.5076248782239954,0.15253299807468718,0.15753487294972612,0.17626367621623196,0.1759171424730671
A1,A2,B1,B2,B3
3.4232061629779764,-0.41838754682999024,-6.8317018708796695,0.29187763317395365,-0.44469983251360645
