ans,J2,J3,Energy,Sigma,gap,L,A1,A3,B1,B2,B3
3x3,-0.22499999999999998,-0.3,-0.5061988200196792,1.0795043711698834e-11,-0.007622422217802572,0.8140038585124556,0.5218190517096908,0.28654070451048735,0.20261812404215906,0.3656088228476503,0.16528241299873334
A1,A3,B1,B2,B3
1.942890293094024,-2.3374635560458046,-5.148326209791776,0.8968381592922015,0.9194867089945546
ans,J2,J3,Energy,Sigma,gap,L,A1,A2,A3,B1,B2,phiA1
cb1,-0.22499999999999998,-0.3,-0.46579469015502156,4.6579558642188555e-05,0.08127620027771698,0.6961176417354437,0.5079160406327612,0.02780417301060134,0.17043065811255154,0.1586636297101141,0.14439746178400512,2.167661749506248
A1,A2,A3,B1,B2,phiA1
3.7075897907357103,-1.299349516870052,-1.0825229601607589,-5.779376976988715,0.7547296121401814,5.551115123125783e-09
ans,J2,J3,Energy,Sigma,gap,L,A1,A2,B1,B2,B3
q0,-0.22499999999999998,-0.3,-0.48501974676503723,8.100157708599913e-12,0.0026521323153458694,0.7549365096591155,0.5144213725923134,0.21595219266621854,0.17741055092189306,0.20157625267805385,0.2671437642018106
A1,A2,B1,B2,B3
3.718914065586887,-1.351252443271278,-6.600053836791631,0.9495737529618964,0.3661515535213766
