ans,J2,J3,Energy,Sigma,gap,L,A1,A3,B1,B2,B3
3x3,0.22500000000000003,-0.11249999999999999,-0.4411248657219799,5.861889930651746e-12,0.09109949518424647,0.639000497400453,0.4976160042974292,0.09833508919684802,0.13703651868788058,0.1873517692152084,0.05361353709162217
A1,A3,B1,B2,B3
3.2681635175890733,-0.3276268145668837,-6.883882353037052,-1.8101076193488552,0.20755619445367302
ans,J2,J3,Energy,Sigma,gap,L,A1,A2,B1,B2,B3
q0,0.22500000000000003,-0.11249999999999999,-0.5003138519932623,9.234498879081836e-12,0.002547865755224491,0.815701971319858,0.5239241008408082,0.35511989310391767,0.22466620855458067,0.21608815380621763,0.38335526275400145
A1,A2,B1,B2,B3
3.8865577423052855,1.6566747973456586,-9.666489830806313,-0.8422151864806438,0.035638159090467525
ans,J2,J3,Energy,Sigma,gap,L,A1,A2,A3,B1,B2,phiA1
cb1,0.22500000000000003,-0.11249999999999999,-0.45953793972556467,3.256515681542784e-11,0.027991572990151092,0.6821259213873136,0.5081749122928185,0.03202108547140797,0.18466942670014563,0.15755626947702803,0.09336011362983254,1.829162786281624
A1,A2,A3,B1,B2,phiA1
3.5300651290981477,0.61167737541723,-0.31780134079895106,-6.567413279867651,-1.3052336989005653,0.030312097276663508
