ans,J2,J3,Energy,Sigma,gap,L,A1,A3,B1,B2,B3
3x3,0.3,0.03749999999999998,-0.43714366795764803,8.992057181640981e-12,0.08079050251030892,0.6300485716189067,0.4955952348730573,0.09329879608586862,0.13286869434485468,0.1781004601184898,0.044117330395857905
A1,A3,B1,B2,B3
3.2940317140628395,0.06405986852087153,-6.685429987385305,-2.690014877515523,-0.07654987754790454
ans,J2,J3,Energy,Sigma,gap,L,A1,A2,B1,B2,B3
q0,0.3,0.03749999999999998,-0.49074306217192787,1.966894081106495e-11,0.002867847344978061,0.7888138352340794,0.5237438059567916,0.35151111786691996,0.22354735725450867,0.2115766975357869,0.37255969061704436
A1,A2,B1,B2,B3
3.705147300081535,1.1428635815491361,-4.128253294766182,-1.5381029783156919,-0.07482903185973555
ans,J2,J3,Energy,Sigma,gap,L,A1,A2,A3,B1,B2,phiA1
cb1,0.3,0.03749999999999998,-0.46479107402025804,1.0858363537508326e-11,0.01525453138855118,0.6986762886384835,0.5122608351941752,0.04743164777382845,0.23870489719555865,0.16648671025199901,0.11606193769337612,1.8726258889036096
A1,A2,A3,B1,B2,phiA1
3.654521130158628,0.7430722703816173,0.06705747068735946,-6.215805647968864,-1.749322908750628,0.0647570108647244
