ans,J2,J3,Energy,Sigma,gap,L,A1,A3,B1,B2,B3
3x3,0.0,-0.1875,-0.4634206981347166,2.297286397327814e-12,-0.0006253160355641629,0.6964392091415347,0.5124185009989521,0.1955259924802529,0.1683725371463121,0.0,0.10688933739001796
A1,A3,B1,B2,B3
3.653910507495084,-0.5677125436420738,-6.084077686097089,0.0,0.32440716779547074
ans,J2,J3,Energy,Sigma,gap,L,A1,A2,B1,B2,B3
q0,0.0,-0.1875,-0.48408467616229844,2.255713862112462e-13,0.0026266514662229607,0.763703586972527,0.5222770729987388,0.0,0.20049786084764185,0.0,0.31779844457424095
A1,A2,B1,B2,B3
4.945377440890297,-0.0,-3.0253577421035516,0.0,0.20627943797535409
ans,J2,J3,Energy,Sigma,gap,L,A1,A2,A3,B1,B2,phiA1
cb1,0.0,-0.1875,-0.461507988184222,7.939910396680003e-12,0.0345891236885897,0.6866470315051982,0.5097589290220722,0.0,0.19272626643400603,0.1600549578530299,0.0,1.9897577205055426
A1,A2,A3,B1,B2,phiA1
3.6083358523342213,0.0,-0.600686167473441,-6.301736910074851,0.0,0.03904649381603065
