ans,J2,J3,Energy,Sigma,gap,L,A1,A2,A3,B1,B2,phiA1
cb1,0.0,0.07500000000000001,-0.47815779346397413,9.719664566921427e-12,0.006161225858513888,0.7379324760191772,0.518382401565931,0.0,0.3144546297004893,0.18261969710504813,0.0,1.9478911471362539
A1,A2,A3,B1,B2,phiA1
3.8544722968936185,0.0,0.13145040611561853,-5.4716231545626215,0.0,0.1114922154599185
ans,J2,J3,Energy,Sigma,gap,L,A1,A3,B1,B2,B3
3x3,0.0,0.07500000000000001,-0.4748582349838196,2.40443376566164e-12,-0.0005644459822741917,0.7283286034480271,0.5173377848701152,0.2797302816651408,0.1806818451963598,0.0,0.11528037819381459
A1,A3,B1,B2,B3
3.8198333385253136,0.13355982986240633,-5.428102411997315,0.0,-0.15898393712632242
ans,J2,J3,Energy,Sigma,gap,L,A1,A2,B1,B2,B3
q0,0.0,0.07500000000000001,-0.4648078251442557,3.2985851715791526e-12,0.0042799717490043295,0.7006982578811208,0.5139337279456767,0.0,0.17289623282957925,0.0,0.22100169350843765
A1,A2,B1,B2,B3
3.7776448635895576,-0.0,-5.934863711587468,0.0,-0.17680301667155618
