ans,J2,J3,Energy,Sigma,gap,L,A1,A3,B1,B2,B3
3x3,-0.07500000000000001,0.22500000000000003,-0.5069086175262004,9.212600704324531e-12,-0.002492548928553927,0.8121365776100543,0.518140493419386,0.36386375072792343,0.19593698574941096,0.3768812199264128,0.13893855681861234
A1,A3,B1,B2,B3
4.454214774796128,0.14976908602193362,-5.227707156052475,0.6745715097622451,-0.2532418719169982
ans,J2,J3,Energy,Sigma,gap,L,A1,A2,A3,B1,B2,phiA1
cb1,-0.07500000000000001,0.22500000000000003,-0.5017253803006825,3.38921262330321e-11,0.00043591667749622915,0.8033622192926906,0.5185058994971932,0.04885999311805719,0.39770766731978024,0.19560186157857232,0.18830776598571938,1.9372571644909466
A1,A2,A3,B1,B2,phiA1
3.8384850853390162,-0.32174263253637037,0.3643751966819764,-5.14366327308835,0.2936539900133539,0.14846242013533129
ans,J2,J3,Energy,Sigma,gap,L,A1,A2,B1,B2,B3
q0,-0.07500000000000001,0.22500000000000003,-0.46016967036261697,2.7211219452477362e-12,0.006418010905759566,0.681986434988718,0.5054313841824494,0.13848271637578743,0.15277468367551628,0.17205806520734124,0.1582696002692598
A1,A2,B1,B2,B3
3.3371083674182955,-0.4147238108487272,-7.0922157036079625,0.290656387846866,-0.7993050665788815
