ans,J2,J3,Energy,Sigma,L,A1,A3,B1,B2,B3
3x3,-0.005000000000000001,-0.04,-0.4710099656857444,3.124118906209337e-11,0.7154842226135458,0.5169369275429607,-0.24302648088347412,0.17686826887705684,0.3048080581654983,-0.11804413509494238
A1,A3,B1,B2,B3
9.389045095370117,5.764611010589669,0.24413804312136,4.194256054037414,5.989542195538276
ans,J2,J3,Energy,Sigma,L,A1,A2,B1,B2,B3
q0,-0.005000000000000001,-0.04,-0.4699189360550582,1.4477526388044783e-11,0.7209060047300642,0.5170791289497415,0.2256558418028505,0.18348645146164533,0.19346888897974027,-0.25709710012763276
A1,A2,B1,B2,B3
4.642952689230854,-0.1095790125333252,-4.789391105787951,-0.00965894031448755,-0.2596811654881351
ans,J2,J3,Energy,Sigma,L,A1,A2,A3,B1,B2,phiA1
cb1,-0.005000000000000001,-0.04,-0.4690402473655467,1.4416341569142875e-11,0.7099185007325258,0.5152088440010494,0.038895385638169015,-0.25586109696555703,0.17234386073696634,0.14079334469965032,1.960751390586992
A1,A2,A3,B1,B2,phiA1
3.822497873140194,-0.02009503674567512,-0.08848477507227177,-5.884737141850538,0.01998401444265826,0.07848081073886637
