ans,J2,J3,Energy,Sigma,L,A1,A3,B1,B2,B3
3x3,-0.005000000000000001,-0.035,-0.4712377295973191,1.1705521968393502e-11,0.7161279243252515,0.5170321731671682,-0.24472038237649169,0.17710863779164268,0.30590899832203217,-0.11817049530642502
A1,A3,B1,B2,B3
3.7084224582026204,-0.1835753771163072,-5.629774424565472,-0.04435340983368628,-0.013655743202862216
ans,J2,J3,Energy,Sigma,L,A1,A2,B1,B2,B3
q0,-0.005000000000000001,-0.035,-0.4695908443064767,5.985930622766901e-12,0.7198037231862897,0.5169055089504422,0.22416110832922778,0.1829516292534585,0.193130194330945,-0.2552195652118716
A1,A2,B1,B2,B3
3.538613845791386,-0.05562217353515285,-5.22282217487864,0.007882583475041678,0.47362114235672703
ans,J2,J3,Energy,Sigma,L,A1,A2,A3,B1,B2,phiA1
cb1,-0.005000000000000001,-0.035,-0.4693707414918082,1.0261712510486308e-11,0.7109585232446428,0.5153884700976823,0.03933497206790824,-0.25835718057794604,0.17281493102030232,0.1417724178347194,1.9599563924332393
A1,A2,A3,B1,B2,phiA1
3.8126168882226956,-0.02015054789690611,-0.07582823258174651,-5.76888536923435,0.019872992140198935,0.08004642504408464
