ans,J2,J3,Energy,Sigma,L,A1,A3,B1,B2,B3
3x3,-0.005000000000000001,-0.010000000000000002,-0.4724353649924166,1.3015846167753678e-11,0.7194919368905189,0.5174749866040881,-0.2531925410094738,0.17831084896172827,0.3106227180897889,-0.11903246825098257
A1,A3,B1,B2,B3
2.895905737587221,-0.020872192862911157,-6.397826712665786,0.019206858328109016,0.019595436384594933
ans,J2,J3,Energy,Sigma,L,A1,A2,B1,B2,B3
q0,-0.005000000000000001,-0.010000000000000002,-0.4680209802263888,2.3920250489500576e-11,0.7145082843046485,0.5160117628011044,0.21598692104882744,0.1803036368970535,0.191184701085584,-0.24591096163564033
A1,A2,B1,B2,B3
3.876066134929989,-0.020483614803724366,-5.382361223521384,-0.6444844657757262,-0.7224776332934283
ans,J2,J3,Energy,Sigma,L,A1,A2,A3,B1,B2,phiA1
cb1,-0.005000000000000001,-0.010000000000000002,-0.47112292953876916,4.553696135784769e-11,0.7164585444943418,0.516254334975509,0.040226550139743904,-0.271083718608878,0.17518046806176452,0.14612008658177317,1.9563580401161234
A1,A2,A3,B1,B2,phiA1
3.8752889788127107,-0.020150547896906956,-0.020983215165373444,-5.67856872618378,0.019706458686509526,0.08774636572877127
