ans,J2,J3,Energy,Sigma,L,A1,A3,B1,B2,B3
3x3,-0.015,-0.02,-0.4738828685478064,2.7173317514787392e-11,0.7235707737802599,0.5179666698277683,-0.25602826979834814,0.17977985305747182,0.31398826293414434,-0.121996809377755
A1,A3,B1,B2,B3
2.317535052363201,0.06045164369743076,-5.979106099272775,0.20139445666660055,0.03858025010564702
ans,J2,J3,Energy,Sigma,L,A1,A2,B1,B2,B3
q0,-0.015,-0.02,-0.4684261054640905,1.767261673745931e-11,0.7153515939227214,0.5158264956693199,0.2149339562995788,0.17978691066207597,0.19125962423836856,-0.245521840451647
A1,A2,B1,B2,B3
4.607758618325226,-0.34905411893176286,-5.410283332291095,-0.03985700658285709,0.7492895192972222
ans,J2,J3,Energy,Sigma,L,A1,A2,A3,B1,B2,phiA1
cb1,-0.015,-0.02,-0.4707891206688388,9.929707375866473e-12,0.7152826001777172,0.5160585065940716,0.03985765807952369,-0.2676774493283171,0.1746384264988998,0.14534182310672059,1.9604365651169338
A1,A2,A3,B1,B2,phiA1
3.5435543390369624,-0.061395333261648345,-0.04202194148197824,-5.833500349589435,0.05906386491157953,0.08526355177472515
