ans,J2,J3,Energy,Sigma,L,A1,A3,B1,B2,B3
3x3,0.009999999999999998,-0.025,-0.46894096720555734,7.759599374556783e-12,0.7096397499128488,0.516148794444824,-0.23857990313975042,0.17462208391802422,0.29939233587581504,-0.11340249511384765
A1,A3,B1,B2,B3
4.699907129353583,0.5732636587481417,-4.5466963528645055,0.5373479439771585,0.39240832805297654
ans,J2,J3,Energy,Sigma,L,A1,A2,B1,B2,B3
q0,0.009999999999999998,-0.025,-0.4693423403991893,6.400498031882143e-12,0.7197446568776272,0.5173622533075269,0.2276775377763198,0.18430558450196768,0.19336400159896056,-0.257997717510631
A1,A2,B1,B2,B3
3.5400571365092057,-1.126543303116161,-6.168954236488567,-0.0009992007221328494,-0.9510170428920068
ans,J2,J3,Energy,Sigma,L,A1,A2,A3,B1,B2,phiA1
cb1,0.009999999999999998,-0.025,-0.4694896896040134,2.4810669327822657e-11,0.7115206170839131,0.5155185433271847,0.0397322534040021,-0.2609515809252318,0.17314677723381422,0.14162937732754896,1.9540754317978584
A1,A2,A3,B1,B2,phiA1
3.778533041372448,0.039412917374114224,-0.05301314942574515,-5.888955989343987,-0.04041211809739629,0.08220272795809248
