ans,J2,J3,Energy,Sigma,L,A1,A2,A3,B1,B2,phiA1
cb1,0.030000000000000002,-0.03,-0.46843664006792973,1.059463209395338e-11,0.7084521561670445,0.5150300599939207,0.039548621227546876,-0.25499684735682315,0.17185957543324565,0.13824567704489066,1.9482582728646076
A1,A2,A3,B1,B2,phiA1
3.6731728771688856,0.11468603844354963,-0.06455946888899147,-5.966338534158059,-0.12384537839325108,0.07937413504228386
ans,J2,J3,Energy,Sigma,L,A1,A3,B1,B2,B3
3x3,0.030000000000000002,-0.03,-0.46529364741833384,6.5800192991355386e-12,0.6993503551380252,0.5145175455773748,-0.22396970927623716,0.17037102441139051,0.28711906890597566,-0.10627205923652311
A1,A3,B1,B2,B3
3.5620395523979607,-0.005162537064353391,-5.657085910657924,0.16447954109788798,0.05667688540700081
ans,J2,J3,Energy,Sigma,L,A1,A2,B1,B2,B3
q0,0.030000000000000002,-0.03,-0.4703539586514962,6.278843292715661e-12,0.7241488670441036,0.5185841413075745,0.23867153498725008,0.18815681435164114,0.19521929466093307,-0.2688813490887166
A1,A2,B1,B2,B3
3.711586592998833,0.20927704013561488,-6.141198660872222,-0.07815970093128531,0.09947598300621491
