ans,J2,J3,Energy,Sigma,L,A1,A2,B1,B2,B3
q0,-0.015,-0.04,-0.46966755979548286,1.1522243187166705e-11,0.7195376103875598,0.5165405111192839,0.22124067580968515,0.18188771536514725,0.1929167963484838,-0.25282785604366304
A1,A2,B1,B2,B3
3.2334135370913293,0.005939693181567858,-5.197398067325555,0.08376632720547553,0.22243318298320516
ans,J2,J3,Energy,Sigma,L,A1,A3,B1,B2,B3
3x3,-0.015,-0.04,-0.4729026084375578,5.0319566804145866e-12,0.7208260886790618,-0.5176259689807043,0.24930527657900703,0.17883103750515453,0.31035047380269687,-0.12136670358422855
A1,A3,B1,B2,B3
5.879463581667785,0.32146507677064856,-3.4228175850075138,0.36748382119099066,0.2716160629740012
ans,J2,J3,Energy,Sigma,L,A1,A2,A3,B1,B2,phiA1
cb1,-0.015,-0.04,-0.4694105273332048,2.6789778671922324e-11,0.7109505791710601,0.5153553984517194,0.038963469456032254,-0.25741016655380466,0.172744753124968,0.1421484932405214,1.9639564355301533
A1,A2,A3,B1,B2,phiA1
3.8838376952403966,-0.06167288901780415,-0.07582823259016497,-5.827893722991421,0.05850875339925273,0.07899706444566687
