ans,J2,J3,Energy,Sigma,L,A1,A2,B1,B2,B3
q0,-0.03,0.03,-0.47004465872023565,9.091456310993671e-05,0.7143468797347986,0.517393761718894,0.18967774306258683,0.17670947597070816,0.18305273900237587,0.10328705583690906
L,A1,A2,B1,B2,B3
,3.729663244903874,-0.13307077661979577,-5.9024313214688044,0.11916578834791358,-0.06375122651996198
