ans,J2,J3,Energy,Sigma,L,A1,A3,B1,B2,B3
3x3,0.012000000000000004,0.03,-0.471162560278545,8.289705425405221e-10,0.7140538545732178,0.5159544424965334,0.24761676970461394,0.17404562722224437,0.2999443622599517,0.10556622943458815
L,A1,A3,B1,B2,B3
,3.8364555976423276,0.05690947713065938,-5.398796965028511,-0.04910405415577523,-0.060907390242411034
ans,J2,J3,Energy,Sigma,L,A1,A2,B1,B2,B3
q0,0.012000000000000004,0.03,-0.4708032671307499,7.708098140955733e-05,0.7153126047124939,0.5182833177177888,0.2144257416871082,0.18182542139947955,0.28352338982843844,0.1288898035885
L,A1,A2,B1,B2,B3
,3.7971525923476523,0.046125325780981836,-5.649901657622602,-0.048121506779485054,-0.06339873070964384
