ans,J2,J3,Energy,Sigma,L,A1,A2,A3,B1,B2,phiA1
cb1,0.005000000000000001,-0.0049999999999999975,-0.47144006162704616,8.262048930575893e-06,0.7177976215051585,0.5165213702511157,9.029792104597867e-07,2.055311445259278e-06,0.17597576287487035,0.1469975140926691,4.33276070176468
A1,A2,A3,B1,B2,phiA1
3.8476999366492994,0.04829470157119432,0.046185277823539164,-5.710598660760264,0.007993605777062795,0.0908351616151008
ans,J2,J3,Energy,Sigma,L,A1,A3,B1,B2,B3
3x3,0.005000000000000001,-0.0049999999999999975,-0.469522944074816,1.5956125718008054e-12,0.7136848771448697,0.516358093933311,0.24907406962917628,0.17683897419849048,0.3064571391599135,0.11347308740698618
A1,A3,B1,B2,B3
3.9138137169002247,-0.010380585279936337,-5.480393916294087,-0.02026157019936858,0.009992007221606357
ans,J2,J3,Energy,Sigma,L,A1,A2,B1,B2,B3
q0,0.005000000000000001,-0.0049999999999999975,-0.469356946630747,1.3578719920088538e-11,0.7162319967597914,0.5172443063514215,0.22168264822880837,0.18189306332371907,0.19141481064677765,0.25230260970845575
A1,A2,B1,B2,B3
3.744060617294995,0.011046719095304856,-5.521361145901536,-0.02270406085416925,0.007105427358375648
