ans,J2,J3,Energy,Sigma,L,A1,A2,A3,B1,B2,phiA1
cb1,0.009999999999999998,0.010000000000000002,-0.47202930924345876,1.8976424795396565e-11,0.719693312230034,0.5167841217485194,0.04166979800086107,0.28028087425672504,0.1767547925079024,0.1479578665798067,1.9492360984490005
A1,A2,A3,B1,B2,phiA1
3.7959635428561254,0.039468428525345246,0.01937339177967027,-5.73940894825003,-0.04041211809515339,0.09357647434727413
ans,J2,J3,Energy,Sigma,L,A1,A3,B1,B2,B3
3x3,0.009999999999999998,0.010000000000000002,-0.46933091139165595,7.735740624686508e-12,0.713130292677821,0.5162707988214154,0.2512888977620393,0.17658572795557348,0.30661161841020534,0.11229547604695747
A1,A3,B1,B2,B3
3.758993116977002,0.01865174681366561,-5.661804358512439,-0.045019543653458186,-0.020594637106755517
ans,J2,J3,Energy,Sigma,L,A1,A2,B1,B2,B3
q0,0.009999999999999998,0.010000000000000002,-0.46853720481151195,9.81638565526523e-12,0.7137350861950897,0.5169634210917056,0.21927826675350537,0.1810842584773027,0.19047470275013884,0.24885696689372935
A1,A2,B1,B2,B3
3.5435543382501353,0.033362201888993234,-5.918487921798138,-0.044297898681225883,-0.024424906542382805
