ans,J2,J3,Energy,Sigma,L,A1,A2,A3,B1,B2,phiA1
cb1,0.024999999999999998,-0.02,-0.46925008689204056,9.912201575549493e-12,0.7111885188309665,0.515552201876677,0.040117754889867005,0.2620209151122441,0.17328431431312327,0.1408173857437834,1.9476955120611925
A1,A2,A3,B1,B2,phiA1
3.758715561220831,0.09636735853727087,-0.04179989688169439,-5.89556181666758,-0.10252909632677393,0.08354273384212758
ans,J2,J3,Energy,Sigma,L,A1,A3,B1,B2,B3
3x3,0.024999999999999998,-0.02,-0.46525161509178875,9.81748308404391e-12,0.7016674102494014,0.5145923621630828,0.23108326168245752,0.1721095851381326,0.2923080861424409,0.10587513208738929
A1,A3,B1,B2,B3
3.7993497230806614,-0.04163336342220456,-5.834388528009158,-0.1065258992125707,0.039468428525345454
ans,J2,J3,Energy,Sigma,L,A1,A2,B1,B2,B3
q0,0.024999999999999998,-0.02,-0.4709754103607199,1.4332625779220135e-11,0.722605238651395,0.5188642718013862,0.2359502781759693,0.18679813871396359,0.19425469485130983,0.26684922062720495
A1,A2,B1,B2,B3
3.7816416666805672,-0.08515410598621571,-5.521472168510499,-0.16575629758080518,-0.0027755575618653426
