ans,J2,J3,Energy,Sigma,L,A1,A2,A3,B1,B2,phiA1
cb1,0.005000000000000001,0.0,-0.4714567938851581,9.773771187983783e-12,0.7178536234629624,0.5165337991297589,0.04112691979971967,0.0,0.17601170904857305,0.1465756044498437,1.951313900426378
A1,A2,A3,B1,B2,phiA1
3.837652417423773,0.01987299214075052,0.0,-5.721811912991644,-0.020206059047576483,0.09094360819954089
ans,J2,J3,Energy,Sigma,L,A1,A3,B1,B2,B3
3x3,0.005000000000000001,0.0,-0.4697709709391355,3.9427485595992685e-12,0.7143785637342424,0.5164458778762583,0.0,0.17708315723113988,0.3073390070913761,0.0
A1,A3,B1,B2,B3
3.7989056347144126,-0.0,-5.634825939014851,-0.020261570199368573,0.0
ans,J2,J3,Energy,Sigma,L,A1,A2,B1,B2,B3
q0,0.005000000000000001,0.0,-0.4690411133822998,4.998836435427568e-12,0.7151749910117856,0.5170593863053996,0.22014614503419438,0.18135679001629523,0.19108011389973975,0.0
A1,A2,B1,B2,B3
3.5134117831366423,0.01953992523282139,-5.97033533704659,-0.019984014443767593,0.0
