ans,J2,J3,Energy,Sigma,L,A1,A2,A3,B1,B2,phiA1
cb1,0.009999999999999998,-0.04,-0.4684582246374671,1.495176102244287e-11,0.7085281209552691,0.5150671726223243,0.03910891190611032,0.2544121081037595,0.17202215688571051,0.13935229506090713,1.9542684055626407
A1,A2,A3,B1,B2,phiA1
3.748501509393733,0.03952393967657645,-0.0878741523989054,-5.938860514629076,-0.04030109579269364,0.0785093823287537
ans,J2,J3,Energy,Sigma,L,A1,A3,B1,B2,B3
3x3,0.009999999999999998,-0.04,-0.4670083732814239,5.801672818934403e-12,0.7066311012555401,0.5153198760791595,0.2340752259873248,0.17411822847858466,0.2969965988164982,0.11046186517638819
A1,A3,B1,B2,B3
3.7683189895476183,-0.0863753513180618,-5.759615006979006,-0.04085620731066017,0.07782663402606793
ans,J2,J3,Energy,Sigma,L,A1,A2,B1,B2,B3
q0,0.009999999999999998,-0.04,-0.4718740110290417,1.2656686262453842e-12,0.7248624465968666,0.5187603718723303,0.2354894692330135,0.18650732775807918,0.19487503538706913,0.26785230631812684
A1,A2,B1,B2,B3
4.237055151406177,0.038080649743509755,-4.840017275978026,-0.040301095792694065,0.06983302825653573
