ans,J2,J3,Energy,Sigma,L,A1,A2,A3,B1,B2,phiA1
cb1,0.009999999999999998,-0.02,-0.46980464041680914,1.1982622918551041e-11,0.7127512072557389,0.5157832290359278,0.04006652577720479,0.2644846761044633,0.17390517281634651,0.14273337292487667,1.9520329316955198
A1,A2,A3,B1,B2,phiA1
3.8465897136246143,0.05234701561097142,-0.02792210906926685,-5.791089830047663,-0.027089441801551505,0.08457500810819633
ans,J2,J3,Energy,Sigma,L,A1,A3,B1,B2,B3
3x3,0.009999999999999998,-0.02,-0.4678901636194018,3.2329097217174077e-12,0.7090991627175967,0.5157213991555745,0.2408127994409853,0.1751090108959413,0.30077736849826553,0.11115250222618325
A1,A3,B1,B2,B3
3.822331339686529,-0.04168887457574832,-5.688061133359794,-0.041189274218083854,0.03935740622288308
ans,J2,J3,Energy,Sigma,L,A1,A2,B1,B2,B3
q0,0.009999999999999998,-0.02,-0.4704799138496759,3.1261435211122227e-12,0.7202280333233936,0.5180611251544468,0.22898142572148414,0.18432471488005955,0.19314084252692826,0.26015269345356173
A1,A2,B1,B2,B3
4.2206793617920795,0.09242606680242464,-5.064948460772877,-0.04829470156975727,0.12528866834260824
