ans,J2,J3,Energy,Sigma,L,A1,A2,A3,B1,B2,phiA1
cb1,-0.005000000000000001,-0.010000000000000002,-0.47110172987146676,8.956457660550855e-12,0.716626419968921,0.5163463740547453,0.04039828960770827,0.27213854754905964,0.1754731936670371,0.1461462112220644,1.9548995798908322
A1,A2,A3,B1,B2,phiA1
3.788247493677441,-0.020206059048137312,-0.02042810365532998,-5.7999716142448925,0.02003952559388779,0.08857823918777588
ans,J2,J3,Energy,Sigma,L,A1,A3,B1,B2,B3
3x3,-0.005000000000000001,-0.010000000000000002,-0.47117942985207095,1.7851428002164617e-11,0.7183512773527256,0.5169556574674473,0.25356372390697945,0.17855924934072864,0.3109139793893201,0.116472514515438
A1,A3,B1,B2,B3
3.7554959144492464,-0.02026157020161806,-5.591860307963136,0.019650947538007685,0.019928503291981724
ans,J2,J3,Energy,Sigma,L,A1,A2,B1,B2,B3
q0,-0.005000000000000001,-0.010000000000000002,-0.4694328840781941,1.7939009432192546e-11,0.7159883827993158,0.5168779976368596,0.2190494368854779,0.180836288052138,0.19129317149200806,0.249882695457542
A1,A2,B1,B2,B3
3.572753203792856,-0.020372592501265465,-5.791200852350127,0.020039525595000336,0.019706458686510147
