ans,J2,J3,Energy,Sigma,L,A1,A2,A3,B1,B2,phiA1
cb1,-0.015,-0.010000000000000002,-0.47149945230200113,8.614689241868888e-12,0.7177404878931042,0.5164866997184823,0.040501122695898235,0.2739288691987187,0.17588346194992252,0.14729221964759998,1.9573723189570125
A1,A2,A3,B1,B2,phiA1
3.7784220190700037,-0.061117777505492334,-0.0205946371090419,-5.772216038628549,0.05934142066444887,0.08920421623574902
ans,J2,J3,Energy,Sigma,L,A1,A3,B1,B2,B3
3x3,-0.015,-0.010000000000000002,-0.4731477462330105,8.138266013535282e-12,0.723884643735031,0.5176082857329237,0.2598423382668969,0.18050138625674136,0.3164531773343913,0.12003612106864768
A1,A3,B1,B2,B3
3.8037351048717905,-0.027089441800799613,-5.46551692806795,0.0009992007221605898,0.017430501486580163
ans,J2,J3,Energy,Sigma,L,A1,A2,B1,B2,B3
q0,-0.015,-0.010000000000000002,-0.4692216944900454,1.2042376813109288e-11,0.7147797914720256,0.5163251486073681,0.2146643604556846,0.17926866494809487,0.190629393380486,0.24571031535566135
A1,A2,B1,B2,B3
3.6544656183914963,-0.06955547249069649,-5.74396086265111,0.057898130732479416,0.018818280266836452
