ans,J2,J3,Energy,Sigma,L,A1,A2,A3,B1,B2,phiA1
cb1,0.02,0.0049999999999999975,-0.471246036878202,2.8128954160820333e-11,0.7173664769708887,0.5164790825876792,0.04143249132238899,0.27582544690943744,0.1758615353330902,0.14586777036246878,1.94734014528362
A1,A2,A3,B1,B2,phiA1
3.791578162751494,0.07788214517729902,0.01004751837395307,-5.77327075050197,-0.08143485885383205,0.09135275313969007
ans,J2,J3,Energy,Sigma,L,A1,A3,B1,B2,B3
3x3,0.02,0.0049999999999999975,-0.4672461347031379,3.947864757059423e-12,0.7072671427301874,0.5154667086875804,0.2430698044947326,0.17435781010454898,0.30004056243168137,0.10875934032560822
A1,A3,B1,B2,B3
3.778422019070004,0.00999200722132913,-5.801914504215966,-0.08404388296395628,-0.009936496070375472
ans,J2,J3,Energy,Sigma,L,A1,A2,B1,B2,B3
q0,0.02,0.0049999999999999975,-0.4691128026039407,1.499035790144777e-11,0.7161542092938529,0.5176995190064907,0.2254513123830424,0.18323722317181082,0.1916456120081498,0.25494671819790055
A1,A2,B1,B2,B3
3.682887328634876,0.07444045379890163,-5.602018848949129,-0.08065770274109497,-0.01004751837283757
