ans,J2,J3,Energy,Sigma,L,A1,A2,A3,B1,B2,phiA1
cb1,0.0,-0.03,-0.4694878661529375,1.3245763495570112e-12,0.7116341560443746,0.5155803360563496,0.0,0.26112015251735,0.17336914501485107,0.0,1.9561269760583868
A1,A2,A3,B1,B2,phiA1
3.7542191571372547,0.0,-0.06439293543527934,-5.88296078501119,0.0,0.0821473888914299
ans,J2,J3,Energy,Sigma,L,A1,A3,B1,B2,B3
3x3,0.0,-0.03,-0.46926168698158444,8.206688529751016e-12,0.7129755196756546,0.5162507792280484,0.24372575472631147,0.17660237154625694,0.0,0.11424401125131939
A1,A3,B1,B2,B3
3.78647113599718,-0.06333822355298074,-5.665579117110555,0.0,0.05878630915378459
ans,J2,J3,Energy,Sigma,L,A1,A2,B1,B2,B3
q0,0.0,-0.03,-0.4708596632032175,8.543062603804408e-13,0.7209977068678285,0.5178754742199212,0.0,0.1837833462904584,0.0,0.25958850473238254
A1,A2,B1,B2,B3
4.136690989056161,-0.0,-5.37703215270456,0.0,0.057176485768081195
