ans,J2,J3,Energy,Sigma,L,A1,A2,A3,B1,B2,phiA1
cb1,0.015000000000000003,0.010000000000000002,-0.4604310551734743,0.00014125888186248062,0.6822621200966255,0.4994456209155872,0.0743628588593398,0.14210324681573183,0.1393746237583386,8.83822654832309e-09,6.283089470668601
A1,A2,A3,B1,B2,phiA1
3.942290938571266,0.05900835375870707,0.019817480988962074,-4.761524507870688,-0.060174087934683484,0.02901835438620307
ans,J2,J3,Energy,Sigma,L,A1,A3,B1,B2,B3
3x3,0.015000000000000003,0.010000000000000002,-0.46839924930798776,1.4404626207967866e-11,0.7105088239514228,0.5159190508227398,0.24792374260866615,0.17559820526229677,0.30378879351788346,0.1105867672598397
A1,A3,B1,B2,B3
3.8400949080775377,0.019428902931440586,-5.6480931044722595,-0.06245004514197338,-0.020483614804293112
ans,J2,J3,Energy,Sigma,L,A1,A2,B1,B2,B3
q0,0.015000000000000003,0.010000000000000002,-0.4686593030265103,2.1782766012326098e-11,0.7143908806879602,0.5172394585025673,0.2215415100425309,0.18188500373548797,0.19082770093273266,0.25101609202897684
A1,A2,B1,B2,B3
3.8150038677252383,-0.090816243416677,-5.773603817409365,-0.10946799022478335,-0.04229949723813417
