ans,J2,J3,Converge,Energy,Sigma,gap,L,A1,A3,B1,B2,B3,phiA3
3x3_1,0.14999999999999997,-0.3,True,-0.4462967487928395,3.409972235588462e-09,0.0494096623190926,0.6504925964394055,0.4998577699416196,0.10106130990817973,0.14153896789329073,0.19757049814788522,0.06884637667518856,6.2772966660732505
ans,J2,J3,Converge,Energy,Sigma,gap,L,A1,A2,B1,B2,B3,phiA2
q0_1,0.14999999999999997,-0.3,False,-0.4817893824050916,1.818912814648163e-10,0.0017693840321543921,0.7680558909536079,0.5229810001563769,1.4306871978453373e-05,0.2076279400831425,0.21073408907330252,0.33820850792189333,1.5708651806886456
ans,J2,J3,Converge,Energy,Sigma,gap,L,A1,A2,A3,B1,B2,phiB1,phiA2
cb2,0.14999999999999997,-0.3,False,-0.5108528154227131,0.0129474678621004,0.11723241818385939,0.7934869328413439,0.5020841557095045,0.16628537806850896,7.284848724253834e-09,5.118488460689741e-05,1.2617926981040029e-09,4.7119591645859735,3.14166380109618
ans,J2,J3,Converge,Energy,Sigma,gap,L,A1,A2,B1,B2,B3,phiB1,phiB2
oct,0.14999999999999997,-0.3,False,-0.4939396233927493,7.846688597111827e-10,0.022139204349372256,0.7616691431116869,0.5028230822421764,6.5492232392661e-05,2.1934792396732794e-05,0.19765757704946346,8.753851270906776e-05,1.5712121164893196,6.283007434997613
