ans,J2,J3,Converge,Energy,Sigma,gap,L,A1,A3,B1,B2,B3,phiA3
3x3_1,0.07500000000000001,0.3,False,-0.4776614616991993,1.116762625284027e-09,0.01295677431178883,0.7340547094109315,0.5127861741511226,0.3302800939949928,0.1753128169702576,0.33235442408848104,0.09897651095945974,0.0002982734670593683
ans,J2,J3,Converge,Energy,Sigma,gap,L,A1,A2,B1,B2,B3,phiA2
q0_1,0.07500000000000001,0.3,True,-0.45524126300477086,5.571943491007071e-10,0.004682900034622555,0.6746261781503682,0.5088146723575074,0.163915787643942,0.16288779204194284,0.17157682159039261,0.17405351887461967,3.140601694989748
ans,J2,J3,Converge,Energy,Sigma,gap,L,A1,A2,A3,B1,B2,phiA1,phiB2
cb1,0.07500000000000001,0.3,True,-0.49529137970684556,8.666465500778217e-10,0.0025257713396020023,0.7906338500602558,0.5179454888347006,0.15695265300372885,0.40787417308708157,0.19642588783877568,0.3433793120647812,1.931412553424253,5.2888357823081655
ans,J2,J3,Converge,Energy,Sigma,gap,L,A1,A2,A3,B1,B2,phiB1,phiA2
cb2,0.07500000000000001,0.3,False,-0.5079365186575089,0.005913118884130865,0.12830653576266285,0.7856668246324864,0.5025543037651777,0.16263659866277913,1.5956069965294972e-08,4.562515725251015e-05,2.9333443340995302e-08,1.5711759552900884,3.141633300981314
ans,J2,J3,Converge,Energy,Sigma,gap,L,A1,A2,B1,B2,B3,phiB1,phiB2
oct,0.07500000000000001,0.3,False,-0.4523898979633543,6.814761209274464e-10,0.04397720805917012,0.6703079443409766,0.49800555067460706,2.389998532413769e-05,0.1399686278207744,0.17216797297140388,1.053745652721097e-05,3.1415842052883747,6.28111523840036
