ans,J2,J3,Converge,Energy,Sigma,gap,L,A1,A3,B1,B2,B3,phiA3
3x3_1,-0.07500000000000001,-0.3,False,-0.4944160834595016,4.912993023815048e-10,0.0042277258558974014,0.7849861491727084,0.5221043703693382,6.248805645014954e-05,0.1977127385788226,0.36450089786062684,0.15801718825390043,1.570545941918839
ans,J2,J3,Converge,Energy,Sigma,gap,L,A1,A2,B1,B2,B3,phiA2
q0_1,-0.07500000000000001,-0.3,True,-0.48924091446216045,1.2816633201033612e-09,0.0017395913120735415,0.7789955136022492,0.5209751780818871,0.27619577983171223,0.19970415161011187,0.209519808762552,0.32169110863884115,3.142207091909947
ans,J2,J3,Converge,Energy,Sigma,gap,L,A1,A2,A3,B1,B2,phiA1,phiB2
cb1,-0.07500000000000001,-0.3,True,-0.46536288289217664,9.930973643268036e-10,0.04189858497979138,0.6942717598771907,0.5089326342481809,0.061176060841011466,0.1840845210629406,0.1587595900822923,0.23776239907871224,2.026831506098049,5.267413109986688
ans,J2,J3,Converge,Energy,Sigma,gap,L,A1,A2,A3,B1,B2,phiB1,phiA2
cb2,-0.07500000000000001,-0.3,False,-0.5054894783298113,0.006609987655044458,0.13920548051443776,0.7780948962928123,0.5027395626777403,9.075602377306424e-05,6.785890904748015e-09,2.5633959447574073e-05,1.1729481469435754e-08,4.712169908308383,4.712150343901289
ans,J2,J3,Converge,Energy,Sigma,gap,L,A1,A2,B1,B2,B3,phiB1,phiB2
oct,-0.07500000000000001,-0.3,False,-0.45697655413005495,1.6386400768167346e-09,0.033637826030029475,0.6819044621278405,0.4990245242526879,7.496031760240163e-05,0.14328893428063835,0.00016721817611212164,4.743204402724022e-05,3.141521244706436,1.569737517612719
