ans,J2,J3,Converge,Energy,Sigma,gap,L,A1,A3,B1,B2,B3,phiA3
3x3_1,0.14999999999999997,-0.22499999999999998,False,-0.4509490988649219,3.1804330976525943e-09,0.02723705509757446,0.6625916648738337,0.5065511939498615,0.0005613973358996605,0.15276731519345396,0.2383644889435774,0.08065497350231898,4.7164080915279
ans,J2,J3,Converge,Energy,Sigma,gap,L,A1,A2,B1,B2,B3,phiA2
q0_1,0.14999999999999997,-0.22499999999999998,True,-0.5037580519553694,7.748269742772865e-10,0.0017157450763566583,0.827767528390071,0.5233691935922034,0.34959471371629647,0.2229024854766979,0.21819418276780836,0.3825256025920061,3.1417007437232707
ans,J2,J3,Converge,Energy,Sigma,gap,L,A1,A2,A3,B1,B2,phiA1,phiB2
cb1,0.14999999999999997,-0.22499999999999998,False,-0.46247452663602356,2.5533925388856824e-09,0.0063344155332763705,0.6914339761362669,0.5115204960205821,0.10506568190953908,0.19856258206767763,0.16623550198164205,0.00030971969363335905,1.926285089810462,3.6532649279801044
ans,J2,J3,Converge,Energy,Sigma,gap,L,A1,A2,A3,B1,B2,phiB1,phiA2
cb2,0.14999999999999997,-0.22499999999999998,False,-0.5109012236307381,0.011799536182014361,0.1178583076841157,0.7930943178078705,0.502146443715201,0.16150891016919933,7.54323381535471e-09,7.06654067095247e-07,1.389734355372596e-09,1.5708138950338704,3.141716121714595
ans,J2,J3,Converge,Energy,Sigma,gap,L,A1,A2,B1,B2,B3,phiB1,phiB2
oct,0.14999999999999997,-0.22499999999999998,False,-0.44807714678048477,1.0296959541531996e-09,0.05621370586008158,0.6596207782166194,0.4968668515354766,2.227991679753907e-05,0.13659507326923703,0.16692631149939366,2.598444655452041e-05,3.141710338054541,0.0002095880043813919
