ans,J2,J3,Converge,Energy,Sigma,gap,L,A1,A3,B1,B2,B3,phiA3
3x3_1,0.07500000000000001,0.22500000000000003,False,-0.4709997701377538,9.021678281586524e-10,0.013350043011298749,0.7163557987125061,0.5140760793797652,0.2970158533601503,0.17348178539825138,0.31684382496069,0.09787481904043954,0.0008017058681580085
ans,J2,J3,Converge,Energy,Sigma,gap,L,A1,A2,B1,B2,B3,phiA2
q0_1,0.07500000000000001,0.22500000000000003,True,-0.45780813552927574,1.6127332542238142e-09,0.0039036898163678025,0.6831951054529579,0.5115423321900984,0.18215568653084308,0.1690593810279934,0.176766900216141,0.19633955006934595,3.1417967652013807
ans,J2,J3,Converge,Energy,Sigma,gap,L,A1,A2,A3,B1,B2,phiA1,phiB2
cb1,0.07500000000000001,0.22500000000000003,False,-0.4603110524153724,0.0003207816718162572,0.16590899111825372,0.6836243641088869,0.4971331660607787,2.7032208194111007e-08,0.202641713686108,0.13438384746070656,0.21329907692873926,6.282538412721406,3.1422806915034522
ans,J2,J3,Converge,Energy,Sigma,gap,L,A1,A2,A3,B1,B2,phiB1,phiA2
cb2,0.07500000000000001,0.22500000000000003,False,-0.5079998638930321,0.004517066899384654,0.12896354295894896,0.7852411432870582,0.5025963841226245,0.15267491926411492,1.864434662213199e-09,2.6349864356095543e-05,8.503295567674485e-09,4.712092025973533,3.1431323305484633
ans,J2,J3,Converge,Energy,Sigma,gap,L,A1,A2,B1,B2,B3,phiB1,phiB2
oct,0.07500000000000001,0.22500000000000003,False,-0.45697654710803043,1.3492292724753747e-09,0.033638760943294356,0.6818990910676251,0.4990218011081327,7.393150463463893e-05,0.14329045742195157,0.00018603136631509254,7.417147705301996e-06,3.1415548532742896,1.570216904183577
