ans,J2,J3,Converge,Energy,Sigma,gap,L,A1,A3,B1,B2,B3,phiA3
3x3_1,-0.22499999999999998,0.3,False,-0.5660365270542801,7.682771570560582e-10,0.003776563016944215,0.9538275743261071,0.5165138077124154,0.4154596058790336,0.2119154945146358,0.42024969193948436,0.17296089293931913,0.00015559331938241883
ans,J2,J3,Converge,Energy,Sigma,gap,L,A1,A2,B1,B2,B3,phiA2
q0_1,-0.22499999999999998,0.3,True,-0.4622375221057658,4.5077113060787074e-10,0.005347034170381092,0.6846167162632004,0.49897953880670465,0.10351540643393971,0.13961328823662023,0.1686795329330146,0.12552341061219544,3.142148080352316
ans,J2,J3,Converge,Energy,Sigma,gap,L,A1,A2,A3,B1,B2,phiA1,phiB2
cb1,-0.22499999999999998,0.3,True,-0.5037406806539811,3.3962218556719525e-09,0.007949589115542416,0.809631930805808,0.4711639538177194,0.0106415889064013,0.3959919002004909,0.10916851156009931,0.2851424734505776,6.282742635808235,3.1415176021124727
