ans,J2,J3,Converge,Energy,Sigma,gap,L,A1,A3,B1,B2,B3,phiA3
3x3_1,-0.07500000000000001,0.3,False,-0.48257016644517214,6.265082939140622e-10,0.006901703796098636,0.7456004044625896,0.5191787675190618,1.0983197011482648e-05,0.18499584536095684,0.32994316028822784,0.12110475414068173,1.5706486809271951
ans,J2,J3,Converge,Energy,Sigma,gap,L,A1,A2,B1,B2,B3,phiA2
q0_1,-0.07500000000000001,0.3,True,-0.45765804894760315,1.4202823312032277e-09,0.005299537124331129,0.6761185256042958,0.5030903893739831,0.12644031523541535,0.14892484944957257,0.16827354308781972,0.1418220099599144,3.1419547631208804
ans,J2,J3,Converge,Energy,Sigma,gap,L,A1,A2,A3,B1,B2,phiA1,phiB2
cb1,-0.07500000000000001,0.3,True,-0.5268233586842114,1.9230694053412705e-09,0.0022850044551929478,0.8643025742615054,0.5155545673566057,0.12163441491570626,0.43902562127965333,0.20003881048473793,0.36195212476543875,1.9363152912635822,5.30008885416547
ans,J2,J3,Converge,Energy,Sigma,gap,L,A1,A2,A3,B1,B2,phiB1,phiA2
cb2,-0.07500000000000001,0.3,False,-0.5054894746759157,0.006609961218769332,0.13920494746164777,0.7780844507401388,0.5027328160901898,2.877736865902758e-05,2.051612107978329e-08,3.703970916021926e-05,6.86105533498349e-09,1.5711307592578374,1.5705220389442365
