ans,J2,J3,Converge,Energy,Sigma,gap,L,A1,A3,B1,B2,B3,phiA3
3x3_1,0.3,0.0,True,-0.4376806738850047,5.412607345984914e-10,0.08476615185383696,0.630406184621742,0.4954197205113581,0.0,0.13206364822303915,0.17469104643308322,0.0,0.0
ans,J2,J3,Converge,Energy,Sigma,gap,L,A1,A2,B1,B2,B3,phiA2
q0_1,0.3,0.0,True,-0.4948492862468704,3.950059244568292e-10,0.002019505882796023,0.8027262487468149,0.5223558893643628,0.0,0.3596280603414261,0.2247670241614154,0.0,3.1415374486609515
ans,J2,J3,Converge,Energy,Sigma,gap,L,A1,A2,A3,B1,B2,phiA1,phiB2
cb1,0.3,0.0,False,-0.4646016701046356,1.3182545695942257e-09,0.12826295259717757,0.6936831707227711,0.501454884056582,0.10455144414043521,0.0,0.1497770017380947,8.243523558279509e-05,0.00044680252399897924,4.712095569294724
ans,J2,J3,Converge,Energy,Sigma,gap,L,A1,A2,A3,B1,B2,phiB1,phiA2
cb2,0.3,0.0,False,-0.5179374991113979,0.036514701292139434,0.09016881027171884,0.8125663397217838,0.4996080140561862,0.1904345847974498,0.0,0.00013015433907240248,2.392690878760817e-09,4.711011326186134,3.143116910062499
ans,J2,J3,Converge,Energy,Sigma,gap,L,A1,A2,B1,B2,B3,phiB1,phiB2
oct,0.3,0.0,False,-0.4402396586848587,1.7086089512870046e-09,0.08213459136138286,0.6408764395785781,0.49429254378011644,3.5796755729522955e-05,0.12988589642838969,0.15634557891931442,0.0,3.141666275420937,0.0007414756967100528
