ans,J2,J3,Converge,Energy,Sigma,gap,L,A1,A3,B1,B2,B3,phiA3
3x3_1,0.3,0.07500000000000001,True,-0.43818286509903726,3.11714067868003e-09,0.08396525544802672,0.6312158387225667,0.4966194774909181,0.10091460967703418,0.13381291636018913,0.18203399514550253,0.045809018815966995,6.273121786739066
ans,J2,J3,Converge,Energy,Sigma,gap,L,A1,A2,B1,B2,B3,phiA2
q0_1,0.3,0.07500000000000001,False,-0.44481889753635095,4.349969098026126e-09,0.004680450233189999,0.6535049264347927,0.5090828464258023,0.00023824331516170139,0.16370525309616096,0.1712889327801244,0.17564073355993975,1.571833340720403
ans,J2,J3,Converge,Energy,Sigma,gap,L,A1,A2,A3,B1,B2,phiA1,phiB2
cb1,0.3,0.07500000000000001,True,-0.4462502240849935,2.497109783510578e-09,0.005078395440680766,0.6597621214369572,0.5066483168056463,0.13231453206461366,0.17616108162785166,0.16185622861448387,0.21435801157487233,1.7986252707383257,5.134578008499444
ans,J2,J3,Converge,Energy,Sigma,gap,L,A1,A2,A3,B1,B2,phiB1,phiA2
cb2,0.3,0.07500000000000001,False,-0.4949543959409317,0.03367926070968955,0.07507590173037401,0.7948766563223132,0.49504340329392876,0.20159565241033311,0.41559502578491286,0.037250386452816246,4.482180004579086e-09,4.3185683483416595,3.5779302880830066
ans,J2,J3,Converge,Energy,Sigma,gap,L,A1,A2,B1,B2,B3,phiB1,phiB2
oct,0.3,0.07500000000000001,False,-0.4402396566076668,9.759532421837718e-10,0.08213895658117684,0.6408720054634176,0.4942902609747327,3.0373500645582745e-05,0.1298825736926739,0.15635752017792334,7.756057737890408e-05,3.141494855973866,6.282570076750549
