ans,J2,J3,Energy,Sigma,L,A1,A3,B1,B2,B3
3x3,0.015000000000000003,-0.03,-0.4665049541010369,1.3392615895159448e-12,0.7051305966685998,0.5150348831350636,0.2337263277579524,0.17336757740493813,0.2953765222742641,0.10827428752058843
A1,A3,B1,B2,B3
3.7313485636623565,-0.06383782391759067,-5.845657291384895,-0.06261657858873362,0.05895284260747788
ans,J2,J3,Energy,Sigma,L,A1,A2,B1,B2,B3
q0,0.015000000000000003,-0.03,-0.47136642317173805,6.427195118696843e-12,0.7233364807813162,0.5186978100995994,0.23454957306944424,0.18624246825556146,0.19441255076863118,0.2662974332920922
A1,A2,B1,B2,B3
2.90201196357861,0.05662137425419826,-7.3310246759866935,-0.06095124405010741,0.056066262749682884
ans,J2,J3,Energy,Sigma,L,A1,A2,A3,B1,B2,phiA1
cb1,0.015000000000000003,-0.03,-0.4689109221717342,1.422143838058413e-11,0.7100472366530592,0.5153142887326224,0.03955533936816854,0.2583022196310298,0.17268816894050468,0.14029385389623367,1.9520896089400575
A1,A2,A3,B1,B2,phiA1
3.6176617259346573,0.05884182030501558,-0.06433742427689913,-5.934475133681695,-0.06078471059641864,0.08090280667636159
