ans,J2,J3,Energy,Sigma,L,A1,A3,B1,B2,B3,phase
3x3,0.024999999999999998,-0.010000000000000002,-0.4656363067230843,1.4722242513223833e-11,0.7026713076228501,0.5146872849759201,0.23405296946672785,0.1723703284045296,0.2935860700875455,0.10540337300907254,100
A1,A3,B1,B2,B3
3.6884384429393,-0.02031708135116363,-5.908495914576809,-0.11529666110709197,0.019817480989519742
ans,J2,J3,Energy,Sigma,L,A1,A2,A3,B1,B2,phiA1,phase
cb1,0.024999999999999998,-0.010000000000000002,-0.4699220699695511,9.506458248902626e-12,0.7133361156561113,0.5158659065276923,0.04061490081318182,0.26687863876198414,0.17416734738998943,0.14256022486723827,1.9474099493798005,0.009725037561506389
A1,A2,A3,B1,B2,phiA1
3.6501912597474093,0.09647838083973348,-0.020816681713991234,-5.969336136655822,-0.10397238625882377,0.08621311997657424
ans,J2,J3,Energy,Sigma,L,A1,A2,B1,B2,B3,phase
q0,0.024999999999999998,-0.010000000000000002,-0.4703050982052126,3.840144617160136e-12,0.7202917360678439,0.5185303892768158,0.23266664521718572,0.18570273470350906,0.19335889524595207,0.2631141206444545,0.001683959426738494
A1,A2,B1,B2,B3
3.401390279970843,0.08254508187842419,-5.538847158538862,-0.10380585279936337,0.019151347176871922
