ans,J2,J3,Energy,Sigma,L,A1,A3,B1,B2,B3,phase
3x3,0.009999999999999998,-0.035,-0.4671673384968967,5.86324740003226e-12,0.7070016433362541,0.5153064207351397,0.23527552035260424,0.17411438949973668,0.297243820742899,0.10977959720456698,100
A1,A3,B1,B2,B3
3.559041949441046,-0.08143485885383205,-5.801192859249981,-0.041355807671795725,0.06800116025815464
ans,J2,J3,Energy,Sigma,L,A1,A2,B1,B2,B3,phase
q0,0.009999999999999998,-0.035,-0.471549955042193,7.956022122290007e-12,0.7236999422097651,0.5186045977710481,0.23382953349531133,0.1859636160373681,0.1944676181591517,0.26592021526200327,0.0016277290978855437
A1,A2,B1,B2,B3
2.9364288773361893,0.0411892742123678,-6.372458116553856,-0.039523939675479514,0.07638334410253804
ans,J2,J3,Energy,Sigma,L,A1,A2,A3,B1,B2,phiA1,phase
cb1,0.009999999999999998,-0.035,-0.4687604170450506,2.415064154041964e-11,0.7095124073535533,0.51521108481894,0.03923465768617769,0.25663439551387607,0.1724211398558675,0.14013184499158973,1.9541379630124558,0.009492466608401548
A1,A2,A3,B1,B2,phiA1
3.6515235273767352,0.03957945082780786,-0.07610578833790227,-6.059208690165189,-0.040523140399861775,0.07968069537531172
