J2,J3,Energy,Sigma,L,A1,A2,B1,B2,B3
-0.3,-0.3,-0.30827700007201925,1.8052116748218808e-13,0.5169270476469146,0.4029535190167477,0.029911394976487024,0.10035502682081804,0.083795075743517,-4.666380077201008e-08
