ans,J2,J3,Converge,Energy,Sigma,gap,L,A1,A2,B1,B2,B3,phiB1,phiA2,phiB2
q0_1,0.3,0.07500000000000001,True,-0.4845065820187727,3.102844199745474e-09,0.0018467212792215618,0.7722746671936747,0.5210048265453797,0.33663177414335393,0.2141767813159033,0.20695276176256197,0.34491089412550263,3.1408267029268653,3.14123126455203,3.1425432487473968
ans,J2,J3,Converge,Energy,Sigma,gap,L,A1,A3,B1,B2,B3,phiB1,phiB2,phiA3
3x3_1,0.3,0.07500000000000001,True,-0.4592479801987524,1.3645391489822184e-09,0.007858527873977611,0.6864944917457497,0.5140068534474288,0.141140715645967,0.13230973734009407,0.24046414086024936,0.11228970745203297,3.141751490058386,-0.0002055876949691868,-0.0027128810074190657
