ans,J2,J3,Converge,Energy,Sigma,gap,L,A1,A2,B1,B2,B3,phiB1,phiA2,phiB2
q0_1,0.07500000000000001,0.0,True,-0.47167554039230564,3.354342090390288e-09,0.002460374234320111,0.7265849714399248,0.5174059218703533,0.24003777779231728,0.1826906799355208,0.19357977859148567,0.0,3.1412814021877957,3.1440783204047102,3.140766014425759
ans,J2,J3,Converge,Energy,Sigma,gap,L,A1,A3,B1,B2,B3,phiB1,phiB2,phiA3
3x3_1,0.07500000000000001,0.0,True,-0.49783399738610923,1.708854082520591e-09,0.002237576681916844,0.7863904913249654,0.5334656986928908,0.0,0.16312501684497016,0.3476022064716969,0.0,3.141274685550787,-1.6544852220930635e-05,-0.0
ans,J2,J3,Converge,Energy,Sigma,gap,L,A1,A2,A3,B1,B2,phiA1,phiB1,phiA2,phiB2
cb1,0.07500000000000001,0.0,True,-0.47032334149800875,1.0688012336751132e-09,0.018530392372149852,0.7108436414148231,0.5120287277373211,0.06951197544687067,0.0,0.1504605411340675,0.25130470587992837,2.089584651132299,3.1416250881569936,4.173357545425403,5.313688872533048
