ans,J2,J3,Converge,Energy,Sigma,gap,L,A1,A2,B1,B2,B3,phiB1,phiA2,phiB2
q0_1,0.3,0.14999999999999997,True,-0.47616014520405214,2.045388434216584e-09,0.002177635752003397,0.7473237948712491,0.5207119433720314,0.31536248178260246,0.2074768908224395,0.20089355012574908,0.3212822402083518,3.141000804451659,3.14153896111771,3.1425241063156077
ans,J2,J3,Converge,Energy,Sigma,gap,L,A1,A3,B1,B2,B3,phiB1,phiB2,phiA3
3x3_1,0.3,0.14999999999999997,True,-0.4600013163445225,2.300484145715606e-09,0.010698821628599232,0.6882398928427822,0.51473209294782,0.15753702227076358,0.13306173579291417,0.24646233565877362,0.10813334760682722,3.1416610918838157,0.0001418838473622449,0.003697980439630758
ans,J2,J3,Converge,Energy,Sigma,gap,L,A1,A2,A3,B1,B2,phiA1,phiB1,phiA2,phiB2
cb1,0.3,0.14999999999999997,True,-0.4543727507773186,4.429463086933162e-09,0.005549727865460908,0.6785156648574482,0.510070793280648,0.12122486891127292,0.20467249256100678,0.15542685074005352,0.23361120964991666,1.9385940872539817,3.1456440338627436,4.065845656574124,5.230686496921211
