ans,J2,J3,Converge,Energy,Sigma,gap,L,A1,A2,B1,B2,B3,phiB1,phiA2,phiB2
q0_1,0.07500000000000001,0.14999999999999997,True,-0.46339389152038946,3.1022755400819522e-09,0.0033996991951133456,0.6982614415602927,0.5119303124019624,0.19186255088511503,0.16569543083365035,0.18073382793095177,0.2075092010655742,3.141209422084517,3.138380634961369,3.1429757422713203
ans,J2,J3,Converge,Energy,Sigma,gap,L,A1,A2,A3,B1,B2,phiA1,phiB1,phiA2,phiB2
cb1,0.07500000000000001,0.14999999999999997,True,-0.4803113863434182,4.3922937518668034e-09,0.0037444385151158928,0.7435546559029744,0.5180125723736672,0.11680923873343146,0.30210105445562785,0.17143317250223908,0.2979274466866775,1.9850285293175247,3.1421873144143224,4.0884511719030225,5.287501110679462
ans,J2,J3,Converge,Energy,Sigma,gap,L,A1,A3,B1,B2,B3,phiB1,phiB2,phiA3
3x3_1,0.07500000000000001,0.14999999999999997,True,-0.5021330925905575,1.5365355224661807e-09,0.0024025089249464613,0.7959386363125238,0.5336761777061867,0.2750756353199839,0.16425350497943103,0.35792101427955864,0.19416173827894956,3.1415078342708824,8.644338662003784e-05,0.00042306025648153307
