ans,J2,J3,Converge,Energy,Sigma,gap,L,A1,A2,B1,B2,B3,phiB1,phiA2,phiB2
q0_1,-0.07500000000000001,-0.15,True,-0.47741365660628654,4.84021593215249e-09,0.002162959469653158,0.7379579092086134,0.5142266195237659,0.21478638719681478,0.17275513753420135,0.19565835890992692,0.25071103976736187,3.1421803436841427,3.140993838315359,3.1406672876866617
