ans,J2,J3,Converge,Energy,Sigma,gap,L,A1,A2,B1,B2,B3,phiB1,phiA2,phiB2
q0_1,0.07500000000000001,-0.3,True,-0.5016339430586884,4.424817206474423e-10,0.001659515106458687,0.8193696945919868,0.5217307406475904,0.3278437767559619,0.21284984812728644,0.21633388506939663,0.3593020808272676,3.141548263165814,3.1413051771912865,3.1414671163275774
ans,J2,J3,Converge,Energy,Sigma,gap,L,A1,A3,B1,B2,B3,phiB1,phiB2,phiA3
3x3_1,0.07500000000000001,-0.3,True,-0.49563287728420213,2.8348950629555822e-09,0.0020278368676496868,0.7822920705965597,0.5299277362834035,0.19771959542202755,0.15920912629910983,0.3304649724078826,0.2064969797696045,3.1416758220746392,7.809437871611412e-05,0.000625130771964293
