ans,J2,J3,Converge,Energy,Sigma,gap,L,A1,A2,B1,B2,B3,phiB1,phiA2,phiB2
q0_1,0.14999999999999997,0.22500000000000003,True,-0.461092075336944,1.8183588827765846e-09,0.0035363810408769046,0.6937992349131747,0.5131425065800553,0.20447648639672575,0.17052975461187106,0.17963511230310814,0.21340217271435866,3.1410532194802934,3.143492774710641,3.1429563306137394
ans,J2,J3,Converge,Energy,Sigma,gap,L,A1,A2,A3,B1,B2,phiA1,phiB1,phiA2,phiB2
cb1,0.14999999999999997,0.22500000000000003,True,-0.4764354841193974,3.4576658754242027e-09,0.0033326973914321813,0.737785986573776,0.5182207749292541,0.13467929696991943,0.3182513419399678,0.17554844197708988,0.30152320353348466,1.9659386746307688,3.143870207151006,4.076746080907514,5.282153774612658
ans,J2,J3,Converge,Energy,Sigma,gap,L,A1,A3,B1,B2,B3,phiB1,phiB2,phiA3
3x3_1,0.14999999999999997,0.22500000000000003,True,-0.4872372208463074,5.926285063452429e-09,0.0034118699167063654,0.7565176492780249,0.5287180032437618,0.2605501539449573,0.1550971363642833,0.3311173541775743,0.16485860481142184,3.1415433457184876,-7.282708154475539e-06,-0.0016412052134315298
