ans,J2,J3,Converge,Energy,Sigma,gap,L,A1,A2,B1,B2,B3,phiB1,phiA2,phiB2
q0_1,-0.15,-0.07500000000000001,True,-0.47367567153763973,2.908254095655165e-09,0.0028237106665892357,0.721738720555953,0.5078944919960607,0.16589699042877692,0.15419926165482906,0.18712814816360665,0.20257544800773927,3.142075572719509,3.145013964002904,3.1397917772403647
ans,J2,J3,Converge,Energy,Sigma,gap,L,A1,A2,A3,B1,B2,phiA1,phiB1,phiA2,phiB2
cb1,-0.15,-0.07500000000000001,True,-0.4985279294685596,1.7904341033389553e-09,0.005196437384831382,0.7825219969737967,0.515382102039712,0.06484970463483504,0.2722324916504957,0.16297458863289568,0.30128577762619246,2.0348949663780056,3.1427221323745975,4.21060989056717,5.305157893686962
ans,J2,J3,Converge,Energy,Sigma,gap,L,A1,A3,B1,B2,B3,phiB1,phiB2,phiA3
3x3_1,-0.15,-0.07500000000000001,True,-0.5628644144850549,4.766288433015379e-09,0.0015520391578009772,0.9515983887871828,0.5386977013448376,0.3059616587444878,0.1828904389607186,0.4146580467508147,0.2533071226821642,3.1416282239629,7.831914893849147e-05,0.0038022885259055357
