ans,J2,J3,Converge,Energy,Sigma,gap,L,A1,A2,B1,B2,B3,phiB1,phiA2,phiB2
q0_1,-0.22499999999999998,-0.07500000000000001,True,-0.47527659592487087,2.087315791342338e-09,0.0029833239291970387,0.723573421284137,0.5044540689291023,0.1448504186179284,0.14551756149404496,0.1857379221427071,0.18559320203724936,3.1418640673386666,3.144226696394137,3.1410505631334957
ans,J2,J3,Converge,Energy,Sigma,gap,L,A1,A2,A3,B1,B2,phiA1,phiB1,phiA2,phiB2
cb1,-0.22499999999999998,-0.07500000000000001,True,-0.5123516221387129,2.347480760345914e-09,0.003967970747101096,0.8181493867066006,0.5152792334572474,0.06663338221116859,0.2981249920323553,0.16719815470900418,0.3193513023409777,2.018753321812176,3.1440998912587133,4.217797745012327,5.305745006593032
ans,J2,J3,Converge,Energy,Sigma,gap,L,A1,A3,B1,B2,B3,phiB1,phiB2,phiA3
3x3_1,-0.22499999999999998,-0.07500000000000001,True,-0.5895692962935822,6.590049138892023e-10,0.0014634474093598749,1.0155114158031209,0.5381560839760787,0.32073036536128824,0.18682180297126239,0.4285159094815457,0.2639414727638702,3.1415641838376946,7.472382810647357e-05,-0.0008186421696895481
