ans,J2,J3,Converge,Energy,Sigma,gap,L,A1,A2,B1,B2,B3,phiB1,phiA2,phiB2
q0_1,-0.3,0.07500000000000001,True,-0.4738011990639275,3.187359885393693e-09,0.003864955655647277,0.7160976269259717,0.4987379337416196,0.10759360555016434,0.13105184080869955,0.17909199473058715,0.1477424061796625,3.141623904197736,3.147187965676427,3.141135218705349
ans,J2,J3,Converge,Energy,Sigma,gap,L,A1,A2,A3,B1,B2,phiA1,phiB1,phiA2,phiB2
cb1,-0.3,0.07500000000000001,True,-0.5458448955619963,2.056703612900712e-09,0.0026581182017877698,0.9030195589668536,0.515253771894078,0.08772715254073307,0.37495528817103163,0.18236274219924942,0.3546351713544221,1.9779827423377243,3.1461953434849397,4.210258961500312,5.307846965118535
ans,J2,J3,Converge,Energy,Sigma,gap,L,A1,A3,B1,B2,B3,phiB1,phiB2,phiA3
3x3_1,-0.3,0.07500000000000001,True,-0.6241828250778796,5.128586527821974e-09,0.0014675669486891715,1.093251216204259,0.5363547347598101,0.34829426143549985,0.1895147466890472,0.4415463207261762,0.26895119570104703,3.1417129060446864,2.4435813425434088e-05,-0.0024047359549273497
