ans,J2,J3,Converge,Energy,Sigma,gap,L,A1,A2,B1,B2,B3,phiB1,phiA2,phiB2
q0_1,0.3,0.3,True,-0.4632248237810607,2.4707929872631164e-09,0.003068035400230491,0.7060772433962761,0.5176105185081095,0.2641962197921303,0.190787732949705,0.18657127772178986,0.26342302988248323,3.1406995550006545,3.142094417416034,3.141906784194741
ans,J2,J3,Converge,Energy,Sigma,gap,L,A1,A2,A3,B1,B2,phiA1,phiB1,phiA2,phiB2
cb1,0.3,0.3,True,-0.4640620147531583,1.473681116557268e-09,0.00323979871861664,0.7106736644487928,0.5160152078866896,0.15616804629176845,0.30371143113118854,0.17539026551468434,0.28654632336332403,1.934996332304563,3.14794571078806,4.0480901918546595,5.2647695489316835
ans,J2,J3,Converge,Energy,Sigma,gap,L,A1,A3,B1,B2,B3,phiB1,phiB2,phiA3
3x3_1,0.3,0.3,True,-0.46321673083842957,2.881303312460422e-09,0.03445640631686045,0.6970195528272926,0.5159178174919972,0.20541370537417994,0.13483527752779298,0.2654737290141496,0.10205851377530331,3.1415590151199337,0.0004179402643716838,-0.0005702505553600248
