ans,J2,J3,Converge,Energy,Sigma,gap,L,A1,A2,B1,B2,B3,phiB1,phiA2,phiB2
q0_1,0.07500000000000001,0.07500000000000001,True,-0.4670488723127964,2.549124670830263e-09,0.0028798930325778637,0.7108031355207911,0.5147605664672821,0.2150160749168942,0.17389288899595576,0.18707125820977405,0.23421291519438578,3.1417604128309207,3.142907373459314,3.1398456374526287
ans,J2,J3,Converge,Energy,Sigma,gap,L,A1,A2,A3,B1,B2,phiA1,phiB1,phiA2,phiB2
cb1,0.07500000000000001,0.07500000000000001,True,-0.4744307094340189,5.440431915371921e-09,0.005479736112554061,0.7248012848303976,0.5157397989352336,0.09677898824501675,0.25670029250766774,0.16202219230258424,0.2758053837080181,2.0134866741650246,3.141888189444118,4.128875919595467,5.286242366645968
ans,J2,J3,Converge,Energy,Sigma,gap,L,A1,A3,B1,B2,B3,phiB1,phiB2,phiA3
3x3_1,0.07500000000000001,0.07500000000000001,True,-0.49965188851448383,2.670808416511546e-09,0.0023105697008619585,0.7904429127777689,0.5337891481581566,0.25903145246363646,0.1638292881991865,0.3527267742382137,0.19633262985241415,3.14160292058783,0.0007882114118973272,0.0008771229554915462
