ans,J2,J3,Converge,Energy,Sigma,gap,L,A1,A2,B1,B2,B3,phiB1,phiA2,phiB2
q0_1,-0.15,0.14999999999999997,True,-0.4667365977046396,1.6053001863537135e-09,0.004315192053712622,0.699131334152264,0.5020398352334845,0.12312120161169665,0.13885055462578968,0.17477489698382842,0.15078083311589907,3.141782254256616,3.145269910546978,3.1421374775018736
ans,J2,J3,Converge,Energy,Sigma,gap,L,A1,A2,A3,B1,B2,phiA1,phiB1,phiA2,phiB2
cb1,-0.15,0.14999999999999997,True,-0.5223120744741429,4.160875375926159e-09,0.0026832071719011916,0.8480626782940249,0.5178073144491712,0.09791111505385339,0.3730727997524084,0.1836509614372549,0.34410874839552585,1.9755006526556982,3.1439505827240963,4.205979238332873,5.3041975821582765
ans,J2,J3,Converge,Energy,Sigma,gap,L,A1,A3,B1,B2,B3,phiB1,phiB2,phiA3
3x3_1,-0.15,0.14999999999999997,True,-0.5719862197170605,2.839473438349932e-09,0.001673789782220053,0.9693455080057827,0.5374528079676069,0.33692125093873904,0.18264407574282518,0.42090938151328244,0.24724575331471554,3.141387283663591,0.00027666315857794826,0.0004401647689180452
