ans,J2,J3,Converge,Energy,Sigma,gap,L,A1,A2,B1,B2,B3,phiB1,phiA2,phiB2
q0_1,0.0,0.22500000000000003,True,-0.4612853024038543,8.514030109382175e-11,0.004666851913502435,0.6876426319757869,0.5057460021490053,0.0,0.14887222550993412,0.0,0.16254240649670543,3.141501016585948,0.0,0.0
