ans,J2,J3,Converge,Energy,Sigma,gap,L,A1,A2,B1,B2,B3,phiB1,phiA2,phiB2
q0_1,-0.3,-0.22499999999999998,True,-0.4830496175630944,2.654454099528776e-09,0.0023843112672398835,0.7452158269042971,0.5046984485047746,0.15507431509194822,0.1481256221301656,0.19303449844920734,0.20619707049381142,3.141646922826742,3.1450819272648864,3.1407306302172247
ans,J2,J3,Converge,Energy,Sigma,gap,L,A1,A2,A3,B1,B2,phiA1,phiB1,phiA2,phiB2
cb1,-0.3,-0.22499999999999998,True,-0.5151272549214735,2.8330742348925364e-09,0.006008934848715252,0.8240208917143764,0.5108238755950608,0.04448864333135164,0.26063210538908066,0.15606252391545686,0.31209477886189513,2.0604560144299175,3.1438751513785803,4.243834448336337,5.317729823867398
ans,J2,J3,Converge,Energy,Sigma,gap,L,A1,A3,B1,B2,B3,phiB1,phiB2,phiA3
3x3_1,-0.3,-0.22499999999999998,True,-0.6133193341211097,1.410011702561889e-09,0.0013396443507218152,1.0723711977464765,0.5369562224006382,0.3161777036139398,0.18963809303318363,0.436100745365669,0.2747401767053449,3.141612098318655,-0.00010959005863960856,0.0003909011362175227
