ans,J2,J3,Converge,Energy,Sigma,gap,L,A1,A2,B1,B2,B3,phiB1,phiA2,phiB2
q0_1,-0.15,-0.22499999999999998,True,-0.4812532252272269,3.747770374190864e-09,0.002107311713926144,0.7464828927039319,0.5123837228995058,0.20459385334466298,0.16835645298507806,0.1972094923506683,0.2472757082107949,3.1414777342195306,3.1425818838869843,3.140474530726245
ans,J2,J3,Converge,Energy,Sigma,gap,L,A1,A3,B1,B2,B3,phiB1,phiB2,phiA3
3x3_1,-0.15,-0.22499999999999998,True,-0.5593832065136234,3.5106329263114436e-09,0.0014914019501871207,0.9439749234744629,0.5381823633684589,0.287090895436177,0.18214263120041596,0.409423822216501,0.25550591431035363,3.1414034194313123,-0.00022153776757086026,-0.0003138846238039721
ans,J2,J3,Converge,Energy,Sigma,gap,L,A1,A2,A3,B1,B2,phiA1,phiB1,phiA2,phiB2
cb1,-0.15,-0.22499999999999998,True,-0.49008102087670313,2.009115786695574e-09,0.0462673260387183,0.758383766656365,0.5103559605247079,0.03535465896507296,0.2002254766101635,0.14685207734759587,0.2687885750486016,2.160298865137413,3.141984962419406,4.258809807403304,5.3551332050282365
