ans,J2,J3,Converge,Energy,Sigma,gap,L,A1,A2,B1,B2,B3,phiB1,phiA2,phiB2
q0_1,-0.3,0.22500000000000003,True,-0.47099432885617093,5.003531098201776e-09,0.0048156035665997445,0.7072572869449735,0.4965336994439815,0.09180478402825455,0.1255792940331667,0.17370474762130952,0.12670604368005406,3.1411951747224434,3.1495138210425826,3.1415963682362142
ans,J2,J3,Converge,Energy,Sigma,gap,L,A1,A2,A3,B1,B2,phiA1,phiB1,phiA2,phiB2
cb1,-0.3,0.22500000000000003,True,-0.5698889556606924,3.3669906958008755e-09,0.0024074367645256466,0.9603352144431949,0.5133838792302431,0.10372806999744791,0.42364338475159735,0.19173265007641097,0.3705097827034065,1.9606557198463044,3.147067516201194,4.206118003675375,5.310720627312873
ans,J2,J3,Converge,Energy,Sigma,gap,L,A1,A3,B1,B2,B3,phiB1,phiB2,phiA3
3x3_1,-0.3,0.22500000000000003,True,-0.6325920586887374,2.4612525595846765e-09,0.001551465743545053,1.1077327220053124,0.5346385903757435,0.3654090365527514,0.18849350895014078,0.4428518979548019,0.26453015635860144,3.141768550065703,5.0287949247880334e-05,0.00040984797931413827
