ans,J2,J3,Energy,Sigma,gap,L,A1,A2,A3,B1,B2,phiA1
cb1,-0.07500000000000001,-0.15,-0.46546751033307293,1.309803423145839e-08,0.01602674670301858,0.6976080488285165,0.5119721627004967,0.029999863217381302,0.21480642906380484,0.16507048187392326,0.13671216697020055,2.0322471338512877
A1,A2,A3,B1,B2,phiA1
3.66168206866746,-0.34716673980028645,-0.4407030296249559,-6.243783268189418,0.2769451334927453,0.04004907516730327
ans,J2,J3,Energy,Sigma,gap,L,A1,A3,B1,B2,B3
3x3,-0.07500000000000001,-0.15,-0.4792954117975661,5.377170570002903e-09,0.005377752839381497,0.7398351863495527,0.5191432284021559,0.25198729942781434,0.18527516966223687,0.3231432436600595,0.13565124114899413
A1,A3,B1,B2,B3
4.06286115861576,-0.37336800318144014,-5.431766147978578,0.2560174294785611,0.27911006839076435
ans,J2,J3,Energy,Sigma,gap,L,A1,A2,B1,B2,B3
q0,-0.07500000000000001,-0.15,-0.47602958576417254,7.847465942993462e-09,0.002171115228029819,0.7369217206180285,0.5173790937839924,0.2312466598653391,0.18457853376134647,0.19839000460050127,0.2702081856149594
A1,A2,B1,B2,B3
4.741762538174044,-0.386690679476942,-6.545208819375148,0.29187763317395365,0.22393198406689407
