ans,J2,J3,Energy,Sigma,gap,L,A1,A2,A3,B1,B2,phiA1
cb1,0.3,-0.22499999999999998,-0.45564045713653717,1.5740696903777943e-05,0.02395879428089455,0.6714117833446136,0.5040490625388392,0.03259525487180359,0.143804585408019,0.15000834573797234,0.07338458912429147,1.8176833512492807
A1,A2,A3,B1,B2,phiA1
3.3627545192871366,0.5682676551543864,-0.9046652316158088,-7.001399460193625,-2.1111445924759664,1.6653345369377346e-06
ans,J2,J3,Energy,Sigma,gap,L,A1,A3,B1,B2,B3
3x3,0.3,-0.22499999999999998,-0.4369582076563014,1.4162425984036359e-08,0.0951523213126399,0.629759417702491,0.49304872560769164,0.0619477320398081,0.12871629599032258,0.16200022291122523,0.04803697951379043
A1,A3,B1,B2,B3
3.111400026512001,-0.9098277686803158,-7.180256389460737,-2.943867372096065,0.38757885789664215
ans,J2,J3,Energy,Sigma,gap,L,A1,A2,B1,B2,B3
q0,0.3,-0.22499999999999998,-0.5309821264520171,1.1910676606072789e-08,0.0017336131291586265,0.8960716491777608,0.5185048114530424,0.39466158549098296,0.23399246103141472,0.22377025204431256,0.41797764826589456
A1,A2,B1,B2,B3
3.975153539670373,0.48983039846461907,-6.918132733346738,-0.6933342788784103,0.3622657729351886
