ans,J2,J3,Energy,Sigma,gap,L,A1,A2,A3,B1,B2,phiA1
cb1,0.0,0.3,-0.4720401704474519,9.369680092892415e-10,0.11361806006418759,0.7143713680238971,0.4907229633391212,0.0,-0.2706414510424721,0.12559060079173331,0.0,0.0003375895534051397
A1,A2,A3,B1,B2,phiA1
3.794908831622479,0.0,0.3063105324940807,-4.586553359331447,0.0,0.05959510662734112
ans,J2,J3,Energy,Sigma,gap,L,A1,A3,B1,B2,B3
3x3,0.0,0.3,-0.4958094185553633,2.150329900267259e-08,0.007020907946158049,0.7810741468105074,0.5152245908333292,0.36153103609463655,0.18689686777351525,0.0,0.1225177367220593
A1,A3,B1,B2,B3
3.8624659026709196,0.4440892098500626,-5.409006575973763,0.0,-0.7427392034742297
ans,J2,J3,Energy,Sigma,gap,L,A1,A2,B1,B2,B3
q0,0.0,0.3,-0.45608859036181915,5.3054016741187115e-09,0.005062098747470194,0.6741989234450907,0.5056920527555363,0.0,0.15514151770977805,0.0,0.1551950502109544
A1,A2,B1,B2,B3
3.53855833523653,-0.0,-6.972256105797214,0.0,-1.2557732631535146
