ans,J2,J3,Energy,Sigma,gap,L,A1,A2,A3,B1,B2,phiA1
cb1,-0.3,0.14999999999999997,-0.5067686420845595,2.705119720986063e-08,0.002413088417655581,0.8166357087267584,0.5199891670903094,0.028484150020429144,0.3947765870884916,0.19939728152674574,0.19429726918389734,1.95816796542846
A1,A2,A3,B1,B2,phiA1
4.902300787534841,-1.6232570843044414,5.88773474419213,-3.270272941335861,2.7432500715462993,0.2228794926395494
ans,J2,J3,Energy,Sigma,gap,L,A1,A3,B1,B2,B3
3x3,-0.3,0.14999999999999997,-0.5728374836007152,1.8921059863858903e-08,0.003279863952838061,0.9757280040081753,0.5198490711273561,0.4008249944974324,0.21863791644661343,0.42644185099827286,0.18638046513350606
A1,A3,B1,B2,B3
2.8961277820371834,0.1346700528870315,-1.4813705817573464,2.66076050081665,-0.219824158875781
ans,J2,J3,Energy,Sigma,gap,L,A1,A2,B1,B2,B3
q0,-0.3,0.14999999999999997,-0.46761328228047105,1.510507235669332e-08,0.004164877192110386,0.698400282292252,0.49965013431627997,0.11033402674263604,0.14099351162055124,0.1748695804978179,0.14110659758493563
A1,A2,B1,B2,B3
3.1091240693115196,-3.692879335659427,-8.211598068186277,1.3206102877916237,-0.47667425562281096
