ans,J2,J3,Energy,Sigma,gap,L,A1,A2,A3,B1,B2,phiA1
cb1,-0.15,0.3,-0.49196710391366316,3.742283874290478e-09,0.016773245288148577,0.7760916821930833,0.4768208096455926,0.0034224681876911184,-0.3657487567128893,0.11289602416924084,-0.2745939991176566,0.0006488588096322555
A1,A2,A3,B1,B2,phiA1
3.6330938257833623,-0.8449907440422066,0.33595348725157237,-4.399702824287033,0.5687672555154677,0.07865152973351996
ans,J2,J3,Energy,Sigma,gap,L,A1,A3,B1,B2,B3
3x3,-0.15,0.3,-0.5404366277100695,1.5855721542934924e-08,0.004272137261406597,0.8922795590996606,0.516869010255005,0.4025758881149136,0.20519945456065244,0.40525081210542074,0.15960684963320443
A1,A3,B1,B2,B3
3.6768366129535934,0.5078160114635466,-3.956168725949283,0.5357936316841005,-0.43720582709738665
ans,J2,J3,Energy,Sigma,gap,L,A1,A2,B1,B2,B3
q0,-0.15,0.3,-0.4597483990277938,6.6801332779257825e-09,0.005382680213787811,0.6797503825844207,0.5008987771511116,0.11367824727749633,0.14387555076539935,0.16818771891649809,0.1322238898032061
A1,A2,B1,B2,B3
3.198552533945076,-1.2051470932306074,-7.733258478026528,0.560218538225854,-1.3141709942487978
