ans,J2,J3,Energy,Sigma,gap,L,A1,A2,A3,B1,B2,phiA1
cb1,0.14999999999999997,-0.07500000000000001,-0.46247806839555344,1.4669036244342291e-08,0.007897358786786185,0.691150333407469,0.5113161753087111,0.037326888865652774,0.21482121935149984,0.16355862612024144,0.11382778347980956,1.889338483929867
A1,A2,A3,B1,B2,phiA1
3.637978807091713,0.4324318680914985,-0.1872946242542639,-6.388778395205463,-0.74495964952348,0.05661138224866135
ans,J2,J3,Energy,Sigma,gap,L,A1,A3,B1,B2,B3
3x3,0.14999999999999997,-0.07500000000000001,-0.44840627588512855,3.966603950570684e-09,0.053556745466691466,0.6548199963713667,0.5035149655508512,0.13848265461939288,0.147157388089178,0.21781897697720518,0.06784742510596145
A1,A3,B1,B2,B3
3.404609927315505,-0.18957058145474548,-6.709854893927059,-0.9823808433395698,0.14060974606877608
ans,J2,J3,Energy,Sigma,gap,L,A1,A2,B1,B2,B3
q0,0.14999999999999997,-0.07500000000000001,-0.4838808324059839,2.0823934359577166e-08,0.0019933433994830147,0.7709006710669266,0.5237831178447332,0.31396115482127884,0.21221895149783226,0.20889621445264828,0.34218096642949636
A1,A2,B1,B2,B3
0.46629367034256575,0.8917311333789257,-4.133249298376995,-2.9274360713316128,0.013766765505351941
