ans,J2,J3,Energy,Sigma,gap,L,A1,A2,A3,B1,B2,phiA1
cb1,0.22500000000000003,0.07500000000000001,-0.4695273892813293,1.4007710269421665e-08,0.004155586235192335,0.7141228151512397,0.5155762691978343,0.05735835797971891,0.2785429518519447,0.17453605313700205,0.13727081820572415,1.9146510529825733
A1,A2,A3,B1,B2,phiA1
3.6533553959827714,0.7215894548551205,0.235755859279152,-5.704603456280211,-1.1238232566768147,0.09481138096845142
ans,J2,J3,Energy,Sigma,gap,L,A1,A3,B1,B2,B3
3x3,0.22500000000000003,0.07500000000000001,-0.44390002060066236,1.0947462314917008e-08,0.09351949822815525,0.6439733999534448,0.5014528020464886,0.13880200811021107,0.14237872647939062,0.20906383084599905,0.055876247068204245
A1,A3,B1,B2,B3
3.4518499170133055,0.11224354778960333,-6.402711694164509,-1.6426304760841504,-0.157818202950466
ans,J2,J3,Energy,Sigma,gap,L,A1,A2,B1,B2,B3
q0,0.22500000000000003,0.07500000000000001,-0.4751589673267308,1.4597289151602851e-08,0.0023045056497728506,0.7457198100109769,0.5231526116114257,0.30594542458736096,0.20955340638974984,0.2028049938239418,0.32607443404006453
A1,A2,B1,B2,B3
3.7854164247619337,0.9103828801926284,-5.253131263316391,-0.7285283487590277,-0.06905587213168474
