ans,J2,J3,Energy,Sigma,gap,L,A1,A2,A3,B1,B2,phiA1
cb1,-0.15,-0.3,-0.46315430849218503,9.833211945869449e-06,0.08618052839074393,0.6894783524461738,0.5068075047752337,0.026911688829435843,0.16064496421800167,0.15570818812485937,0.14159803669051885,2.205561773518562
A1,A2,A3,B1,B2,phiA1
3.7140845954297674,-0.7821521208484228,-1.070254995738651,-5.757838650310987,0.5334621633323877,5.551115123125783e-07
ans,J2,J3,Energy,Sigma,gap,L,A1,A3,B1,B2,B3
3x3,-0.15,-0.3,-0.4892306459800063,2.2643082473288327e-09,0.004220949019488035,0.767126447338065,0.5201929407873995,0.254111030363192,0.19210987344577904,0.33775036965428,0.15279946879479872
A1,A3,B1,B2,B3
4.32320845789036,-0.7841505222927481,-6.356137838281484,0.48128168117500536,0.5362377208939506
ans,J2,J3,Energy,Sigma,gap,L,A1,A2,B1,B2,B3
q0,-0.15,-0.3,-0.4855190098250074,1.0487930186507601e-08,0.0018373632333898986,0.7633766733088924,0.5177983137532063,0.2442618960290508,0.18849582728170203,0.2049964090774017,0.2924304282627782
A1,A2,B1,B2,B3
4.418465593403198,-1.8285373215576328,-5.799249969129505,3.6635139366580916,0.24802382370125997
