ans,J2,J3,Energy,Sigma,gap,L,A1,A2,A3,B1,B2,phiA1
cb1,-0.07500000000000001,-0.07500000000000001,-0.46953697521279997,7.530536964489372e-09,0.006683594048117475,0.7105637315047919,0.5150801334516474,0.030175836736799598,0.25131881095589775,0.17227930163296504,0.1447248260682412,1.9936158079328958
A1,A2,A3,B1,B2,phiA1
3.7125857943465235,-0.34533487180965494,-0.1784683512084939,-5.935141267343624,0.27966517990307693,0.07080835917605555
ans,J2,J3,Energy,Sigma,gap,L,A1,A3,B1,B2,B3
3x3,-0.07500000000000001,-0.07500000000000001,-0.48306849777373506,1.748343384335391e-08,0.005248629701361441,0.7503465678120496,0.5203441923350388,0.27375130938692815,0.18860295988453474,0.3350390120678242,0.13856469187532056
A1,A3,B1,B2,B3
3.831379657981415,-0.1659783421814609,-5.214495502059435,0.26267876762631204,0.1447730824111204
ans,J2,J3,Energy,Sigma,gap,L,A1,A2,B1,B2,B3
q0,-0.07500000000000001,-0.07500000000000001,-0.47108828147509924,1.4061461329520836e-08,0.002482805003638408,0.7205205717248573,0.5148875188474666,0.2087252041999823,0.17686215587551896,0.1919796524894759,0.24378061056097433
A1,A2,B1,B2,B3
6.738221092206231,-0.6697975507563569,-5.587752482938413,0.2371991492111647,0.07027711745877241
