ans,J2,J3,Energy,Sigma,gap,L,A1,A2,A3,B1,B2,phiA1
cb1,-0.22499999999999998,0.14999999999999997,-0.5013499393723201,2.3365834978112542e-08,0.002525069537226893,0.8025724262290211,0.5200428312119632,0.02954052775540038,0.38640480746708267,0.1971991627605299,0.1899502530204797,1.955316928664617
A1,A2,A3,B1,B2,phiA1
4.309885781594858,-1.213473765915296,1.0587086762825493,-4.685585253128011,0.8832934383917745,0.14950485294207283
ans,J2,J3,Energy,Sigma,gap,L,A1,A3,B1,B2,B3
3x3,-0.22499999999999998,0.14999999999999997,-0.5464145082435189,1.531164381224886e-08,0.0036011482062232206,0.9121394687788763,0.5209059691184665,0.38694711521997566,0.21281536132104284,0.4124185963681451,0.1752247327325067
A1,A3,B1,B2,B3
3.2408520311832945,0.2728928194528635,-5.775380174100064,0.18818280267396403,-0.35782488083668795
ans,J2,J3,Energy,Sigma,gap,L,A1,A2,B1,B2,B3
q0,-0.22499999999999998,0.14999999999999997,-0.46504505228696397,4.745188645250248e-09,0.004161807739472757,0.6933539539116704,0.501822726938669,0.12119734301225105,0.14554726033415544,0.17443973857877984,0.14872488373138873
A1,A2,B1,B2,B3
3.149702720861569,-2.1236346015029994,-7.70555841356213,0.7734923812563466,-0.4193867475521529
