ans,J2,J3,Energy,Sigma,gap,L,A1,A2,A3,B1,B2,phiA1
cb1,0.07500000000000001,0.07500000000000001,-0.47499658669011724,4.4637803362234514e-09,0.0038512777130425124,0.7295255336577006,0.5178145777227617,0.05090856568840619,0.3049513171632229,0.18039395557348964,0.15315554918971935,1.9364117303539432
A1,A2,A3,B1,B2,phiA1
3.778977131219108,0.26201263381153694,0.12934098236883074,-5.562994509489272,-0.40545344859310717,0.10790701665541745
ans,J2,J3,Energy,Sigma,gap,L,A1,A3,B1,B2,B3
3x3,0.07500000000000001,0.07500000000000001,-0.4618498793219013,1.6625792172884286e-09,0.015312835414185091,0.69081996449593,0.5128871064149351,0.23239006904344509,0.16681867944084128,0.2829363627202394,0.0931031765627213
A1,A3,B1,B2,B3
3.680833415842244,0.12589929099249275,-6.06115158063858,-0.3661515535213766,-0.16109336087311021
ans,J2,J3,Energy,Sigma,gap,L,A1,A2,B1,B2,B3
q0,0.07500000000000001,0.07500000000000001,-0.46527357290694016,3.585102692370481e-09,0.0027766984206369933,0.7085562789664748,0.517452283551362,0.2277224171368154,0.18427431466914576,0.18946073638058838,0.25066227070514907
A1,A2,B1,B2,B3
2.795486064854913,1.0406675521323905,-5.922096146804279,-0.31624702856447584,-0.18313128791191957
