ans,J2,J3,Energy,Sigma,gap,L,A1,A2,A3,B1,B2,phiA1
cb1,-0.07500000000000001,0.3,-0.4812823703396175,1.5705392030217113e-08,0.04703953552166101,0.7422113616857295,0.4842696735740466,-0.014831443752838841,-0.3192733077517042,0.11891545754355516,-0.25830117403780267,0.0009644175832993045
A1,A2,A3,B1,B2,phiA1
3.66962016329353,-0.33995029014022293,0.27911006839076435,-4.538036613155327,0.2901012763345534,0.07047251671110644
ans,J2,J3,Energy,Sigma,gap,L,A1,A3,B1,B2,B3
3x3,-0.07500000000000001,0.3,-0.5168815221860351,1.784098490453031e-08,0.005148975724995017,0.8343521630393282,0.5165182840449792,0.385451330503266,0.19691745071179728,0.3861214363972016,0.14294020941135283
A1,A3,B1,B2,B3
3.301470208327828,0.4000133557724439,-5.030753591483972,0.23214763444912023,-0.928812582401406
ans,J2,J3,Energy,Sigma,gap,L,A1,A2,B1,B2,B3
q0,-0.07500000000000001,0.3,-0.45765805905015905,7.1588198961969415e-09,0.005301148581352777,0.6761019267633945,0.5030786282496895,0.12665567911666048,0.14890567310722372,0.16842866470765103,0.1418189155369867
A1,A2,B1,B2,B3
3.3039126989820033,-0.4376499163072367,-7.36527505651452,0.2902678097882472,-1.303457342061165
