ans,J2,J3,Energy,Sigma,gap,L,A1,A2,A3,B1,B2,phiA1
cb1,0.22500000000000003,0.14999999999999997,-0.4763068650187987,1.722330039706457e-08,0.0033277623687790925,0.7349503585365104,0.517483429939024,0.06740515773714836,0.3222830411417161,0.18180870686982228,0.15461209440722126,1.937363347110114
A1,A2,A3,B1,B2,phiA1
4.465872116554692,0.9073852780261404,0.8516520821899576,-5.394573676653636,-1.4476198018087416,0.11739720306991329
ans,J2,J3,Energy,Sigma,gap,L,A1,A3,B1,B2,B3
3x3,0.22500000000000003,0.14999999999999997,-0.44537837817559156,4.175230494793672e-09,0.09175604793544603,0.6476919413945815,0.5032352662236089,0.1643938877360813,0.1454413924232882,0.22300105354485,0.05603094241265544
A1,A3,B1,B2,B3
3.528011216502591,0.1667554982986985,-6.199207813750718,-1.5595857938421887,-0.3330113962363157
ans,J2,J3,Energy,Sigma,gap,L,A1,A2,B1,B2,B3
q0,0.22500000000000003,0.14999999999999997,-0.46787374040643315,1.6541664800016923e-08,0.002618282278604679,0.7225684184601867,0.5216815181670819,0.280684226825626,0.2017449509689785,0.19596952102725795,0.29707745928203244
A1,A2,B1,B2,B3
3.7565506261216797,0.11257661469699087,-4.978462087024127,-1.1151080059335072,-0.9265921363521556
