ans,J2,J3,Energy,Sigma,gap,L,A1,A2,A3,B1,B2,phiA1
cb1,-0.3,-0.3,-0.4691606361968204,9.398638884144494e-05,0.06790202243035137,0.7047081996147546,0.5088054390323068,0.023778883367753384,0.17742127110246567,0.16156312265256914,0.1503464678871968,2.1689933949122486
A1,A2,A3,B1,B2,phiA1
3.728239938993738,-1.9222956559872273,-1.071143174158351,-5.698719274249697,0.9690581670440679,6.661338147750938e-06
ans,J2,J3,Energy,Sigma,gap,L,A1,A3,B1,B2,B3
3x3,-0.3,-0.3,-0.529885955762521,1.1721231005138951e-08,0.003023915980281993,0.87487742083445,0.5232555226905561,0.31705846149616723,0.2127765625672165,0.39352285116728514,0.1840251844745518
A1,A3,B1,B2,B3
3.703481965544597,-0.11002310174035301,-5.21471754666436,0.6203926261605375,0.6225020499073253
ans,J2,J3,Energy,Sigma,gap,L,A1,A2,B1,B2,B3
q0,-0.3,-0.3,-0.48362706563582836,1.0230082130263415e-08,0.0020520744762335392,0.7488835290692284,0.5102882589124076,0.18988605209718346,0.16834549448576114,0.19806210537681035,0.24210068801090243
A1,A2,B1,B2,B3
3.3898439610879905,-0.6796785356755208,-6.431521981653532,1.7451595724082836,0.8436584764126565
