ans,J2,J3,Energy,Sigma,gap,L,A1,A2,A3,B1,B2,phiA1
cb1,0.07500000000000001,0.0,-0.46892858914783386,1.3982160871186866e-08,0.005175131387602464,0.710702449120295,0.5155359478633293,0.043316894481826594,0.0,0.1732669183759443,0.13838344491603016,1.9317092795331758
A1,A2,A3,B1,B2,phiA1
3.776257084808776,0.2567945855957987,0.0,-5.898725952135919,-0.3234079670733081,0.0861077875669025
ans,J2,J3,Energy,Sigma,gap,L,A1,A3,B1,B2,B3
3x3,0.07500000000000001,0.0,-0.45889972220449166,1.2949347778811904e-10,0.016519605185595164,0.6825330077736905,0.5112778742528427,0.0,0.1630612865273564,0.26746019477857047,0.0
A1,A3,B1,B2,B3
3.619438082580473,-0.0,-6.268430219336096,-0.37680969455777813,0.0
ans,J2,J3,Energy,Sigma,gap,L,A1,A2,B1,B2,B3
q0,0.07500000000000001,0.0,-0.47056303508082475,3.733301671506882e-09,0.002397191870795266,0.7263110192282023,0.5200863044502867,0.2529876974011727,0.192633917760896,0.19650813211071613,0.0
A1,A2,B1,B2,B3
3.9844794130772243,0.43798298321462426,-5.9080518255427705,-0.49027448767446913,0.0
