ans,J2,J3,Energy,Sigma,gap,L,A1,A3,B1,B2,B3
3x3,-0.07500000000000001,0.07500000000000001,-0.49333866027691065,6.744568222080037e-10,0.005070640863473155,0.7778480697909999,0.5211690560850263,0.31960809792731276,0.19416582480368924,0.35920079922938714,0.14214895828716342
A1,A3,B1,B2,B3
5.061395746963626,11.373013641957641,-20.70044136104343,8.989475830389893,-3.1897817720505373
ans,J2,J3,Energy,Sigma,gap,L,A1,A2,B1,B2,B3
q0,-0.07500000000000001,0.07500000000000001,-0.46395988295751894,6.403154594134998e-10,0.003318990346351825,0.6966940362994175,0.5095490420303961,0.16788730679538308,0.16305049613558062,0.18103353257146965,0.19460013577049065
A1,A2,B1,B2,B3
4.553801780105005,-12.865153387053851,-5.010769577040719,20.2697303386401,-4.253986052304981
ans,J2,J3,Energy,Sigma,gap,L,A1,A2,A3,B1,B2,phiA1
cb1,-0.07500000000000001,0.07500000000000001,-0.48208717583194416,5.119297981671073e-10,0.006264806496054557,0.7491540096046135,0.5192893994334734,0.043741563045697596,0.3287561377690316,0.18611010686579593,0.16758804542161915,1.9528610023087423
A1,A2,A3,B1,B2,phiA1
7.982725591659801,-11.822764989233292,4.621747429212064,-3.2431834995350073,7.0601302581962955,1.5056689228742923
