ans,J2,J3,Converge,Energy,Sigma,gap,L,A1,A3,B1,B2,B3,phiA3
3x3_1,0.22500000000000003,0.22500000000000003,True,-0.4475936450016651,1.0678478191203461e-09,0.08899373552496816,0.6537236339629017,0.5049880433794509,0.1980405882520939,0.14901265507950484,0.2409222376207297,0.057145123755597785,6.283105294441804
ans,J2,J3,Converge,Energy,Sigma,gap,L,A1,A2,B1,B2,B3,phiA2
q0_1,0.22500000000000003,0.22500000000000003,True,-0.46196556382102266,1.0696312637862842e-09,0.0014608819501662146,0.7031193015655562,0.519377654131418,0.25390376698742834,0.1932552281253626,0.18859930011234102,0.26546392074136516,3.1416366230156716
ans,J2,J3,Converge,Energy,Sigma,gap,L,A1,A2,A3,B1,B2,phiA1,phiB2
cb1,0.22500000000000003,0.22500000000000003,True,-0.46128187035284746,4.440732095449942e-09,0.0014368537713734392,0.7031038733831192,0.5168943895042845,0.15058081164265955,0.30569755670473764,0.1829271671781249,0.2882167728454614,1.9119259491320402,5.253936531871911
