ans,J2,J3,Energy,Sigma,L,A1,A3,B1,B2,B3
3x3,0.03,-0.03,-0.463549316246,8.763436481103337e-09,0.6978623221784879,0.5139861285489125,0.22575298822004602,0.17117321171200373,0.2893852520837492,0.10287898914437094
A1,A3,B1,B2,B3
3.719158869756378,-0.06389055950948844,-5.907173639118476,-0.13008427668283495,0.05863143304193123
ans,J2,J3,Energy,Sigma,L,A1,A2,B1,B2,B3
q0,0.03,-0.03,-0.47356807488363784,2.3594668183605033e-08,0.7275090495662092,0.5203928471779479,0.2443364087800941,0.18917084488052727,0.19538454946947892,0.27488243970184556
A1,A2,B1,B2,B3
3.866952313991559,0.09091394304032309,-5.392694069062159,-0.1270838989595133,0.050740522894060974
ans,J2,J3,Energy,Sigma,L,A1,A2,A3,B1,B2,B3,phiA1,phiB2
cb1,0.03,-0.03,-0.47064228621107995,4.960184415037675e-05,0.7133933077155274,0.5140617313989865,0.037332244751334814,0.006364031638456015,0.17080069786851862,0.013906893390357066,-0.00013778913043173543,1.994587764724859,2.8531186576089578
A1,A2,A3,B1,B2,B3,phiA1,phiB2
3.8370834288479507,0.11061429550085529,-0.06656175610687246,-5.501709088295931,-0.12691736550608462,0.05906553024459511,0.07648992550357495,-0.00360933505316592
