ans,J2,J3,Energy,Sigma,L,A1,A3,B1,B2,B3
3x3,-0.011999999999999997,0.0,-0.47272478322956046,1.0684436720584227e-11,0.7234717153368729,0.5175758086522673,0.2654185909915758,0.18093663527931408,0.3181513008315303,0.11982372153692633
A1,A3,B1,B2,B3
3.881546195564364,0.0,-5.3710025316070755,0.15849321854824125,0.0
ans,J2,J3,Energy,Sigma,L,A1,A2,B1,B2,B3
q0,-0.011999999999999997,0.0,-0.4702240304011772,2.577035596046888e-07,0.7146393712023513,0.5170442656095239,0.20582018202525693,0.1791715263604359,0.18644412906110583,0.042872420123461236
A1,A2,B1,B2,B3
3.7717645674158367,-0.050564552544935665,-5.778217349027936,0.047666870450672326,0.0
ans,J2,J3,Energy,Sigma,L,A1,A2,A3,B1,B2,B3,phiA1,phiB2
cb1,-0.011999999999999997,0.0,-0.4701517718106073,4.826014446218484e-06,0.7124687932010029,0.5138389631766452,0.04781064197690712,0.10718081373681623,0.16996433703338293,0.008579273123648833,0.04783039165047112,1.9936754482151873,2.884324040874749
A1,A2,A3,B1,B2,B3,phiA1,phiB2
3.8320102647368253,-0.048941406483014066,0.0,-5.52120904550041,0.04717337631632686,0.0,0.07583100813846695,4.440892096919065e-06
