ans,J2,J3,Energy,Sigma,L,A1,A3,B1,B2,B3
3x3,-0.018,-0.024,-0.4726554719959064,6.06505303353231e-11,0.7233177038732548,0.5175756425004405,0.25800150211822737,0.18093793978510486,0.31683963073395394,0.1205844725478222
A1,A3,B1,B2,B3
3.709217377682392,-0.12917888980625997,-5.631624055968236,0.06931566431892355,-0.11135314892378574
ans,J2,J3,Energy,Sigma,L,A1,A2,B1,B2,B3
q0,-0.018,-0.024,-0.4708344613307738,7.48273628406353e-05,0.7142246519070485,0.5168494510423516,0.23231736774981654,0.17863524491709687,0.1513347363701101,0.07767462019604811
A1,A2,B1,B2,B3
3.6967068295294285,-0.07646883126696538,-5.782683776255993,0.07170430915681297,0.04567790590240739
ans,J2,J3,Energy,Sigma,L,A1,A2,A3,B1,B2,B3,phiA1,phiB2
cb1,-0.018,-0.024,-0.47022544983864384,3.382077360512918e-05,0.712592993976539,0.513925972644291,0.05190882992975239,0.08965929230670577,0.16968658569213863,0.009594381368865078,0.03996750611495674,1.9952252839383071,2.8873135588889483
A1,A2,A3,B1,B2,B3,phiA1,phiB2
3.8307246264742836,-0.07412681579654264,-0.05102529510020885,-5.52490053705729,0.0701316782425548,0.04739486580968822,0.07571998583600516,5.551115123335935e-06
