ans,J2,J3,Energy,Sigma,L,A1,A3,B1,B2,B3
3x3,0.03,0.0,-0.46481636419542066,8.917528900553559e-11,0.7014054839999563,0.5146346116409605,0.28185253769120167,0.1727133529675953,0.2951242020803765,0.11007492885647119
A1,A3,B1,B2,B3
3.728258812860483,0.0,-5.869966734894287,-0.13025913680921214,0.0
ans,J2,J3,Energy,Sigma,L,A1,A2,B1,B2,B3
q0,0.03,0.0,-0.4713679410907471,2.7999071881281587e-08,0.7202515083706785,0.5193295804599836,0.23422768049790865,0.18585870225122586,0.19474425469593049,0.0342658669837792
A1,A2,B1,B2,B3
3.8384068146081023,0.10930034655110346,-5.471311736993271,-0.12074841126950432,0.0
ans,J2,J3,Energy,Sigma,L,A1,A2,A3,B1,B2,B3,phiA1,phiB2
cb1,0.03,0.0,-0.47085819271060286,2.904432687231055e-06,0.714649651317537,0.5143649828335339,0.08621379483681367,0.06953727492774678,0.17134157832321906,0.0053406059187771845,0.07161381434938195,1.9851115426266022,2.8973152194793825
A1,A2,A3,B1,B2,B3,phiA1,phiB2
3.84454690304578,0.11430634216960318,0.0,-5.473445030535082,-0.1252770109871995,0.0,0.07744971330834897,-2.7755575614214487e-06
