ans,J2,J3,Energy,Sigma,L,A1,A3,B1,B2,B3
3x3,0.018000000000000002,-0.011999999999999997,-0.4664051389002694,8.566183944816028e-07,0.7054752667962424,0.5152520858523361,0.2658817785099479,0.17432915410210686,0.3064346816266488,0.1245928168302153
A1,A3,B1,B2,B3
3.7297021027925252,-0.02456090886208744,-5.786646717342387,-0.07527423129204121,0.023798185644400217
ans,J2,J3,Energy,Sigma,L,A1,A2,B1,B2,B3
q0,0.018000000000000002,-0.011999999999999997,-0.4717991980213045,3.910221811886667e-08,0.7211860106617857,0.5191502624789557,0.23309771011826697,0.18520395910335635,0.1955573472398029,0.26450416883853556
A1,A2,B1,B2,B3
3.865809894413357,0.16461609852991654,-5.481684550712322,0.03713640506212409,0.033517078001668046
ans,J2,J3,Energy,Sigma,L,A1,A2,A3,B1,B2,B3,phiA1,phiB2
cb1,0.018000000000000002,-0.011999999999999997,-0.4706023639994009,2.0539152948726713e-05,0.7135076189868765,0.5141584107482909,0.042529548865582315,0.08674602687455367,0.17061188594478147,0.00931584995262165,0.04528877707833265,1.98824048623686,2.8738829346507684
A1,A2,A3,B1,B2,B3,phiA1,phiB2
3.8373637601616783,0.07006895064158512,-0.024684698729602925,-5.500520594548076,-0.07379041822020511,0.024006352461424067,0.0766620100723853,0.00014988010833007025
