ans,J2,J3,Energy,Sigma,L,A1,A3,B1,B2,B3
3x3,-0.018,0.024,-0.47534754777459653,7.575488523874329e-11,0.7307185063395198,0.518262596228861,0.2744494705112064,0.18318744344429072,0.3258503596695985,0.1224945688112353
A1,A3,B1,B2,B3
3.9056613498821986,0.04622968674504241,-5.359060972754231,0.06936562435503135,-0.04871991698959591
ans,J2,J3,Energy,Sigma,L,A1,A2,B1,B2,B3
q0,-0.018,0.024,-0.4689251906624608,5.653783760080647e-05,0.7107231308277915,0.5162061046298891,0.19782829696422172,0.17693615012511804,0.12425681628970744,0.11780674112567144
A1,A2,B1,B2,B3
3.642260382178896,-0.0766797736416331,-5.903874056289297,0.07167211268922898,-0.05045630580008903
ans,J2,J3,Energy,Sigma,L,A1,A2,A3,B1,B2,B3,phiA1,phiB2
cb1,-0.018,0.024,-0.4699799707488359,2.849982352811659e-05,0.7124024819235044,0.5137736563907899,0.05061277844372285,0.07882150047752282,0.16967962655545626,0.01062550002743704,0.048921537219094355,1.9874581285127544,2.9056027639946125
A1,A2,A3,B1,B2,B3,phiA1,phiB2
3.830389339120839,-0.0741201544583949,0.044959591605175375,-5.524165014303465,0.07011724534322925,-0.048606119129509684,0.07591260953077365,4.440892098668748e-06
