ans,J2,J3,Energy,Sigma,L,A1,A3,B1,B2,B3
3x3,0.024,0.03,-0.46732632529788015,2.915866925613897e-10,0.7083931436487021,0.5156509412369611,0.250596249041496,0.17540999584782047,0.30461784552628596,0.10865423839199437
A1,A3,B1,B2,B3
3.8427616645075124,0.05672629033128168,-5.688278736914745,-0.10149880935764151,-0.061334826106891505
ans,J2,J3,Energy,Sigma,L,A1,A2,B1,B2,B3
q0,0.024,0.03,-0.46919198375722004,8.123652779591383e-08,0.7128817278223857,0.5179041852298922,0.22274095655192594,0.18164559468615,0.18837184641760818,0.25186727299409234
A1,A2,B1,B2,B3
3.800806891433198,0.08798572981287989,-5.633126187720549,-0.09669043343743523,-0.06375844296991227
ans,J2,J3,Energy,Sigma,L,A1,A2,A3,B1,B2,B3,phiA1,phiB2
cb1,0.024,0.03,-0.4708164642019784,3.9429826770716306e-05,0.7136251157500256,0.5141415513726535,0.05184342237936783,0.01267255378240016,0.1708327218566097,0.007174595433974744,0.07478277494549818,1.9927443923897912,2.870419825322334
A1,A2,A3,B1,B2,B3,phiA1,phiB2
3.838831474915021,0.09260703315287883,0.055854210145869276,-5.495139343547728,-0.09899470132524306,-0.06062372825959604,0.07726319584021046,0.0003064215548054331
