ans,J2,J3,Energy,Sigma,L,A1,A3,B1,B2,B3
3x3,-0.011999999999999997,0.006000000000000005,-0.47305548497560157,1.1303380558487146e-10,0.7243817282851783,0.5176643610012721,0.2640417365836531,0.18122046677944975,0.3193992171384023,0.11996691598784419
A1,A3,B1,B2,B3
3.865477937728996,0.01187494547143286,-5.457542195930385,0.04664491015676694,-0.012044809594184367
ans,J2,J3,Energy,Sigma,L,A1,A2,B1,B2,B3
q0,-0.011999999999999997,0.006000000000000005,-0.4701042505032785,5.912805580284702e-06,0.7142854705644484,0.5169729691927645,0.21467733378917797,0.17898395753408453,0.1886978770370485,0.04375646338508048
A1,A2,B1,B2,B3
3.80111719876858,-0.05005496017663729,-5.747538556188531,0.04784062035402734,-0.012150835892997874
ans,J2,J3,Energy,Sigma,L,A1,A2,A3,B1,B2,B3,phiA1,phiB2
cb1,-0.011999999999999997,0.006000000000000005,-0.47010149955419767,4.513967781524999e-06,0.712407891715693,0.5138229632633098,0.0575863448294833,0.090244610495159,0.16990078746900467,0.008973454618175412,0.05355804862431185,1.9937448533106492,2.890967755265267
A1,A2,A3,B1,B2,B3,phiA1,phiB2
3.8310044025914287,-0.04894362692901708,0.011813328093512163,-5.52333179192349,0.047170600758765974,-0.012035372698436972,0.075784378771433,4.440892098668748e-06
