ans,J2,J3,Energy,Sigma,L,A1,A3,B1,B2,B3
3x3,0.006000000000000005,-0.03,-0.46776087207846784,4.045102829067175e-07,0.7093239614406495,0.5157437132753926,0.24395186176392464,0.17583388295906036,0.32502482589488324,0.11538101916804361
A1,A3,B1,B2,B3
3.780878943252728,-0.06344591518812531,-5.698454486046928,-0.024354407379508513,0.05877132114303522
ans,J2,J3,Energy,Sigma,L,A1,A2,B1,B2,B3
q0,0.006000000000000005,-0.03,-0.4726994939255263,8.34524314323299e-06,0.7220957018001167,0.5189938555722501,0.15903003440590768,0.1846472812071053,0.2860248553294491,0.25375174534995204
A1,A2,B1,B2,B3
3.6009395466169227,0.023155366513049735,-5.65087365788066,-0.024166779688326406,0.054860005426901566
ans,J2,J3,Energy,Sigma,L,A1,A2,A3,B1,B2,B3,phiA1,phiB2
cb1,0.006000000000000005,-0.03,-0.47030948492348534,3.0624419141386966e-05,0.7130686580921934,0.514007737182129,0.03839566880531254,0.02808177010189139,0.17036119992749515,0.0077187782757967005,0.06416322041509548,1.9931525141568192,3.559844037841107
A1,A2,A3,B1,B2,B3,phiA1,phiB2
3.8519198941523007,0.03346378729675213,-0.04539313369635406,-5.497162169898591,-0.004892197758010952,0.06873834834661656,0.08589351452202608,0.00970667990460152
