ans,J2,J3,Energy,Sigma,L,A1,A3,B1,B2,B3
3x3,0.006000000000000005,0.018000000000000002,-0.47012237008916785,1.0593845392971035e-07,0.7161469034018197,0.5166846004107433,0.26248992998453013,0.1783160506188936,0.31824643926669394,0.1205327911129084
A1,A3,B1,B2,B3
3.8178765704367756,0.03489541988672945,-5.576601402867923,-0.024316104685156485,-0.03644140544876365
ans,J2,J3,Energy,Sigma,L,A1,A2,B1,B2,B3
q0,0.006000000000000005,0.018000000000000002,-0.47016810354824,4.571073471521047e-05,0.7159631948658682,0.5177628876778716,0.21077354423617684,0.18139210019632362,0.08160490624611487,0.07967309481201638
A1,A2,B1,B2,B3
3.7311270740446587,0.023530621895372663,-5.690114490685957,-0.02403577337170837,-0.03724132113809237
ans,J2,J3,Energy,Sigma,L,A1,A2,A3,B1,B2,B3,phiA1,phiB2
cb1,0.006000000000000005,0.018000000000000002,-0.470320827220344,1.73152706355251e-05,0.7129915552599204,0.5139726721151912,0.036805112005377935,0.08637779235227243,0.1703541134188596,0.00825662220091753,0.05691957926420804,1.9937055911471346,3.180517720450328
A1,A2,A3,B1,B2,B3,phiA1,phiB2
3.8338121566207004,0.023767654511129898,0.03428812789258421,-5.510352729654136,-0.02423672373908047,-0.03634204048804353,0.0761884999523912,9.992007222004684e-06
