ans,J2,J3,Energy,Sigma,L,A1,A3,B1,B2,B3
3x3,0.0,0.006000000000000005,-0.4706560755797081,1.8658049099364634e-08,0.7177487353931105,0.5169010371995494,0.2685754550376456,0.1789302708915379,0.3163980515654834,0.1172154704336371
A1,A3,B1,B2,B3
3.7556152632993123,-0.012009837568923735,-5.548381754028058,0.0,-0.01204758515174602
ans,J2,J3,Energy,Sigma,L,A1,A2,B1,B2,B3
q0,0.0,0.006000000000000005,-0.47036627108474993,6.208985639639052e-06,0.7157213303782817,0.5176304192842884,0.2057755235117405,0.18087596577252074,0.1847678160463214,0.04374938007115779
A1,A2,B1,B2,B3
3.8575931338081237,0.0,-5.622091681078824,0.0,-0.012135847882122082
ans,J2,J3,Energy,Sigma,L,A1,A2,A3,B1,B2,B3,phiA1,phiB2
cb1,0.0,0.006000000000000005,-0.47025787365982186,1.793507668377098e-06,0.7128446104659285,0.5139410554998344,0.04588393834192399,0.10448675317782005,0.17025468716149927,0.00846591631486174,0.04315702383940015,1.9911067006617715,2.961299124491989
A1,A2,A3,B1,B2,B3,phiA1,phiB2
3.8338726638606713,0.0,0.011811662758975227,-5.513037248927675,0.0,-0.012039258479023157,0.07615019725804172,0.0
