ans,J2,J3,Energy,Sigma,L,A1,A3,B1,B2,B3
3x3,0.03,-0.018,-0.46403990926224464,1.9033350956017196e-10,0.6992457153643512,0.5142540172663036,0.22978979746937717,0.17179815562468637,0.2915780525857969,0.10481035694600714
A1,A3,B1,B2,B3
3.7213654381004466,-0.0373673314512464,-5.875674946575387,-0.12984613384549626,0.03550604255061394
ans,J2,J3,Energy,Sigma,L,A1,A2,B1,B2,B3
q0,0.03,-0.018,-0.4726648540496049,1.4885256721553834e-07,0.7246332899731986,0.5200345181378117,0.24049198461500065,0.18780034960985914,0.19549380825726587,0.2674673139799503
A1,A2,B1,B2,B3
3.8133818325215874,0.10791034732427568,-5.511837652949568,-0.12155276785084172,0.03463007658423025
ans,J2,J3,Energy,Sigma,L,A1,A2,A3,B1,B2,B3,phiA1,phiB2
cb1,0.03,-0.018,-0.47064209362341886,2.6536125317215963e-05,0.7140349159016102,0.5142382922582932,0.06598252810277343,-0.017523932571198705,0.17122433099286027,0.002105806120987896,0.09783861228345254,1.989898215894243,2.9087480669440793
A1,A2,A3,B1,B2,B3,phiA1,phiB2
3.8415343129537645,0.11425582702198264,-0.037724823265265134,-5.485438769870085,-0.12529477455558946,0.03566369422014059,0.07699951787186914,5.551115122842897e-07
