ans,J2,J3,Energy,Sigma,L,A1,A3,B1,B2,B3
3x3,0.006000000000000005,-0.011999999999999997,-0.4685982753766853,1.2984584091501703e-08,0.7119614617540543,0.5161497066597451,0.24587718995552532,0.17685477518153633,0.3068016760761197,0.11556745213387207
A1,A3,B1,B2,B3
3.7846487055328355,-0.024523716390896164,-5.656828894184739,-0.02433719892289442,0.02380651231702291
ans,J2,J3,Energy,Sigma,L,A1,A2,B1,B2,B3
q0,0.006000000000000005,-0.011999999999999997,-0.47141518365426915,9.196469554195701e-06,0.7176398909545517,0.5182235081059617,0.19408526766912626,0.18263669837277835,0.27885647347614145,0.1713347819167684
A1,A2,B1,B2,B3
3.7990272040090827,0.023540613902583437,-5.617149523284716,-0.024033552925639086,0.023462898290848914
ans,J2,J3,Energy,Sigma,L,A1,A2,A3,B1,B2,B3,phiA1,phiB2
cb1,0.006000000000000005,-0.011999999999999997,-0.4704453393545883,9.985483358694475e-06,0.7129952076924614,0.5139735953288346,0.03641766980821387,0.08717673648797461,0.17035447962300487,0.008453885318205503,0.0553184125084203,1.9916895796347371,3.119766299057561
A1,A2,A3,B1,B2,B3,phiA1,phiB2
3.8338321407202725,0.023762658507540772,-0.024764634787263973,-5.510043532541778,-0.02423505840454353,0.02384648034589989,0.07623901510000995,6.661338148003122e-06
