ans,J2,J3,Energy,Sigma,L,A1,A3,B1,B2,B3
3x3,0.0,0.024,-0.47163384325031393,2.5249021697312714e-12,0.720396853480987,0.517172717022637,0.2634993506158596,0.1797813800142913,0.32118147074737324,0.11646758740376106
A1,A3,B1,B2,B3
3.8314346140134705,0.04613476267643769,-5.516300194397041,0.0,-0.04875433390335927
ans,J2,J3,Energy,Sigma,L,A1,A2,B1,B2,B3
q0,0.0,0.024,-0.4690199272375494,5.847157043874994e-12,0.7111383127859227,0.5167754385633301,0.6357777591549783,0.17843800835360873,-0.379345354613356,0.24272014410814152
A1,A2,B1,B2,B3
3.772672729766228,0.0,-5.818641679577482,0.0,-0.050417447994176766
ans,J2,J3,Energy,Sigma,L,A1,A2,A3,B1,B2,B3,phiA1,phiB2
cb1,0.0,0.024,-0.47031620743962,6.597513501093837e-07,0.7127719685621485,0.513927767717663,0.0878594275739166,-0.0034497135168417743,0.17030129257205384,0.006738961049147894,0.014909109119604667,1.9920930574525024,5.273328300497414
A1,A2,A3,B1,B2,B3,phiA1,phiB2
3.8329789342407214,0.0,0.044951820044049795,-5.514200207545969,0.0,-0.04860722935262827,0.07609246566076311,0.0
