ans,J2,J3,Energy,Sigma,L,A1,A3,B1,B2,B3
3x3,0.0,-0.018,-0.4688591311568706,1.6929844328596255e-12,0.71260352324557,0.5155767923966392,0.24546351278737957,0.17593788591131826,0.28180599763929687,0.10897221277278102
A1,A3,B1,B2,B3
3.706464579692839,-0.03717193219891283,-5.66464875005867,0.0,0.035582092827702166
ans,J2,J3,Energy,Sigma,L,A1,A2,B1,B2,B3
q0,0.0,-0.018,-0.47138252491028493,4.675024770811638e-12,0.7194746811225574,0.5181779369722757,0.5504297992860724,0.18279961331799494,-0.46631712074668485,0.257846636068501
A1,A2,B1,B2,B3
3.611823062847345,0.0,-5.675056535802998,0.0,0.03481881449803123
ans,J2,J3,Energy,Sigma,L,A1,A2,A3,B1,B2,B3,phiA1,phiB2
cb1,0.0,-0.018,-0.47157543564810955,6.868739558830638e-06,0.7184410233126198,0.5166396593870043,0.034089922997355845,0.01604410080374978,0.17632885799456494,0.0062563177984700635,0.07133567356299574,1.9524534908217779,4.201141898796575
A1,A2,A3,B1,B2,B3,phiA1,phiB2
3.7630615291256237,0.0,-0.1534650184709811,-5.727162077906114,0.0,0.03572031559435321,-0.13943901588748192,0.0
