ans,J2,J3,Energy,Sigma,L,A1,A3,B1,B2,B3
3x3,0.006000000000000005,0.03,-0.4702129870157126,3.3776827919335104e-09,0.7163673386400615,0.5159640130585614,0.2584093789215558,0.17711926358976265,0.3106641879616773,0.10937199526551727
A1,A3,B1,B2,B3
3.774101586798918,0.057016058540706446,-5.598974062148613,-0.02430222689734876,-0.06118716644461646
ans,J2,J3,Energy,Sigma,L,A1,A2,B1,B2,B3
q0,0.006000000000000005,0.03,-0.46861282843967184,4.742122565407583e-06,0.7098323725998225,0.5167423315695698,0.19868865153647713,0.17852541873039884,0.2769943109541513,0.24044974769165373
A1,A2,B1,B2,B3
3.603699560976182,0.023495649870091586,-6.022780607560951,-0.02403743870600179,-0.0637656594192184
ans,J2,J3,Energy,Sigma,L,A1,A2,A3,B1,B2,B3,phiA1,phiB2
cb1,0.006000000000000005,0.03,-0.4717550562885646,2.9915641249454514e-05,0.718714387983895,0.5166894837675482,0.05358373336996099,0.054345697656086434,0.1765110224900893,0.008648175400423272,0.03329530432443639,1.9538247800657844,3.675102102817381
A1,A2,A3,B1,B2,B3,phiA1,phiB2
3.6654190793610173,0.02372324559016662,0.05447531314918471,-5.780451117753477,-0.024363844275400053,-0.0607697225873341,0.09188094729374967,2.9420910153680456e-05
