ans,J2,J3,Energy,Sigma,L,A1,A3,B1,B2,B3
3x3,-0.018,0.018000000000000002,-0.47428033833258454,3.2278297517777306e-09,0.7277667383172641,0.5172296947545018,0.26920605619308946,0.1809791626229159,0.3196737935341016,0.11735662081268358
A1,A3,B1,B2,B3
3.7542213782918674,0.035018654642462205,-5.471678665702908,0.06957101561535789,-0.036384228962993474
ans,J2,J3,Energy,Sigma,L,A1,A2,B1,B2,B3
q0,-0.018,0.018000000000000002,-0.46940961644212365,4.80968796639448e-05,0.7126829164772723,0.5164523982698326,0.2027119155718871,0.17774067151749243,0.1701032486828091,0.05439860323885275
A1,A2,B1,B2,B3
3.6251579515960914,-0.07664535672786976,-5.892792920280535,0.07166545135092944,-0.037367886562796146
ans,J2,J3,Energy,Sigma,L,A1,A2,A3,B1,B2,B3,phiA1,phiB2
cb1,-0.018,0.018000000000000002,-0.47127320589850397,3.3975678547541796e-05,0.7177202355986838,0.5164580114155359,0.047958703726121946,0.0949951736808792,0.17588476759352287,0.008773758996647684,0.05562156720674291,1.9536198167190406,2.878161532016861
A1,A2,A3,B1,B2,B3,phiA1,phiB2
3.7846537015364468,-0.07455314143804163,0.03402056414359802,-5.852733853106095,0.06973532862276359,-0.03628153333320152,0.09079959006777863,6.106226635669529e-06
