ans,J2,J3,Energy,Sigma,L,A1,A3,B1,B2,B3
3x3,-0.005999999999999998,0.006000000000000005,-0.4712162061537785,6.005095438762334e-08,0.7193375866754198,0.516372048182227,0.26981137049448417,0.17825259268608076,0.3186936616092281,0.11787125452571051
A1,A3,B1,B2,B3
3.8049091655936653,0.011880496586554316,-5.5755566830017536,0.023703816687079722,-0.012045919817174967
ans,J2,J3,Energy,Sigma,L,A1,A2,B1,B2,B3
q0,-0.005999999999999998,0.006000000000000005,-0.46996161206801007,6.057495209965052e-06,0.7147133819780683,0.5171469471671428,0.2061161481726858,0.17986626728296265,0.18838961416338146,0.04444001002184048
A1,A2,B1,B2,B3
3.657978919761506,-0.02447930746990849,-5.771659816733001,0.02396638443253489,-0.01214306433179899
ans,J2,J3,Energy,Sigma,L,A1,A2,A3,B1,B2,B3,phiA1,phiB2
cb1,-0.005999999999999998,0.006000000000000005,-0.47152916910714027,3.965195722612992e-06,0.7182325023677242,0.5165850468744748,0.04745194842284068,0.0955839335555953,0.17615884460796644,0.00915951685559102,0.05542026021595407,1.9527623257106734,2.875454065409353
A1,A2,A3,B1,B2,B3,phiA1,phiB2
3.978267715246489,-0.024296675782418658,0.011778356068236507,-5.510158995736339,0.023743784716147555,-0.012031486917839947,0.09135192602252264,2.7755575616679675e-06
