ans,J2,J3,Energy,Sigma,L,A1,A3,B1,B2,B3
3x3,0.006000000000000005,-0.011999999999999997,-0.4680465695471744,3.067626339509979e-07,0.7103422593944438,0.5152834847565948,0.2499414176055047,0.17510233172817347,0.3057409617167787,0.12912571579993218
A1,A3,B1,B2,B3
3.7615138781457427,-0.024529267506019282,-5.697147753546945,-0.02432942736172201,0.02381261854362717
ans,J2,J3,Energy,Sigma,L,A1,A2,B1,B2,B3
q0,0.006000000000000005,-0.011999999999999997,-0.47106293710984026,1.7493910872410284e-05,0.7167591064590608,0.5179269058786563,0.2038948911674523,0.18220716523759684,0.29987039220414435,0.12030882906351853
A1,A2,B1,B2,B3
3.9344300040950997,0.023505086765806312,-5.902375255206057,-0.02404243470961257,0.02341626892385807
ans,J2,J3,Energy,Sigma,L,A1,A2,A3,B1,B2,B3,phiA1,phiB2
cb1,0.006000000000000005,-0.011999999999999997,-0.471878599989142,1.2536828992946078e-05,0.7186618266075266,0.5166867990752126,0.04249350243383245,0.11088527348060656,0.17646591251168325,0.007596338405000231,0.05216156470581913,1.9520268190469414,3.0310867935707586
A1,A2,A3,B1,B2,B3,phiA1,phiB2
4.045910273467691,0.0237126984714656,-0.02488398376241106,-5.5411636390334715,-0.024259483311085284,0.023876456367564736,0.09189093930097122,2.7755575616679675e-06
