ans,J2,J3,Energy,Sigma,L,A1,A3,B1,B2,B3
3x3,0.012000000000000004,0.0,-0.4675441750854885,7.767209997321114e-12,0.7089238485429562,0.5150918672336738,0.2751257935530999,0.1745420892596844,0.3003616468134318,0.12069185520933184
A1,A3,B1,B2,B3
3.860139430400809,0.0,-5.578749129309056,0.10099088232275245,0.0
ans,J2,J3,Energy,Sigma,L,A1,A2,B1,B2,B3
q0,0.012000000000000004,0.0,-0.4705273734676599,9.187732889299206e-12,0.7172275295106975,0.518178221222531,0.22530729296466018,0.18279123615673032,0.19182631530744793,0.03728097069768737
A1,A2,B1,B2,B3
3.7738839830860917,0.04637179529245078,-5.707181949243487,-0.048064885405000764,0.0
ans,J2,J3,Energy,Sigma,L,A1,A2,A3,B1,B2,B3,phiA1,phiB2
cb1,0.012000000000000004,0.0,-0.4718411270364196,1.130528326657224e-05,0.7188339247015179,0.516738576163857,0.04139901318356566,0.10033507270276171,0.17661049836696344,0.008059544691849788,0.05399731810661351,1.951850542165749,2.9125958506021385
A1,A2,A3,B1,B2,B3,phiA1,phiB2
3.8496461573978733,0.04683420318220971,0.0,-5.646095813094196,-0.04902078742930116,0.0,0.09207523632305645,-5.551115123335935e-07
