ans,J2,J3,Energy,Sigma,L,A1,A3,B1,B2,B3
3x3,-0.024,-0.005999999999999998,-0.4741220750806442,9.652021208763725e-10,0.7273365842290163,0.5172553906690168,0.26601917340360803,0.180975854517503,0.3180771453616853,0.1184598249155717
A1,A3,B1,B2,B3
3.9400482877113316,-0.012109202529495055,-5.32096700033337,0.09161116309927765,0.011958212198230345
ans,J2,J3,Energy,Sigma,L,A1,A2,B1,B2,B3
q0,-0.024,-0.005999999999999998,-0.4699340888794018,3.966243145185564e-06,0.7134197079053551,0.516261299306941,0.20767785655074894,0.17737241250765445,0.19239242348840446,0.07986532248883016
A1,A2,B1,B2,B3
3.62975038921804,-0.10420553309110998,-6.028751942098887,0.09543588141961006,0.011848855230300133
ans,J2,J3,Energy,Sigma,L,A1,A2,A3,B1,B2,B3,phiA1,phiB2
cb1,-0.024,-0.005999999999999998,-0.4712708473152509,2.5909845819055903e-05,0.717405105306167,0.516397121605449,0.05731977568776597,0.10236678502535695,0.1755254837569622,0.006762612840051918,0.04873448531357641,1.9578151760377747,2.8771195150612576
A1,A2,A3,B1,B2,B3,phiA1,phiB2
3.655242775117322,-0.10076439682639075,-0.012218004386009312,-5.648738699004312,0.09198419803625264,0.011969869539984154,0.09007128376363335,7.216449659695766e-06
