ans,J2,J3,Energy,Sigma,L,A1,A2,A3,B1,B2,phiA1
cb1,-0.3,0.09000000000000002,-0.49718276139572193,8.358721642145354e-12,0.7902652013191328,0.5201420176343594,0.04087795587438595,0.3660414017692969,0.1947209766459127,0.18646834268273088,1.957925611981571
A1,A2,A3,B1,B2,phiA1
0.6615819002626319,-3.2337466038192253,-0.6210587600430217,-5.189293439246033,-1.1827205880979865,0.132663091622921
ans,J2,J3,Energy,Sigma,L,A1,A3,B1,B2,B3
3x3,-0.3,0.09000000000000002,-0.5645440366803516,2.474797588446437e-11,0.9582766657625991,0.5206271840537858,0.38985721093104847,0.2183419855543224,0.42258085868764766,0.18396448804570137
A1,A3,B1,B2,B3
6.9582117849080465,9.598100092470204,2.6024737920908576,8.020362152178551,12.825740469298019
ans,J2,J3,Energy,Sigma,L,A1,A2,B1,B2,B3
q0,-0.3,0.09000000000000002,-0.46984378365139157,1.6373694049532888e-11,0.7033506366876713,0.5010684446706755,0.11786051501030083,0.14288339834461392,0.17781864277019802,0.15277738328768828
A1,A2,B1,B2,B3
2.9406477248290543,-3.697930850414075,-8.206102464425733,1.0415002194276834,-0.23125945603537623
