ans,J2,J3,Energy,Sigma,L,A1,A2,A3,B1,B2,phiA1
cb1,-0.18,-0.02999999999999997,-0.477255667862174,1.7552238082910277e-11,0.7329905740587528,0.5176573051499866,0.038670877103799156,0.2885179578429115,0.1803064342810409,0.16135380821879586,1.997563793391575
A1,A2,A3,B1,B2,phiA1
3.7080338793206318,-1.036171148880586,0.10835776720319856,-5.984324147488647,0.5948574965764585,0.08866061218548152
ans,J2,J3,Energy,Sigma,L,A1,A3,B1,B2,B3
3x3,-0.18,-0.02999999999999997,-0.5128184035708029,7.394584552862862e-12,0.8314670681474478,0.5229549329591527,0.3335621624667658,0.20570788456632996,0.3837795372005399,0.16349009136652687
A1,A3,B1,B2,B3
1.379452107864273,-1.0238476733072714,-5.590194973736566,-0.17130741271833794,-0.2567945855881576
ans,J2,J3,Energy,Sigma,L,A1,A2,B1,B2,B3
q0,-0.18,-0.02999999999999997,-0.47023534538544753,1.5224490597848155e-11,0.7097370740184634,0.5085357186814127,0.16262720600515632,0.15962729269719586,0.18496362334552757,0.19869564314996208
A1,A2,B1,B2,B3
3.6687874962213813,-1.4674372828360949,-6.728562152065289,1.0189626919706485,-0.002109423746725022
