ans,J2,J3,Energy,Sigma,L,A1,A2,A3,B1,B2,phiA1
cb1,-0.24,-0.09,-0.4756038160093895,3.979119016545232e-11,0.7259615566198829,0.5157814198367185,0.0363457051140121,0.26229545147569455,0.17591151136529504,0.15980005307086137,2.052326455466109
A1,A2,A3,B1,B2,phiA1
3.763767075147422,-1.3453682612380737,-0.2216005157393406,-5.964229110411334,0.7853717675964667,0.05570890415641633
ans,J2,J3,Energy,Sigma,L,A1,A3,B1,B2,B3
3x3,-0.24,-0.09,-0.5259639500753949,1.553992541612281e-11,0.8657921438595161,0.5233082272702757,0.3400490305995672,0.21120525148654956,0.39568043244500783,0.17431188072007966
A1,A3,B1,B2,B3
1.656230708224435,-3.4221514510977378,-2.2657431485876005,2.117417352795944,-0.964894830726575
ans,J2,J3,Energy,Sigma,L,A1,A2,B1,B2,B3
q0,-0.24,-0.09,-0.47366976320369053,5.873076110791759e-12,0.71793919982677,0.5075814155523282,0.15973567923779175,0.1578539730375874,0.18734947467796167,0.20079126631855282
A1,A2,B1,B2,B3
3.2115976539431594,-2.430833312344449,-7.186473638583729,0.8791856132233051,0.04163336342220446
