ans,J2,J3,Energy,Sigma,L,A1,A2,A3,B1,B2,phiA1
cb1,-0.18,0.06,-0.4860626110735462,3.326691486676811e-11,0.7598563355438849,0.5196771186819508,0.041739667733323715,0.33606399879628945,0.1885836521675046,0.17410366612991068,1.9639690646981514
A1,A2,A3,B1,B2,phiA1
2.443822921935666,-0.843658476410969,0.13744561046357895,-5.452416296074365,0.37359004777524873,0.11909675468076066
ans,J2,J3,Energy,Sigma,L,A1,A3,B1,B2,B3
3x3,-0.18,0.06,-0.521076755034237,1.2842776738080586e-11,0.851677824721214,0.5222672315337495,0.35512592294059736,0.20745057596243047,0.39325487657696684,0.1644671065903203
A1,A3,B1,B2,B3
8.90065798691982,7.836287174696068,-0.8930634010314772,8.246736626899168,5.049738405335121
ans,J2,J3,Energy,Sigma,L,A1,A2,B1,B2,B3
q0,-0.18,0.06,-0.4670852613837437,1.2736316862025663e-11,0.6995898442315254,0.5059320156112241,0.14445904718472355,0.1534533573590569,0.17961294197761074,0.17588144711419848
A1,A2,B1,B2,B3
3.404054815229495,-1.392497228671967,-7.271405699566097,0.4884981308205333,-0.10985656828948881
