ans,J2,J3,Energy,Sigma,L,A1,A2,A3,B1,B2,phiA1
cb1,-0.27,-0.02999999999999997,-0.48191583606506305,2.1619952499789573e-11,0.7454850305291298,0.5183175108025545,0.038049757576129335,0.30083653010315253,0.1835318241803183,0.16927537193121905,2.0097415074993834
A1,A2,A3,B1,B2,phiA1
3.7276848276808976,-1.6686652060082727,-0.09847678228405436,-5.509148692936843,0.6281641873142221,0.09072441686718524
ans,J2,J3,Energy,Sigma,L,A1,A3,B1,B2,B3
3x3,-0.27,-0.02999999999999997,-0.541179333373015,6.097641486726183e-12,0.9035255168789497,0.5227473187295065,0.3608869674417028,0.21511426223471883,0.4085599184467329,0.179712617643566
A1,A3,B1,B2,B3
1.1181056081598257,-2.7514657222284957,-2.3300250618408267,6.691647237052744,-0.915045816868826
ans,J2,J3,Energy,Sigma,L,A1,A2,B1,B2,B3
q0,-0.27,-0.02999999999999997,-0.4722010499391169,9.353194114117744e-12,0.7119294079975796,0.5047467172837071,0.14134648373903513,0.15119275729808587,0.183551821575789,0.18048675307643217
A1,A2,B1,B2,B3
2.7630675526837125,-3.14370751643505,-7.925660128398196,0.9146017277097598,0.04135580766835207
