ans,J2,J3,Energy,Sigma,L,A1,A2,A3,B1,B2,phiA1
cb1,-0.27,0.26999999999999996,-0.5242296522740784,1.2020504213529445e-11,0.8606133883942968,0.5167636043871562,0.04471029856782412,0.4351758117776741,0.20271893994907034,0.20310938230514053,1.9192732102335122
A1,A2,A3,B1,B2,phiA1
3.7417846592635486,-1.0313971898747074,0.10103029524068716,-11.425194124409284,0.6726841306003661,0.16208342445945598
ans,J2,J3,Energy,Sigma,L,A1,A3,B1,B2,B3
3x3,-0.27,0.26999999999999996,-0.5770859696135261,9.079753101270755e-12,0.9819289953163899,0.5165612766498312,0.4161848576487287,0.21536611389900528,0.4258469095892852,0.17756405108836293
A1,A3,B1,B2,B3
-0.23370194669610098,8.47022452269615,-1.8000045897712058,2.881139771198981,1.8320900351819183
ans,J2,J3,Energy,Sigma,L,A1,A2,B1,B2,B3
q0,-0.27,0.26999999999999996,-0.46521102967648337,2.1389656640947225e-05,0.6923042708983584,0.50000000005811,0.10138561380730605,0.138112726836789,0.17093557129609824,0.1272467746185775
A1,A2,B1,B2,B3
2.641220334701658,-3.290867578436114,-8.250844451861278,0.9622302954674059,-1.1606826611241234
