ans,J2,J3,Energy,Sigma,L,A1,A2,A3,B1,B2,phiA1
cb1,-0.3,-0.15,-0.47499351762058206,5.871307101665384e-12,0.7205077073531562,0.511534109525799,0.03313258022759874,0.2184972480981074,0.16785496047253307,0.16242813351147117,2.197694288754448
A1,A2,A3,B1,B2,phiA1
3.770483924445272,-1.9265700146281808,-0.41672221228065265,-5.752842646528994,1.0018652573919302,3.542721671579508e-05
ans,J2,J3,Energy,Sigma,L,A1,A3,B1,B2,B3
3x3,-0.3,-0.15,-0.5401250056349565,2.4106514280333386e-11,0.9018669347118966,0.5231269540179726,0.3454797617561172,0.21589792799093668,0.4059612406206155,0.18345999027084214
A1,A3,B1,B2,B3
1.8649526364510307,-5.885181231223721,-5.227596133884651,-2.458144798817642,-8.37152569463443
ans,J2,J3,Energy,Sigma,L,A1,A2,B1,B2,B3
q0,-0.3,-0.15,-0.47737258720915976,6.2983181175870056e-12,0.726890930852092,0.506556731169199,0.15728510800777595,0.1562144964674476,0.18981376021957452,0.20336778219649132
A1,A2,B1,B2,B3
2.3693824676044577,-3.909594869949925,-7.275624547463425,0.5316302953259372,-0.6735167978688101
