ans,J2,J3,Energy,Sigma,L,A1,A2,A3,B1,B2,phiA1
cb1,-0.27,0.3,-0.5300408738445388,1.8439924954867712e-11,0.8745167593233156,0.5156599592244794,0.04508985269661412,0.4449584367392647,0.20354321986264404,0.2054393304086435,1.9150341962223267
A1,A2,A3,B1,B2,phiA1
4.812594767402656,-7.118083900067491,-0.42332803933572427,-6.664002683181674,-1.6718848528260832,0.1651146330776265
ans,J2,J3,Energy,Sigma,L,A1,A3,B1,B2,B3
3x3,-0.27,0.3,-0.5814028451373392,2.6605175854098057e-11,0.9906972871294729,0.5155623364723508,0.4212113548211733,0.21498065199764654,0.42687507287258714,0.17690978879434865
A1,A3,B1,B2,B3
1.81699100219876,-7.554068481836919,-4.577116463485939,-5.52646817196805,-8.6887164127604
ans,J2,J3,Energy,Sigma,L,A1,A2,B1,B2,B3
q0,-0.27,0.3,-0.46473337337487564,3.968169723271536e-05,0.691591442018986,0.5000000000376418,0.09852850205758851,0.13726754802227775,0.1700427003715794,0.12336920433303633
A1,A2,B1,B2,B3
2.8617105399499985,-3.303635143219074,-8.291700659166308,0.9309775173233851,-1.535438443053538
