ans,J2,J3,Energy,Sigma,L,A1,A2,A3,B1,B2,phiA1
cb1,-0.21,-0.3,-0.46536388757649405,3.4830387443071756e-05,0.6950015388626741,0.5074889691652928,0.0282776635644843,0.16657550652632813,0.15773741085383017,0.14488970936759513,2.1897534591374734
A1,A2,A3,B1,B2,phiA1
3.7221337117310034,-1.1868284133219196,-1.0652589920961213,-5.720812712587082,0.7171485627751027,0.0
ans,J2,J3,Energy,Sigma,L,A1,A3,B1,B2,B3
3x3,-0.21,-0.3,-0.5029191892191962,8.42112869415914e-12,0.8054940032907846,0.5217938338069186,0.2819987519687552,0.201271211402341,0.362329717387942,0.16449019561566375
A1,A3,B1,B2,B3
7.45126182851595,1.5797363417359758,-2.8513857940599445,0.9274803147700006,5.437872374452209
ans,J2,J3,Energy,Sigma,L,A1,A2,B1,B2,B3
q0,-0.21,-0.3,-0.48526149513825834,8.379460062743284e-12,0.7564544982107815,0.5152168281230557,0.22157949321219628,0.1795129255642719,0.20226039941453908,0.2723510518918145
A1,A2,B1,B2,B3
4.608868842373037,0.048849813082053474,-5.040523553950689,0.24646951147313267,1.02573505256301
