ans,J2,J3,Energy,Sigma,L,A1,A2,A3,B1,B2,phiA1
cb1,-0.27,-0.09,-0.4770836046687218,3.176176645698036e-12,0.7297874477807558,0.5159594006787598,0.03617977788156522,0.2655918627850905,0.17685153182696234,0.16252256937193632,2.05956624490487
A1,A2,A3,B1,B2,phiA1
3.7817526881433183,-1.5664136654405003,-0.2184918912700513,-5.822564652473378,0.895061802426168,0.05405864644815264
ans,J2,J3,Energy,Sigma,L,A1,A3,B1,B2,B3
3x3,-0.27,-0.09,-0.5355515294641426,1.6584369390678283e-11,0.8900594053873173,0.5231665408356488,0.34900638218931307,0.21420075004752556,0.40363742586939577,0.17933642256297458
A1,A3,B1,B2,B3
-0.09026113190685497,2.061684156724792,-6.826206267083586,-8.747447211975274,1.3640200080895981
ans,J2,J3,Energy,Sigma,L,A1,A2,B1,B2,B3
q0,-0.27,-0.09,-0.47430854795545957,1.3893286556877655e-11,0.7185866398956303,0.5062781326144504,0.1524587069403977,0.15497054454299392,0.18684117027889674,0.19451386532141185
A1,A2,B1,B2,B3
3.769817791467677,-2.4317770019153526,-6.187717005261727,1.210975764073856,1.1192158310913172
