ans,J2,J3,Energy,Sigma,L,A1,A2,A3,B1,B2,phiA1
cb1,-0.21,-0.02999999999999997,-0.4787555030027133,1.1277905516405793e-11,0.7370343668425782,0.517905216485579,0.03847190551497368,0.29269448677129606,0.18140370409647155,0.1641054372179495,2.002154585143265
A1,A2,A3,B1,B2,phiA1
4.075961790524445,-0.6886713421736071,-0.04418687638489879,-4.9037440773209395,1.2246870184275687,0.08939959883414178
ans,J2,J3,Energy,Sigma,L,A1,A3,B1,B2,B3
3x3,-0.21,-0.02999999999999997,-0.5218736054682848,2.201810724055179e-11,0.8548562401169176,0.5230737581838806,0.3438216241543053,0.20919139606825143,0.3929958976250774,0.16956943972594202
A1,A3,B1,B2,B3
2.17448281614719,-0.2621236561425767,-8.656519945047227,-1.4720447083475507,-0.2848832281103377
ans,J2,J3,Energy,Sigma,L,A1,A2,B1,B2,B3
q0,-0.21,-0.02999999999999997,-0.47076967206461334,1.0641217077020365e-11,0.7100535020562976,0.5072021675740978,0.15485392219876296,0.15658843511597248,0.18432733944433657,0.19185911607336123
A1,A2,B1,B2,B3
2.6857960301656667,-1.770028568205475,-7.133738044516673,0.7045475314452704,-0.07904787935534713
