ans,J2,J3,Energy,Sigma,L,A1,A2,A3,B1,B2,phiA1
cb1,-0.3,-0.09,-0.47861595894507103,1.0712340473835122e-11,0.7337302000727585,0.5161113931774612,0.036005542511212185,0.2687942611021264,0.17777192126312719,0.16512506341136637,2.0662521783833934
A1,A2,A3,B1,B2,phiA1
3.7909675392461537,-1.8040013927098084,-0.2177147351285577,-5.726641383148619,0.992539384040453,0.05236520106376593
ans,J2,J3,Energy,Sigma,L,A1,A3,B1,B2,B3
3x3,-0.3,-0.09,-0.5455031840864403,1.3260067134803285e-11,0.914867760779101,0.5228653906474395,0.3569483937280793,0.21688280515738478,0.41074442153876795,0.1839387155888287
A1,A3,B1,B2,B3
-1.7328360969276702,-6.723732682467908,-4.4869663538890565,-13.729906100906925,-7.602030116711628
ans,J2,J3,Energy,Sigma,L,A1,A2,B1,B2,B3
q0,-0.3,-0.09,-0.475065111692676,3.0346733778326994e-11,0.7196409509905369,0.5050407483238496,0.1458185265950907,0.15229994358303994,0.1864888784293978,0.18894666865533674
A1,A2,B1,B2,B3
3.447964136611622,-3.6274871994010667,-6.905642724114222,1.450062292500264,-0.1590394482816498
