ans,J2,J3,Energy,Sigma,L,A1,A2,A3,B1,B2,phiA1
cb1,-0.21,0.24000000000000005,-0.5141610976917635,3.338568893211344e-11,0.8357446375237019,0.5179819743207548,0.04579346677171292,0.4197585816818334,0.2003831212677726,0.19789639376411047,1.9271726370403894
A1,A2,A3,B1,B2,phiA1
1.9753088050801724,-0.00954791801175748,-4.337197267991962,-3.922973057614028,-4.864331160217943,0.15706216327554012
ans,J2,J3,Energy,Sigma,L,A1,A3,B1,B2,B3
3x3,-0.21,0.24000000000000005,-0.5517807613044947,1.5628941590003598e-11,0.9229422596662551,0.5181826331697046,0.4013688535133469,0.21099846901093572,0.41399819820576483,0.1690043123229432
A1,A3,B1,B2,B3
3.8722358646350186,-1.1680656442057908,-4.846123502344609,-3.8674619062739977,0.38691272409183197
ans,J2,J3,Energy,Sigma,L,A1,A2,B1,B2,B3
q0,-0.21,0.24000000000000005,-0.4636006302784724,1.6600996772808424e-11,0.6874051789616441,0.5007713053817778,0.11220308460115078,0.1422066109786353,0.17108409341506498,0.13697443940996043
A1,A2,B1,B2,B3
3.171352070011462,-2.056410597357833,-7.916833854912726,0.740518757402945,-0.9820477764574752
