ans,J2,J3,Energy,Sigma,L,A1,A2,A3,B1,B2,phiA1
cb1,-0.24,0.0,-0.48310088431221865,1.2576417654502947e-11,0.7498889228090846,0.5189424799612483,0.039193495103407514,0.0,0.18539649489725388,0.17065380892760043,1.990553183787491
A1,A2,A3,B1,B2,phiA1
3.854139229336679,-1.3297141165908906,0.0,-5.5809801226319395,0.7208678099076805,0.10231191449585139
ans,J2,J3,Energy,Sigma,L,A1,A3,B1,B2,B3
3x3,-0.24,0.0,-0.5342242618039991,1.8088743752317568e-12,0.8857909639136015,0.5227268597775634,0.0,0.21276026313983862,0.40381575773030903,0.0
A1,A3,B1,B2,B3
5.49382761412923,-0.0,-3.793854119846797,-3.4541258742068783,0.0
ans,J2,J3,Energy,Sigma,L,A1,A2,B1,B2,B3
q0,-0.24,0.0,-0.4704330117708547,6.900652208493072e-12,0.7076344729932315,0.5051582242288374,0.14227828860858327,0.1519158755975322,0.18221474540912225,0.0
A1,A2,B1,B2,B3
3.682776306332407,-2.4517055052067804,-7.058575946143617,1.2485568134562994,0.0
