ans,J2,J3,Energy,Sigma,L,A1,A2,A3,B1,B2,phiA1
cb1,-0.21,0.14999999999999997,-0.4996137604188131,3.648268221241707e-11,0.7978648728202528,0.519790342945335,0.043848644626902356,0.3830045742450032,0.19597423609719866,0.18812983874245243,1.9427255731466497
A1,A2,A3,B1,B2,phiA1
3.923861235271388,-0.6501466032191913,0.9600098494980353,-5.964340132713793,0.06317169009929176,0.14234736722656244
ans,J2,J3,Energy,Sigma,L,A1,A3,B1,B2,B3
3x3,-0.21,0.14999999999999997,-0.540511682713751,1.2991169079464823e-11,0.8983925887255558,0.5205732709769528,0.3831376501124908,0.2112071916523585,0.40839305652770896,0.16996251277118443
A1,A3,B1,B2,B3
2.174149748757027,1.4697132401590134,-2.6998403513529907,2.0183854589885835,-2.439271007466756
ans,J2,J3,Energy,Sigma,L,A1,A2,B1,B2,B3
q0,-0.21,0.14999999999999997,-0.4654801794627692,1.2618590456033442e-11,0.6932524457842626,0.5026316048297383,0.1239301166889362,0.1461338960696555,0.17488397827815103,0.15234138165903796
A1,A2,B1,B2,B3
3.3607006061251887,-1.9500512315989558,-7.4429351568655795,0.7750466935107835,-0.4674594045304617
