ans,J2,J3,Energy,Sigma,L,A1,A2,A3,B1,B2,phiA1
cb1,-0.21,-0.12,-0.4723055234273497,1.792955804374211e-11,0.7159323589501625,0.5139958604233876,0.03544124696199763,0.2402493944094593,0.17121697858847892,0.1543514293562681,2.0792634476777643
A1,A2,A3,B1,B2,phiA1
3.742672837683098,-1.1594059046137322,-0.3209654764095822,-6.001643626673246,0.7083222896897731,0.033568092749910086
ans,J2,J3,Energy,Sigma,L,A1,A3,B1,B2,B3
3x3,-0.21,-0.12,-0.5144266941488224,2.201548240449728e-11,0.8361626264829801,0.5232419373738031,0.32317700507925284,0.2070836588325862,0.38349095068497385,0.16819766468569458
A1,A3,B1,B2,B3
1.3481438185751202,0.47561954380127014,-4.218292382171927,1.1827205882621221,1.0251799409083648
ans,J2,J3,Energy,Sigma,L,A1,A2,B1,B2,B3
q0,-0.21,-0.12,-0.4745131146293397,3.1060398255717e-11,0.7220928954315918,0.5098592388033248,0.17463045655435228,0.16334234598837957,0.18995880905132842,0.21632011694368966
A1,A2,B1,B2,B3
2.769118268168244,-1.548317030096172,-6.601386104591202,0.6172284905562527,0.07055467321674569
