ans,J2,J3,Energy,Sigma,L,A1,A2,A3,B1,B2,phiA1
cb1,-0.3,-0.27,-0.47003526048977834,6.904289032440954e-05,0.7071262426758436,0.5091945019432995,0.027509358764285397,0.18343378479038497,0.16233387487991915,0.15250186661316503,2.173159661706065
A1,A2,A3,B1,B2,phiA1
3.7370662114097044,-1.9114709814933095,-0.9159895064397782,-5.689726467896773,0.9769407505440693,5.55111512313872e-09
ans,J2,J3,Energy,Sigma,L,A1,A3,B1,B2,B3
3x3,-0.3,-0.27,-0.5307497260201396,5.49398266416717e-12,0.8782412959812913,0.5229821939915413,0.3222128943525936,0.2132763148570574,0.3953740467623187,0.18193446794513526
A1,A3,B1,B2,B3
6.559197628379979,6.256772878259659,-4.887201754254517,9.113265698629146,3.1774582965590343
ans,J2,J3,Energy,Sigma,L,A1,A2,B1,B2,B3
q0,-0.3,-0.27,-0.4831436371377783,8.448455489191432e-12,0.7449994527946416,0.509760187172359,0.18349168137199717,0.16525024266861638,0.19693623356343323,0.23548932948649495
A1,A2,B1,B2,B3
11.813217071853654,5.482503340040811,2.197575454877644,9.367950859725884,6.3237193261253
