ans,J2,J3,Energy,Sigma,L,A1,A2,A3,B1,B2,phiA1
cb1,-0.24,-0.21,-0.46961274103863854,5.492739053110921e-06,0.7062276614564399,0.5094593919107294,0.031144360292144457,0.19069762657858325,0.16230236254112582,0.15399634496213918,2.2064084575667415
A1,A2,A3,B1,B2,phiA1
3.755162847541836,-1.4193091146779577,-0.6454836664978542,-5.7162607981859965,0.8189005029846124,0.0
ans,J2,J3,Energy,Sigma,L,A1,A3,B1,B2,B3
3x3,-0.24,-0.21,-0.5167292676533599,8.854906012630018e-12,0.8422629925907381,0.5231316432007962,0.3140292590616348,0.20820265810375257,0.38339817319330866,0.1724787332042901
A1,A3,B1,B2,B3
-0.9401368570941381,-3.495093104203498,-4.422240351800819,-3.763767075774215,-4.0438763449988215
ans,J2,J3,Energy,Sigma,L,A1,A2,B1,B2,B3
q0,-0.24,-0.21,-0.479346336372238,5.142817731637769e-12,0.7360658217010612,0.5110663730551547,0.1872890324823626,0.1673134484917738,0.1949468965329954,0.23453477429508068
A1,A2,B1,B2,B3
2.4049651160717063,-2.320699188433735,-6.162514942945575,1.2156942119283725,0.4273248421655074
