ans,J2,J3,Energy,Sigma,L,A1,A2,A3,B1,B2,phiA1
cb1,-0.3,-0.18,-0.473617950915045,5.89113795455957e-06,0.7167913917290764,0.5109231701476962,0.031484623998770334,0.20797839985437183,0.16630134555203613,0.1598733648710301,2.1923671975411123
A1,A2,A3,B1,B2,phiA1
3.7632674747864296,-1.921962589075993,-0.5270783809250945,-5.728195695383044,0.9964806757226519,0.0
ans,J2,J3,Energy,Sigma,L,A1,A3,B1,B2,B3
3x3,-0.3,-0.18,-0.5376113472516061,1.7744140034781876e-11,0.8956560914929613,0.5231718403497942,0.3397083946325332,0.21531956017121462,0.4034359302495404,0.18311130709992438
A1,A3,B1,B2,B3
2.526534536713663,-4.679923116212637,-6.173062061337112,-4.3683945354688545,0.2831068712867067
ans,J2,J3,Energy,Sigma,L,A1,A2,B1,B2,B3
q0,-0.3,-0.18,-0.47866033636946026,1.676659830589231e-11,0.7309405996704039,0.5073432691474099,0.16344129449291833,0.15832571087099565,0.19154074508909352,0.21102593165134798
A1,A2,B1,B2,B3
3.246736213387544,-3.6792791034982892,-7.826961301506477,-0.5466738173091603,0.12900791545760432
