ans,J2,J3,Energy,Sigma,L,A1,A2,A3,B1,B2,phiA1
cb1,-0.24,-0.27,-0.46751439935481365,3.3284984000952336e-05,0.7006057181001719,0.508392768583778,0.02867636473412144,0.17614609983861473,0.15993885637661986,0.14909623401336458,2.1907948271782356
A1,A2,A3,B1,B2,phiA1
3.734901277341343,-1.4157564009991743,-0.9151568391713333,-5.706157768344882,0.8090750291715042,0.0
ans,J2,J3,Energy,Sigma,L,A1,A3,B1,B2,B3
3x3,-0.24,-0.27,-0.5128274001348884,1.0843357941573354e-11,0.8318995525361714,0.5226860077134232,0.30101745823960735,0.20637862775646523,0.3768038631103608,0.1713231389685862
A1,A3,B1,B2,B3
-0.3258504576725667,-0.1328936960621198,-5.673572722888062,-2.017386258042337,3.407829573985515
ans,J2,J3,Energy,Sigma,L,A1,A2,B1,B2,B3
q0,-0.24,-0.27,-0.482909583998693,4.318185065852896e-12,0.7473827565132145,0.512809292314988,0.2026232504630435,0.1726133810304862,0.19893331454738214,0.252845082803579
A1,A2,B1,B2,B3
6.605604952268228,-0.43431924724454735,-7.859490836128832,2.5682789229315217,3.673394921977737
