ans,J2,J3,Energy,Sigma,L,A1,A2,A3,B1,B2,phiA1
cb1,-0.27,0.06,-0.4914310191823632,1.883805834678709e-11,0.7742410399473618,0.5200065236645585,0.04057116782367756,0.34800547889251343,0.19158870898343852,0.18079476944481954,1.96768300378111
A1,A2,A3,B1,B2,phiA1
5.070499576036879,-0.8053557820614778,0.04818367927398478,-4.266254016836968,2.2436497103982176,0.1233715019030887
ans,J2,J3,Energy,Sigma,L,A1,A3,B1,B2,B3
3x3,-0.27,0.06,-0.5505761907077189,2.1427351495344734e-11,0.9251820891613386,0.5216171413583249,0.37844902647736484,0.21596394650842116,0.41507684108605714,0.17992369353574045
A1,A3,B1,B2,B3
-23.789747950638404,1.2518874825648225,-6.0086380313950185,1.1867173911512083,1.9552137686091844
ans,J2,J3,Energy,Sigma,L,A1,A2,B1,B2,B3
q0,-0.27,0.06,-0.4695716085525384,1.889844901273412e-12,0.7036702616762301,0.5026478010316595,0.1268036236532249,0.14628844217078799,0.17905969219949466,0.16171251587270802
A1,A2,B1,B2,B3
3.096745082065043,-2.958133737874477,-7.722655848340258,0.9837686221456886,-0.14654943924616
