ans,J2,J3,Energy,Sigma,L,A1,A2,A3,B1,B2,phiA1
cb1,-0.24,0.14999999999999997,-0.5016436871079646,2.7284775835330974e-12,0.8031446201143853,0.5197664773991998,0.04325297109732734,0.38631860023948567,0.19681031675987706,0.1898970617136376,1.9422672930096516
A1,A2,A3,B1,B2,phiA1
1.537769911490592,-3.823386052196467,-0.4438671652442498,-5.257017044037975,0.473288075409894,0.143516143413504
ans,J2,J3,Energy,Sigma,L,A1,A3,B1,B2,B3
3x3,-0.24,0.14999999999999997,-0.5506782021950077,2.0651693311360146e-11,0.9232282556262076,0.5202686045936875,0.3895469061384562,0.21380295487481082,0.4147516459156541,0.17489658147290243
A1,A3,B1,B2,B3
4.21018775327396,-6.828870802911374,-10.615397449637564,6.006750652419933,-4.177769241540151
ans,J2,J3,Energy,Sigma,L,A1,A2,B1,B2,B3
q0,-0.24,0.14999999999999997,-0.4664305119215035,8.28081766267363e-12,0.6950492385523033,0.501691775361412,0.11904897305630986,0.14409695350423113,0.17494637723239342,0.14876357709386323
A1,A2,B1,B2,B3
3.0279667663734497,-2.584932268229582,-7.770839527178861,0.7671641099931559,-0.6500355808986868
