ans,J2,J3,Energy,Sigma,L,A1,A2,A3,B1,B2,phiA1
cb1,-0.27,-0.15,-0.47350676044157425,2.263808141881639e-12,0.7170787478303889,0.5118323868293977,0.033623785089103846,0.2198814172320862,0.16777166182850553,0.15939156454269915,2.172918630658446
A1,A2,A3,B1,B2,phiA1
3.7611580510399922,-1.6551759962591037,-0.41822101336385203,-5.8056337516706265,0.9056644323110228,0.00748495709850428
ans,J2,J3,Energy,Sigma,L,A1,A3,B1,B2,B3
3x3,-0.27,-0.15,-0.5304189036870817,2.1470711222674256e-11,0.8774077306791902,0.5233274285021798,0.3368201987007386,0.21302999865142658,0.398289700583695,0.17870666446597686
A1,A3,B1,B2,B3
8.63076276967893,11.489142970310454,2.91966451007236,5.906608535598943,6.696865284711425
ans,J2,J3,Energy,Sigma,L,A1,A2,B1,B2,B3
q0,-0.27,-0.15,-0.4767598935428618,4.2915783714045775e-12,0.7263540943460882,0.5078978684926551,0.16475916846622743,0.15917580948210008,0.1903538413531714,0.20985260368799954
A1,A2,B1,B2,B3
3.3659741662386664,-3.3788527532312256,-7.125244838378544,0.766275931573482,-1.2028156249098738
