ans,J2,J3,Energy,Sigma,L,A1,A2,A3,B1,B2,phiA1
cb1,-0.21,-0.15,-0.4707152570487542,5.5489298279008915e-12,0.7104700858818666,0.5121235582489378,0.03433274632372775,0.22016260293687687,0.1671779509399125,0.15303619545903488,2.129156532949888
A1,A2,A3,B1,B2,phiA1
3.7386205236439003,-1.1747269823535285,-0.4233835504517078,-5.914158052002229,0.7157607839942732,0.0196063276725099
ans,J2,J3,Energy,Sigma,L,A1,A3,B1,B2,B3
3x3,-0.21,-0.15,-0.5122062845901135,1.6864484616680677e-11,0.8304193541386294,0.5231539067381349,0.3162543228921346,0.20624399321275294,0.3801130835829853,0.1676715209723484
A1,A3,B1,B2,B3
2.0009549573889926,1.9846346790362992,-3.5288438836660565,4.31965574420292,4.794165064793696
ans,J2,J3,Energy,Sigma,L,A1,A2,B1,B2,B3
q0,-0.21,-0.15,-0.475974748395684,1.777038565896571e-11,0.726800463001039,0.5107744220748646,0.18185799296893077,0.16582218993316966,0.1919434007498494,0.22515326402136787
A1,A2,B1,B2,B3
2.6747493110700558,-2.6063595726771456,-6.079803327271374,1.1139977828757341,-0.6742384428347952
