ans,J2,J3,Energy,Sigma,L,A1,A2,A3,B1,B2,phiA1
cb1,-0.27,-0.18,-0.47218140027894295,1.90522507090627e-06,0.7130100743738671,0.5104663653194438,0.03200551163493698,0.20354642462345074,0.16494153152155838,0.15818423891800398,2.2032847050939486
A1,A2,A3,B1,B2,phiA1
3.7639891205880818,-1.6650569811782463,-0.5265787805640275,-5.727418539265836,0.9107159470729197,5.55111512313872e-09
ans,J2,J3,Energy,Sigma,L,A1,A3,B1,B2,B3
3x3,-0.27,-0.18,-0.5280335053724382,5.595922610672724e-12,0.8713975756305653,0.5233154183067059,0.3306682510506397,0.2123546664266776,0.3954720205922431,0.178315641558403
A1,A3,B1,B2,B3
10.961676009486608,10.779155347260811,5.236699962396116,10.83166889512875,5.7479576655398645
ans,J2,J3,Energy,Sigma,L,A1,A2,B1,B2,B3
q0,-0.27,-0.18,-0.4781324013576196,8.934989162597937e-13,0.7307028885987186,0.5087316880755717,0.1713446543380997,0.16143793335786297,0.192176776584459,0.21795724838653982
A1,A2,B1,B2,B3
4.196198943166041,-2.349898053851683,-5.7057691906030215,1.5973888878718165,1.6715517859186872
