ans,J2,J3,Energy,Sigma,L,A1,A2,B1,B2,B3
q0,0.009999999999999998,-0.02,-0.4690119580518896,5.1729703620180325e-12,0.7186294653880452,0.517185901353551,0.22601789736823313,0.18376667163868032,0.19289455388530535,-0.25608832029994893
A1,A2,B1,B2,B3
2.5702218132960035,0.03869127240703536,-5.527744928292941,-0.04024558464146435,0.038580250105647
ans,J2,J3,Energy,Sigma,L,A1,A2,A3,B1,B2,phiA1
cb1,0.009999999999999998,-0.02,-0.4698334223831267,1.2319882933097696e-11,0.7126023235942155,0.5156944072108263,0.04003528590127096,-0.26342819155343716,0.17361861669091994,0.1424485234624432,1.9534707375405986
A1,A2,A3,B1,B2,phiA1
3.7411740366001074,0.04779510121001733,-0.041799896877053454,-5.897504706633347,-0.022815083155368034,0.08372220139405868
ans,J2,J3,Energy,Sigma,L,A1,A3,B1,B2,B3
3x3,0.009999999999999998,-0.02,-0.4691632181792065,2.1089596261431765e-11,0.7102663939453878,-0.5162463357932829,0.24024778854192982,0.1748673262486084,0.3003246187291848,-0.11349471528121824
A1,A3,B1,B2,B3
4.216960113723033,-0.1073585664840177,-5.601297203672169,-0.1259548021574558,0.020927704014142307
