ans,J2,J3,Energy,Sigma,L,A1,A3,B1,B2,B3
3x3,0.0,-0.04,-0.47008888670191445,1.9447265180537768e-11,0.7128875086496739,0.5165828151074968,-0.23989613915347932,0.17587689952243832,0.0,-0.1162823358318904
A1,A3,B1,B2,B3
2.843947300031983,0.0692779167383943,-6.220635118286199,0.0,0.08387734951026284
ans,J2,J3,Energy,Sigma,L,A1,A2,B1,B2,B3
q0,0.0,-0.04,-0.4700578247045888,6.05958472892059e-12,0.7216353698246423,-0.5173483077986099,0.0,0.18429396245860186,-0.0,-0.259242515437999
A1,A2,B1,B2,B3
3.6555203302647126,-0.0,-6.622147274784624,0.0,-0.40900616227108966
ans,J2,J3,Energy,Sigma,L,A1,A2,A3,B1,B2,phiA1
cb1,0.0,-0.04,-0.4688576969293033,1.2998388861947174e-11,0.709410141632611,0.5151340600776916,0.0,-0.2550297900564389,0.1721441932566457,0.0,1.9591008221702388
A1,A2,A3,B1,B2,phiA1
3.6904923563539644,0.0,-0.10363931936005734,-6.000255847559347,0.0,0.0782095332942622
