ans,J2,J3,Energy,Sigma,L,A1,A3,B1,B2,B3
3x3,0.024999999999999998,-0.010000000000000002,-0.4669549902698215,2.6077733416461165e-11,0.7040304702219331,0.5153232052331093,-0.23413933208822646,0.17236241963486665,0.29381679750601397,-0.10863019531064105
A1,A3,B1,B2,B3
4.051370350527684,-0.020872192862331572,-6.689648834679826,0.17469359294381376,0.019761969838288224
ans,J2,J3,Energy,Sigma,L,A1,A2,B1,B2,B3
q0,0.024999999999999998,-0.010000000000000002,-0.4687891513304872,1.4711121025841023e-11,0.7186412483489721,0.5176377487922323,0.22969743158310116,0.18514016643537826,0.1931024138363949,-0.2590702990381029
A1,A2,B1,B2,B3
3.4542368959340943,0.09270362255858858,-5.478284492851468,-0.10041967257993178,0.019706458687057133
ans,J2,J3,Energy,Sigma,L,A1,A2,A3,B1,B2,phiA1
cb1,0.024999999999999998,-0.010000000000000002,-0.4699749478062077,2.000110876091308e-11,0.7132208910632483,0.5158124626663173,0.04055968450082048,-0.2659010179962227,0.17394203391732113,0.1423574434572249,1.9483398138415133
A1,A2,A3,B1,B2,phiA1
3.3670288781121163,0.09958700530867742,-0.020705659411516513,-5.901612532151943,-0.10341727474075595,0.08568236675704015
