ans,J2,J3,Energy,Sigma,L,A1,A3,B1,B2,B3
3x3,0.015000000000000003,0.0,-0.46917504025986645,9.815436467625486e-12,0.7102953734511667,0.5162583451536136,0.0,0.17485273420412453,0.30131036787262694,0.0
A1,A3,B1,B2,B3
3.8443692667216234,-0.0,-5.780320666708521,-0.06478151348674807,0.0
ans,J2,J3,Energy,Sigma,L,A1,A2,B1,B2,B3
q0,0.015000000000000003,0.0,-0.4678595565568724,6.195079669053602e-12,0.7149952945260393,0.5167409502853225,0.2219401860601069,0.18242739818155404,0.19155420386864036,0.0
A1,A2,B1,B2,B3
3.6128322557772794,-0.2507438701041306,-6.509404126998639,-0.16203705043922012,0.0
ans,J2,J3,Energy,Sigma,L,A1,A2,A3,B1,B2,phiA1
cb1,0.015000000000000003,0.0,-0.47108162440038864,4.6733690890484435e-12,0.7165676794231247,0.5162977188292032,0.04103646477478275,0.0,0.17530263112277167,0.14525459639131957,1.9501626954922338
A1,A2,A3,B1,B2,phiA1
3.756273070566525,0.05856426454885986,0.0,-6.076139591290219,-0.061062266355956164,0.08937296458477348
