ans,J2,J3,Energy,Sigma,L,A1,A3,B1,B2,B3
3x3,-0.005000000000000001,-0.02,-0.4719443428000106,1.7023373328647118e-11,0.7181116054813559,0.5173031917416968,-0.24981402038458098,0.17783173771959931,0.30862914945286846,-0.11873902797673919
A1,A3,B1,B2,B3
4.512223927072331,-0.3179123631096014,-5.520139900574485,0.05834221995041257,0.07793765632853011
ans,J2,J3,Energy,Sigma,L,A1,A2,B1,B2,B3
q0,-0.005000000000000001,-0.02,-0.4686349846867219,1.390238646493132e-11,0.7165810387638469,0.5163732086886631,0.21939430773953075,0.1813577263071435,0.19196352687508475,-0.24961107239502145
A1,A2,B1,B2,B3
2.928657316815416,-0.03169686735386452,-6.10067552047236,0.016431300764875638,-0.0074940054159969
ans,J2,J3,Energy,Sigma,L,A1,A2,A3,B1,B2,phiA1
cb1,-0.005000000000000001,-0.02,-0.4704016887091761,1.3140740059500344e-11,0.7141979600224814,0.5159160136257833,0.03992438472907333,-0.26600021174818106,0.17423169865041888,0.14405982740197254,1.957716979174445
A1,A2,A3,B1,B2,phiA1
3.740119325557365,-0.02237099394615216,-0.04574118861446499,-5.965450355738384,0.015765166949208216,0.08465295131564032
