ans,J2,J3,Energy,Sigma,L,A1,A2,A3,B1,B2,phiA1
cb1,0.005000000000000001,-0.010000000000000002,-0.4704920993806654,9.036053905856412e-12,0.7144570625932479,0.5156675332839703,0.040188159612667085,0.265984026049388,0.17383232811436217,0.14416097474932296,1.9598128154130223
A1,A2,A3,B1,B2,phiA1
3.801403636519953,0.02553512956632723,-0.020428103655330005,-5.742850639307664,-0.014099832413102548,0.08462250900030505
ans,J2,J3,Energy,Sigma,L,A1,A3,B1,B2,B3
3x3,0.005000000000000001,-0.010000000000000002,-0.46916542965108,5.996474291107051e-12,0.7125432032015071,0.5160407108966105,0.24640756691368498,0.17610077334710736,0.30407191392093136,0.11161491099426014
A1,A3,B1,B2,B3
3.7924663403291454,-0.020150547896347033,-5.651645818151151,-0.02003952559666883,0.020095036745675147
ans,J2,J3,Energy,Sigma,L,A1,A2,B1,B2,B3
q0,0.005000000000000001,-0.010000000000000002,-0.46969242877393874,1.481771296830484e-11,0.717310832248987,0.5174349184736907,0.22336633482598564,0.18243213911400755,0.19192225047335323,0.2540021671767154
A1,A2,B1,B2,B3
3.7752578842886315,0.017597034940761973,-5.763278743280085,-0.02053912595609439,0.01704192342985426
