ans,J2,J3,Energy,Sigma,L,A1,A2,A3,B1,B2,phiA1
cb1,0.009999999999999998,-0.025,-0.46927583244428567,4.12909742419008e-12,0.7107339001163965,0.5151077738550178,0.039394643165622405,0.25782380558446577,0.17229096698809665,0.14108296223078085,1.9600706447321785
A1,A2,A3,B1,B2,phiA1
3.775701972660131,0.039523939676576525,-0.05323519403066973,-5.816458425838122,-0.04035660694616397,0.08005168750086586
ans,J2,J3,Energy,Sigma,L,A1,A3,B1,B2,B3
3x3,0.009999999999999998,-0.025,-0.4675595703869651,2.1309809186684778e-11,0.7080221237058313,0.5154019663730257,0.23827709888525467,0.17438146022212828,0.2984962688176666,0.10945082687708953
A1,A3,B1,B2,B3
3.812894444825438,-0.052458037911977666,-5.657085910971954,-0.041078251911048635,0.04901634653710251
ans,J2,J3,Energy,Sigma,L,A1,A2,B1,B2,B3
q0,0.009999999999999998,-0.025,-0.4708358137614742,2.0448588782337207e-11,0.7213741398141587,0.5182465293775861,0.23063148874557635,0.18487168190477055,0.19349647565900333,0.26210310386646407
A1,A2,B1,B2,B3
3.2450708788505165,0.11002310174318662,-5.5430104948810826,0.024535928844847867,0.11424194924638352
