ans,J2,J3,Energy,Sigma,L,A1,A2,A3,B1,B2,phiA1
cb1,0.02,-0.0049999999999999975,-0.4702758595143806,1.5838625041970487e-11,0.713954975966248,0.5156137402785266,0.04041760519974738,0.2660658789546475,0.17368336777977653,0.14309831791656155,1.9550567437467834
A1,A2,A3,B1,B2,phiA1
3.789912827372938,0.07799316747976132,-0.009825473769003789,-5.762945676372689,-0.08115730310218904,0.08499410064627051
ans,J2,J3,Energy,Sigma,L,A1,A3,B1,B2,B3
3x3,0.02,-0.0049999999999999975,-0.4666910588212883,3.0260498450070675e-12,0.7055678467280817,0.5150619566558612,0.2387447690463098,0.17339936757422225,0.29683016634307985,0.10684295823783731
A1,A3,B1,B2,B3
3.762101740610765,-0.009880984918869911,-5.740463659804791,-0.09875433804021014,0.010103029524068656
ans,J2,J3,Energy,Sigma,L,A1,A2,B1,B2,B3
q0,0.02,-0.0049999999999999975,-0.46978790648219526,1.1139298792773762e-11,0.7183659540889096,0.5180714724149189,0.22866864184214458,0.18432798493528413,0.19254467721864782,0.25858859312468147
A1,A2,B1,B2,B3
4.3500203432019315,0.05256906021443699,-5.149269899209487,-0.08154588115629129,0.00999200722160632
