ans,J2,J3,Converge,Energy,Sigma,gap,L,A1,A3,B1,B2,B3,phiB1,phiB2,phiA3
3x3_1,-0.07500000000000001,0.14999999999999997,True,-0.3092417347777963,8.302562205139227e-10,0.0036309464163866195,0.6289439686316391,0.40585611312736297,0.22204792190165235,0.1326548058204618,0.23963857011377585,-0.08219048220702878,3.141358450671858,-0.0004493729193377676,3.1425311972725765
ans,J2,J3,Converge,Energy,Sigma,gap,L,A1,A2,B1,B2,B3,phiB1,phiA2,phiB2
q0_1,-0.07500000000000001,0.14999999999999997,True,-0.29388625118024825,1.6206677460566915e-09,0.0055219887420472355,0.5650476117093004,0.39935570260439485,0.08386491986879202,0.11106652340880617,0.12101707871862864,-0.10193473891645573,3.1416975370602223,3.18472573992328,3.1430853288786156
ans,J2,J3,Converge,Energy,Sigma,gap,L,A1,A2,A3,B1,B2,phiA1,phiB1,phiA2,phiB2
cb1,-0.07500000000000001,0.14999999999999997,True,-0.3091249579861522,3.464305384407494e-09,0.012036643430643944,0.6288252029373882,0.40491659014180326,0.07454715706884746,-0.23782696293168215,0.12983465575801265,0.22024539163007192,1.9656135546381277,3.141438292461555,4.1461446933687185,5.271708849721673
