ans,J2,J3,Converge,Energy,Sigma,gap,L,A1,A3,B1,B2,B3,phiB1,phiB2,phiA3
3x3_1,0.0,0.22500000000000003,True,-0.30425561641929694,3.804477147506204e-09,0.007198591883373025,0.6082428137022848,0.40413998801786005,0.2165219280406638,0.12625000634880823,0.0,-0.0686541398112558,3.141573666409852,0.0,3.140433398660761
ans,J2,J3,Converge,Energy,Sigma,gap,L,A1,A2,B1,B2,B3,phiB1,phiA2,phiB2
q0_1,0.0,0.22500000000000003,True,-0.29207610494702224,1.5952688258906177e-10,0.016599654108619293,0.5584645583668203,0.39946843179967095,0.0,0.11162160019367237,0.0,-0.09783811925393583,3.141811659327493,-0.0,0.0
ans,J2,J3,Converge,Energy,Sigma,gap,L,A1,A2,A3,B1,B2,phiA1,phiB1,phiA2,phiB2
cb1,0.0,0.22500000000000003,True,-0.30711634342578525,3.624927531002675e-10,0.014319193032036453,0.6242483208113685,0.4047236618418255,0.0,-0.2476194038686738,0.1309125553867726,0.0,1.9565395779035044,3.141579570312335,0.0,0.0
