ans,J2,J3,Converge,Energy,Sigma,gap,L,A1,A3,B1,B2,B3,phiB1,phiB2,phiA3
3x3_1,-0.3,-0.07500000000000001,True,-0.32953682129787143,1.943106487067341e-09,0.0015618437001815573,0.7101765778673748,0.4075002117714443,0.23957247624191935,0.14952991288460207,0.2751294331418274,-0.11671118623121471,3.141320520749577,0.00010681610899326111,3.1406098298879233
ans,J2,J3,Converge,Energy,Sigma,gap,L,A1,A2,B1,B2,B3,phiB1,phiA2,phiB2
q0_1,-0.3,-0.07500000000000001,True,-0.30063239088813043,2.1462296499890252e-09,0.0021974156910185,0.590778841618761,0.39896229720501514,0.08247755693043814,0.1113145677291824,0.1294321976586093,-0.12057461838267192,3.1423991279654313,3.2104883403408313,3.140897575887829
ans,J2,J3,Converge,Energy,Sigma,gap,L,A1,A2,A3,B1,B2,phiA1,phiB1,phiA2,phiB2
cb1,-0.3,-0.07500000000000001,True,-0.3172566774495294,9.163180467844244e-09,0.011379790908096711,0.6516075921836281,0.4040529922671402,0.05797928586513037,-0.21799230583512563,0.1277999835408088,0.21977393882841395,1.9866492497562773,3.142191187147644,4.164694730181942,5.277720423281454
