ans,J2,J3,Energy,Sigma,gap,L,A1,A2,A3,B1,B2,phiA1
cb1,-0.15,0.3,-0.4920181861091316,1.1946375696296744e-09,0.012808735931028008,0.7756339478271067,0.4771313924158485,-0.007513342982521818,-0.364237789074973,0.11318334229596932,-0.2741047895200461,6.283061635532894
A1,A2,A3,B1,B2,phiA1
3.6254332869134487,-0.7958078640513122,0.3319566843629218,-4.407363363156946,0.567768054793305,0.07858491635204246
ans,J2,J3,Energy,Sigma,gap,L,A1,A3,B1,B2,B3
3x3,-0.15,0.3,-0.5404024047134451,7.99857902982059e-10,0.003179390833065188,0.8923627685584896,0.516853092416254,-0.4027006183317803,0.20513914552792809,0.40523767677945693,-0.15943299864320581
A1,A3,B1,B2,B3
4.804934228275215,0.3752553823233029,-3.8226088960868765,0.10547118733938987,-0.9949818746690653
ans,J2,J3,Energy,Sigma,gap,L,A1,A2,B1,B2,B3
q0,-0.15,0.3,-0.46085132148657215,1.3527927994560145e-09,0.00479711984315341,0.6835831286667916,0.5020324470428104,0.10293006737594168,0.14623291737811914,0.17048902684766526,-0.14124628376747836
A1,A2,B1,B2,B3
3.204825294034208,-1.0773049119450206,-7.606859586672954,0.5628275623337231,-1.3700152123874432
