ans,J2,J3,Energy,Sigma,gap,L,A1,A2,A3,B1,B2,phiA1
cb1,0.3,0.0,-0.4628223623303151,1.616079627834067e-09,0.007159982806835246,0.6927726559938744,0.5109396751781686,0.04112517898030213,0.0,0.1635216808219601,0.1067614906083461,1.8465184198362985
A1,A2,A3,B1,B2,phiA1
3.596234421365807,0.698441304791686,0.0,-6.437850252893895,-1.8400836410137345,0.051888493501905934
ans,J2,J3,Energy,Sigma,gap,L,A1,A3,B1,B2,B3
3x3,0.3,0.0,-0.43768712301992946,2.91234067897017e-11,0.08472015447889586,0.6303930291416303,0.49542166816154004,0.0,0.13205929053846432,0.1747458388027171,0.0
A1,A3,B1,B2,B3
3.2653879600275104,-0.0,-6.762979065655372,-2.7263191704207657,0.0
ans,J2,J3,Energy,Sigma,gap,L,A1,A2,B1,B2,B3
q0,0.3,0.0,-0.49543765863946987,2.0949498859026066e-10,0.001989960097176946,0.8068986869536857,0.521589705597816,0.3650162649248001,0.22488127338358585,0.21397771441880487,0.0
A1,A2,B1,B2,B3
2.39241959576475,5.262679181328167,-1.6997514507011147,-2.522093645040968,0.0
