ans,J2,J3,Energy,Sigma,gap,L,A1,A3,B1,B2,B3
3x3,-0.3,0.22500000000000003,-0.5826744581558779,1.1100170857508263e-09,0.003366119815936046,0.996269579948425,0.5179227090202672,0.4130910676450752,0.21818968968506824,0.42953137978006495,0.18512849558487457
A1,A3,B1,B2,B3
8.094636072542016,26.279090015179918,-10.726752819323337,12.003731342247193,-9.733991390703522
ans,J2,J3,Energy,Sigma,gap,L,A1,A2,B1,B2,B3
q0,-0.3,0.22500000000000003,-0.4663711954046252,1.3685235203144994e-10,0.004537723820832461,0.6946869160877326,0.498273249749637,0.10175431524165958,0.13786198948873313,0.1726638179076548,0.13077528475661593
A1,A2,B1,B2,B3
8.421652264445356,-6.676881270095691,-0.32757130341565244,1.882383138251953,-4.206746062607181
ans,J2,J3,Energy,Sigma,gap,L,A1,A2,A3,B1,B2,phiA1
cb1,-0.3,0.22500000000000003,-0.5184608820823653,1.9077692890712282e-09,0.004440572933066309,0.8462082361941317,0.5180937990722343,0.04335239250676506,0.4221269971477364,0.20185848567631381,0.20056204809571615,1.9247698092178365
A1,A2,A3,B1,B2,phiA1
1.7105206140399787,-32.17126565147055,23.832380513510998,-6.5819572014902405,12.907119817384682,0.9589307126134371
