ans,J2,J3,Energy,Sigma,gap,L,A1,A2,A3,B1,B2,phiA1
cb1,0.22500000000000003,-0.22499999999999998,-0.45644555660356795,9.87690027798787e-07,0.02646516881410918,0.6730802090237028,0.5047112260882023,0.021810449418278196,0.14810664356912498,0.15128885117850402,0.07325676795897497,1.7788100784218737
A1,A2,A3,B1,B2,phiA1
3.4201530496602572,0.5442313266712517,-0.888566997758744,-6.854350420582023,-1.4030443473700416,2.9976021664879223e-05
ans,J2,J3,Energy,Sigma,gap,L,A1,A3,B1,B2,B3
3x3,0.22500000000000003,-0.22499999999999998,-0.44132448957562903,8.37054462562148e-10,0.08931808202559445,0.6388692115119131,0.49658343852209047,0.08393984795448192,0.13500155043312154,0.1797770442439713,0.05603988437157897
A1,A3,B1,B2,B3
3.1792346533165983,-0.8918421556813882,-7.137845869920056,-1.8853807404184408,0.37980729672426605
ans,J2,J3,Energy,Sigma,gap,L,A1,A2,B1,B2,B3
q0,0.22500000000000003,-0.22499999999999998,-0.5162018650343986,1.098131683894698e-08,0.0017140220082173217,0.8605496234421949,0.5215285677664635,0.3742978427183534,0.22940266043376376,0.22136297248317718,0.40255745541950994
A1,A2,B1,B2,B3
1.024402784821632,5.456191054520332,-1.768918345135262,-1.850519737445211,18.320900352364333
