ans,J2,J3,Energy,Sigma,gap,L,A1,A2,A3,B1,B2,phiA1
cb1,-0.15,-0.3,-0.46315373443689273,9.824227453900439e-06,0.08615790423092877,0.6894215415518841,0.5067834690095625,0.02701331837808236,0.16062612950188565,0.1557267807405104,0.14155963026859322,2.20537816248236
A1,A2,A3,B1,B2,phiA1
3.7139180619760737,-0.7815970093361102,-1.0701994845874196,-5.758504784125762,0.5339062525422378,2.2759572004815706e-05
ans,J2,J3,Energy,Sigma,gap,L,A1,A3,B1,B2,B3
3x3,-0.15,-0.3,-0.4892306351841016,1.4450203192547823e-08,0.004222616988656247,0.7670441268717952,0.520186060392091,0.254151889911915,0.19209025253538206,0.33762840984253406,0.15251393987305598
A1,A3,B1,B2,B3
4.3830494789176555,-0.865085780787922,-5.145550652230213,0.2824407374646398,0.4987121826616203
ans,J2,J3,Energy,Sigma,gap,L,A1,A2,B1,B2,B3
q0,-0.15,-0.3,-0.48551901618225146,8.064221813691808e-09,0.0018357663117242302,0.7633118322501682,0.5177928454652942,0.24419356171724738,0.18850403585427963,0.20490118820075856,0.29226166746981247
A1,A2,B1,B2,B3
1.1758372053805033,-1.6726620089002608,-7.157940906665772,0.3865796571744795,2.6691981958038014
