ans,J2,J3,Energy,Sigma,gap,L,A1,A2,A3,B1,B2,phiA1
cb1,0.14999999999999997,0.0,-0.4665368576338094,9.455264202967314e-09,0.005310562739433287,0.7040076541369983,0.5142541172134527,0.04556391814897052,0.0,0.17026185944002736,0.12922743091262065,1.9095050227426602
A1,A2,A3,B1,B2,phiA1
3.642974810702526,0.44853010194856324,0.0,-6.088796133951746,-0.7119305145408816,0.07875200491724854
ans,J2,J3,Energy,Sigma,gap,L,A1,A3,B1,B2,B3
3x3,0.14999999999999997,0.0,-0.44970423851974406,1.4354453866490167e-09,0.052644917523731335,0.6580188678118005,0.5051406758046159,0.0,0.14989542592678057,0.22865808582816796,0.0
A1,A3,B1,B2,B3
3.482714117097885,-0.0,-6.493749982183772,-0.9459655281318646,0.0
ans,J2,J3,Energy,Sigma,gap,L,A1,A2,B1,B2,B3
q0,0.14999999999999997,0.0,-0.4757037808952599,4.163137163978662e-09,0.002205803743338557,0.7457497735332337,0.5228692464998734,0.29132979676967113,0.20514901373541267,0.20286329283821386,0.0
A1,A2,B1,B2,B3
3.847255847233555,2.061351089821528,-4.4187986603105855,-0.9543477119677846,0.0
