ans,J2,J3,Energy,Sigma,gap,L,A1,A2,A3,B1,B2,phiA1
cb1,-0.3,0.3,-0.4780168423402985,4.180498681850242e-09,0.015158309843192832,0.735574872292818,0.5014741573247061,1.1933626717657262e-05,0.00039393310363998907,0.1549022972464206,0.19602821329380488,3.14076433655145
A1,A2,A3,B1,B2,phiA1
3.978373186441786,-2.0679014056668166,0.35227376571356217,-4.697131572584112,1.1016743073355428,0.030080382629193988
ans,J2,J3,Energy,Sigma,gap,L,A1,A3,B1,B2,B3
3x3,-0.3,0.3,-0.5933003638819111,1.0620475704953594e-08,0.0034607319843245037,1.0178732194483906,0.5156257073780672,0.4251585662867474,0.21733185211503014,0.43196957347773673,0.18354665492380345
A1,A3,B1,B2,B3
4.3191006326992465,0.9761080832504376,-3.8576919436650314,1.4054313268729857,-0.46718184876226587
ans,J2,J3,Energy,Sigma,gap,L,A1,A2,B1,B2,B3
q0,-0.3,0.3,-0.46504987136689596,4.812225920265033e-09,0.005215502050326278,0.6905494894111778,0.4972810840171891,0.09517468394101293,0.1359653270337026,0.16964658801623647,0.12085933003914788
A1,A2,B1,B2,B3
2.9961033654046787,-3.869238263121133,-8.420542041420731,1.1392553567191044,-1.3261614029147495
