ans,J2,J3,Energy,Sigma,gap,L,A1,A2,A3,B1,B2,phiA1
cb1,0.0,0.3,-0.5099289549106674,5.9294981316495015e-09,0.004718490263179573,0.8245872643419977,0.5168174970496568,0.0,0.42417878250329777,0.19776232237972965,0.0,1.935483882534193
A1,A2,A3,B1,B2,phiA1
4.222289184951933,0.0,0.22315482794965646,-4.955480470414386,0.0,0.15806800313100666
ans,J2,J3,Energy,Sigma,gap,L,A1,A3,B1,B2,B3
3x3,0.0,0.3,-0.49580943175613956,8.84259470906059e-09,0.007023897793753326,0.7810668790172239,0.5152123917501509,0.36167376659979067,0.18690057231776902,0.0,0.1226479845365929
A1,A3,B1,B2,B3
3.624878175401136,0.44009240696141205,-5.461631147340995,0.0,-0.7467360063628803
ans,J2,J3,Energy,Sigma,gap,L,A1,A2,B1,B2,B3
q0,0.0,0.3,-0.456088587892337,2.8026907621969876e-11,0.005064610025592833,0.6741937174520781,0.5056916931735123,0.0,0.15512602220710828,0.0,0.15526202757373442
A1,A2,B1,B2,B3
3.386513292014115,-0.0,-6.867617585726293,0.0,-1.2247425296152414
