ans,J2,J3,Energy,Sigma,gap,L,A1,A3,B1,B2,B3
3x3,-0.15,-0.15,-0.4967899078612833,7.545373426560067e-11,0.004113741002782565,0.788126426748228,0.5224091227142477,0.2912502130680468,0.1981057649726632,0.358233488426287,0.15663673986584561
A1,A3,B1,B2,B3
6.111666728259024,-2.7230440124981214,-4.68025618260981,2.873701276939755,0.723421322845752
ans,J2,J3,Energy,Sigma,gap,L,A1,A2,B1,B2,B3
q0,-0.15,-0.15,-0.4748674630390701,1.6630098235678683e-09,0.002317753238333566,0.7289531680173377,0.5133145958289648,0.20076569917336728,0.1733441447958632,0.19414872991689075,0.24163528298140846
A1,A2,B1,B2,B3
0.06661338147750939,-14.902190592636089,-12.4109611476797,26.213142767517184,24.490187655601403
ans,J2,J3,Energy,Sigma,gap,L,A1,A2,A3,B1,B2,phiA1
cb1,-0.15,-0.15,-0.46822821974038004,1.3128033219183749e-08,0.027289043031135888,0.7044041040431763,0.5122973703085532,0.03472334924960122,0.21955599866325015,0.16654741823095642,0.1458024980063744,2.0810089769953555
A1,A2,A3,B1,B2,phiA1
59.65444804800768,-56.78774117612306,-22.003066035836127,-23.507973345715527,12.198131393859057,7.182602845823282
