ans,J2,J3,Energy,Sigma,gap,L,A1,A2,A3,B1,B2,phiA1
cb1,-0.07500000000000001,-0.3,-0.4603703697220087,1.5319581951131827e-08,0.09225372767906817,0.6825442908848136,0.5058047835405477,0.02898924805267781,0.1537708073236665,0.1531318132987506,0.13715773994364205,2.21405323261564
A1,A2,A3,B1,B2,phiA1
3.6953773374648335,-0.3461675390781238,-1.0766942892814768,-5.817846204791977,0.2816635813474022,0.00040134562340199404
ans,J2,J3,Energy,Sigma,gap,L,A1,A3,B1,B2,B3
3x3,-0.07500000000000001,-0.3,-0.4738798525323903,1.162890467584212e-08,0.0056301252968801955,0.724696860818023,0.5160245579478255,0.21342176397139986,0.17862266731376203,0.3012942546762609,0.13182888693785955
A1,A3,B1,B2,B3
3.656075442393103,-0.9835465775154262,-5.732303520744608,0.31374902675906924,0.6125100426856989
ans,J2,J3,Energy,Sigma,gap,L,A1,A2,B1,B2,B3
q0,-0.07500000000000001,-0.3,-0.48924092393347574,1.6876578644278648e-08,0.0017400570779750417,0.7790471684828957,0.5209707119424626,0.27585015145508945,0.19973309324110408,0.20967183188756439,0.32179790233015265
A1,A2,B1,B2,B3
4.171107903516713,-0.6361577931102147,-4.343192472333612,3.025024675196164,1.2463363674442007
