ans,J2,J3,Energy,Sigma,gap,L,A1,A3,B1,B2,B3
3x3,-0.3,-0.3,-0.5298369583120152,5.443330804953903e-09,0.002246520799852927,0.8747305072571185,0.5232026104249826,-0.3170350559095541,0.21275105757837237,0.3933660061261766,-0.1840901197460921
A1,A3,B1,B2,B3
29.794611222655476,-28.14859456634622,-6.821099240994499,29.984459359866378,53.08176120877306
ans,J2,J3,Energy,Sigma,gap,L,A1,A2,B1,B2,B3
q0,-0.3,-0.3,-0.4839127857146307,1.0036556432419638e-09,0.004171442169779075,0.7496878732906194,0.5100680501213124,0.1894159981469884,0.16760350101774943,0.1987173163977365,-0.24208252760469426
A1,A2,B1,B2,B3
21.048496279263418,-12.285505945897057,-8.621547920029116,16.467716079660022,8.010370144972967
ans,J2,J3,Energy,Sigma,gap,L,A1,A2,A3,B1,B2,phiA1
cb1,-0.3,-0.3,-0.4705984890000719,6.091030301778949e-05,0.1093831274437388,0.7071909201865858,0.5056355388757368,0.025203495649253144,-0.1501162246088431,0.1570413628093882,0.1615577219457735,2.3533431959435167
A1,A2,A3,B1,B2,phiA1
25.60884837521371,-113.82539355508925,-0.345778961019505,-175.29805385052555,530.1641348154362,778.3629452084994
