ans,J2,J3,Energy,Sigma,L,A1,A3,B1,B2,B3
3x3,-0.008999999999999998,0.0,-0.47199209096253125,5.792594841830201e-10,0.7203924189290462,0.5166249918734289,0.0,0.17824839330183798,0.3107585404654034,0.0
A1,A3,B1,B2,B3
1.1102230257939034,-0.0,-7.771561180557194,-3.330669095870629,0.0
ans,J2,J3,Energy,Sigma,L,A1,A2,B1,B2,B3
q0,-0.008999999999999998,0.0,-0.4686439156724715,5.807974301475066e-09,0.7134163321045984,0.5162236503593858,0.21401912392397018,0.1791064842447906,0.18965432800484647,0.0
A1,A2,B1,B2,B3
1.1102230257939458,-2.7755575644847528,-9.436895719247998,-2.7755575644847847,0.0
ans,J2,J3,Energy,Sigma,L,A1,A2,A3,B1,B2,phiA1
cb1,-0.008999999999999998,0.0,-0.47177877495891485,8.32500937016871e-12,0.7187480116806623,0.5165240971063303,-0.10896839922696706,0.0,0.1760611853712818,0.14809786707344846,1.9580509429255153
A1,A2,A3,B1,B2,phiA1
1.1102230257939034,0.0,0.0,-4.440892103175604,1.1102230257939023,-1.6653345571797793
