ans,J2,J3,Energy,Sigma,L,A1,A3,B1,B2,B3
3x3,0.021000000000000005,0.024,-0.4676392337283033,1.6855738873277088e-14,0.7081698454883276,0.5150690896932211,0.24648913301779152,0.17375601407276217,0.2995259021678614,0.10425760243821962
A1,A3,B1,B2,B3
2.775557564484753,-0.5551115128969508,-7.216449667660359,-1.1102230196309264,-1.665334538690852
ans,J2,J3,Energy,Sigma,L,A1,A2,B1,B2,B3
q0,0.021000000000000005,0.024,-0.467838956560281,3.776759714299849e-10,0.7122130722318089,0.516991797298057,0.2196815330198383,0.18131644354239787,0.19001443158662817,0.24806402123980562
A1,A2,B1,B2,B3
4.440892004568002,2.7755575644847,-3.885780590278597,2.7755575644847426,0.0
ans,J2,J3,Energy,Sigma,L,A1,A2,A3,B1,B2,phiA1
cb1,0.021000000000000005,0.024,-0.47312631377477476,1.511864250807713e-11,0.7235696686168306,0.5174183130516253,-0.11652502186976818,0.28792288892933754,0.1787926535263994,0.14977048159742518,-1.9398961404639472
A1,A2,A3,B1,B2,phiA1
3.3306690034260016,0.0,0.0,-7.7715611805573,-1.110223025793897,1.1102230381198421
