ans,J2,J3,Energy,Sigma,L,A1,A3,B1,B2,B3
3x3,-0.027,0.024,-0.4769978245289067,2.4793863738431798e-09,0.7343624118829871,0.5179324276440931,0.2752335179263442,0.18261335256013372,0.32444407029145367,0.11955244107514572
A1,A3,B1,B2,B3
5.55111512896939,0.0,-2.220446051587794,1.110223019630921,-1.110223025793897
ans,J2,J3,Energy,Sigma,L,A1,A2,B1,B2,B3
q0,-0.027,0.024,-0.46704327226388154,3.175495848797184e-09,0.7071295274490903,0.5143222635926264,0.19927308256624815,0.1739660434147492,0.18708322698016752,0.22913956579014738
A1,A2,B1,B2,B3
38.857805039969804,0.0,34.41691379961089,0.5551115128969061,0.0
ans,J2,J3,Energy,Sigma,L,A1,A2,A3,B1,B2,phiA1
cb1,-0.027,0.024,-0.47409523941727216,1.4412735257420766e-11,0.7255147782531595,0.517145087147789,-0.11095064638174651,0.290476635408171,0.1780696370997464,0.1537182616992266,1.9638922187675592
A1,A2,A3,B1,B2,phiA1
0.0,-1.1102230257939076,-2.220446039261853,-8.881784206351208,-2.2204460515878033,-2.2204460762396843
