ans,J2,J3,Energy,Sigma,L,A1,A3,B1,B2,B3
3x3,-0.008999999999999998,0.009000000000000001,-0.4724759407947767,4.251960279141253e-12,0.7217474515346652,0.5167576981656956,0.2595843031452034,0.17867284880914042,0.3124622162120003,0.11338275425309582
A1,A3,B1,B2,B3
-16.65334538690851,-18.87379154326691,-42.18847498016825,-2.2204460639137564,-37.19247136409569
ans,J2,J3,Energy,Sigma,L,A1,A2,B1,B2,B3
q0,-0.008999999999999998,0.009000000000000001,-0.46811292904301355,8.364769901129232e-09,0.7116577957038771,0.5159005939580056,0.21079694931172233,0.17820603006572353,0.18989146115129094,0.23919001841520754
A1,A2,B1,B2,B3
2.7755575028549377,-0.5551115128968214,-4.996003616072071,-0.5551115128968214,0.0
ans,J2,J3,Energy,Sigma,L,A1,A2,A3,B1,B2,phiA1
cb1,-0.008999999999999998,0.009000000000000001,-0.4724805926631358,8.836844512189062e-12,0.7209311109263744,0.5168090690336311,-0.11048349516570513,0.28163540699053047,0.17691552656862547,0.14965482459259236,1.9568387448824278
A1,A2,A3,B1,B2,phiA1
2.220446051587807,-1.1102230257939023,0.0,-6.661338154763408,-1.1102230257939023,0.0
