ans,J2,J3,Energy,Sigma,L,A1,A3,B1,B2,B3
3x3,-0.015,-0.015,-0.47236513333691355,5.401909937775539e-12,0.721433984966485,0.516762108862264,0.2549398361707103,0.17866619140366113,0.3110247436720027,0.11444054735879654
A1,A3,B1,B2,B3
2.7755575644847372,-0.5551115098154632,-7.771561180557311,-3.8857806118490656,-2.7755575644847528
ans,J2,J3,Energy,Sigma,L,A1,A2,B1,B2,B3
q0,-0.015,-0.015,-0.4694330837614877,5.779515589651395e-09,0.7157279124505889,0.5164460612730124,0.21625692250539175,0.1797374298499031,0.19085758386695267,0.24564227200348254
A1,A2,B1,B2,B3
258.12685349708204,0.0,-29.976021696435133,1.1102230257938122,0.5551115128968214
ans,J2,J3,Energy,Sigma,L,A1,A2,A3,B1,B2,phiA1
cb1,-0.015,-0.015,-0.4707813652483367,7.535041902638853e-10,0.7155004925172745,0.515995240319705,-0.10565159444913955,0.2693753246023739,0.17454686417263138,0.14599680667175882,1.9639611737622096
A1,A2,A3,B1,B2,phiA1
2.7755575644847585,-2.7755575644847847,-1.1102230319568729,-9.992007232144818,-2.220446051587794,-1.6653345571797846
