ans,J2,J3,Energy,Sigma,L,A1,A3,B1,B2,B3
3x3,0.009000000000000001,0.03,-0.47015896764190723,5.5216565579977595e-12,0.71525051001342,0.5159511059511099,0.25611680102182643,0.1763075575890189,0.30713223624236263,0.1083580395824312
A1,A3,B1,B2,B3
-0.5551115128969305,-3.330669095870629,-7.771561180557311,-2.220446063913755,-2.775557564484753
ans,J2,J3,Energy,Sigma,L,A1,A2,B1,B2,B3
q0,0.009000000000000001,0.03,-0.4672210350174185,9.037211299440432e-09,0.709567808743873,0.5161032328693437,0.21225275592216494,0.178756594191656,0.1892269304840396,0.24088716427445866
A1,A2,B1,B2,B3
1.6653345017128949,-3.3306690773816907,-9.436895719249351,-2.7755575644847847,-2.7755575644847426
ans,J2,J3,Energy,Sigma,L,A1,A2,A3,B1,B2,phiA1
cb1,0.009000000000000001,0.03,-0.4738515767513415,8.26972747704502e-12,0.7255631794658781,0.5175312934292658,-0.11612763817151384,0.29180927961270237,0.17917436278610452,0.15183133059252496,1.9454874511100801
A1,A2,A3,B1,B2,phiA1
0.0,-2.2204460515877993,-2.220446039261853,-7.771561180557305,-2.2204460515878046,-2.2204460762397056
