ans,J2,J3,Energy,Sigma,L,A1,A3,B1,B2,B3
3x3,0.027000000000000003,0.024,-0.46657423560495603,4.931027770092638e-12,0.7051792038818767,0.5146575603429062,0.24272927422283525,0.17261511948049044,0.29629468227983763,0.1023070742532736
A1,A3,B1,B2,B3
4.440892103175592,-1.6653345386908667,-2.7755575644847528,1.6653345294464028,-2.220446051587802
ans,J2,J3,Energy,Sigma,L,A1,A2,B1,B2,B3
q0,0.027000000000000003,0.024,-0.46799048305553376,1.2314781250400864e-09,0.712999960067228,0.5173201813644662,0.2223201062555893,0.18228468869376022,0.1904040803347087,0.2509384961169944
A1,A2,B1,B2,B3
3.3306690034260016,2.7755575644847528,-3.885780590279105,1.110223025793897,-1.110223019630921
ans,J2,J3,Energy,Sigma,L,A1,A2,A3,B1,B2,phiA1
cb1,0.027000000000000003,0.024,-0.47302205702173694,1.1183582445705132e-11,0.7233669722876847,0.5174459693786647,-0.1172374508181192,0.2875802587863171,0.17888754525868947,0.14924167035340757,1.9368745344497107
A1,A2,A3,B1,B2,phiA1
0.0,-2.2204460515878153,-2.2204460639137564,-7.7715611805573,-5.5511151289695055,-2.2204460762397056
