ans,J2,J3,Energy,Sigma,L,A1,A3,B1,B2,B3
3x3,-0.011999999999999997,0.027000000000000003,-0.47408771137005645,3.719972206182834e-13,0.7262579490436141,0.5171681091733455,0.2676856202987347,0.1800478687140776,0.3174368645825131,0.11493286343331
A1,A3,B1,B2,B3
6.661338154763407,0.0,-3.3306690773817067,0.0,1.1102230257939023
ans,J2,J3,Energy,Sigma,L,A1,A2,B1,B2,B3
q0,-0.011999999999999997,0.027000000000000003,-0.46705272511505025,1.4418281935660602e-13,0.7079394664691347,0.5150474247577462,0.20447864846771122,0.17587585808040063,0.1876607931291714,0.23350175467030895
A1,A2,B1,B2,B3
3.330669003425995,1.1102230257939016,-3.8857805902786553,2.2204460515877993,0.5551115128969505
ans,J2,J3,Energy,Sigma,L,A1,A2,A3,B1,B2,phiA1
cb1,-0.011999999999999997,0.027000000000000003,-0.47402029022315295,1.43614592985814e-11,0.7256280226551438,0.5173251535042521,-0.1131707133789561,0.2913397602812985,0.1785707063545403,0.15303327752431528,-1.9561017233227145
A1,A2,A3,B1,B2,phiA1
1.110223001141958,-2.2204460515878046,0.0,-7.771561180557321,-1.110223025793897,0.0
