ans,J2,J3,Energy,Sigma,L,A1,A3,B1,B2,B3
3x3,0.006000000000000005,-0.005999999999999998,-0.46887479344621674,5.555029072074102e-12,0.7116210360511565,0.5155624192023437,0.24521039687844784,0.17514368883651926,0.3016461466151624,0.10804900567218026
A1,A3,B1,B2,B3
2.7755575028550226,1.665334538690852,-4.996003616072547,3.3306690958706318,0.5551115128969498
ans,J2,J3,Energy,Sigma,L,A1,A2,B1,B2,B3
q0,0.006000000000000005,-0.005999999999999998,-0.4693514767940847,1.0686720561593217e-09,0.7165505203788034,0.5172867922160246,0.2231293124499632,0.18212917328441341,0.19175880908426562,0.25324117360821824
A1,A2,B1,B2,B3
0.0,-2.220446051587794,-6.661338154763381,-1.110223025793897,-0.5551115098154605
ans,J2,J3,Energy,Sigma,L,A1,A2,A3,B1,B2,phiA1
cb1,0.006000000000000005,-0.005999999999999998,-0.47103658789402936,8.971012495834855e-12,0.7167624396636619,0.5164014526568449,-0.10976316205222905,0.2729662904575347,0.17570640422061143,0.14568031931428657,1.950209834388497
A1,A2,A3,B1,B2,phiA1
-1.1102230011420005,-0.5551115128969512,-3.88578056870824,-8.32667269345426,-3.88578059027865,-0.5551115190599317
