ans,J2,J3,Energy,Sigma,L,A1,A3,B1,B2,B3
3x3,-0.005999999999999998,0.0030000000000000027,-0.47157329165442896,4.7624395664807564e-12,0.7192127538510125,0.5164857384259222,0.2556977356675652,0.17783450384065846,0.30974686044325994,0.11211204628715368
A1,A3,B1,B2,B3
-1.1102230011420005,-4.996003588339165,-7.771561180557305,-2.7755575798921925,-3.3306690773817014
ans,J2,J3,Energy,Sigma,L,A1,A2,B1,B2,B3
q0,-0.005999999999999998,0.0030000000000000027,-0.4685228521590739,4.832411343884587e-09,0.7131665930466703,0.51627985512497,0.2143178303337041,0.17926076323307905,0.18943085470409937,0.24385544844069268
A1,A2,B1,B2,B3
1.1102230011420429,-2.7755575644847634,-8.881784206350497,-1.6653345386908032,-3.8857805902786815
ans,J2,J3,Energy,Sigma,L,A1,A2,A3,B1,B2,phiA1
cb1,-0.005999999999999998,0.0030000000000000027,-0.47194992886875314,8.720610788185404e-14,0.7193466695364429,0.516635521434085,-0.10983885302411354,0.27830718617736044,0.1763891516358649,0.1483483592341597,1.9559835149078852
A1,A2,A3,B1,B2,phiA1
2.220446051587803,0.0,0.0,-4.440892103175605,1.1102230257938996,-0.5551115190599264
