ans,J2,J3,Energy,Sigma,L,A1,A3,B1,B2,B3
3x3,-0.011999999999999997,-0.020999999999999998,-0.47148342820568967,4.260588445292108e-12,0.718953348483615,0.5164781909165864,0.2511079136808761,0.17782256712708167,0.3083159874403368,0.11328936549674393
A1,A3,B1,B2,B3
0.555111500570979,-1.6653345294463884,-6.106226641866457,-1.1102230196309255,0.0
ans,J2,J3,Energy,Sigma,L,A1,A2,B1,B2,B3
q0,-0.011999999999999997,-0.020999999999999998,-0.46987092116463425,6.481601672038579e-13,0.7173650964835443,0.516838218913007,0.2192897673609961,0.18086548391946872,0.19168446258352478,0.25111293753604064
A1,A2,B1,B2,B3
4.996003616072555,4.440892103175606,-3.330669077381704,2.7755575644847528,0.5551115098154632
ans,J2,J3,Energy,Sigma,L,A1,A2,A3,B1,B2,phiA1
cb1,-0.011999999999999997,-0.020999999999999998,-0.47029091541179324,1.0431175542471482e-11,0.7140321662481607,0.5158053134886029,-0.105058097926238,0.2661205565608186,0.1740250911451043,0.14487433691030543,1.9630202665821774
A1,A2,A3,B1,B2,phiA1
4.440892103175614,-0.5551115128969485,0.0,-7.771561180557311,0.0,1.6653345571797633
