ans,J2,J3,Energy,Sigma,L,A1,A3,B1,B2,B3
3x3,-0.020999999999999998,0.015,-0.47521320024543046,1.7256332301709633e-14,0.729411144680021,0.5175270748844492,0.26875375137849367,0.18114324382568703,0.3197283117334812,0.11732935042233075
A1,A3,B1,B2,B3
1.1102230257939012,0.0,-7.771561180557311,-2.2204460392618515,-1.1102230257939012
ans,J2,J3,Energy,Sigma,L,A1,A2,B1,B2,B3
q0,-0.020999999999999998,0.015,-0.467592371724672,2.0821613814759284e-13,0.7092957913775054,0.5150045108524577,0.20439317750519823,0.17574918801129477,0.18812414473601993,0.234279549919467
A1,A2,B1,B2,B3
5.551115128969506,2.2204460515878024,-4.440892103175604,3.330669077381704,2.2204460515878033
ans,J2,J3,Energy,Sigma,L,A1,A2,A3,B1,B2,phiA1
cb1,-0.020999999999999998,0.015,-0.4732157906120955,1.3907864278079318e-11,0.7229371840675621,0.5169215425553925,-0.11012665538273361,0.2853903471867824,0.17730978359928218,0.15172479883839513,-1.9623274965202222
A1,A2,A3,B1,B2,phiA1
0.5551115005710214,-2.7755575644847634,-2.7755575490773134,-7.771561180557311,-3.8857805902786606,-1.1102230381198634
