ans,J2,J3,Energy,Sigma,L,A1,A3,B1,B2,B3
3x3,0.0030000000000000027,-0.005999999999999998,-0.469423612931608,2.1231451706924888e-14,0.71316415750867,0.515761623775919,0.24706158957773214,0.17571264586252425,0.3032503808559469,0.10901753832697529
A1,A3,B1,B2,B3
5.551115128969506,2.220446051587803,-2.2204460515878033,2.220446063913755,2.7755575644847537
ans,J2,J3,Energy,Sigma,L,A1,A2,B1,B2,B3
q0,0.0030000000000000027,-0.005999999999999998,-0.46927631233622463,6.560703466714451e-12,0.7161310226235911,0.5171133730510757,0.221080710525615,0.18164664939487019,0.19145368142210342,0.2519095379917357
A1,A2,B1,B2,B3
6.106226641866469,-0.5551115128969485,-4.996003616072557,0.5551115128969538,0.5551115098154605
ans,J2,J3,Energy,Sigma,L,A1,A2,A3,B1,B2,phiA1
cb1,0.0030000000000000027,-0.005999999999999998,-0.47109214877466943,1.0768444394332574e-11,0.71687084514737,0.5163874125623453,-0.109419840914546,0.2732220065468809,0.17566241657413634,0.14600989837541442,-1.95195247698374
A1,A2,A3,B1,B2,phiA1
2.7755575644847372,0.0,1.1102230319568729,-7.216449667660372,-2.2204460515878046,1.1102230381198528
