ans,J2,J3,Energy,Sigma,L,A1,A3,B1,B2,B3
3x3,0.0030000000000000027,0.018000000000000002,-0.47065148866099926,1.4930822738412578e-09,0.716634254845978,0.5161527200883482,0.2558122270845647,0.1768563114350518,0.3095966673185679,0.10949298470620875
A1,A3,B1,B2,B3
2.220446051587722,-2.775557549077176,-6.106226641866391,1.6653345294463393,-2.7755575644847847
ans,J2,J3,Energy,Sigma,L,A1,A2,B1,B2,B3
q0,0.0030000000000000027,0.018000000000000002,-0.46780767223634623,7.129721595010319e-09,0.7112432974856703,0.5162282103132367,0.21245844167076108,0.17908676497263498,0.19075917081681956,0.24236925628722325
A1,A2,B1,B2,B3
1.1102230257939458,-2.7755575644846155,-9.436895719247998,-1.6653345386911418,-0.5551115128968214
ans,J2,J3,Energy,Sigma,L,A1,A2,A3,B1,B2,phiA1
cb1,0.0030000000000000027,0.018000000000000002,-0.47296636494344424,1.3793377511202174e-08,0.722699396061444,0.5171533796437728,-0.11705505895150342,0.2853746887930802,0.1779718464014947,0.14645636669855736,-1.9493319663615267
A1,A2,A3,B1,B2,phiA1
4.440892103175783,1.1102230257936427,1.1102230196308365,-5.5511151289695695,1.6653345386904643,1.1102230381196305
