ans,J2,J3,Energy,Sigma,L,A1,A3,B1,B2,B3
3x3,0.0030000000000000027,0.021000000000000005,-0.47081192368322966,3.150270542238544e-09,0.7170742842856723,0.5161964045793196,0.25630742449158583,0.17698954759845165,0.31118670246062874,0.10992016474705418
A1,A3,B1,B2,B3
3.3306690034261286,0.5551115159784787,-5.5511151289695695,0.0,0.0
ans,J2,J3,Energy,Sigma,L,A1,A2,B1,B2,B3
q0,0.0030000000000000027,0.021000000000000005,-0.46763151418237964,9.886899759133958e-09,0.7106547232634229,0.5161148719953506,0.21107951544542689,0.17876866320885945,0.19067446631519708,0.2412576330885822
A1,A2,B1,B2,B3
1.6653345386907492,0.0,-10.54711874504164,-3.3306690773816063,-1.1102230257936427
ans,J2,J3,Energy,Sigma,L,A1,A2,A3,B1,B2,phiA1
cb1,0.0030000000000000027,0.021000000000000005,-0.47321263469641495,9.772177659025053e-09,0.7234661564232913,0.5172421519413495,-0.11825774889771805,0.2871621717809392,0.1782537133514142,0.1479780142447933,-1.948957016088188
A1,A2,A3,B1,B2,phiA1
2.2204460515878917,0.0,-1.1102230196308365,-4.440892103175926,-2.220446051587963,-1.1102230381196305
