ans,J2,J3,Energy,Sigma,L,A1,A3,B1,B2,B3
3x3,-0.024,0.024,-0.4763693331913881,2.86193682774009e-10,0.7326398136088887,0.5177927907881682,0.27363977101620973,0.1820775995084359,0.3228850923984866,0.11857364048254072
A1,A3,B1,B2,B3
2.2204460022840857,-1.1102230319568729,-7.771561180557363,-3.3306690958706184,-1.110223025793897
ans,J2,J3,Energy,Sigma,L,A1,A2,B1,B2,B3
q0,-0.024,0.024,-0.46707297549514376,3.421964930759712e-09,0.7074450065716654,0.5145157881301771,0.20031684210227385,0.1744203950182677,0.18725947787400518,0.22914625187010104
A1,A2,B1,B2,B3
1.6653345017128949,-2.7755575644847847,-6.661338154763381,-1.110223025793897,-2.7755575644847847
ans,J2,J3,Energy,Sigma,L,A1,A2,A3,B1,B2,phiA1
cb1,-0.024,0.024,-0.4740277823862067,1.5172999954827516e-11,0.7253771799709529,0.5171647557341994,-0.11131492098978564,0.2903673676031307,0.178113171160162,0.15348231455668562,-1.9624117653963928
A1,A2,A3,B1,B2,phiA1
1.1102230257939034,-2.2204460515878153,-1.1102230196309424,-9.992007232145113,-1.110223025793897,-1.1102230381198421
