ans,J2,J3,Energy,Sigma,L,A1,A3,B1,B2,B3
3x3,0.021000000000000005,0.0030000000000000027,-0.46662870796994754,4.914973218076226e-14,0.7053091973446113,0.5146941930349752,0.23896139282820492,0.17272491253433062,0.29531456650262233,0.10351527035515448
A1,A3,B1,B2,B3
4.440892004567994,-2.7755575644847528,-9.436895719248161,-2.7755575798921925,0.5551115128969505
ans,J2,J3,Energy,Sigma,L,A1,A2,B1,B2,B3
q0,0.021000000000000005,0.0030000000000000027,-0.4691757122812179,2.6315000494512557e-09,0.7166743771564137,0.5177703157493828,0.2263652746660441,0.18359146093162096,0.19173622926918538,0.25685593415049723
A1,A2,B1,B2,B3
4.996003505138939,1.110223025793897,-2.7755575644847847,0.5551115128969908,1.1102230319568729
ans,J2,J3,Energy,Sigma,L,A1,A2,A3,B1,B2,phiA1
cb1,0.021000000000000005,0.0030000000000000027,-0.47145155359872243,7.634232225155452e-12,0.7183683704892269,0.5167630845845202,-0.11308499396985064,0.27675447504219874,0.1767880280652695,0.1459161311584065,1.940978425550811
A1,A2,A3,B1,B2,phiA1
1.6653345017130219,-1.6653345386908454,0.5551115159784364,-6.106226641866457,-1.665334538690856,-1.6653345571797793
