ans,J2,J3,Energy,Sigma,L,A1,A3,B1,B2,B3
3x3,-0.005999999999999998,-0.008999999999999998,-0.4709519528171756,6.803802048014786e-12,0.7174634095927471,0.5162958180816664,0.25153163376985377,0.17726644737486583,0.307489587256894,0.11177304661886069
A1,A3,B1,B2,B3
1.6653345386908762,-1.1102230319568729,-8.32667269345426,-1.6653345479353303,-2.2204460515878046
ans,J2,J3,Energy,Sigma,L,A1,A2,B1,B2,B3
q0,-0.005999999999999998,-0.008999999999999998,-0.4692545494700645,1.4365280343591066e-12,0.7156095163820958,0.5167289052001527,0.2181676481330925,0.18053832763123337,0.19105114339837087,0.2491762051018027
A1,A2,B1,B2,B3
-40.52314044147741,2.7755575644847528,-42.74358649306521,2.7755575644847528,1.1102230257938996
ans,J2,J3,Energy,Sigma,L,A1,A2,A3,B1,B2,phiA1
cb1,-0.005999999999999998,-0.008999999999999998,-0.4710413416901883,4.339401689439993e-09,0.7165111366241859,0.5162405289506236,-0.10919685009412447,0.27175230143440365,0.17523228746557162,0.14539281009358918,-1.9578525094380888
A1,A2,A3,B1,B2,phiA1
2.220446051587807,1.1102230257936427,-3.3306690958706184,-8.326672693454354,0.0,-0.5551115190598153
