ans,J2,J3,Energy,Sigma,L,A1,A3,B1,B2,B3
3x3,-0.024,0.021000000000000005,-0.4761877533885822,2.4775162804597402e-14,0.7321283988880307,0.5177571337535317,0.2725531534417811,0.1819479790506908,0.32234901682154693,0.11845307366425563
A1,A3,B1,B2,B3
5.551115005709992,1.1102230319568769,-5.5511151289695055,1.1102230319568775,2.2204460515878033
ans,J2,J3,Energy,Sigma,L,A1,A2,B1,B2,B3
q0,-0.024,0.021000000000000005,-0.46723229696104235,4.621753804494851e-09,0.7079851770312487,0.5146328933857378,0.20119117619746477,0.17471789114481132,0.18751064026640255,0.23019139259726687
A1,A2,B1,B2,B3
1.110223025793607,0.5551115128968214,-7.7715611805573,-0.5551115128969908,-3.3306690773816063
ans,J2,J3,Energy,Sigma,L,A1,A2,A3,B1,B2,phiA1
cb1,-0.024,0.021000000000000005,-0.4737762799041132,1.1170023898896644e-11,0.7246002958669117,0.5170788392559672,-0.11079746891086188,0.2887334979672016,0.17783131746600023,0.15295937492130535,-1.962886058087007
A1,A2,A3,B1,B2,phiA1
2.220446002284001,-3.330669077381712,-1.1102230319568782,-8.881784206351197,-2.2204460515878046,-1.1102230381198634
