ans,J2,J3,Energy,Sigma,L,A1,A3,B1,B2,B3
3x3,0.009000000000000001,0.006000000000000005,-0.46891652337132494,2.615875087664519e-13,0.7117454844771552,0.5155693614058914,0.24754920677382108,0.17515629456030488,0.30236917406608144,0.10753071855278663
A1,A3,B1,B2,B3
1.6653345386908518,-3.8857805902786544,-6.106226641866455,-0.5551115159784364,0.5551115128969485
ans,J2,J3,Energy,Sigma,L,A1,A2,B1,B2,B3
q0,0.009000000000000001,0.006000000000000005,-0.4686665620043494,1.8104456074286582e-09,0.7144177752194788,0.5170119986933924,0.2206374526936288,0.18132846340239958,0.19070907538488585,0.24895238649176857
A1,A2,B1,B2,B3
1.1102230011423817,-2.220446051587963,-4.996003616072557,-1.6653345386908454,0.0
ans,J2,J3,Energy,Sigma,L,A1,A2,A3,B1,B2,phiA1
cb1,0.009000000000000001,0.006000000000000005,-0.47189570638428463,1.302290409086525e-08,0.7195199339564917,0.5168067599581081,-0.11067545959692207,0.2830631187564214,0.17687638870673084,0.14858037421931508,-1.9478481509226189
A1,A2,A3,B1,B2,phiA1
1.6653345386908762,-2.220446051587963,-4.996003588339357,-9.436895719247998,-2.7755575644847847,-1.1102230381196305
