ans,J2,J3,Energy,Sigma,L,A1,A3,B1,B2,B3
3x3,0.0030000000000000027,-0.020999999999999998,-0.468704472512815,9.320268335669814e-13,0.7111310625339677,0.5154937495506978,0.24191647719501538,0.17498642294420166,0.3003352513767305,0.10851234121738806
A1,A3,B1,B2,B3
4.440892004567991,0.0,-5.5511151289695055,1.1102230196309237,0.0
ans,J2,J3,Energy,Sigma,L,A1,A2,B1,B2,B3
q0,0.0030000000000000027,-0.020999999999999998,-0.4702494709014282,1.0594204741891883e-10,0.7193757694844143,0.5176581955831678,0.22609338407185228,0.1832579898253829,0.1929415778428592,0.2573160755277174
A1,A2,B1,B2,B3
11.657341770835965,2.220446051587794,-246.4695117262461,0.0,0.0
ans,J2,J3,Energy,Sigma,L,A1,A2,A3,B1,B2,phiA1
cb1,0.0030000000000000027,-0.020999999999999998,-0.47000460796015964,9.624904230553207e-12,0.7134693793639498,0.5158764106220788,-0.1069133550497009,0.265399931038285,0.17423656340010527,0.14336429120621677,1.9536654291222892
A1,A2,A3,B1,B2,phiA1
-8.881784206351227,0.5551115128969506,0.5551115098154605,-11.657341770835972,-6.106226641866465,-5.551115190599264
