ans,J2,J3,Energy,Sigma,L,A1,A3,B1,B2,B3
3x3,0.024,0.021000000000000005,-0.4669571168411057,5.173047830624115e-12,0.7062517627908853,0.5148126113532708,0.24351450592280513,0.17303881907106464,0.2972944022891232,0.1031878210557226
A1,A3,B1,B2,B3
1.6653345017130219,-1.6653345386908507,-8.881784206351208,-2.2204460639137564,-1.665334538690856
ans,J2,J3,Energy,Sigma,L,A1,A2,B1,B2,B3
q0,0.024,0.021000000000000005,-0.46810091062468984,1.6767252715316997e-09,0.7132137846837496,0.517263993758726,0.22190665616726057,0.18211935985460148,0.19044864104213824,0.25116088892498956
A1,A2,B1,B2,B3
8.881784206351142,4.996003616072557,0.0,1.6653345386908878,3.885780611848843
ans,J2,J3,Energy,Sigma,L,A1,A2,A3,B1,B2,phiA1
cb1,0.024,0.021000000000000005,-0.47282665527099327,7.702210433955247e-09,0.7227099720901251,0.5173427769008762,-0.11612425398386444,0.2863776210110277,0.17853552207479337,0.14932465866763947,-1.9386363140965701
A1,A2,A3,B1,B2,phiA1
2.220446002284001,-3.330669077381945,-4.99600364380597,-7.77156118055821,-1.1102230257936427,-2.7755575952995843
