ans,J2,J3,Energy,Sigma,L,A1,A3,B1,B2,B3
3x3,0.009000000000000001,-0.024,-0.46749813931022133,5.6079690343854184e-12,0.7077341115440762,0.5150240282924421,0.23715124386292602,0.1736944231545833,0.29652983196752575,0.10645712875874663
A1,A3,B1,B2,B3
0.5551115128969729,-2.7755575644847528,-8.32667269345427,-3.330669058892774,-0.5551115128969506
ans,J2,J3,Energy,Sigma,L,A1,A2,B1,B2,B3
q0,0.009000000000000001,-0.024,-0.47062701125954975,8.246061649888389e-14,0.7209340094353432,0.5180916916022517,0.22968521761322963,0.18456196127464577,0.19340311405159916,0.26132632395619043
A1,A2,B1,B2,B3
5.551115005709991,4.440892103175605,-4.440892103175607,4.440892103175607,3.3306690588927768
ans,J2,J3,Energy,Sigma,L,A1,A2,A3,B1,B2,phiA1
cb1,0.009000000000000001,-0.024,-0.4696873432790598,1.07518968042504e-11,0.712603397455485,0.5157966727772169,-0.10718077375562597,0.26356630285998317,0.17403803630587417,0.14230733560934716,1.9502236399908222
A1,A2,A3,B1,B2,phiA1
3.3306690034260016,0.5551115128969485,-1.6653345479353199,-6.661338154763403,0.0,0.0
