ans,J2,J3,Energy,Sigma,L,A1,A3,B1,B2,B3
3x3,-0.005999999999999998,-0.005999999999999998,-0.4711050313027874,1.910522504832138e-15,0.7178931749506996,0.5163438921102617,0.25258271149306105,0.17740886079316595,0.3080084053198191,0.11190391118385043
A1,A3,B1,B2,B3
6.106226641866457,1.6653345294463884,-5.551115128969506,1.6653345479353159,2.775557564484753
ans,J2,J3,Energy,Sigma,L,A1,A2,B1,B2,B3
q0,-0.005999999999999998,-0.005999999999999998,-0.46906913873505796,9.98710231961445e-14,0.7149895354384095,0.5166178635562163,0.21718548301006305,0.1802206188134304,0.19080508933351695,0.24803519912121985
A1,A2,B1,B2,B3
5.551115005709992,1.665334538690852,-2.2204460515878024,2.7755575644847528,2.2204460515878033
ans,J2,J3,Energy,Sigma,L,A1,A2,A3,B1,B2,phiA1
cb1,-0.005999999999999998,-0.005999999999999998,-0.4712646066345285,1.2376734564851912e-11,0.7172118086314427,0.5163435432040216,-0.10836267700863596,0.27359616772328205,0.17553318561162512,0.1467757201713534,1.957169039891559
A1,A2,A3,B1,B2,phiA1
3.3306690034260016,-1.6653345386908454,-0.5551115098154632,-8.326672693454228,-1.665334538690856,0.0
