ans,J2,J3,Energy,Sigma,L,A1,A3,B1,B2,B3
3x3,0.03,0.015,-0.4656277397718773,4.797198750117057e-12,0.7025111940878052,0.5142819539719685,0.23753570863287482,0.17159756007174204,0.2928206395228569,0.10100317422980179
A1,A3,B1,B2,B3
1.1102230257939034,-1.1102230257939023,-5.551115128969496,-1.1102230196309317,0.0
ans,J2,J3,Energy,Sigma,L,A1,A2,B1,B2,B3
q0,0.03,0.015,-0.4686515184963603,4.858102324896338e-09,0.7153780083982595,0.5178242131383656,0.22659104678064734,0.1837659889234134,0.1913884639570047,0.254098027215554
A1,A2,B1,B2,B3
2.220446002284001,1.1102230257939816,-6.106226641866391,-1.1102230257939816,-0.5551115098153335
ans,J2,J3,Energy,Sigma,L,A1,A2,A3,B1,B2,phiA1
cb1,0.03,0.015,-0.472240186407483,9.153406720549355e-09,0.720991583077299,0.5171847126471142,-0.1160695726616234,0.2825657934187667,0.1780928209470768,0.14706489530445044,1.9353219054354256
A1,A2,A3,B1,B2,phiA1
1.6653345017128949,-1.6653345386908032,-1.110223019630921,-7.2164496676607115,-2.220446051587963,-0.5551115190598153
