ans,J2,J3,Energy,Sigma,L,A1,A3,B1,B2,B3
3x3,-0.015,0.021000000000000005,-0.474343445996805,3.623829783359023e-14,0.7269759080398552,0.5172651205586957,0.2673386215364309,0.18032367789263515,0.3178238160995136,0.11566842830108734
A1,A3,B1,B2,B3
5.551115005709993,1.110223019630925,-4.440892103175606,2.220446063913754,2.220446051587802
ans,J2,J3,Energy,Sigma,L,A1,A2,B1,B2,B3
q0,-0.015,0.021000000000000005,-0.4673413360660668,1.0184974210993543e-09,0.7087384856061162,0.5151003723154908,0.2052704720645946,0.17602963230993332,0.18788846695167996,0.23458793361883915
A1,A2,B1,B2,B3
310.8624472222926,-6.661338154763381,252.02062685521562,-2.7755575644847847,-2.2204460515878788
ans,J2,J3,Energy,Sigma,L,A1,A2,A3,B1,B2,phiA1
cb1,-0.015,0.021000000000000005,-0.47358013398953713,1.2414698495915673e-12,0.724200651781786,0.5171343715453827,-0.11183288544650102,0.2882995214164767,0.17796235052516798,0.15224402215352054,-1.9583599439661974
A1,A2,A3,B1,B2,phiA1
1.1102230257939019,-2.2204460515878046,-2.22044603926185,-4.440892103175607,-2.220446051587794,0.0
