ans,J2,J3,Energy,Sigma,L,A1,A3,B1,B2,B3
3x3,0.021000000000000005,-0.008999999999999998,-0.46608356224326336,4.791652071877222e-12,0.7037660731376822,0.5144651128571264,0.23475507480696042,0.17213277237985383,0.2929390405154376,0.10311575368075525
A1,A3,B1,B2,B3
1.1102230011420005,-2.7755575644847528,-7.2164496676603616,-2.7755575798921925,-2.2204460515878046
ans,J2,J3,Energy,Sigma,L,A1,A2,B1,B2,B3
q0,0.021000000000000005,-0.008999999999999998,-0.46997830468648005,1.356470978430818e-13,0.7193611004704623,0.5182047397292767,0.23032848569157177,0.18489368364945039,0.19295071372109793,0.26092786025201825
A1,A2,B1,B2,B3
6.66133800685199,1.665334538690852,-3.885780590278654,2.2204460515878046,1.110223019630925
ans,J2,J3,Energy,Sigma,L,A1,A2,A3,B1,B2,phiA1
cb1,0.021000000000000005,-0.008999999999999998,-0.4705523899477209,7.979173981914984e-12,0.715561206495914,0.5163632806256714,-0.11111129923462444,0.2706131257099934,0.17564101038948604,0.14376018737005847,1.9416639238023954
A1,A2,A3,B1,B2,phiA1
1.1102230011420005,-3.8857805902786553,-0.5551115159784386,-8.32667269345426,-0.5551115128969512,-1.1102230381198528
