ans,J2,J3,Energy,Sigma,L,A1,A3,B1,B2,B3
3x3,0.03,-0.008999999999999998,-0.4645645975956628,3.91308905356643e-12,0.699497667804234,0.5138097725143924,0.2290338950530011,0.1704050699222238,0.28803505409553176,0.10016765289092552
A1,A3,B1,B2,B3
1.6653345386908551,-0.5551115128969512,-5.5511151289695055,-0.5551115159784364,0.0
ans,J2,J3,Energy,Sigma,L,A1,A2,B1,B2,B3
q0,0.03,-0.008999999999999998,-0.4702783621330495,2.2495831802837305e-09,0.7207981269992022,0.518689190855402,0.2345314490255847,0.18639598155406065,0.19354403228241637,0.26607258174826487
A1,A2,B1,B2,B3
5.55111500570996,0.0,-3.3306690773816063,-1.1102230257939816,1.1102230319569575
ans,J2,J3,Energy,Sigma,L,A1,A2,A3,B1,B2,phiA1
cb1,0.03,-0.008999999999999998,-0.4704070313890529,1.07963318599273e-11,0.7152850367796292,0.5163957127401962,-0.11223155185125444,0.27015479248340757,0.17577593958255205,0.14290162509592833,1.9363386872758257
A1,A2,A3,B1,B2,phiA1
0.0,-1.6653345386908454,-1.6653345479353092,-7.7715611805573,-1.1102230257938996,0.0
