ans,J2,J3,Energy,Sigma,L,A1,A3,B1,B2,B3
3x3,-0.027,0.03,-0.4773702074727536,6.138323918750998e-14,0.7354135373240998,0.518002593257324,0.2773592196547178,0.18286973492840594,0.3254963303008977,0.11965029295749216
A1,A3,B1,B2,B3
5.551115128969506,-2.220446039261853,-8.88178420635121,-4.440892078523703,-4.440892103175607
ans,J2,J3,Energy,Sigma,L,A1,A2,B1,B2,B3
q0,-0.027,0.03,-0.46673209085816897,1.1098153431901564e-09,0.7061387202764994,0.5141208758375366,0.19740750694172554,0.17338572631135807,0.18657834378276256,0.22653190392132763
A1,A2,B1,B2,B3
-0.5551115128968035,-1.1102230257939816,-10.547118745042063,-0.5551115128969485,-3.885780590278597
ans,J2,J3,Energy,Sigma,L,A1,A2,A3,B1,B2,phiA1
cb1,-0.027,0.03,-0.47460716419930793,1.2822810754851104e-11,0.727091291852065,0.5173114985977373,-0.11198250917576348,0.2936939136081847,0.17862973888252184,0.15475059604962857,1.9629449777887509
A1,A2,A3,B1,B2,phiA1
0.0,-3.3306690773817027,0.0,-7.7715611805573,-4.440892103175609,-1.1102230381198528
