ans,J2,J3,Energy,Sigma,L,A1,A3,B1,B2,B3
3x3,0.006000000000000005,-0.015,-0.46844528645705746,5.654468686962704e-12,0.7104086053162852,0.5154006881923916,0.2420305609306223,0.17470704067919723,0.2997980813953742,0.10780859372845127
A1,A3,B1,B2,B3
-103.2507413988328,-210.38726338794427,-216.49349002981074,-208.16681849191446,-104.3609644246267
ans,J2,J3,Energy,Sigma,L,A1,A2,B1,B2,B3
q0,0.006000000000000005,-0.015,-0.46993611083767706,6.580606797131728e-10,0.7184680116460468,0.5175994667835483,0.22508033247436549,0.18309608022410537,0.19238131561505648,0.2564360545271301
A1,A2,B1,B2,B3
5.5511150057098755,2.220446051587794,-4.440892103175672,1.665334538690856,2.220446039261842
ans,J2,J3,Energy,Sigma,L,A1,A2,A3,B1,B2,phiA1
cb1,0.006000000000000005,-0.015,-0.4703773218855441,9.777746030939778e-12,0.7147015353730832,0.5160971011015042,-0.1082805780233564,0.26831659442854866,0.17484974235492293,0.14411206739217375,-1.951136563305575
A1,A2,A3,B1,B2,phiA1
-1.6653345017129795,-3.330669077381704,-1.1102230196309264,-9.436895719248167,-2.2204460515878046,-1.6653345571797793
