ans,J2,J3,Energy,Sigma,L,A1,A3,B1,B2,B3
3x3,-0.002999999999999999,-0.005999999999999998,-0.4705387270094386,5.43506674769811e-12,0.7163023204906417,0.5161533613316165,0.25071306385378367,0.17684551373400773,0.3064712082308869,0.11095847743794374
A1,A3,B1,B2,B3
2.220446051587807,-2.220446063913751,-9.992007232145113,-1.6653345479353199,-2.775557564484754
ans,J2,J3,Energy,Sigma,L,A1,A2,B1,B2,B3
q0,-0.002999999999999999,-0.005999999999999998,-0.4691351808617431,9.121204216617949e-15,0.715360646039312,0.5167833723561885,0.21850197127185234,0.1806935197377959,0.19102270450233744,0.24930529719791697
A1,A2,B1,B2,B3
0.5551115128969507,-1.665334538690852,-6.661338154763408,-2.2204460515878033,-3.330669077381704
ans,J2,J3,Energy,Sigma,L,A1,A2,A3,B1,B2,phiA1
cb1,-0.002999999999999999,-0.005999999999999998,-0.4712061608997052,3.9782008931262744e-14,0.7170948231197256,0.5163579460157233,-0.10868470270664263,0.2734417143151842,0.17557658970382758,0.14653055356955727,1.9554243297793963
A1,A2,A3,B1,B2,phiA1
64.94804700894323,3.330669077381704,3.3306690588927768,-2.220446051587802,2.7755575644847528,1.6653345571797793
