ans,J2,J3,Energy,Sigma,L,A1,A3,B1,B2,B3
3x3,-0.03,-0.027,-0.47468696576906744,3.7041949880784136e-12,0.7279517314099537,0.517472677873672,0.2598216647116321,0.18088252514121222,0.31652579441005957,0.11873061075307247
A1,A3,B1,B2,B3
1.1102230257939034,-3.3306690588927794,-7.771561180557311,-1.1102230319568782,-1.110223025793897
ans,J2,J3,Energy,Sigma,L,A1,A2,B1,B2,B3
q0,-0.03,-0.027,-0.46987486293866093,2.0817225991678146e-08,0.7164161153555604,0.5160536506417637,0.21360695576578065,0.17865041824955236,0.19087149087022257,0.24382088439230007
A1,A2,B1,B2,B3
5.55111512896939,-0.5551115128968214,-5.5511151289695695,1.6653345386908032,1.6653345386911418
ans,J2,J3,Energy,Sigma,L,A1,A2,A3,B1,B2,phiA1
cb1,-0.03,-0.027,-0.47024406706147687,7.395570986446986e-16,0.7134593777621538,0.5154971778537953,-0.10183655654231828,0.2637747984271801,0.17320931251146485,0.14566770019730646,-1.97565491504219
A1,A2,A3,B1,B2,phiA1
3.3306690773817045,-1.665334538690852,-0.5551115159784384,-6.661338154763408,0.5551115128969506,-1.1102230381198532
