ans,J2,J3,Energy,Sigma,L,A1,A3,B1,B2,B3
3x3,0.024,0.0,-0.465971984655841,1.829479372772323e-13,0.7034601207477358,0.51442444552535,0.0,0.17200257620792173,0.29308680266786236,0.0
A1,A3,B1,B2,B3
2.775557502854996,-0.0,-6.10622664186646,-1.1102230319568782,0.0
ans,J2,J3,Energy,Sigma,L,A1,A2,B1,B2,B3
q0,0.024,0.0,-0.46946400426714635,3.004220402837618e-09,0.7178011884596469,0.5180503671298521,0.22890209185668536,0.18441396903710522,0.1922492425434026,0.0
A1,A2,B1,B2,B3
6.661338006851918,0.0,-2.7755575644847847,2.220446051587794,0.0
ans,J2,J3,Energy,Sigma,L,A1,A2,A3,B1,B2,phiA1
cb1,0.024,0.0,-0.4711726333134577,8.429440995473164e-12,0.7175591449858297,0.5166766951977986,-0.11294997808437961,0.0,0.17654623784670118,0.14510319852852183,1.9394428706557698
A1,A2,A3,B1,B2,phiA1
2.220446051587807,-1.1102230257939016,0.0,-6.661338154763403,-1.665334538690852,-0.5551115190599317
