ans,J2,J3,Energy,Sigma,L,A1,A3,B1,B2,B3
3x3,0.018000000000000002,0.03,-0.468487247225138,4.858891678839625e-10,0.7105676274339027,0.5153740187843622,0.2506045827998244,0.1746146427928545,0.30238391658029257,0.10541719956336003
A1,A3,B1,B2,B3
1.6653345017128949,-2.220446039261842,-8.881784206351176,-1.110223019630921,-1.6653345386908878
ans,J2,J3,Energy,Sigma,L,A1,A2,B1,B2,B3
q0,0.018000000000000002,0.03,-0.46740516496547224,1.0912781288084732e-11,0.7106049994387295,0.5165957098953745,0.21635132670344054,0.1801893011201035,0.18932794740386305,0.24468788263167038
A1,A2,B1,B2,B3
5.5511150057100025,2.2204460515877993,-4.440892103175599,2.7755575644847554,0.0
ans,J2,J3,Energy,Sigma,L,A1,A2,A3,B1,B2,phiA1
cb1,0.018000000000000002,0.03,-0.4736834641120915,4.535544804471244e-09,0.7252286214117932,0.5175758466911475,-0.11666262968322426,0.2914410213399757,0.17930062283756001,0.15145647186280015,1.9412665673712521
A1,A2,A3,B1,B2,phiA1
3.330669077381668,-2.2204460515872855,-1.1102230196308365,-7.771561180556855,-3.3306690773816063,-1.1102230381199694
