ans,J2,J3,Energy,Sigma,L,A1,A3,B1,B2,B3
3x3,-0.020999999999999998,0.009000000000000001,-0.4748656031878624,1.0477058897466563e-14,0.7284420910803363,0.5174537745209639,0.2666943623894988,0.1808745699670837,0.3186049068204204,0.11713302541779765
A1,A3,B1,B2,B3
2.2204460022839956,-3.3306690588927768,-9.992007232145113,-3.330669095870631,-1.1102230257939012
ans,J2,J3,Energy,Sigma,L,A1,A2,B1,B2,B3
q0,-0.020999999999999998,0.009000000000000001,-0.4679247346080764,5.086292790942677e-09,0.7104548153451469,0.5152475750477554,0.20569408760254257,0.17636875249318631,0.188701223944065,0.23563910299809265
A1,A2,B1,B2,B3
2.2204460515878917,-2.7755575644847847,-7.216449667660372,-3.3306690773817755,-3.885780590278597
ans,J2,J3,Energy,Sigma,L,A1,A2,A3,B1,B2,phiA1
cb1,-0.020999999999999998,0.009000000000000001,-0.47273252851290376,1.323733250864146e-11,0.7214396767794304,0.5167399414582388,-0.10907579038084221,0.28220927414227037,0.17674371751409695,0.15069897432141224,-1.9632806233182465
A1,A2,A3,B1,B2,phiA1
0.5551115128969305,-1.110223025793897,-3.88578061184907,-8.32667269345426,-3.88578059027865,0.5551115190599317
