ans,J2,J3,Energy,Sigma,L,A1,A3,B1,B2,B3
3x3,0.0,-0.03,-0.4688280230288121,9.752151007461575e-09,0.7114928223187339,0.515535000353236,0.24055769123010365,0.17510345760426027,0.0,0.10844839672128845
A1,A3,B1,B2,B3
2.775557564484695,-1.6653345386908032,-8.326672693454354,0.0,-2.7755575644847847
ans,J2,J3,Energy,Sigma,L,A1,A2,B1,B2,B3
q0,0.0,-0.03,-0.47076634516040505,3.938703860197023e-09,0.720977433629587,0.5178284305555181,0.0,0.18376390769255882,0.0,0.260431326297742
A1,A2,B1,B2,B3
5.55111512896939,-0.0,-2.220446051587963,0.0,2.220446063913915
ans,J2,J3,Energy,Sigma,L,A1,A2,A3,B1,B2,phiA1
cb1,0.0,-0.03,-0.46943621831423366,4.8752805722943826e-11,0.7116215297366933,0.5155454894490481,0.0,0.2609584716143393,0.1733407063525225,0.0,-1.956701329637941
A1,A2,A3,B1,B2,phiA1
4.440892103175605,0.0,0.5551115098154629,-6.106226641866391,0.0,-1.1102230381198421
