ans,J2,J3,Energy,Sigma,L,A1,A3,B1,B2,B3
3x3,0.006000000000000005,0.03,-0.4707278915217868,2.4724260013944064e-09,0.7168565780751868,0.516144762547554,0.2580694312648928,0.17686004118773038,0.3097352778056724,0.10920124322935182
A1,A3,B1,B2,B3
2.2204460022840857,-2.2204460639137458,-8.326672693454354,-2.220446039262012,-2.220446051587794
ans,J2,J3,Energy,Sigma,L,A1,A2,B1,B2,B3
q0,0.006000000000000005,0.03,-0.46716544870038157,7.284518260512763e-09,0.709196550715345,0.5159269380116859,0.2110556859618988,0.1783218834635575,0.18770054483852344,0.23963246229321836
A1,A2,B1,B2,B3
4.996003505138981,1.110223025793897,-3.3306690773822836,1.6653345386908032,2.7755575644847634
ans,J2,J3,Energy,Sigma,L,A1,A2,A3,B1,B2,phiA1
cb1,0.006000000000000005,0.03,-0.4739094516435106,5.555490309184624e-09,0.7256787119446415,0.5175121640803575,-0.11398180730908496,0.2922028849014354,0.17911137829666193,0.15303061678911925,1.9471554771790207
A1,A2,A3,B1,B2,phiA1
5.55111512896956,-54.40092826390138,-27.755575798921907,-29.97602169643581,-25.535129593259885,-53.29070582975311
