ans,J2,J3,Energy,Sigma,L,A1,A3,B1,B2,B3
3x3,-0.024,0.015,-0.4758294496095068,2.912252594946382e-12,0.731133909864626,0.51769097114513,0.27049279109639757,0.1816843300269178,0.32123424915634197,0.11824507249660204
A1,A3,B1,B2,B3
0.0,-1.1102230319568775,-4.440892103175599,0.0,-2.2204460515877993
ans,J2,J3,Energy,Sigma,L,A1,A2,B1,B2,B3
q0,-0.024,0.015,-0.46755538787938805,4.3514827244249035e-09,0.7090639151763358,0.5148560507926718,0.20295290853074743,0.17532207629490762,0.18795597813804488,0.2316269317088496
A1,A2,B1,B2,B3
-43.29869800596219,-0.5551115128968214,-21.094237490084126,-0.5551115128969485,-2.7755575644847847
ans,J2,J3,Energy,Sigma,L,A1,A2,A3,B1,B2,phiA1
cb1,-0.024,0.015,-0.4732815830879977,1.0508397629521632e-11,0.7230701399360019,0.5169026863253299,-0.1097663819685786,0.2855253407641923,0.17726668776967117,0.1519379342669698,-1.9638855542235942
A1,A2,A3,B1,B2,phiA1
2.7755575644847372,-1.665334538690852,2.2204460392618475,-6.106226641866455,0.5551115128969485,1.1102230381198421
