ans,J2,J3,Energy,Sigma,L,A1,A3,B1,B2,B3
3x3,-0.020999999999999998,0.012000000000000004,-0.47503860736854175,3.337374667150643e-12,0.7289255132958915,0.5174913826994408,0.26772690957326467,0.1810091745165014,0.3191670948429613,0.11723120492175909
A1,A3,B1,B2,B3
-4.440892004568002,-9.99200717667833,-13.322676309526816,-8.881784157047404,-6.661338154763408
ans,J2,J3,Energy,Sigma,L,A1,A2,B1,B2,B3
q0,-0.020999999999999998,0.012000000000000004,-0.4677577846732584,4.457473952390882e-11,0.7098511689958329,0.5151167239171197,0.20526947462427886,0.17605282661387928,0.18836502970691946,0.2351993474834183
A1,A2,B1,B2,B3
-479.6163471429654,-1.6653345386908878,-522.9150451489276,-3.3306690773817014,-1.6653345386908454
ans,J2,J3,Energy,Sigma,L,A1,A2,A3,B1,B2,phiA1
cb1,-0.020999999999999998,0.012000000000000004,-0.47297280313284024,2.2522071288697217e-11,0.7221846464288567,0.5168315173617104,-0.10960588268417837,0.2837598806114921,0.1770266090605024,0.15119568551457993,1.9627678453545032
A1,A2,A3,B1,B2,phiA1
0.0,-3.88578059027865,-1.110223019630921,-6.661338154763381,-2.2204460515878033,-0.5551115190599423
