ans,J2,J3,Energy,Sigma,L,A1,A3,B1,B2,B3
3x3,0.03,-0.024,-0.46394513671887483,4.945664837669981e-12,0.6977447171203649,0.5134964449484444,0.22386479651200358,0.16966188931273796,0.28508463715573823,0.09963797250107052
A1,A3,B1,B2,B3
8.881784009135988,-23.86979505456888,-28.31068715774449,-48.84981286376074,-23.869795054568876
ans,J2,J3,Energy,Sigma,L,A1,A2,B1,B2,B3
q0,0.03,-0.024,-0.47135504526407224,2.5277817577833244e-09,0.7243909627870494,0.5192128893508329,0.23964008842712217,0.18805438881358194,0.19488814282863626,0.27145466179730127
A1,A2,B1,B2,B3
3.3306690034261286,-1.1102230257938122,-5.5511151289695695,0.0,-1.1102230319569575
ans,J2,J3,Energy,Sigma,L,A1,A2,A3,B1,B2,phiA1
cb1,0.03,-0.024,-0.46934359739449183,8.648442341309323e-12,0.7119520521880686,0.5158714556312293,-0.10979631296777392,0.26244386803702835,0.17434578529580003,0.140184591468237,1.9368752033361811
A1,A2,A3,B1,B2,phiA1
2.220446002284001,0.5551115128969538,1.6653345479353092,-6.661338154763408,0.5551115128969485,1.6653345571797793
