ans,J2,J3,Energy,Sigma,L,A1,A3,B1,B2,B3
3x3,0.015,0.0,-0.467544147380776,1.0877652325899108e-14,0.7078808156941854,0.5150569383377824,0.0,0.1737233358470095,0.29796998154546583,0.0
A1,A3,B1,B2,B3
18.873791019413975,-0.0,-4.9960036160725565,12.21245335152565,0.0
ans,J2,J3,Energy,Sigma,L,A1,A2,B1,B2,B3
q0,0.015,0.0,-0.4692028127204045,3.5085948620319637e-09,0.7165013109850225,0.5175636194614825,0.22496884339808443,0.18294410899803087,0.19138871692964254,0.0
A1,A2,B1,B2,B3
0.0,-1.1102230257939816,-5.5511151289695695,-1.6653345386908032,0.0
ans,J2,J3,Energy,Sigma,L,A1,A2,A3,B1,B2,phiA1
cb1,0.015,0.0,-0.47132637687302337,4.681250217819564e-09,0.7178633994954864,0.5166405148746948,-0.11215976597518079,0.0,0.1764001076791132,0.14643377374496183,1.944772066204277
A1,A2,A3,B1,B2,phiA1
2.77555750285498,0.5551115128968214,0.0,-6.106226641866391,1.1102230257939816,1.1102230381199694
