ans,J2,J3,Energy,Sigma,L,A1,A3,B1,B2,B3
3x3,-0.027,0.0030000000000000027,-0.4757454682910651,7.914986588728444e-12,0.7309073973408244,0.5177116367711311,0.26815546952374253,0.18169256215851243,0.32051446559037433,0.11879281696726285
A1,A3,B1,B2,B3
0.0,-2.22044603926185,-8.881784206351197,-2.220446063913754,-4.440892103175605
ans,J2,J3,Energy,Sigma,L,A1,A2,B1,B2,B3
q0,-0.027,0.0030000000000000027,-0.46817850396731614,3.2467255820109275e-09,0.7109891032602499,0.5151398709143871,0.2054352920216592,0.17607630402289542,0.18877553916915357,0.23361490350365438
A1,A2,B1,B2,B3
0.0,-1.1102230257939816,-6.661338154763381,-1.110223025793897,-3.3306690773816063
ans,J2,J3,Energy,Sigma,L,A1,A2,A3,B1,B2,phiA1
cb1,-0.027,0.0030000000000000027,-0.4723906169951122,1.0911856841711426e-11,0.7202362052808358,0.5165167386054303,-0.10735978706722299,0.2793073157347056,0.17609204534355116,0.15021150653564708,1.9675896447688441
A1,A2,A3,B1,B2,phiA1
1.6653345386908762,0.5551115128969485,0.0,-5.5511151289695055,0.0,-0.5551115190599211
