ans,J2,J3,Energy,Sigma,L,A1,A3,B1,B2,B3
3x3,-0.002999999999999999,-0.020999999999999998,-0.4697985975562043,1.9844782146966078e-14,0.7142115431123591,0.5158959275655702,0.24561388329314182,0.17612594460910594,0.3035454301702464,0.11042627762947302
A1,A3,B1,B2,B3
3.330669003425995,-1.665334538690852,-3.8857805902786544,0.0,-1.665334538690852
ans,J2,J3,Energy,Sigma,L,A1,A2,B1,B2,B3
q0,-0.002999999999999999,-0.020999999999999998,-0.4700887228443283,6.3170502175901336e-15,0.7185441302851658,0.5173318573136606,0.22327644068280733,0.18229577659304344,0.19230884768051243,0.2549470060480387
A1,A2,B1,B2,B3
3.8857805039969944,-1.1102230257939016,-5.551115128969507,-2.7755575644847537,0.0
ans,J2,J3,Energy,Sigma,L,A1,A2,A3,B1,B2,phiA1
cb1,-0.002999999999999999,-0.020999999999999998,-0.47011620066928955,4.526705741287759e-14,0.7136861670519229,0.5158484199465764,-0.10617274475274406,0.2656853193617975,0.17415136297144532,0.14398491861636564,-1.9574096982009865
A1,A2,A3,B1,B2,phiA1
3.8857805039969944,0.0,-0.5551115159784388,-3.8857805902786553,2.220446051587802,1.1102230381198528
