ans,J2,J3,Energy,Sigma,L,A1,A3,B1,B2,B3
3x3,-0.005999999999999998,0.012000000000000004,-0.4720553026427994,2.9956022515224745e-09,0.7205757526934923,0.5166229288759262,0.2594153113025041,0.17824739796789216,0.31027943585026335,0.11229407790372481
A1,A3,B1,B2,B3
0.5551115005710214,-2.7755575490773454,-8.881784206351176,0.0,-1.6653345386908878
ans,J2,J3,Energy,Sigma,L,A1,A2,B1,B2,B3
q0,-0.005999999999999998,0.012000000000000004,-0.4679913340644741,1.231372818272215e-08,0.7114091756630077,0.515956250585181,0.21085427792534245,0.17836275408698948,0.19013055821858965,0.23896558311159805
A1,A2,B1,B2,B3
0.0,-1.6653345386908032,-7.2164496676607115,-1.6653345386911418,-1.6653345386911418
ans,J2,J3,Energy,Sigma,L,A1,A2,A3,B1,B2,phiA1
cb1,-0.005999999999999998,0.012000000000000004,-0.4726589523635765,2.252567662955311e-14,0.7215499409909812,0.5169173608060496,-0.1113556731345528,0.28304917298286564,0.1772434444861826,0.14991203448270565,1.9548656043687331
A1,A2,A3,B1,B2,phiA1
2.775557564484753,0.0,-0.5551115098154632,-4.9960036160725565,1.1102230257939014,-2.2204460762397056
