ans,J2,J3,Energy,Sigma,L,A1,A3,B1,B2,B3
3x3,0.024,-0.018,-0.46518361771902356,3.448493121222009e-13,0.7012268731605156,0.5140670507367555,0.22973575688684156,0.171111797997151,0.28954410402456554,0.10179476667613262
A1,A3,B1,B2,B3
0.0,-4.9960036160725565,-8.881784206351208,-2.2204460639137564,-3.885780590278654
ans,J2,J3,Energy,Sigma,L,A1,A2,B1,B2,B3
q0,0.024,-0.018,-0.47070222448960164,5.144082214039081e-09,0.7219422870668611,0.5186919014609311,0.23482291679518966,0.18639850248842715,0.19386966722040852,0.2671538947783122
A1,A2,B1,B2,B3
2.2204460022840857,-3.3306690773817755,-5.5511151289695695,0.0,-2.220446063913915
ans,J2,J3,Energy,Sigma,L,A1,A2,A3,B1,B2,phiA1
cb1,0.024,-0.018,-0.4698558981232613,5.355009691769822e-13,0.7134396125427317,0.5160630086254997,-0.11000886754305961,0.26580253324723807,0.17482738665698,0.14186228990492564,-1.9403607188368859
A1,A2,A3,B1,B2,phiA1
1.6653345017129981,-2.2204460515878046,-3.330669058892774,-7.216449667660359,-1.1102230257939016,0.5551115190599264
