ans,J2,J3,Energy,Sigma,L,A1,A3,B1,B2,B3
3x3,-0.015,-0.027,-0.47175410707539944,4.953584261601301e-12,0.7197128282285848,0.5165673267669253,0.25090554955664923,0.17810077622200157,0.30876075345002063,0.11403455317197678
A1,A3,B1,B2,B3
2.77555756448478,1.6653345479353159,-5.5511151289695055,-0.5551115159784391,-0.5551115128969512
ans,J2,J3,Energy,Sigma,L,A1,A2,B1,B2,B3
q0,-0.015,-0.027,-0.47018230820216594,2.927873889762505e-10,0.7182460289958809,0.5168899114616359,0.219905627191341,0.1810237515673559,0.19195961018024776,0.25183945848936723
A1,A2,B1,B2,B3
2.7755575644847372,0.0,-6.10622664186656,1.6653345386908454,0.5551115098153335
ans,J2,J3,Energy,Sigma,L,A1,A2,A3,B1,B2,phiA1
cb1,-0.015,-0.027,-0.4699306962559211,4.1988631609464756e-11,0.7128338787780546,0.5155802650822022,-0.1036393725870113,0.2632107874022085,0.17341392072134673,0.14417004331183977,-1.9660039662157154
A1,A2,A3,B1,B2,phiA1
-1.6653345017130219,-2.220446051587794,-1.6653345479353092,-8.881784206351261,-3.3306690773816907,-1.6653345571797846
