ans,J2,J3,Energy,Sigma,L,A1,A3,B1,B2,B3
3x3,-0.024,0.012000000000000004,-0.47565270631710477,2.813854522971705e-10,0.7306490106306256,0.5176598860991138,0.26943213438884206,0.18155090624743783,0.32067018605591746,0.1180758319013647
A1,A3,B1,B2,B3
3.3306690034261286,-1.1102230319568833,-6.661338154763467,-1.1102230319568833,-2.220446051587836
ans,J2,J3,Energy,Sigma,L,A1,A2,B1,B2,B3
q0,-0.024,0.012000000000000004,-0.467719120925377,1.4305961701303937e-11,0.709570025114363,0.5149520582992099,0.20406182555993008,0.175606498301231,0.18822845752087342,0.23419069693270272
A1,A2,B1,B2,B3
1.6653345017130008,0.0,-7.771561180557321,-2.220446051587794,0.0
ans,J2,J3,Energy,Sigma,L,A1,A2,A3,B1,B2,phiA1
cb1,-0.024,0.012000000000000004,-0.4730383491246698,1.6405317785323357e-11,0.7223177196048025,0.516812984949106,-0.10924061020326924,0.28389078571237314,0.1769841341828119,0.15146411188065795,-1.9643805364845481
A1,A2,A3,B1,B2,phiA1
-2.7755575028550226,-3.8857805902786606,-3.885780611849076,-11.102230257939011,-2.7755575644847426,-2.2204460762397056
