ans,J2,J3,Energy,Sigma,L,A1,A3,B1,B2,B3
3x3,-0.015,-0.011999999999999997,-0.47252157471123524,5.0886150618621785e-12,0.7218736151697158,0.5168088485551934,0.25593952012383103,0.1788067321173796,0.3115755153102775,0.1145254683043914
A1,A3,B1,B2,B3
-18.318679925599383,0.0,-11.657341770835966,-1.1102230319568782,0.5551115128969485
ans,J2,J3,Energy,Sigma,L,A1,A2,B1,B2,B3
q0,-0.015,-0.011999999999999997,-0.46925000182935545,4.627162247186997e-13,0.715141001713264,0.5163428573799923,0.21516582814552918,0.17944600532406735,0.19073176171074913,0.2465260304861256
A1,A2,B1,B2,B3
2.220446002283997,0.0,-7.216449667660359,0.555111512896959,-0.5551115128969512
ans,J2,J3,Energy,Sigma,L,A1,A2,A3,B1,B2,phiA1
cb1,-0.015,-0.011999999999999997,-0.4710002612766096,2.6791773850783746e-09,0.7161760265976748,0.5160933775127559,-0.10668121479342459,0.27104724564510446,0.17482270594413643,0.1463795799473072,1.9635683125998473
A1,A2,A3,B1,B2,phiA1
1.6653345386908762,-1.6653345386908032,-1.6653345294463393,-7.771561180557533,0.0,-1.1102230381196305
