ans,J2,J3,Energy,Sigma,L,A1,A3,B1,B2,B3
3x3,0.03,-0.03,-0.4637065930740849,9.722103603730498e-10,0.6970895044860473,0.5133760542529164,0.22165864966346527,0.16936941266255645,0.28390521673119384,0.09965959881396459
A1,A3,B1,B2,B3
0.5551115128968035,-2.7755575644847847,-8.32667269345427,-3.3306690958706184,-2.220446051587794
ans,J2,J3,Energy,Sigma,L,A1,A2,B1,B2,B3
q0,0.03,-0.03,-0.4717989142157334,1.871587165519307e-09,0.7258586801570941,0.5194140619450196,0.24161365555088415,0.18871435479045764,0.1954299328453996,0.2736104707398488
A1,A2,B1,B2,B3
0.0,-4.440892103175588,-7.771561180557194,-3.3306690773816907,-3.3306690958705336
ans,J2,J3,Energy,Sigma,L,A1,A2,A3,B1,B2,phiA1
cb1,0.03,-0.03,-0.46893513970282563,3.5516308297526254e-10,0.7106714351699541,0.5156561845970671,-0.10882388689458203,0.2593672487926116,0.1737733483321297,0.1391900849218554,-1.9371336499343623
A1,A2,A3,B1,B2,phiA1
2.2204460515877855,-1.110223025793897,-1.110223019630921,-7.771561180557194,0.0,-1.1102230381198421
