ans,J2,J3,Energy,Sigma,L,A1,A3,B1,B2,B3
3x3,-0.018,-0.015,-0.4729484273660518,1.232595164407831e-16,0.7230711677748004,0.516944130614731,0.2567410910183177,0.17922371644055016,0.3125723535020834,0.11539122040650161
A1,A3,B1,B2,B3
3.3306690034259954,-1.1102230196309255,-6.661338154763408,-1.1102230196309255,-1.1102230257939012
ans,J2,J3,Energy,Sigma,L,A1,A2,B1,B2,B3
q0,-0.018,-0.015,-0.46937316304069765,1.0932938255771962e-08,0.7153685245042543,0.5162788863192158,0.21487766765368393,0.1792641646067127,0.19054690951011558,0.24367022332835103
A1,A2,B1,B2,B3
1.6653345386909186,0.0,-7.2164496676607115,0.5551115128968214,1.1102230257936427
ans,J2,J3,Energy,Sigma,L,A1,A2,A3,B1,B2,phiA1
cb1,-0.018,-0.015,-0.47084294455887205,2.174233158769282e-11,0.7156229969654165,0.5159795546917451,-0.1053635489383508,0.2693623391262445,0.17451126620576007,0.14644444645022645,-1.9656789145047824
A1,A2,A3,B1,B2,phiA1
2.7755575028550226,0.0,0.0,-6.661338154763408,-1.665334538690856,0.0
