ans,J2,J3,Energy,Sigma,L,A1,A3,B1,B2,B3
3x3,-0.024,0.018000000000000002,-0.47600779539648785,1.8981965531880597e-14,0.731628735238392,0.5177243480135288,0.2715201739343646,0.18181649901563787,0.3217921019614341,0.1183535540078414
A1,A3,B1,B2,B3
4.440892004567994,-1.110223019630925,-7.771561180557309,-1.110223019630925,-1.1102230257939012
ans,J2,J3,Energy,Sigma,L,A1,A2,B1,B2,B3
q0,-0.024,0.018000000000000002,-0.46739307503153904,1.842175102965724e-11,0.7084778118904385,0.5147269550737364,0.20229530341063867,0.1750037410926086,0.18771812937294102,0.23206740945898727
A1,A2,B1,B2,B3
4.996003505139003,2.7755575644847634,-1.6653345386908454,2.220446051587794,2.7755575644847634
ans,J2,J3,Energy,Sigma,L,A1,A2,A3,B1,B2,phiA1
cb1,-0.024,0.018000000000000002,-0.47352755337627994,1.1306595443113033e-12,0.7238303303016593,0.5169907886833978,-0.11027681340249638,0.2871434390737649,0.17754963548742086,0.15245289090657813,-1.9633836247863103
A1,A2,A3,B1,B2,phiA1
6.66133815476341,1.1102230257939023,3.3306690588927768,-4.440892103175609,2.2204460515878046,2.2204460762397056
