ans,J2,J3,Energy,Sigma,L,A1,A3,B1,B2,B3
3x3,-0.024,-0.027,-0.4734963556393543,4.546180744885403e-12,0.7246096187135855,0.5171198725659527,0.25629352335021044,0.17977716866496696,0.31344170896692747,0.11686808161167808
A1,A3,B1,B2,B3
3.3306690773817103,0.0,-4.440892103175607,1.1102230319568782,0.0
ans,J2,J3,Energy,Sigma,L,A1,A2,B1,B2,B3
q0,-0.024,-0.027,-0.46998913420984606,7.850905999912903e-09,0.7171216734625079,0.5163901058756352,0.21614410581965546,0.1795929522940486,0.19126481411975776,0.24704703471574208
A1,A2,B1,B2,B3
-1.6653345017129795,0.0,-7.216449667660034,1.1102230257938122,2.2204460515872855
ans,J2,J3,Energy,Sigma,L,A1,A2,A3,B1,B2,phiA1
cb1,-0.024,-0.027,-0.4701158140963056,8.094051851237791e-12,0.7132033439000967,0.5155321891345154,-0.10257007689860252,0.26353820428955244,0.17329119173440943,0.14508795995333734,1.971788070297203
A1,A2,A3,B1,B2,phiA1
2.220446002284001,-3.3306690773817067,1.1102230319568775,-5.5511151289695055,-1.6653345386908454,-0.5551115190599264
