ans,J2,J3,Energy,Sigma,L,A1,A3,B1,B2,B3
3x3,0.015,0.006000000000000005,-0.4678309556736412,5.239577154623028e-12,0.7086936470603311,0.5151655393698281,0.2438129119495975,0.1740169326568161,0.2991527905150717,0.10558711010584232
A1,A3,B1,B2,B3
2.220446002284001,-1.1102230257938996,-7.216449667660356,-2.7755575798921925,0.0
ans,J2,J3,Energy,Sigma,L,A1,A2,B1,B2,B3
q0,0.015,0.006000000000000005,-0.4688167500924166,1.0211641715524298e-09,0.7151806781480868,0.5173290575865095,0.22286280331602326,0.18228859820384422,0.19111180956446674,0.25331249400440337
A1,A2,B1,B2,B3
3.8857805902786406,0.5551115128968214,-5.5511151289695695,2.220446051587794,2.2204460639137458
ans,J2,J3,Energy,Sigma,L,A1,A2,A3,B1,B2,phiA1
cb1,0.015,0.006000000000000005,-0.4717873933334884,2.813398462760874e-14,0.7192909189071641,0.5168336595852325,-0.1128487882874706,0.27876513532763486,0.1769840171079492,0.14700769139560432,1.9441145340789454
A1,A2,A3,B1,B2,phiA1
6.106226641866458,3.8857805902786553,1.1102230196309255,-4.440892103175605,1.665334538690852,0.5551115190599264
