ans,J2,J3,Energy,Sigma,L,A1,A3,B1,B2,B3
3x3,0.021000000000000005,0.018000000000000002,-0.46734298138071867,2.1570415377137042e-16,0.7073315786910904,0.5149657940286572,0.24431771244329595,0.17346244499084745,0.29831743801558297,0.10404399389259499
A1,A3,B1,B2,B3
3.3306690773817045,1.1102230257939014,-4.9960036160725565,-0.5551115159784386,1.1102230257939012
ans,J2,J3,Energy,Sigma,L,A1,A2,B1,B2,B3
q0,0.021000000000000005,0.018000000000000002,-0.4682122371676652,5.344226024825209e-10,0.7134583648420131,0.5172151317761251,0.22155211322848317,0.1819612750381755,0.19043272994812255,0.250494031885494
A1,A2,B1,B2,B3
2.220446051587807,-2.2204460515878046,-6.106226641866391,-2.220446051587794,-2.2204460639137458
ans,J2,J3,Energy,Sigma,L,A1,A2,A3,B1,B2,phiA1
cb1,0.021000000000000005,0.018000000000000002,-0.4726343431843169,7.338843598159114e-09,0.7220444410908738,0.5172389342860897,-0.11585724397849977,0.2847336676185657,0.17824096192360062,0.14824108912903095,-1.940096358288542
A1,A2,A3,B1,B2,phiA1
4.996003616072587,0.5551115128968214,0.0,-6.106226641865713,-0.5551115128968214,1.1102230381198
