ans,J2,J3,Energy,Sigma,L,A1,A3,B1,B2,B3
3x3,0.018000000000000002,-0.03,-0.4656866689821256,5.629878413432768e-14,0.7026308810303297,0.5142602210518871,0.2294537019068341,0.1716729787170587,0.29050121957695413,0.10333126785315375
A1,A3,B1,B2,B3
1.6653345017129981,-1.1102230257939014,-7.771561180557308,-0.5551115098154632,-1.1102230257939016
ans,J2,J3,Energy,Sigma,L,A1,A2,B1,B2,B3
q0,0.018000000000000002,-0.03,-0.4713445650912481,1.9892853358377984e-12,0.7237591669827296,0.5187819988274837,0.23583210265862506,0.18669943208104606,0.19458549361138866,0.2676555984401528
A1,A2,B1,B2,B3
4.440892004568002,2.2204460515878024,-1.1102230257939023,3.3306690773817014,2.220446039261853
ans,J2,J3,Energy,Sigma,L,A1,A2,A3,B1,B2,phiA1
cb1,0.018000000000000002,-0.03,-0.46912349654050806,1.066687855278537e-12,0.7110201320284738,0.5156166962450245,-0.10730857661416446,0.260055667105774,0.17360027097467162,0.14035373940434534,-1.9449638893213546
A1,A2,A3,B1,B2,phiA1
4.996003505138992,1.110223025793901,1.6653345479353159,-2.220446051587794,1.6653345386908507,3.3306691143595586
