ans,J2,J3,Energy,Sigma,L,A1,A3,B1,B2,B3
3x3,0.03,-0.015,-0.4643127887932594,3.8803636519514026e-12,0.6987845893727695,0.5136860394247637,0.22695509787266144,0.17010740595366824,0.2868551464792118,0.0999560236645369
A1,A3,B1,B2,B3
2.2204460022840222,-2.2204460515878046,-8.32667269345426,-2.775557549077316,-1.1102230257939023
ans,J2,J3,Energy,Sigma,L,A1,A2,B1,B2,B3
q0,0.03,-0.015,-0.47070339584949905,4.003222451704237e-09,0.7222217625596993,0.5188982399945706,0.23661330307694917,0.18706458509933369,0.1940797768678462,0.2688802946985826
A1,A2,B1,B2,B3
3.330669003425959,2.220446051587794,-4.440892103175249,1.1102230257939816,-1.110223019630667
ans,J2,J3,Energy,Sigma,L,A1,A2,A3,B1,B2,phiA1
cb1,0.03,-0.015,-0.46997429171400723,3.573426286191904e-09,0.7139317612264657,0.5161872796324587,-0.11133343224592003,0.26719200956722333,0.1751912379850995,0.1420247160584208,1.9367620940168633
A1,A2,A3,B1,B2,phiA1
3.3306690773817103,-2.220446051587794,-2.2204460639137458,-8.881784206351176,-0.5551115128971602,-1.1102230381196305
