ans,J2,J3,Energy,Sigma,L,A1,A3,B1,B2,B3
3x3,-0.020999999999999998,-0.020999999999999998,-0.47322071257958254,5.460643097359573e-12,0.7238357878011981,0.5170330229043544,0.25651691614125705,0.17950046964901414,0.31299725213167523,0.11613549867878843
A1,A3,B1,B2,B3
2.220446002284001,-1.1102230319568729,-4.440892103175604,0.0,-1.1102230257939023
ans,J2,J3,Energy,Sigma,L,A1,A2,B1,B2,B3
q0,-0.020999999999999998,-0.020999999999999998,-0.469680161835203,2.0100730532855364e-11,0.7162723182407231,0.5163427692510795,0.21537826752948788,0.17945702858544244,0.19110952492916744,0.247272649156115
A1,A2,B1,B2,B3
0.5551115005710002,-2.7755575644847528,-809.352585803754,-2.2204460515878046,1.110223025793897
ans,J2,J3,Energy,Sigma,L,A1,A2,A3,B1,B2,phiA1
cb1,-0.020999999999999998,-0.020999999999999998,-0.47047435637822665,1.4581046127120657e-11,0.7143974376079272,0.5157576544556404,-0.10398511537807978,0.2664997822760417,0.17390013763051704,0.145726513903692,1.9686447149106878
A1,A2,A3,B1,B2,phiA1
1.665334538690834,-1.6653345386908667,-1.6653345294463884,-7.216449667660352,-1.110223025793897,-2.2204460762397056
