ans,J2,J3,Energy,Sigma,L,A1,A3,B1,B2,B3
3x3,-0.027,-0.024,-0.4742476528095557,4.122537786878431e-12,0.7267190298177738,0.5173430125522172,0.25905710855793207,0.1804691543493333,0.3155397689466274,0.1178945172587555
A1,A3,B1,B2,B3
1.1102230257939034,0.0,-7.771561180557311,-1.1102230319568775,0.0
ans,J2,J3,Energy,Sigma,L,A1,A2,B1,B2,B3
q0,-0.027,-0.024,-0.46974814697020456,1.8274073494860744e-08,0.7161481404070951,0.516109676710495,0.21395063070463713,0.17880180243496582,0.19076175417214394,0.24379861859052868
A1,A2,B1,B2,B3
250.3552867575205,0.5551115128968214,-32.19646774802377,1.6653345386911418,2.2204460515872855
ans,J2,J3,Energy,Sigma,L,A1,A2,A3,B1,B2,phiA1
cb1,-0.027,-0.024,-0.470389229050042,2.2705604708677545e-11,0.7139876242425757,0.5156197297433515,-0.10270651678645945,0.26523621065549846,0.1735333785787242,0.14583013710080237,1.9730507429169761
A1,A2,A3,B1,B2,phiA1
2.7755575028550012,1.110223025793897,0.5551115098154605,-7.216449667660372,0.0,-1.1102230381198532
