ans,J2,J3,Energy,Sigma,L,A1,A3,B1,B2,B3
3x3,-0.011999999999999997,0.0030000000000000027,-0.4727362123072607,6.767563750181196e-13,0.7224766726391636,0.5168511236118845,0.25931318542506804,0.1789494688297486,0.31287137312498203,0.11410342846223845
A1,A3,B1,B2,B3
2.2204460515878015,-3.3306690588927768,-8.32667269345426,-1.1102230319568782,-2.220446051587802
ans,J2,J3,Energy,Sigma,L,A1,A2,B1,B2,B3
q0,-0.011999999999999997,0.0030000000000000027,-0.4684105898518389,1.910522504832138e-15,0.7124860683008402,0.5159515109039601,0.2117938978987564,0.17834256418682254,0.18966936537298587,0.2422198450256149
A1,A2,B1,B2,B3
2.2204460515878024,-1.665334538690852,-6.661338154763408,-0.5551115128969508,-0.5551115128969505
ans,J2,J3,Energy,Sigma,L,A1,A2,A3,B1,B2,phiA1
cb1,-0.011999999999999997,0.0030000000000000027,-0.4720711544172401,3.288255749848991e-13,0.7195891892199507,0.5166031955500817,-0.10912755761455321,0.2786141243080129,0.17630318424934746,0.14887811035444087,1.9593006430860038
A1,A2,A3,B1,B2,phiA1
1.6653345017129981,0.0,0.0,-4.440892103175604,0.5551115128969485,0.0
