ans,J2,J3,Energy,Sigma,L,A1,A3,B1,B2,B3
3x3,0.006000000000000005,-0.03,-0.46775787694034343,3.389636702121535e-16,0.7084602105422815,0.5151171753844669,0.23699055012340692,0.17397538775338628,0.29701248187567314,0.10721907423615465
A1,A3,B1,B2,B3
3.330669003425995,0.5551115128969506,-5.5511151289695055,-2.220446039261851,-1.665334538690852
ans,J2,J3,Energy,Sigma,L,A1,A2,B1,B2,B3
q0,0.006000000000000005,-0.03,-0.4709457413192789,2.465067069299221e-12,0.721846183933472,0.5181417547753334,0.23025464480606797,0.1847243384166069,0.19373017895019792,0.26230978483454664
A1,A2,B1,B2,B3
4.440892004567991,0.0,-7.771561180557321,1.1102230257939076,0.0
ans,J2,J3,Energy,Sigma,L,A1,A2,A3,B1,B2,phiA1
cb1,0.006000000000000005,-0.03,-0.4693279799050769,1.1181702738079409e-11,0.7114113785737637,0.5155715196429721,-0.10580338402752837,0.2606831897158753,0.17342689510760514,0.14157842396766507,-1.9528127425699267
A1,A2,A3,B1,B2,phiA1
0.5551115005710214,-1.110223025793901,-2.775557549077303,-8.32667269345426,-0.5551115128969485,0.0
