ans,J2,J3,Energy,Sigma,L,A1,A3,B1,B2,B3
3x3,-0.008999999999999998,-0.002999999999999999,-0.47183387341285576,4.874821430595641e-12,0.7199431987286737,0.5165793300766117,0.2554789487455967,0.178111516941035,0.31015835310848694,0.1129380909302606
A1,A3,B1,B2,B3
0.0,-3.330669058892774,-8.881784206351208,-4.440892127827508,-2.220446051587802
ans,J2,J3,Energy,Sigma,L,A1,A2,B1,B2,B3
q0,-0.008999999999999998,-0.002999999999999999,-0.4688241685928853,4.087148747113118e-09,0.7140191435233678,0.5163357466681541,0.2149500244176597,0.1794234526187567,0.19007879922627266,0.24553460415973563
A1,A2,B1,B2,B3
6.661338006852257,3.330669077381704,-4.996003616072748,1.6653345386908032,3.3306690773817014
ans,J2,J3,Energy,Sigma,L,A1,A2,A3,B1,B2,phiA1
cb1,-0.008999999999999998,-0.002999999999999999,-0.4715500950016718,9.442973184286613e-12,0.7180350742680722,0.5164267071622565,-0.10844814341232757,0.2754474588200606,0.17577609024065463,0.1475843775697799,1.9584700885386412
A1,A2,A3,B1,B2,phiA1
1.6653345017130219,-1.665334538690856,0.0,-6.661338154763408,0.5551115128969485,0.5551115190599264
