ans,J2,J3,Energy,Sigma,L,A1,A3,B1,B2,B3
3x3,0.021000000000000005,0.03,-0.4679416631133585,1.4482993181792014e-14,0.7090249210559996,0.5151690591074568,0.24867550863411628,0.17404841930182066,0.30074108491497353,0.10447458913719426
A1,A3,B1,B2,B3
3.330669003425995,0.0,-7.216449667660359,-1.6653345479353159,1.6653345386908514
ans,J2,J3,Energy,Sigma,L,A1,A2,B1,B2,B3
q0,0.021000000000000005,0.03,-0.4674724627651907,1.3204149197922854e-09,0.7109527160060486,0.5167532683060683,0.2174008384846786,0.18065938557042202,0.1895279428591011,0.24618990192966084
A1,A2,B1,B2,B3
7.771561180557281,2.7755575644847847,-2.7755575644847847,2.2204460515878046,3.3306690773817755
ans,J2,J3,Energy,Sigma,L,A1,A2,A3,B1,B2,phiA1
cb1,0.021000000000000005,0.03,-0.47362931464441627,3.049958373233058e-09,0.7251228290868785,0.5175912922393932,-0.11726897947952239,0.29118323987873906,0.1793504208426306,0.15113624964924055,-1.9397626073097536
A1,A2,A3,B1,B2,phiA1
43.29869704453793,-2.2204460515876243,-2.2204460639137458,-12.212453283732781,-1.1102230257939816,-1.1102230381199694
