ans,J2,J3,Energy,Sigma,L,A1,A3,B1,B2,B3
3x3,0.018000000000000002,-0.027,-0.4658132510917412,4.757509185823125e-12,0.7029903708455375,0.514322140298412,0.2304640522575565,0.17182068781641727,0.2910777710336008,0.10344430282377985
A1,A3,B1,B2,B3
0.0,-3.330669077381704,-7.2164496676603616,-2.2204460639137538,-2.7755575644847528
ans,J2,J3,Energy,Sigma,L,A1,A2,B1,B2,B3
q0,0.018000000000000002,-0.027,-0.47113055806660153,1.08135573773499e-12,0.7230491410235116,0.5186783927725516,0.23484222540901462,0.1863704923774305,0.19432273013153928,0.2665205780296658
A1,A2,B1,B2,B3
5.551115128969507,4.440892103175607,-1.1102230257939023,3.3306690773817014,1.1102230319568833
ans,J2,J3,Energy,Sigma,L,A1,A2,A3,B1,B2,phiA1
cb1,0.018000000000000002,-0.027,-0.46932756675442694,9.982233568715038e-12,0.711662034147075,0.5157247289259029,-0.10779648941483029,0.2615781751197206,0.173884059349716,0.14087520059986955,-1.9447341243769793
A1,A2,A3,B1,B2,phiA1
0.0,-2.2204460515878033,-2.220446063913751,-8.32667269345426,-3.8857805902786553,-2.2204460762397056
