ans,J2,J3,Energy,Sigma,L,A1,A3,B1,B2,B3
3x3,-0.018,0.027000000000000003,-0.4753085483120243,6.532754371361504e-14,0.7296694182235148,0.5175003080050491,0.271177887404596,0.1811342500697851,0.3204723879757452,0.11679806786963812
A1,A3,B1,B2,B3
6.66133815476341,4.440892078523703,-2.2204460515878024,2.220446063913754,0.0
ans,J2,J3,Energy,Sigma,L,A1,A2,B1,B2,B3
q0,-0.018,0.027000000000000003,-0.4669788174253252,1.1099186346649338e-09,0.7073727804320633,0.5147079230226674,0.20221234829662524,0.17498211778473208,0.18730526660098792,0.23120850939206852
A1,A2,B1,B2,B3
27.755575644847628,-0.5551115128969908,-7.771561180557194,-0.5551115128969485,-2.220446051587794
ans,J2,J3,Energy,Sigma,L,A1,A2,A3,B1,B2,phiA1
cb1,-0.018,0.027000000000000003,-0.47414936703593347,5.684482379216035e-12,0.725887983531623,0.517286994301198,-0.11251837172193434,0.29164256779417747,0.17848173880821042,0.15349003105636294,1.959012783077693
A1,A2,A3,B1,B2,phiA1
4.440892103175608,-1.110223025793897,2.2204460392618475,-5.551115128969516,1.110223025793897,0.0
