ans,J2,J3,Energy,Sigma,L,A1,A3,B1,B2,B3
3x3,0.012000000000000004,0.015,-0.4688186769654909,5.6023915412664724e-12,0.7114775046227064,0.5155219743368827,0.2488641414395523,0.17502391218507282,0.3025511578117597,0.10684402181185336
A1,A3,B1,B2,B3
-1.6653345017129795,-2.7755575644847528,-7.2164496676603616,-2.2204460639137538,-2.775557564484758
ans,J2,J3,Energy,Sigma,L,A1,A2,B1,B2,B3
q0,0.012000000000000004,0.015,-0.4681798048312583,1.512948934552392e-12,0.7129078220658496,0.5168301418391433,0.21846574960843923,0.18083574663853216,0.1902236064021274,0.2478062935631853
A1,A2,B1,B2,B3
3.8857805039969944,2.7755575644847537,-4.440892103175609,2.2204460515878046,-1.1102230257939012
ans,J2,J3,Energy,Sigma,L,A1,A2,A3,B1,B2,phiA1
cb1,0.012000000000000004,0.015,-0.47255326732328645,1.513123168041857e-08,0.7216291674036859,0.517108028440691,-0.11527171615227198,0.28483975168269243,0.17783209595111057,0.14810035837752897,1.9446626155675377
A1,A2,A3,B1,B2,phiA1
-0.5551115128969729,-0.5551115128968214,-2.220446039261334,-7.2164496676607115,-1.1102230257936427,-1.6653345571797846
