ans,J2,J3,Energy,Sigma,L,A1,A3,B1,B2,B3
3x3,0.027000000000000003,0.027000000000000003,-0.4667203138936487,1.925621795596134e-13,0.705592415588458,0.5147099784571713,0.24379780970949938,0.1727629716711837,0.29689263850888337,0.10240855765058679
A1,A3,B1,B2,B3
1.1102230011419978,-1.665334538690852,-7.771561180557311,-3.330669095870629,-1.665334538690852
ans,J2,J3,Energy,Sigma,L,A1,A2,B1,B2,B3
q0,0.027000000000000003,0.027000000000000003,-0.46780247836294464,3.668665432464358e-12,0.7123771790097106,0.5172084765680742,0.2213590468459101,0.1819542050140174,0.19019103667499718,0.24975596170895353
A1,A2,B1,B2,B3
0.0,-2.7755575644847528,-7.771561180557305,-1.6653345386908667,-2.2204460515877993
ans,J2,J3,Energy,Sigma,L,A1,A2,A3,B1,B2,phiA1
cb1,0.027000000000000003,0.027000000000000003,-0.4732715597238695,3.898632314661641e-09,0.7241395169282637,0.5175331225610631,-0.11747667298405715,0.28933288596313345,0.17915987011400106,0.1500279992963148,1.9369522822010348
A1,A2,A3,B1,B2,phiA1
-28.865798670641425,0.0,-2.2204460639137458,-91.03828811509972,0.0,-3.3306691143595692
