ans,J2,J3,Energy,Sigma,L,A1,A3,B1,B2,B3
3x3,0.03,0.024,-0.4660504336107609,6.579956017699799e-09,0.7036774745682194,0.5144370464257014,0.24059153401733427,0.17202216141506305,0.29504820938624293,0.10185564650244922
A1,A3,B1,B2,B3
2.7755575028549377,-2.220446051587794,-8.881784206351853,-2.220446039262012,-0.5551115128968214
ans,J2,J3,Energy,Sigma,L,A1,A2,B1,B2,B3
q0,0.03,0.024,-0.4680710089606478,8.270405989868147e-09,0.7134473827238552,0.5174970837815188,0.2235947345201427,0.18278782708913768,0.19059634432935635,0.2509412770493741
A1,A2,B1,B2,B3
-0.5551115005711909,-2.7755575644847847,-8.326672693454354,-3.885780590278597,-2.7755575798922245
ans,J2,J3,Energy,Sigma,L,A1,A2,A3,B1,B2,phiA1
cb1,0.03,0.024,-0.47297136127088346,5.111722400149816e-09,0.7232750248698648,0.5174585593919745,-0.11778591367443457,0.28733907528034114,0.17892402695553158,0.14922386573647,1.9355293227060455
A1,A2,A3,B1,B2,phiA1
4.440892103175614,0.0,2.2204460392618848,-6.661338154763213,0.0,0.0
