ans,J2,J3,Energy,Sigma,L,A1,A3,B1,B2,B3
3x3,-0.020999999999999998,0.006000000000000005,-0.47469417766773436,3.875648975447543e-12,0.7279648345032583,0.517416225590401,0.26569563590141426,0.18073965549187393,0.318051521776537,0.11698418127060113
A1,A3,B1,B2,B3
-11.102230011419984,-14.432899255202031,-19.984014464290226,-12.212453215940185,-13.322676309526816
ans,J2,J3,Energy,Sigma,L,A1,A2,B1,B2,B3
q0,-0.020999999999999998,0.006000000000000005,-0.46809318344733697,1.0937032597944456e-11,0.710971462091644,0.5153419643123734,0.20711016613517305,0.17666332400037343,0.18890181445949936,0.23757022430409122
A1,A2,B1,B2,B3
4.996003505138997,2.7755575644847528,-5.5511151289695055,1.110223025793897,1.665334538690856
ans,J2,J3,Energy,Sigma,L,A1,A2,A3,B1,B2,phiA1
cb1,-0.020999999999999998,0.006000000000000005,-0.4724949460655319,1.006090395508337e-11,0.720701376049065,0.5166469029195188,-0.10858041001833318,0.28059365006128145,0.17646004039897017,0.15019236313584963,1.9637546034312316
A1,A2,A3,B1,B2,phiA1
1.1102230011420005,1.6653345386908507,1.6653345479353145,-3.3306690773817054,2.2204460515878046,0.0
