ans,J2,J3,Energy,Sigma,L,A1,A3,B1,B2,B3
3x3,0.024,0.027000000000000003,-0.4672520914372559,7.192192784319694e-14,0.7070855257966118,0.5149160208337211,0.24569274922135143,0.17333320227767218,0.29851521779169793,0.10339104048428083
A1,A3,B1,B2,B3
5.551115128969506,-0.5551115128969506,-4.996003616072557,-1.6653345294463897,0.0
ans,J2,J3,Energy,Sigma,L,A1,A2,B1,B2,B3
q0,0.024,0.027000000000000003,-0.46772712519335324,3.4019626537656134e-14,0.7119779806920066,0.5170424580200812,0.21999644848257055,0.18146970511481686,0.1899969416612924,0.24845036374350257
A1,A2,B1,B2,B3
7.771561180557308,1.665334538690852,-4.440892103175605,2.2204460515878024,2.2204460515878033
ans,J2,J3,Energy,Sigma,L,A1,A2,A3,B1,B2,phiA1
cb1,0.024,0.027000000000000003,-0.47332351029193653,5.83585911699019e-09,0.7242393612154518,0.5175182251808285,-0.11693790228902143,0.2895769329198067,0.17910929298534087,0.15032827192764758,-1.938466793807801
A1,A2,A3,B1,B2,phiA1
2.220446002283916,-1.1102230257943204,0.0,-6.661338154763213,0.0,0.0
