ans,J2,J3,Energy,Sigma,L,A1,A3,B1,B2,B3
3x3,0.009000000000000001,-0.005999999999999998,-0.468331789479864,6.890854081501089e-12,0.7100930908590882,0.5153598957810072,0.24332296736427614,0.17457333414189072,0.30004669543527496,0.10708219954439319
A1,A3,B1,B2,B3
1.1102230011420005,1.1102230257939023,-6.106226641866455,1.6653345479353199,0.5551115128969505
ans,J2,J3,Energy,Sigma,L,A1,A2,B1,B2,B3
q0,0.009000000000000001,-0.005999999999999998,-0.4694297725083747,2.049497609619121e-13,0.7169418845100313,0.5174431086572958,0.2238510869221257,0.18261056425056896,0.19181880957403574,0.254467907752588
A1,A2,B1,B2,B3
1.6653345017129968,0.0,-6.106226641866457,-2.2204460515878046,0.0
ans,J2,J3,Energy,Sigma,L,A1,A2,A3,B1,B2,phiA1
cb1,0.009000000000000001,-0.005999999999999998,-0.4709819942933603,1.0118712668294096e-11,0.7166556228393678,0.5164149065772841,-0.11013188732247314,0.2728596329132268,0.17575010760172152,0.14539322900092427,1.948466580754198
A1,A2,A3,B1,B2,phiA1
2.7755575644847372,0.0,1.6653345479353145,-7.216449667660352,-0.5551115128969485,0.5551115190599264
