ans,J2,J3,Energy,Sigma,L,A1,A3,B1,B2,B3
3x3,-0.002999999999999999,-0.03,-0.4693718027387245,6.7984710739287216e-12,0.7130065893750217,0.5157340578616016,0.2425735506293121,0.17569192163954173,0.3018397770441417,0.11013347472575277
A1,A3,B1,B2,B3
2.2204460515877646,-3.8857805902786544,-8.32667269345426,-2.22044603926185,-3.3306690773816907
ans,J2,J3,Energy,Sigma,L,A1,A2,B1,B2,B3
q0,-0.002999999999999999,-0.03,-0.4706815426789063,7.940069900324145e-13,0.7205197459305517,0.5176554912189029,0.2261072540055512,0.18326387094912555,0.19306150744056094,0.2583421464339028
A1,A2,B1,B2,B3
-11.657341770835965,-4.996003616072557,-11.657341770835961,-2.220446051587802,-3.330669058892774
ans,J2,J3,Energy,Sigma,L,A1,A2,A3,B1,B2,phiA1
cb1,-0.002999999999999999,-0.03,-0.4694918278192451,8.095993188621736e-13,0.7117282307024495,0.5155317146685431,-0.10468474116992481,0.26109629120612426,0.17329896583432672,0.14252503784186937,1.9587069504828707
A1,A2,A3,B1,B2,phiA1
-0.5551115005710002,-2.2204460515878046,-2.220446039261851,-7.771561180557309,-1.6653345386908507,-3.88578063341949
