ans,J2,J3,Energy,Sigma,L,A1,A3,B1,B2,B3
3x3,0.03,0.006000000000000005,-0.46521835025604685,9.865075398338075e-13,0.7013497435409999,0.5141090238995923,0.23430762362949328,0.17115053682594242,0.29100981174695006,0.10068248689852916
A1,A3,B1,B2,B3
4.996003505138992,0.0,-5.5511151289695055,-1.6653345479353092,0.0
ans,J2,J3,Energy,Sigma,L,A1,A2,B1,B2,B3
q0,0.03,0.006000000000000005,-0.46924797430673926,2.8449067690956866e-09,0.7173515956513643,0.5181501425217988,0.2295589498707117,0.18474340995109814,0.1921677839025368,0.25916781022685553
A1,A2,B1,B2,B3
1.110223001141958,2.7755575644847426,-5.5511151289695695,2.220446051587794,0.0
ans,J2,J3,Energy,Sigma,L,A1,A2,A3,B1,B2,phiA1
cb1,0.03,0.006000000000000005,-0.4715331558635677,1.7586457001182937e-08,0.7187804665349228,0.5168888090096961,-0.11399824094017104,0.27607090532605955,0.17717613367306548,0.1460298711136302,1.9362690311641977
A1,A2,A3,B1,B2,phiA1
1.1102230257939458,0.0,-1.6653345294463393,-6.661338154764567,0.0,-0.5551115190601541
