ans,J2,J3,Energy,Sigma,L,A1,A3,B1,B2,B3
3x3,-0.008999999999999998,0.018000000000000002,-0.47297381514771497,1.1698560705394724e-12,0.7231425219529706,0.5168816361238403,0.2627306792077681,0.17908912339041136,0.31420250170272873,0.11368566512042066
A1,A3,B1,B2,B3
2.220446002284001,-1.1102230196309264,-5.551115128969507,-3.3306690588927848,-1.1102230257939023
ans,J2,J3,Energy,Sigma,L,A1,A2,B1,B2,B3
q0,-0.008999999999999998,0.018000000000000002,-0.4675962160322534,2.9045879484355446e-09,0.7099188433304776,0.5155544116475643,0.2082879244500625,0.1772403270816097,0.18824760896650433,0.23794628028329992
A1,A2,B1,B2,B3
149.32499696927977,-3.3306690773816907,-16.09823387401121,-1.1102230257938122,-2.2204460515878046
ans,J2,J3,Energy,Sigma,L,A1,A2,A3,B1,B2,phiA1
cb1,-0.008999999999999998,0.018000000000000002,-0.473206522878023,7.346236364991562e-12,0.7231815857922844,0.5170824379628534,-0.11203599509430447,0.28640987435955945,0.17776743187453234,0.151215347580858,-1.9556917055371998
A1,A2,A3,B1,B2,phiA1
-2.2204460515877646,-4.440892103175609,-2.7755575798921925,-7.2164496676603616,-2.7755575644847528,-2.2204460762397056
