ans,J2,J3,Energy,Sigma,L,A1,A3,B1,B2,B3
3x3,0.027000000000000003,0.015,-0.4661451038537195,4.6919351230766285e-12,0.7039640084667004,0.5144949154552843,0.23943732854718633,0.1721708553675298,0.294454171758654,0.10198760735082125
A1,A3,B1,B2,B3
1.1102230257939034,-1.665334538690852,-6.661338154763403,-0.5551115098154605,-2.220446051587802
ans,J2,J3,Energy,Sigma,L,A1,A2,B1,B2,B3
q0,0.027000000000000003,0.015,-0.4685649144046942,2.0824746455369627e-09,0.7149260764779716,0.5176567218750333,0.22525175238334222,0.1832659156834129,0.19117576411761505,0.2542312818389977
A1,A2,B1,B2,B3
2.220446002284001,1.665334538690856,-4.996003616072748,0.5551115128968214,0.0
ans,J2,J3,Energy,Sigma,L,A1,A2,A3,B1,B2,phiA1
cb1,0.027000000000000003,0.015,-0.47228997272804296,1.1863142974722278e-11,0.7210973717424558,0.5171710115545964,-0.11575798147979567,0.28284119898796783,0.17802783419219856,0.1475723880361683,-1.9371780335819484
A1,A2,A3,B1,B2,phiA1
0.0,-1.6653345386908454,-0.5551115098154605,-7.216449667660352,-2.7755575644847634,-1.1102230381198421
