ans,J2,J3,Energy,Sigma,L,A1,A2,A3,B1,B2,phiA1
cb1,0.015000000000000003,0.0049999999999999975,-0.47141262077706214,3.0362142309668357e-11,0.7178818581314891,0.5165185645550705,0.04142596652119243,0.27665776618908317,0.1760138323895958,0.1464275897373712,1.9488448123057245
A1,A2,A3,B1,B2,phiA1
3.7766456622309033,0.058786309153784376,0.0098254737679131,-5.714040352136692,-0.06067368829395953,0.09147889112863258
ans,J2,J3,Energy,Sigma,L,A1,A3,B1,B2,B3
3x3,0.015000000000000003,0.0049999999999999975,-0.46810179387873896,1.116266294842688e-11,0.7096076107292589,0.515712104238772,0.2456679590262026,0.1751008610726745,0.3022119521161778,0.10947605308084724
A1,A3,B1,B2,B3
3.762212762913209,0.009880984918870019,-5.758060695064214,-0.058286708799175156,-0.009992007221606411
ans,J2,J3,Energy,Sigma,L,A1,A2,B1,B2,B3
q0,0.015000000000000003,0.0049999999999999975,-0.46900810871462884,3.536790477650388e-11,0.7154698399221348,0.517440994955166,0.22320070197830968,0.18242845977321406,0.19137803296354247,0.253156102292417
A1,A2,B1,B2,B3
3.2353009162332924,-0.11923795284781265,-6.345868275467141,-0.8655853811712968,-0.013877787807786816
