ans,J2,J3,Energy,Sigma,L,A1,A2,A3,B1,B2,phiA1
cb1,0.015000000000000003,-0.025,-0.46924786777449007,1.4521613213100275e-11,0.7111066146329277,0.5154940053890171,0.03977687087125009,0.26087604742110054,0.17316049396479524,0.14110289167913995,1.9515373509565057
A1,A2,A3,B1,B2,phiA1
3.741451592356217,0.058786309153784376,-0.054123372450368135,-6.06265038187797,-0.06200595592691216,0.0824088519648449
ans,J2,J3,Energy,Sigma,L,A1,A3,B1,B2,B3
3x3,0.015000000000000003,-0.025,-0.46672140081472074,7.74354126958481e-12,0.7057358912945385,0.5151363384303171,0.23543857123918444,0.1736150540469789,0.29635897208072504,0.10840562777839977
A1,A3,B1,B2,B3
3.67061936339707,-0.05262457136566654,-5.796640944849153,-0.06250555629321047,0.049016346537102726
ans,J2,J3,Energy,Sigma,L,A1,A2,B1,B2,B3
q0,0.015000000000000003,-0.025,-0.47101447121765716,4.3211058245870715e-11,0.7221633423189038,0.5185226285887783,0.2328500237892643,0.18569247970780117,0.19395317866520229,0.264258047423009
A1,A2,B1,B2,B3
3.066213948892997,0.05750955267706421,-8.497202941018257,-0.058508753396004795,0.04840572387356
