ans,J2,J3,Energy,Sigma,L,A1,A2,A3,B1,B2,phiA1
cb1,0.02,-0.0049999999999999975,-0.4704714510279395,3.249173556991724e-11,0.7149974111688369,0.5161124024348134,0.0409043344338005,0.2704572061987063,0.17485166719109083,0.14407467846277677,1.948340191764415
A1,A2,A3,B1,B2,phiA1
3.736733144502355,0.21321833187883463,0.05712097462319171,-5.831446436993826,-0.011546319455757747,0.08812479634933561
ans,J2,J3,Energy,Sigma,L,A1,A3,B1,B2,B3
3x3,0.02,-0.0049999999999999975,-0.46673282374531955,1.6377726879043695e-11,0.705757392743079,0.5151615804588289,0.23943607206674333,0.17361474172529381,0.29741476050030313,0.10762641514301345
A1,A3,B1,B2,B3
3.7649328101590647,-0.010935696792232318,-5.835942840243673,-0.12495560143518433,0.009603429162988258
ans,J2,J3,Energy,Sigma,L,A1,A2,B1,B2,B3
q0,0.02,-0.0049999999999999975,-0.469804768703321,1.723926865176551e-11,0.7183797223952719,0.5180808556126971,0.22868336948333237,0.18432964769819432,0.19251258813332803,0.2587617807950313
A1,A2,B1,B2,B3
2.9536928460220526,0.10091927294102597,-5.885181231060375,-0.07982503547260447,0.009880984920241255
