ans,J2,J3,Converge,Energy,Sigma,gap,L,A1,A3,B1,B2,B3,phiA3
3x3_1,0.07500000000000001,-0.07500000000000001,True,-0.4595503063083138,2.6579842234785022e-09,0.013538445932819053,0.6849981128802279,0.5119025156555292,0.001120520867681496,0.16453448343944543,0.2720063188800332,0.09571821199873964,4.718065989762454
ans,J2,J3,Converge,Energy,Sigma,gap,L,A1,A2,B1,B2,B3,phiA2
q0_1,0.07500000000000001,-0.07500000000000001,True,-0.47708620483755526,1.7025073053620562e-09,0.0021130734292112634,0.7475586729678902,0.5220720554120591,0.2777854418424195,0.20073154606694138,0.20300095865543794,0.3089629303891785,3.142541633364546
ans,J2,J3,Converge,Energy,Sigma,gap,L,A1,A2,A3,B1,B2,phiA1,phiB2
cb1,0.07500000000000001,-0.07500000000000001,True,-0.45846006033630743,1.6200989786851834e-09,0.008151150776036571,0.6822943995872693,0.5111290709259955,0.09340028698762178,0.20761311407062194,0.16334070426384462,0.24179928337183584,1.945768001645057,5.228338465187913
ans,J2,J3,Converge,Energy,Sigma,gap,L,A1,A2,A3,B1,B2,phiB1,phiA2
cb2,0.07500000000000001,-0.07500000000000001,False,-0.5080381750979451,0.0029023369608614374,0.12972980991647118,0.7847300994260331,0.5026280614407593,0.1412773169608229,4.6622689098274606e-08,1.2277796329257518e-05,1.0354705981541201e-08,1.570923116871283,3.141359825507447
ans,J2,J3,Converge,Energy,Sigma,gap,L,A1,A2,B1,B2,B3,phiB1,phiB2
oct,0.07500000000000001,-0.07500000000000001,False,-0.4569765493938989,1.994888122216274e-09,0.03364699984073698,0.6819096723119872,0.49902802762696624,1.4180912463190865e-05,0.14328932491902355,6.0727236277979824e-05,1.472878706684777e-05,3.1417389992240627,4.712403367157151
