ans,J2,J3,Energy,Sigma,gap,L,A1,A3,B1,B2,B3
3x3,-0.22499999999999998,-0.07500000000000001,-0.5231827239621386,2.879715957194959e-09,0.0002435151017605394,0.8575093206248705,0.523542209529159,0.3379781347059141,0.20976737525452896,0.39246469725982486,0.17293545092864349
A1,A3,B1,B2,B3
28.605118274072083,-36.75482140863551,-12.971179685905554,2.325695191984778,23.170798613136867
ans,J2,J3,Energy,Sigma,gap,L,A1,A2,B1,B2,B3
q0,-0.22499999999999998,-0.07500000000000001,-0.4718997915646264,9.225946847591762e-10,0.0016634876409430622,0.7152695312242672,0.5073227846470799,0.15933817439850345,0.15822028638746977,0.18669397387332196,0.19825397874103343
A1,A2,B1,B2,B3
7.940925694782663,-9.479805829215593,-13.100076579064535,15.463130775827949,18.945955915228296
ans,J2,J3,Energy,Sigma,gap,L,A1,A2,A3,B1,B2,phiA1
cb1,-0.22499999999999998,-0.07500000000000001,-0.47221384434076535,3.5312300263481245e-09,0.003888035367971462,0.7207618442203167,0.5009921028881447,1.339810967694041e-05,0.0008979798515504957,0.15214519873915697,0.19149029114913238,3.137256679834077
A1,A2,A3,B1,B2,phiA1
45.689785288516305,-11.083134410228013,-0.6746270209134764,-26.201707470363544,18.861578965356784,0.0016676148273386815
