ans,J2,J3,Energy,Sigma,gap,L,A1,A3,B1,B2,B3
3x3,-0.3,-0.22499999999999998,-0.5347228506555597,4.811063154556428e-09,-0.00012819692327662162,0.8872883680753741,0.5234037619929043,0.33058084560015816,0.21423201871248163,0.3991391997295465,0.18389051826977457
A1,A3,B1,B2,B3
15.980217149547116,-31.891267404660084,-46.49203244611044,17.466916801822663,32.74203130843034
ans,J2,J3,Energy,Sigma,gap,L,A1,A2,B1,B2,B3
q0,-0.3,-0.22499999999999998,-0.4798251437613188,1.060776304896061e-09,0.0013400029022634934,0.7369367067480194,0.5080341745945218,0.17201061256461175,0.16159125914590663,0.19411903404709063,0.22101979453007617
A1,A2,B1,B2,B3
10.285217122429913,-26.131208308299847,-10.819789508786926,11.742717909157818,4.14623890776511
ans,J2,J3,Energy,Sigma,gap,L,A1,A2,A3,B1,B2,phiA1
cb1,-0.3,-0.22499999999999998,-0.4724766070633269,1.2363357201692102e-05,0.10230575710100599,0.712298255544071,0.5068742018980386,0.02782946344503449,0.16560037741122494,0.15947102366702823,0.16446925934868203,2.351884611084063
A1,A2,A3,B1,B2,phiA1
0.0,0.0,0.0,0.0,0.0,0.0
