ans,J2,J3,Energy,Sigma,gap,L,A1,A3,B1,B2,B3
3x3,-0.15,-0.22499999999999998,-0.4924141162476491,1.3577604847079857e-09,0.0009314939523549424,0.7760187580258006,0.5212990034741241,0.2713930796934043,0.19482482302257964,0.34682911323247134,0.15358294914276896
A1,A3,B1,B2,B3
2.1266322036694874,-9.656719868189612,-30.348501489640967,17.34590249213852,6.170397526261695
ans,J2,J3,Energy,Sigma,gap,L,A1,A2,B1,B2,B3
q0,-0.15,-0.22499999999999998,-0.47975592077433793,1.414850106005572e-08,0.001204749947466086,0.7447641080193188,0.5156410383620718,0.22202854165572578,0.18062019338378166,0.19965462573681023,0.26668208532452303
A1,A2,B1,B2,B3
69.79339328694323,-18.24573825359721,-9.82125492043906,60.15321574182053,72.31604204349651
ans,J2,J3,Energy,Sigma,gap,L,A1,A2,A3,B1,B2,phiA1
cb1,-0.15,-0.22499999999999998,-0.46482214999561794,6.133055944294151e-10,0.1282936905069889,0.6941002798288322,0.5027197571455524,0.02485815073528881,0.11995113427698945,0.15058980971816052,0.1647504679055111,2.546246144555529
A1,A2,A3,B1,B2,phiA1
3.2940317140628395,-17.475354496809814,-3.5715319590678973,-4.509947970632311,10.086431689870778,0.001273716448979556
