ans,J2,J3,Energy,Sigma,L,A1,A2,A3,B1,B2,phiA1
cb1,-0.01,-0.0049999999999999975,-0.47165296388638034,1.0870050367478584e-11,0.7183207355675397,0.5165539060920191,0.04075485447491102,0.27549212806842494,0.1761061397184937,0.14752109227051244,1.9558008816796417
A1,A2,A3,B1,B2,phiA1
3.661015935048589,-0.04068967385243043,-0.010325074130139656,-5.846878536711945,0.03952393967767351,0.09020392210978645
ans,J2,J3,Energy,Sigma,L,A1,A3,B1,B2,B3
3x3,-0.01,-0.0049999999999999975,-0.4723103497411047,2.2023414216010002e-11,0.7214316438118066,0.5171832895437876,0.257775924856764,0.1793774151886338,0.3136041462809041,0.11755910915001337
A1,A3,B1,B2,B3
4.102607142205914,5.551115123114388e-05,-5.205558206845274,0.12584377984100972,0.010380585280224668
ans,J2,J3,Energy,Sigma,L,A1,A2,B1,B2,B3
q0,-0.01,-0.0049999999999999975,-0.4690417712616375,8.485681776760543e-12,0.7143660227804596,0.5164287860442673,0.21526794479448544,0.1795233033052695,0.1905219593789486,0.2456831251897872
A1,A2,B1,B2,B3
3.9859782134886976,-0.04440892098615008,-5.290656801391293,0.03902433931441312,0.00960342916272171
