ans,J2,J3,Energy,Sigma,L,A1,A2,A3,B1,B2,phiA1
cb1,0.024999999999999998,-0.03,-0.4685572227614509,2.617040655467487e-11,0.7090446766990138,0.5151644589242683,0.03958599389555345,0.25673938217494713,0.17228934335372084,0.13903687427370434,1.9488363887062892
A1,A2,A3,B1,B2,phiA1
3.6866620861001995,0.09664491429342657,-0.0645594688818235,-5.876021891433674,-0.10258460747800667,0.08030999198977463
ans,J2,J3,Energy,Sigma,L,A1,A3,B1,B2,B3
3x3,0.024999999999999998,-0.03,-0.46477425909632303,3.518279067648471e-11,0.700219114353208,0.5142245006390888,0.22708848961296157,0.17127602324892394,0.28951885740364597,0.10446450018613304
A1,A3,B1,B2,B3
3.7073122351779357,-0.06372680161158774,-5.903055821756308,-0.10691447727118861,0.05889733145624678
ans,J2,J3,Energy,Sigma,L,A1,A2,B1,B2,B3
q0,0.024999999999999998,-0.03,-0.47172183359297737,3.055972800383668e-11,0.7250212147531568,0.5192201585882499,0.23926789078926589,0.18790401813112828,0.19509219989462587,0.27078533052459
A1,A2,B1,B2,B3
3.1787905635710154,0.0015543122345153231,-5.584421813698368,-0.13078427230421136,0.013433698599428893
