ans,J2,J3,Energy,Sigma,L,A1,A2,A3,B1,B2,phiA1
cb1,0.015000000000000003,0.0,-0.47104027529103953,1.6258499618341913e-11,0.7167081983036706,0.5163612347918602,0.041067715980893586,0.0,0.17554713333553731,0.14555382609202336,1.9491501192972713
A1,A2,A3,B1,B2,phiA1
3.7390646128536753,0.05906386490994039,0.0,-5.809130954198286,-0.060618177146094854,0.09002390499705838
ans,J2,J3,Energy,Sigma,L,A1,A3,B1,B2,B3
3x3,0.015000000000000003,0.0,-0.46783905939102227,4.907851927247251e-12,0.7088447648865092,0.5155726674306791,0.0,0.17475057656796295,0.30087255549012204,0.0
A1,A3,B1,B2,B3
3.6895486659637386,-0.0,-5.7572835386273615,-0.06217248938578706,0.0
ans,J2,J3,Energy,Sigma,L,A1,A2,B1,B2,B3
q0,0.015000000000000003,0.0,-0.4693217819337039,7.481258869886984e-12,0.7165440732213699,0.517622065927542,0.22472604034833443,0.18296890464785748,0.1917633142793352,0.0
A1,A2,B1,B2,B3
2.9792279755897977,0.21160850848725812,-5.848377337795146,0.06700195953785384,0.0
