ans,J2,J3,Converge,Energy,Sigma,gap,L,A1,A3,B1,B2,B3,phiA3
3x3_1,-0.15,0.14999999999999997,True,-0.521946168063704,1.2709821467070063e-09,0.0019786937525882974,0.8513058000849105,0.5212202917105169,0.36810264424492367,0.2053882743942392,0.3939146509803958,0.16107115208311273,-0.0005593061463225492
ans,J2,J3,Converge,Energy,Sigma,gap,L,A1,A2,B1,B2,B3,phiA2
q0_1,-0.15,0.14999999999999997,True,-0.4629469210694767,1.5163972149007259e-09,0.0020123438182399196,0.6897720405704957,0.5042861041321055,0.13476999858910074,0.15097743396664215,0.17486264069342802,0.15944826732673828,3.1404836993792693
