ans,J2,J3,Energy,Sigma,L,A1,A3,B1,B2,B3
3x3,-0.005000000000000001,0.010000000000000002,-0.4734671267724497,1.9771228577436973e-11,0.7223794665941587,0.5177897933033129,-0.2600324785927868,0.1792577679582516,0.31433077487043026,-0.11947005400555856
A1,A3,B1,B2,B3
3.893385613250564,-0.022537527402347747,-5.763556298716308,-0.036859404421573656,-0.033972824553461935
ans,J2,J3,Energy,Sigma,L,A1,A2,B1,B2,B3
q0,-0.005000000000000001,0.010000000000000002,-0.46684704071539007,6.3605640809449645e-12,0.7105307153696987,0.5152771087364116,0.21004799684282802,0.1782181013616453,0.18931698713331455,-0.23864759383580592
A1,A2,B1,B2,B3
3.435529637972313,-0.0237587727275901,-5.467959418418655,0.01887379141911358,-0.024924506902093056
ans,J2,J3,Energy,Sigma,L,A1,A2,A3,B1,B2,phiA1
cb1,-0.005000000000000001,0.010000000000000002,-0.472650585683888,6.862882401262571e-12,0.7212213571266971,0.5168960124989136,0.041407387858580946,-0.2816789728385506,0.177076024941286,0.14931384656656102,1.9538371913765327
A1,A2,A3,B1,B2,phiA1
3.515743252268614,-0.020095036745675147,0.01898481372316,-5.782152534378226,0.019817480990069452,0.09379206300489498
