ans,J2,J3,Energy,Sigma,L,A1,A3,B1,B2,B3
3x3,0.009999999999999998,0.0049999999999999975,-0.4703338540826926,1.1063250869714252e-11,0.7135616972066919,0.5167032195599042,-0.24917739196373995,0.17608682019366562,0.3051137483550512,-0.11437274893354403
A1,A3,B1,B2,B3
3.159361660643349,0.009880984918870019,-6.7477690100172225,-0.11035616864751983,-0.009936496070375276
ans,J2,J3,Energy,Sigma,L,A1,A2,B1,B2,B3
q0,0.009999999999999998,0.0049999999999999975,-0.46743167802215724,1.314142019900889e-11,0.7132890715220059,0.5162848113228864,0.2181275186258272,0.18109248079799334,0.19082001207145038,-0.24665901888957323
A1,A2,B1,B2,B3
5.092370968492433,0.4074518500253085,-4.036271317055885,0.10769163338543587,-0.014155343564335397
ans,J2,J3,Energy,Sigma,L,A1,A2,A3,B1,B2,phiA1
cb1,0.009999999999999998,0.0049999999999999975,-0.4716551592903992,3.9607891758100824e-11,0.7183004350920771,0.5165321114096398,0.04120614472723626,-0.27687341467873067,0.1759836464033936,0.1468150184676026,1.9509171434612018
A1,A2,A3,B1,B2,phiA1
3.5501601660338356,0.03758104938348627,0.006383782391582181,-6.028400001232757,-0.05395683899517683,0.09123281019522493
