ans,J2,J3,Energy,Sigma,L,A1,A3,B1,B2,B3
3x3,0.030000000000000002,-0.010000000000000002,-0.4661002159296361,5.1012662768812175e-12,0.7016229333835096,0.5149398010298152,-0.23079750290636586,0.17136117859495414,0.29094632765041184,-0.10701257384190001
A1,A3,B1,B2,B3
4.900080340659762,-0.020483614803724577,-4.672207065542253,-0.1351696532628493,0.019650947535826135
ans,J2,J3,Energy,Sigma,L,A1,A2,B1,B2,B3
q0,0.030000000000000002,-0.010000000000000002,-0.468948705647084,2.75451389241944e-11,0.7194288746224232,-0.5179046980069074,-0.23204839704980423,0.18596694405543654,0.1934840254878745,-0.261047139962711
A1,A2,B1,B2,B3
3.8428149553406876,0.09381384557803445,-5.485945031721578,-0.1262323579031315,0.01898481372315979
ans,J2,J3,Energy,Sigma,L,A1,A2,A3,B1,B2,phiA1
cb1,0.030000000000000002,-0.010000000000000002,-0.469789664805977,9.381177115077246e-12,0.7126938694370809,0.5157349347300251,0.04057751812121303,-0.26521490687655985,0.1737338178530962,0.14174692050264046,1.946921370663443
A1,A2,A3,B1,B2,phiA1
3.8873348977673765,0.11474154959478029,-0.020872192862911157,-5.666300762076581,-0.12700951402038904,0.08532016204637204
