ans,J2,J3,Energy,Sigma,L,A1,A3,B1,B2,B3
3x3,0.0,-0.015,-0.47123811751824957,4.323146005626141e-12,0.7161196083827014,0.5170487197757246,-0.2482595573417497,0.17708999748680976,0.0,-0.11715638238188988
A1,A3,B1,B2,B3
5.493938637651573,0.7725486916624273,-5.869638108716085,0.0,0.017208456881655353
ans,J2,J3,Energy,Sigma,L,A1,A2,B1,B2,B3
q0,0.0,-0.015,-0.4684373698089363,1.0827703717977414e-12,0.7161745767098804,0.5164657735713291,0.0,0.18162228306189424,0.0,-0.24988246503660913
A1,A2,B1,B2,B3
2.6205149163142147,-0.0,-5.929090552012123,0.0,-0.009936496070651054
ans,J2,J3,Energy,Sigma,L,A1,A2,A3,B1,B2,phiA1
cb1,0.0,-0.015,-0.4705654732224451,5.590883981275525e-12,0.7147752561009908,0.5160146548597301,0.0,-0.267664506630839,0.17450187706818615,0.0,1.9556603027630792
A1,A2,A3,B1,B2,phiA1
3.7904679397268097,0.0,-0.03175237850421599,-5.954237103190004,0.0,0.08587611177706708
