ans,J2,J3,Energy,Sigma,L,A1,A3,B1,B2,B3,phase
3x3,0.024999999999999998,-0.04,-0.46439366324804227,1.4485320755952209e-11,0.699187127832546,0.5140533433256542,0.22394163400294942,0.17087481634397728,0.2878040488092273,0.10451201971972124,100
A1,A3,B1,B2,B3
3.7331804308241536,-0.08687495167433353,-5.916656053807562,-0.10713652188800772,0.07732703366498732
ans,J2,J3,Energy,Sigma,L,A1,A2,B1,B2,B3,phase
q0,0.024999999999999998,-0.04,-0.4724743577115844,9.554360233170255e-12,0.727486347351757,0.5195572454664985,0.2425945589904912,0.18900587030314087,0.1960013716868061,0.2746670923876149,0.0015788929696998522
A1,A2,B1,B2,B3
3.8318237465454734,0.08182343691243925,-6.304512467448818,-2.799427356509033,0.05029310302100276
ans,J2,J3,Energy,Sigma,L,A1,A2,A3,B1,B2,phiA1,phase
cb1,0.024999999999999998,-0.04,-0.4679061459067821,3.911331516126799e-11,0.707005451148949,0.5147910345699006,0.039025900479947584,0.251665613229789,0.1713394242550601,0.13735581837383237,1.9498021210977385,0.009498782910287346
A1,A2,A3,B1,B2,phiA1
3.7388425690789777,0.09647838083973305,-0.10941247908873794,-5.982381256863415,-0.10291767437968953,0.07721156491965446
