ans,J2,J3,Energy,Sigma,L,A1,A3,B1,B2,B3,phase
3x3,0.024999999999999998,-0.025,-0.46499834945809126,4.021395172288365e-12,0.7008799116185439,0.5143761230012064,0.22900328162929573,0.1716203874142944,0.29068553285928406,0.10499302168380019,100
A1,A3,B1,B2,B3
3.704592188767459,-0.05256906021443699,-5.914324585784229,-0.10674794381749528,0.04907185768833377
ans,J2,J3,Energy,Sigma,L,A1,A2,A3,B1,B2,phiA1,phase
cb1,0.024999999999999998,-0.025,-0.46888454500286103,1.2386288031846786e-11,0.7100846059122248,0.5153381603056654,0.03986121774522688,0.2591124293679248,0.1727482649403139,0.13991492398078925,1.948522572075669,0.00959040194562781
A1,A2,A3,B1,B2,phiA1
3.814337734757528,0.09647838083973305,-0.05323519403658002,-5.876743536399698,-0.1026956297747712,0.08176059274040158
ans,J2,J3,Energy,Sigma,L,A1,A2,B1,B2,B3,phase
q0,0.024999999999999998,-0.025,-0.47136628481888554,1.0084835344868172e-11,0.7238225433335755,-0.5190547279823898,-0.2376554336413315,0.1873542510204472,0.19470112098822184,0.268916763091986,0.00162969720789206
A1,A2,B1,B2,B3
2.800093489935197,0.0834887714539617,-6.6986416415508705,-0.10380585279936332,0.04474198789727165
