ans,J2,J3,Converge,Energy,Sigma,gap,L,A1,A3,B1,B2,B3,phiB1,phiB2,phiA3
3x3_1,0.0,0.07500000000000001,True,-0.29923977825183196,2.0966380733492833e-10,0.011485330157451557,0.5873738274640459,0.4043911452123461,0.17289596165576845,0.12198603850845642,0.0,-0.06369978227251463,3.141770701410575,0.0,3.141505231082023
ans,J2,J3,Converge,Energy,Sigma,gap,L,A1,A2,B1,B2,B3,phiB1,phiA2,phiB2
q0_1,0.0,0.07500000000000001,True,-0.2938717506707291,3.146643399288995e-10,0.007953342715046084,0.5687296110742662,0.40179682799969535,0.0,0.1180988896798815,0.0,-0.12199711396314974,3.141728282707433,-0.0,0.0
ans,J2,J3,Converge,Energy,Sigma,gap,L,A1,A2,A3,B1,B2,phiA1,phiB1,phiA2,phiB2
cb1,0.0,0.07500000000000001,True,-0.2999791564083664,1.371807895290304e-09,0.02571311029483919,0.5914270302981599,0.4045471335518478,0.0,-0.1881437878578653,0.12246084219161796,0.0,1.9732060700868599,3.141154803568948,0.0,0.0
