ans,J2,J3,Converge,Energy,Sigma,gap,L,A1,A3,B1,B2,B3,phiB1,phiB2,phiA3
3x3_1,-0.3,0.22500000000000003,True,-0.34649897275786934,1.562994420815018e-09,0.0015923482072651206,0.7659981561883441,0.40302900787734836,0.29025029040118894,0.15152014106031775,0.29365288232661946,-0.11821109137796042,3.14155645515025,0.00013366917273188543,3.1409870089126475
ans,J2,J3,Converge,Energy,Sigma,gap,L,A1,A2,B1,B2,B3,phiB1,phiA2,phiB2
q0_1,-0.3,0.22500000000000003,True,-0.2975273510867592,1.6429033302031224e-09,0.004876443497736436,0.5737274214827457,0.3959313283802253,0.06008225248670401,0.10229748493194483,0.12058420012596621,-0.08486949304620689,3.142044816676038,3.202697299430823,3.140628980470553
ans,J2,J3,Converge,Energy,Sigma,gap,L,A1,A2,A3,B1,B2,phiA1,phiB1,phiA2,phiB2
cb1,-0.3,0.22500000000000003,True,-0.33780985211733416,3.5469261946701977e-09,0.002584055315847805,0.730186209128675,0.40004803003872325,0.08048019033598489,-0.30204115131185677,0.1373837686761787,0.2544884245196013,1.9579058277244232,3.1407918494126994,4.131417990523355,5.294875656471547
