ans,J2,J3,Energy,Sigma,gap,L,A1,A2,A3,B1,B2,phiA1
cb1,0.3,0.3,-0.49205308471896125,1.6512153440236612e-09,0.0032468160828513257,0.7783585533148211,0.5164982148864505,-0.07992049597629916,0.3911534645191359,0.1903298355734954,0.17690811033642348,4.315396074930066
A1,A2,A3,B1,B2,phiA1
3.315903107647955,0.9364731212713195,0.9715561688494745,-5.3868021154812595,-1.7181811529098923,0.14141243731558023
ans,J2,J3,Energy,Sigma,gap,L,A1,A3,B1,B2,B3
3x3,0.3,0.3,-0.4419811627169669,4.733428822614601e-10,0.10688339787464887,0.640367965852955,0.5018645619629247,-0.18435396517140334,0.14261564538850305,0.2259258156321036,-0.04639830812348426
A1,A3,B1,B2,B3
3.5659253327935403,0.12290168882600483,-5.97599747464983,-2.180811087271195,-0.7224221221235894
ans,J2,J3,Energy,Sigma,gap,L,A1,A2,B1,B2,B3
q0,0.3,0.3,-0.4612702641627145,1.4392332709352688e-09,0.003011144701703337,0.7052635800714464,0.5197117565297927,0.2740836453536239,0.19883577086403129,0.18948806779780225,-0.27922249478866756
A1,A2,B1,B2,B3
5.005440506522518,0.28888003100746573,-5.0016102370875615,-1.2738698984549046,-0.44075854077618715
