ans,J2,J3,Energy,Sigma,gap,L,A1,A2,A3,B1,B2,phiA1
cb1,0.07500000000000001,0.22500000000000003,-0.46082523333625414,1.523229842286751e-09,0.1594113530017948,0.6843230896346032,0.49797457948698065,-0.061576244096396095,0.1916024878960947,0.13636798754818788,-0.21245229593088572,0.0002865036628913946
A1,A2,A3,B1,B2,phiA1
3.922584479454372,0.26884050541298166,0.30014879470741107,-4.684419518952154,-0.3108069357438126,0.03799294212569748
ans,J2,J3,Energy,Sigma,gap,L,A1,A3,B1,B2,B3
3x3,0.07500000000000001,0.22500000000000003,-0.4709886173407445,8.060673554225533e-10,0.010290905588071312,0.7163577285433365,0.5140340214303772,-0.2970704478480067,0.17341253120656078,0.31678403279936207,-0.09766127444347233
A1,A3,B1,B2,B3
3.69565489322099,0.31069591344135006,-5.8634763711040705,-0.3471112286490552,-0.55827564793276
ans,J2,J3,Energy,Sigma,gap,L,A1,A2,B1,B2,B3
q0,0.07500000000000001,0.22500000000000003,-0.45766591725788697,4.620316310475661e-10,0.003906289745125993,0.6831585097921312,0.5115398182516088,0.17932954189291614,0.16900770282178004,0.17695924687101786,-0.19636016900109607
A1,A2,B1,B2,B3
3.5283442834099787,0.26229018956769323,-6.219968984311208,-0.31635805086693836,-0.7330247520087596
