ans,J2,J3,Energy,Sigma,gap,L,A1,A2,A3,B1,B2,phiA1
cb1,0.22500000000000003,-0.3,-0.4548416900238065,1.4152062997925938e-05,0.043607095674414884,0.6686151668117083,0.5032688677010675,0.026087970975961605,-0.1347374696550987,0.1484060747442718,0.07305207094954347,1.8331733327674895
A1,A2,A3,B1,B2,phiA1
3.4040548158031925,0.5717648576819556,-1.3462564396604648,-6.729450330311693,-1.3637979634495423,5.551115123125783e-07
ans,J2,J3,Energy,Sigma,gap,L,A1,A3,B1,B2,B3
3x3,0.22500000000000003,-0.3,-0.4410901810699193,1.0636697541809e-09,0.08562618553968403,0.6386626117409481,0.4958271394389,-0.07659465473380664,0.133898646075174,0.17611942181042858,-0.0570564816900143
A1,A3,B1,B2,B3
3.125166792017353,-1.4150902671872245,-7.295164472509441,-1.927624726505428,0.47600812180803587
ans,J2,J3,Energy,Sigma,gap,L,A1,A2,B1,B2,B3
q0,0.22500000000000003,-0.3,-0.5293385997544012,3.241943976945495e-10,0.0016324236984617776,0.8957530155130125,0.519516221525125,0.38874129341254315,0.23203235955970405,0.22416818126324867,-0.41563714875574853
A1,A2,B1,B2,B3
1.3913314944602462,1.061040144634262,-1.9524382111058003,-7.276179658788351,0.787592213669086
