ans,J2,J3,Energy,Sigma,L,A1,A2,A3,B1,B2,phiA1
cb1,-0.01,-0.02,-0.47054115818098863,1.3187854491039728e-11,0.7148510587500645,0.5160415768314163,0.03995501004222295,0.2676268119182832,0.17466162042581687,0.14491587703387296,1.958022271846076
A1,A2,A3,B1,B2,phiA1
3.618549904354405,-0.040523140398737244,-0.0427990976039658,-5.982436768346735,0.039468428526440925,0.08550094521296621
ans,J2,J3,Energy,Sigma,L,A1,A3,B1,B2,B3
3x3,-0.01,-0.02,-0.47157027983863953,4.467212150605972e-12,0.7193999965438349,0.5169940028443737,0.2528811847967994,0.17878323748503974,0.31110485493333995,0.11706810454704838
A1,A3,B1,B2,B3
3.9048764224205548,-0.041300296515973264,-5.281830528638987,0.03946842852972729,0.03963496197903885
ans,J2,J3,Energy,Sigma,L,A1,A2,B1,B2,B3
q0,-0.01,-0.02,-0.46997823471792266,8.3443346843281e-12,0.717472910048306,0.5169853081482803,0.21993889992966406,0.1811116610351701,0.19174792072724017,0.2515025356611117
A1,A2,B1,B2,B3
3.7586045380837847,-0.13911094498911497,-5.826394922231652,0.007105427357389693,-0.0918154441465103
