ans,J2,J3,Energy,Sigma,L,A1,A2,A3,B1,B2,phiA1
cb1,0.024999999999999998,-0.03,-0.4685519893278438,2.9449738998553976e-11,0.7090369361531378,0.5151574846829183,0.03960894872064899,0.2566939557504231,0.17227669032106935,0.13906981958109052,1.9488808618708309
A1,A2,A3,B1,B2,phiA1
3.673394920958165,0.0929811783121707,-0.09803269308508898,-5.864198015895583,-0.12589929099573535,0.080254458634083
ans,J2,J3,Energy,Sigma,L,A1,A3,B1,B2,B3
3x3,0.024999999999999998,-0.03,-0.4647931673185259,1.1248801672037187e-11,0.7003044357275037,0.5142696921879749,0.22732331421210722,0.17137094806882036,0.2897306441325619,0.10484148376716951
A1,A3,B1,B2,B3
3.7132519283599983,-0.06489253578740957,-5.877964781400526,-0.11135536938204342,0.058453242246397585
ans,J2,J3,Energy,Sigma,L,A1,A2,B1,B2,B3
q0,0.024999999999999998,-0.03,-0.47173038448395443,9.891373888528508e-12,0.7250250955539917,0.5192231555614936,0.2392780040257923,0.18790498889789436,0.19513082391348127,0.27083338563525383
A1,A2,B1,B2,B3
4.8696602308714425,-0.3146372051694071,-4.020672683560367,-0.2366995488561797,-0.13888890039574917
