ans,J2,J3,Energy,Sigma,L,A1,A2,A3,B1,B2,phiA1
cb1,-0.02,0.010000000000000002,-0.4732373088973142,1.6026607174141298e-11,0.7231438243161908,0.5171569304604375,0.041382394150296986,0.2851636451614264,0.17793835229955066,0.15119865393265403,1.9559768087504277
A1,A2,A3,B1,B2,phiA1
4.516220729960308,-0.08193445921717266,0.019872992140750778,-4.772682249532776,0.078770323594811,0.09549231960749298
ans,J2,J3,Energy,Sigma,L,A1,A3,B1,B2,B3
3x3,-0.02,0.010000000000000002,-0.4751930708344554,1.8741928926509827e-11,0.7295285003819819,0.5180673493859886,0.26927810818751663,0.18209983058034945,0.32208896676689047,0.12137391761611128
A1,A3,B1,B2,B3
3.9449554727357112,0.01965094753800747,-5.922151657779292,0.07538414338026694,-0.020206059048137524
ans,J2,J3,Energy,Sigma,L,A1,A2,B1,B2,B3
q0,-0.02,0.010000000000000002,-0.46800758530415504,2.1646474553790403e-11,0.7103806626318483,0.5153197485991462,0.20638828062136666,0.17643857489128553,0.18863256557236602,0.236589178970421
A1,A2,B1,B2,B3
3.1262770152092685,-0.5350164755509432,-6.9239058932531155,-0.21793677972743336,-0.09103828802160797
