ans,J2,J3,Energy,Sigma,L,A1,A2,A3,B1,B2,phiA1
cb1,0.005000000000000001,-0.0049999999999999975,-0.47105148332292845,1.81570841991536e-11,0.7166379333144451,0.5163347473290519,0.04058965048192083,0.27292472045300104,0.17547571663527714,0.14578682155944622,1.9521849666502287
A1,A2,A3,B1,B2,phiA1
3.673061854866417,0.019817480989519742,-0.010158540675299964,-5.818623361059075,-0.02053912595495424,0.0891742346633651
ans,J2,J3,Energy,Sigma,L,A1,A3,B1,B2,B3
3x3,0.005000000000000001,-0.0049999999999999975,-0.4694618646502084,1.5246962237505703e-11,0.7134499570925449,0.5162377592719866,0.24835787015577035,0.1765803460901532,0.3057449204561789,0.11272697531121259
A1,A3,B1,B2,B3
3.8096192869026186,-0.011823875212562836,-5.533296043723062,-0.029254376698814356,0.009270362255601468
ans,J2,J3,Energy,Sigma,L,A1,A2,B1,B2,B3
q0,0.005000000000000001,-0.0049999999999999975,-0.46938863616541626,1.529143029591813e-11,0.7162548945903009,0.5172617592649096,0.22192503255862459,0.18189706608604647,0.19144491487236961,0.2523803307714212
A1,A2,B1,B2,B3
3.4955927035944114,0.020150547897465614,-5.643652212373644,-0.020039525595000125,0.009936496071478456
