ans,J2,J3,Energy,Sigma,L,A1,A2,A3,B1,B2,phiA1
cb1,0.030000000000000002,-0.02,-0.4690423901580792,1.1326005857499172e-11,0.7106357498721276,0.5154375368305388,0.040132080243718636,0.2608489087013148,0.17301218784760672,0.14019189437657734,1.9466015339867253
A1,A2,A3,B1,B2,phiA1
3.82499587494518,0.11463052729231821,-0.04229949723813386,-5.906442002309187,-0.12445600106368562,0.08289963160399677
ans,J2,J3,Energy,Sigma,L,A1,A3,B1,B2,B3
3x3,0.030000000000000002,-0.02,-0.464364810345945,5.206895430017651e-12,0.6990933844793491,0.5140935901938797,0.227447938368401,0.1708707870251343,0.28881659444725655,0.10345289001175301
A1,A3,B1,B2,B3
3.6691760734653003,-0.04152234111974535,-5.928535440170697,-0.13011813848580822,0.03935740622288305
ans,J2,J3,Energy,Sigma,L,A1,A2,B1,B2,B3
q0,0.030000000000000002,-0.02,-0.47119175298707594,5.9230721643828195e-12,0.7234790325813323,0.5191447314626507,0.23833472990018367,0.18763713553098801,0.19461115912425306,0.26918737941688364
A1,A2,B1,B2,B3
1.7708057239786843,-0.12911893776006364,-6.350142634112058,-0.9887646257566304,0.08759659665247486
