ans,J2,J3,Energy,Sigma,L,A1,A3,B1,B2,B3
3x3,0.005000000000000001,-0.0049999999999999975,-0.4694618642614497,9.53000332071982e-12,0.7134482432712147,0.516237456081145,0.24856652779753421,0.1765803172902418,0.3057019364771186,0.11242590531948515
A1,A3,B1,B2,B3
3.6808889271904426,-0.010103029524349072,-5.86664050687535,-0.02037259250183086,0.009769962616681865
ans,J2,J3,Energy,Sigma,L,A1,A2,B1,B2,B3
q0,0.005000000000000001,-0.0049999999999999975,-0.46938863631117456,1.103660549951116e-11,0.7162511780257386,0.5172604900333895,0.221919537987725,0.18189658209877035,0.19164833632294875,0.2521928481726353
A1,A2,B1,B2,B3
3.520850277400377,0.020261570198806145,-5.482059250830975,-0.019984014442657835,0.009880984920241044
ans,J2,J3,Energy,Sigma,L,A1,A2,A3,B1,B2,phiA1
cb1,0.005000000000000001,-0.0049999999999999975,-0.471051484248955,1.9969902423732557e-11,0.7166383813657333,0.5163347728216756,0.040722168701108785,0.2726476870283159,0.1754760059073105,0.14596895307763014,1.9521879772481838
A1,A2,A3,B1,B2,phiA1
3.6972647159835828,0.019706458687057126,-0.010214051827665308,-5.902500710244011,-0.02003952559388792,0.08916289373477257
