ans,J2,J3,Energy,Sigma,L,A1,A2,A3,B1,B2,phiA1
cb1,0.02,-0.025,-0.46906533683639645,1.0081572689023186e-11,0.7105921879378159,0.5154164334758377,0.03979759809637422,0.2600361985736879,0.17295391047617353,0.1405390629341415,1.9500490896679623
A1,A2,A3,B1,B2,phiA1
3.760547429211561,0.07771561172360573,-0.05367928324051909,-5.991263041060152,-0.08210099267314484,0.08206811341635636
ans,J2,J3,Energy,Sigma,L,A1,A3,B1,B2,B3
3x3,0.02,-0.025,-0.4658516016906558,2.4416818393502802e-12,0.7032857381644843,0.5147601084847616,0.23219527187360586,0.17261921292505117,0.2935119138686208,0.10670513910318294
A1,A3,B1,B2,B3
3.808953153087808,-0.052569060217355155,-5.890177234671039,-0.0842104164176497,0.04901634653710262
ans,J2,J3,Energy,Sigma,L,A1,A2,B1,B2,B3
q0,0.02,-0.025,-0.47118556566205516,5.882968805566244e-12,0.7229782505656754,0.5187898364658794,0.2352508377970279,0.18652198613750842,0.1943080884318479,0.2666092809418307
A1,A2,B1,B2,B3
4.045319634144911,0.11668443989110923,-4.902633854296347,-0.06494804694224457,0.0710542735837565
