ans,J2,J3,Energy,Sigma,L,A1,A2,A3,B1,B2,phiA1
cb1,-0.015,-0.035,-0.4696859824825031,1.2260288877813397e-11,0.7120975553899223,0.5155853010280312,0.03926859686342893,0.26077156057697043,0.17343389442852036,0.14315173209519919,1.9618937694712222
A1,A2,A3,B1,B2,phiA1
3.8574698992665235,-0.061561866715341744,-0.03563815909039625,-5.909384092996482,0.05606626274501416,0.08108305693552503
ans,J2,J3,Energy,Sigma,L,A1,A3,B1,B2,B3
3x3,-0.015,-0.035,-0.4717933743236331,7.028418237684862e-12,0.7200436093796194,0.5170647302724557,0.2509732037614237,0.17903364839411892,0.3110181531721825,0.1182238549457131
A1,A3,B1,B2,B3
4.394096198247808,-0.07160938508817931,-5.125677660221436,0.060507154848667644,0.06927791673647124
ans,J2,J3,Energy,Sigma,L,A1,A2,B1,B2,B3
q0,-0.015,-0.035,-0.4708206474806857,1.6778396152138196e-11,0.7200282861199896,0.5172525640180878,0.22252374887129486,0.18191662574966233,0.19268305580812845,0.2550481254286626
A1,A2,B1,B2,B3
6.148526131640345,1.7058021662292555,-4.051481372492797,1.7547630015190772,-1.649347325562948
