ans,J2,J3,Energy,Sigma,L,A1,A3,B1,B2,B3
3x3,-0.01,-0.03,-0.47107585587578044,3.128887071796654e-11,0.7180199010687583,-0.5168209721493671,-0.24953873014945027,0.17830085741577784,0.3091190261993706,0.11679011622659274
A1,A3,B1,B2,B3
3.0148661340127374,-0.06339373470421009,-5.732636587481418,0.039079850471066144,0.0587863091537848
ans,J2,J3,Energy,Sigma,L,A1,A2,A3,B1,B2,phiA1
cb1,-0.01,-0.03,-0.46983860614953094,3.5665342530148304e-11,0.7126445176806314,0.5156912869854655,0.03957790993749826,0.2625250383709149,0.17370791946407216,0.143282281149418,1.9595100210016576
A1,A2,A3,B1,B2,phiA1
3.9453995619454862,-0.008992806499445881,-0.041355807671795725,-5.692890603201019,0.03941291737302033,0.08240331195195201
