ans,J2,J3,Energy,Sigma,L,A1,A3,B1,B2,B3
3x3,0.005000000000000001,-0.03,-0.4682830932553182,9.013634240706053e-12,0.7101460438581244,0.5157725406653533,0.240099970837943,0.1753537613430476,0.300998013796415,0.11166584316485384
A1,A3,B1,B2,B3
3.8243297411305175,-0.1128541704497893,-5.680123038418209,-0.03075317778546969,0.034694469519466926
ans,J2,J3,Energy,Sigma,L,A1,A2,B1,B2,B3
q0,0.005000000000000001,-0.03,-0.4710406519972298,3.082115871417227e-11,0.7217656141650117,0.5181630887530566,0.23008021451330007,0.18460129208773224,0.19355942814632732,0.2618610790024247
A1,A2,B1,B2,B3
5.0219828287430595,0.010436096431166211,-4.360178884480637,-0.022870594306597696,1.4981349495925165
ans,J2,J3,Energy,Sigma,L,A1,A2,A3,B1,B2,phiA1
cb1,0.005000000000000001,-0.03,-0.46927680662826504,7.544718074318408e-12,0.7110726669139411,0.5154679035454767,0.03949198622454284,0.2600420920131439,0.17309682359667256,0.14158519364074754,1.9551172823594662
A1,A2,A3,B1,B2,phiA1
3.703759521498945,0.019984014443212822,-0.06644684803105948,-5.849543071970967,-0.02009503674623308,0.0815288225817813
