ans,J2,J3,Energy,Sigma,L,A1,A2,A3,B1,B2,phiA1
cb1,0.030000000000000002,-0.0049999999999999975,-0.4700934072149407,2.7775842510225113e-11,0.7139304268555648,0.5159611859140483,0.0409016005730782,0.26837633469465466,0.17443393193515622,0.14281414002529388,1.9457226381266026
A1,A2,A3,B1,B2,phiA1
3.96710442207325,0.11513012765339839,-0.010269562977762253,-5.580202966204919,-0.12351231149272963,0.08739616252938745
ans,J2,J3,Energy,Sigma,L,A1,A3,B1,B2,B3
3x3,0.030000000000000002,-0.0049999999999999975,-0.4649970464847576,1.7068647276266964e-11,0.7008654862933958,0.5144064566688596,0.23247979039534258,0.17162152354005372,0.29178776076236895,0.10367838976968022
A1,A3,B1,B2,B3
3.818778626856266,-0.009880984919418311,-5.882516695801352,-0.1295630269734966,0.010047518372837454
ans,J2,J3,Energy,Sigma,L,A1,A2,B1,B2,B3
q0,0.030000000000000002,-0.0049999999999999975,-0.470127828165114,1.1441876900845056e-11,0.7199388809702002,0.5186197208092646,0.23338827942285229,0.18598304102967966,0.19331735915687295,0.2633898551837809
A1,A2,B1,B2,B3
6.619371717774317,1.7401080575944607,-3.951672322581966,2.913724817052536,1.2118639426617095
