ans,J2,J3,Energy,Sigma,L,A1,A2,A3,B1,B2,phiA1
cb1,0.015000000000000003,0.0,-0.47103426193040293,3.740562541747848e-12,0.7167009537361019,0.5163546644373935,0.04109646251380694,0.0,0.17553645929476328,0.14552558924655964,1.9492413382846145
A1,A2,A3,B1,B2,phiA1
4.054201418340415,0.05850875339762879,0.0,-5.651756840453617,-0.06350475701019463,0.0899985197476004
ans,J2,J3,Energy,Sigma,L,A1,A3,B1,B2,B3
3x3,0.015000000000000003,0.0,-0.46786171967529716,7.746286074126672e-12,0.7089366138781679,0.5156210798228538,0.0,0.17485497160492924,0.3011639118447075,0.0
A1,A3,B1,B2,B3
3.5970670880280493,-0.0,-5.724143381343287,-0.1028621632427349,0.0
ans,J2,J3,Energy,Sigma,L,A1,A2,B1,B2,B3
q0,0.015000000000000003,0.0,-0.4693301783976435,2.964384430890058e-12,0.7165484984570546,0.5176256246309422,0.22472961361762647,0.18296925269170503,0.19176427131601995,0.0
A1,A2,B1,B2,B3
5.170475159409725,1.4610535004443361,-4.554912003246943,-1.9247936578422078,0.0
