ans,J2,J3,Energy,Sigma,L,A1,A2,A3,B1,B2,phiA1
cb1,0.015000000000000003,0.0049999999999999975,-0.4714473576949965,1.935697975596159e-11,0.717633503633743,0.5164166138227289,0.04124853396394434,-0.27485445670908415,0.17566219018712398,0.1460840264036716,1.9502809235248553
A1,A2,A3,B1,B2,phiA1
3.7511105326688283,0.05884182030501558,0.009880984920241044,-5.764388965984751,-0.060784710599792874,0.09059160643846907
ans,J2,J3,Energy,Sigma,L,A1,A3,B1,B2,B3
3x3,0.015000000000000003,0.0049999999999999975,-0.46940706173577434,3.8105766085152444e-11,0.7109605612056246,0.5163463087808499,-0.2461454932390057,0.17509345072828186,0.302353863883275,-0.11290896576102194
A1,A3,B1,B2,B3
3.830158412859283,0.009936496070100102,-5.608680186785707,-0.06150635557093917,-0.010158540675299858
