ans,J2,J3,Energy,Sigma,L,A1,A2,A3,B1,B2,phiA1
cb1,0.024999999999999998,-0.035,-0.46828658879943547,1.153988797479548e-11,0.7078573910704057,0.5148945427901495,0.039247910749495366,-0.2530607406289159,0.17150834383245364,0.13796522424244453,1.9508842877377597
A1,A2,A3,B1,B2,phiA1
3.746669640571076,0.09620082508357747,-0.07627232180006362,-5.9426352729128995,-0.10264011862923927,0.07802879453696793
ans,J2,J3,Energy,Sigma,L,A1,A3,B1,B2,B3
3x3,0.024999999999999998,-0.035,-0.46592393916490443,1.9392063097950976e-11,0.7011405402992357,0.5148007890541881,-0.22560294105923825,0.17112510667884567,0.2889679702157395,-0.1078266774361478
A1,A3,B1,B2,B3
3.6992631174275714,-0.07654987754987644,-6.153633158406749,-0.11074474671843289,0.06766809335076807
