ans,J2,J3,Energy,Sigma,L,A1,A2,A3,B1,B2,phiA1
cb1,-0.015,-0.010000000000000002,-0.4715109066287313,1.861159204356871e-11,0.7174708243872169,0.516351850786777,0.04035609349844482,-0.27252067483078657,0.17547801937070384,0.14694333680353155,1.9595358095405369
A1,A2,A3,B1,B2,phiA1
3.9009906409679647,-0.061284310959186156,-0.020650148260278996,-5.681788372955098,0.05911937605953044,0.08810083773607288
ans,J2,J3,Energy,Sigma,L,A1,A3,B1,B2,B3
3x3,-0.015,-0.010000000000000002,-0.4743925850668609,1.6612213579856785e-11,0.7250100286373209,0.5181211714135391,-0.25925802372717016,0.18024792661822395,0.31593478597201935,-0.12224693876684231
A1,A3,B1,B2,B3
4.200417791591586,-0.023536728122006273,-4.992228852658056,0.19806378759273152,0.018873791418589938
