ans,J2,J3,Energy,Sigma,L,A1,A2,A3,B1,B2,phiA1
cb1,-0.02,-0.015,-0.4713416805901771,8.81650339197426e-12,0.7168779175628631,0.5162556379998166,0.04002892317915089,-0.27066244668624917,0.17520847570102455,0.14668758645963847,1.9615918373855303
A1,A2,A3,B1,B2,phiA1
3.8181124930414554,-0.08221201497332846,-0.03069766663423233,-5.750899756235957,0.07954747971202551,0.08685711594385417
ans,J2,J3,Energy,Sigma,L,A1,A3,B1,B2,B3
3x3,-0.02,-0.015,-0.47513374402174213,4.0741420454856895e-12,0.7270991396394533,-0.51835960792659,0.2606648095900145,0.1809749743464633,0.31761823662590905,-0.12383200056762621
A1,A3,B1,B2,B3
3.984590434708149,-0.02708944180380712,-6.039058142268843,0.10691447728305861,0.03097522238697987
ans,J2,J3,Energy,Sigma,L,A1,A2,B1,B2,B3
q0,-0.02,-0.015,-0.46795421240008706,1.555338705938096e-11,0.7134886921226793,0.5152884709321619,0.2108293489673243,0.1783722616485549,0.19034292038336897,-0.24098054876882402
A1,A2,B1,B2,B3
4.30500079956097,0.10291767437968963,-5.228650845467823,0.3738676035313967,-0.13633538741991244
