ans,J2,J3,Energy,Sigma,L,A1,A2,A3,B1,B2,phiA1
cb1,0.005000000000000001,-0.03,-0.4693321900235741,1.2704957583669543e-11,0.7108996833836573,0.5153810055125982,0.03943100096358496,-0.25890612652400175,0.17278460128483475,0.14111778547620085,1.9567860252853724
A1,A2,A3,B1,B2,phiA1
3.750499910005387,0.01976196983828825,-0.11152190282337397,-5.890954390788254,-0.02015054789634682,0.08078550051122063
ans,J2,J3,Energy,Sigma,L,A1,A3,B1,B2,B3
3x3,0.005000000000000001,-0.03,-0.4696169808300871,1.614042323913824e-11,0.7115626549123913,-0.5164136857982452,0.24003286302440258,0.17536859614559316,0.3013180140443147,-0.1148897571433516
A1,A3,B1,B2,B3
4.060418668178862,-0.15415446696461602,-5.469569242107935,-0.03219646771763967,0.03186340080667826
