ans,J2,J3,Energy,Sigma,L,A1,A2,A3,B1,B2,phiA1
cb1,-0.01,-0.025,-0.47023687909757594,3.377939901012328e-11,0.7135467193757479,0.5157752134312349,0.03960670000678063,-0.263857524405991,0.17385967446253667,0.14379148838684808,1.9605304371353378
A1,A2,A3,B1,B2,phiA1
3.7368996787857798,-0.04046762924750604,-0.053013149431630796,-5.855482765477579,0.03974598428039787,0.08319094857417456
ans,J2,J3,Energy,Sigma,L,A1,A3,B1,B2,B3
3x3,-0.01,-0.025,-0.47265532793051074,3.167096428273237e-11,0.7201312905377006,0.5175500407555215,-0.2511227366983515,0.17856782341251762,0.31040437971116835,-0.12024845405234943
A1,A3,B1,B2,B3
3.325284492383977,-0.04279909760396591,-5.4597437683397505,0.0475175454538617,0.052846615972052084
