ans,J2,J3,Energy,Sigma,L,A1,A2,A3,B1,B2,phiA1
cb1,0.005000000000000001,0.0,-0.4596140366538771,2.7844755192970027e-11,0.6804226439111464,0.4993547373554879,0.07322801130834818,0.0,0.13921439033808472,-0.19724042983245835,6.282999713335198
A1,A2,A3,B1,B2,phiA1
3.941014181655267,0.019928503291981724,0.0,-4.775180251338248,-0.020039525595000204,0.027145347081385343
ans,J2,J3,Energy,Sigma,L,A1,A3,B1,B2,B3
3x3,0.005000000000000001,0.0,-0.47102068108361966,1.205912745475587e-13,0.7155097552590749,0.5169610086871228,0.0,0.1768263438373407,0.3069084286977148,0.0
A1,A3,B1,B2,B3
3.5899616606716456,-0.0,-5.633049582175503,-0.020150547896906287,0.0
ans,J2,J3,Energy,Sigma,L,A1,A2,B1,B2,B3
q0,0.005000000000000001,0.0,-0.4675391832295965,1.778881748029786e-12,0.7133909385927706,0.5161093644325114,0.21691599135041795,0.18070117119186535,0.19063352136105083,0.0
A1,A2,B1,B2,B3
3.5940139747108444,0.026811886043899644,-6.823375197991947,-0.01504352198322325,0.0
