ans,J2,J3,Energy,Sigma,L,A1,A2,A3,B1,B2,phiA1
cb1,0.005000000000000001,-0.015,-0.47036727534479644,2.4534765121063986e-11,0.7141474778517525,-0.5159024945689702,-0.0400937860845595,0.2665372071397741,0.17419201484673474,0.14357628233105468,1.9548989762922906
A1,A2,A3,B1,B2,phiA1
3.7795877540849014,0.019928503291981724,-0.03103073353821112,-5.821343407146328,-0.02015054789634682,0.0853167980709863
ans,J2,J3,Energy,Sigma,L,A1,A3,B1,B2,B3
3x3,0.005000000000000001,-0.015,-0.4703009110582014,1.2258974173129523e-11,0.7134861772187934,0.5166949576523202,-0.245108739529712,0.17610005437027726,0.3040087719935511,-0.11545870700840365
A1,A3,B1,B2,B3
3.276379168146621,-0.12267964422423955,-5.888012299773084,-0.02253752739984558,0.027644553313111223
