ans,J2,J3,Energy,Sigma,L,A1,A2,A3,B1,B2,phiA1
cb1,0.030000000000000002,-0.02,-0.46909529297648844,6.890374945099958e-12,0.7104514076223031,0.515349425529583,0.040004697057043834,-0.25969246236918836,0.17269605852357736,0.13991408777492031,1.948080662988971
A1,A2,A3,B1,B2,phiA1
3.764155653205975,0.1154076834095542,-0.04168887457459138,-5.888345367007331,-0.1232902668809551,0.08210859769858478
ans,J2,J3,Energy,Sigma,L,A1,A3,B1,B2,B3
3x3,0.030000000000000002,-0.02,-0.4656854409334918,2.4881842689644707e-11,0.7004665226138899,0.5147286846049808,-0.22724130170196444,0.17086255865844668,0.2890255046178042,-0.10656521620737253
A1,A3,B1,B2,B3
3.9075409568121486,-0.04374278716892927,-5.732470054027728,-0.15337731086868667,0.038580250105647064
ans,J2,J3,Energy,Sigma,L,A1,A2,B1,B2,B3
q0,0.030000000000000002,-0.02,-0.46954105388627676,1.0179931910694982e-11,0.721419918116821,-0.5181589100629486,-0.23486832603882224,0.18692485698351113,0.1941314036519859,-0.2643002028921946
A1,A2,B1,B2,B3
4.245159779486373,0.0032196467713171946,-4.708011758085348,-0.15587531265273383,0.022981616612246306
