ans,J2,J3,Energy,Sigma,L,A1,A2,A3,B1,B2,phiA1
cb1,-0.01,-0.035,-0.46955381653232015,2.934470867155493e-11,0.7114039476881122,0.5154255536923507,-0.03921472886146262,0.2587609713831515,0.17292021898946006,0.14226756292460155,4.320962520694668
A1,A2,A3,B1,B2,phiA1
3.759659249957001,-0.04052314039873703,-0.07582823258174634,-5.876743536399698,0.03969047313137158,0.08010601071399427
ans,J2,J3,Energy,Sigma,L,A1,A3,B1,B2,B3
3x3,-0.01,-0.035,-0.4721767537337604,1.5472093356131658e-11,0.7187907984272852,-0.5173752359692173,0.24782120503498756,0.17808869104164002,0.3085987901700169,-0.11983096803650385
A1,A3,B1,B2,B3
4.152733712681384,-0.14993561947116554,-4.6258552545223175,0.006439293543528018,0.04335420911152565
