ans,J2,J3,Energy,Sigma,L,A1,A2,A3,B1,B2,phiA1
cb1,-0.01,-0.02,-0.47058842698591885,4.3977861542989813e-11,0.7146484864413329,0.5159470758323687,0.03972260705348722,-0.2664993204619375,0.17433145888855478,0.14469836959870422,1.9597219134605244
A1,A2,A3,B1,B2,phiA1
3.760769473816498,-0.036359804056401095,-0.03397282455723349,-5.830613769401672,0.0395794508289062,0.08473069468256361
ans,J2,J3,Energy,Sigma,L,A1,A3,B1,B2,B3
3x3,-0.01,-0.02,-0.4729005767644072,1.3393862190619108e-11,0.7208157665708981,0.51763530056818,-0.2528584543470997,0.17880533661462275,0.31128667243962027,-0.12024544828298542
A1,A3,B1,B2,B3
4.202416192102895,0.20250467969122354,-5.051847829081962,-0.2288169654001907,0.1232902668843771
