ans,J2,J3,Energy,Sigma,L,A1,A2,A3,B1,B2,phiA1
cb1,-0.01,-0.010000000000000002,-0.4604002583850477,1.8575450894834745e-11,0.6821340937248853,0.49920991501806805,-0.07164947886214788,0.15213530792887034,0.13869354286732263,-0.19812076342190005,5.720226676900847e-05
A1,A2,A3,B1,B2,phiA1
3.938682713303559,-0.040689673852430636,-0.020261570199930887,-4.774070028313594,0.03974598428039787,0.02847141411521648
ans,J2,J3,Energy,Sigma,L,A1,A3,B1,B2,B3
3x3,-0.01,-0.010000000000000002,-0.47340324761432684,1.936991794501909e-11,0.7222282263053071,-0.5178016277102271,0.25619157063160036,0.17927994557496266,0.3131233814863522,-0.12075713988278107
A1,A3,B1,B2,B3
4.355793502929011,-0.043354209116338874,-4.79694062262146,0.04624078898067894,0.012101430968390245
