ans,J2,J3,Energy,Sigma,L,A1,A2,A3,B1,B2,phiA1
cb1,-0.02,-0.03,-0.47027387151440486,1.0713763438028678e-11,0.713529436858769,0.5157444337844619,0.03934792710418335,-0.2630127102768538,0.17379050951178437,0.144263501786874,1.9642464991523432
A1,A2,A3,B1,B2,phiA1
3.775479928055243,-0.08248957072948405,-0.06444844658651643,-5.837552663305372,0.07827072323808944,0.08219104286075828
ans,J2,J3,Energy,Sigma,L,A1,A3,B1,B2,B3
3x3,-0.02,-0.03,-0.47436316690046143,7.348392260215773e-12,0.7249413476974651,0.5181205733065968,-0.2556427765425277,0.18027234373103837,0.3148455150474941,-0.12325815201555551
A1,A3,B1,B2,B3
4.9036330543379645,0.6269429420045719,-4.713118784260103,0.27422508708186516,-1.345923372750385
