ans,J2,J3,Energy,Sigma,L,A1,A2,A3,B1,B2,phiA1
cb1,0.024999999999999998,-0.03,-0.4576912264112842,8.296890301515383e-12,0.6760586739879363,0.49970399103162494,0.07691984935597489,-0.13916954398726328,0.14067080610419455,-0.19265594989784945,6.283033848866256
A1,A2,A3,B1,B2,phiA1
3.9447889399389844,0.09708900350327586,-0.06228351167961792,-4.798272890251046,-0.10119682869157182,0.021922780257912545
ans,J2,J3,Energy,Sigma,L,A1,A3,B1,B2,B3
3x3,0.024999999999999998,-0.03,-0.46612194900252646,1.0976877749644502e-11,0.7016982632248321,0.5149075605497064,-0.22718369963553114,0.17137197332558726,0.28994569313214635,-0.10798197935353658
A1,A3,B1,B2,B3
3.8033465259686383,-0.06733502644151214,-5.982159212590573,-0.12068124278991145,0.0573430192217746
