ans,J2,J3,Energy,Sigma,L,A1,A2,B1,B2,B3
q0,-0.01,-0.03,-0.46914835646437747,1.0084757706780251e-11,0.7180526493190554,0.5164585308143967,0.22018598699608272,0.1816238605936611,0.19237306066489634,-0.2512330573731527
A1,A2,B1,B2,B3
3.8630765246834056,-0.02298161660905702,-6.198819235507648,0.06300515664560298,0.005606626274968283
ans,J2,J3,Energy,Sigma,L,A1,A2,A3,B1,B2,phiA1
cb1,-0.01,-0.03,-0.46989624525416546,3.975055636102005e-12,0.7125464169006865,0.5156397950551461,0.039404956992381834,-0.2616916478748026,0.17348848857349808,0.14316144065955752,1.960681201326896
A1,A2,A3,B1,B2,phiA1
3.7402303470293354,-0.04091171845735502,-0.06422640198156741,-5.8837379411284045,0.03941291737520818,0.0818544731993637
ans,J2,J3,Energy,Sigma,L,A1,A3,B1,B2,B3
3x3,-0.01,-0.03,-0.4724186229646449,2.4309057004806337e-12,0.7194549060091948,0.5174664547639847,-0.24951058949401972,0.17833153534182855,0.30947832391187047,-0.12000598238004917
A1,A3,B1,B2,B3
3.9746539386394293,-0.20516921494462398,-6.177558464586709,0.03608224830425136,0.1041944308608625
