ans,J2,J3,Energy,Sigma,L,A1,A3,B1,B2,B3
3x3,0.015000000000000003,0.010000000000000002,-0.4696518177141727,1.4656366236631952e-11,0.7116374330890912,-0.5164379596901842,0.2475662505659142,0.1753412478494384,0.3033016275671684,-0.11294802533649967
A1,A3,B1,B2,B3
4.218014825596248,0.024868995750863817,-5.216771459104688,-0.003275157923001316,-0.01826316875504735
ans,J2,J3,Energy,Sigma,L,A1,A2,B1,B2,B3
q0,0.015000000000000003,0.010000000000000002,-0.4672401932533836,5.6934267707378066e-12,0.7128977409664088,0.5163753221887777,0.21869216300034622,0.18135828182337488,0.19063267804038986,-0.24695406872834896
A1,A2,B1,B2,B3
4.102052030693694,0.2990940828251173,-4.977962486514922,-0.15815126985314784,-0.0637823127628174
ans,J2,J3,Energy,Sigma,L,A1,A2,A3,B1,B2,phiA1
cb1,0.015000000000000003,0.010000000000000002,-0.4718410288681158,3.9794554566533834e-11,0.7189309934574374,0.5166187276429495,0.04161609069327139,-0.2780174448932132,0.17624803087338578,0.14710504114906323,1.94933451911659
A1,A2,A3,B1,B2,phiA1
3.6433633881471157,0.058786309153784376,0.019206858325976628,-6.109002193157265,-0.0615063555658179,0.09236231224308063
