ans,J2,J3,Energy,Sigma,L,A1,A3,B1,B2,B3
3x3,0.024999999999999998,0.0049999999999999975,-0.46761694552484045,7.424443295578075e-12,0.705899162079115,0.5156174244034009,-0.23942395820683482,0.17310602922366414,0.29672034519464086,-0.10933656437437272
A1,A3,B1,B2,B3
3.7612135621912146,0.009547918011492261,-5.516920253803168,-0.14782619574495595,-0.010325074128993465
ans,J2,J3,Energy,Sigma,L,A1,A2,B1,B2,B3
q0,0.024999999999999998,0.0049999999999999975,-0.4678052669300944,7.49980943019281e-12,0.7153194132859289,-0.5171030942392003,-0.22484729990135133,0.18351184743004834,0.19178258731582254,-0.2533951335443808
A1,A2,B1,B2,B3
2.836508805136765,0.1040278974042818,-6.016132036811015,-0.09564571356861117,-0.009936496071478562
ans,J2,J3,Energy,Sigma,L,A1,A2,A3,B1,B2,phiA1
cb1,0.024999999999999998,0.0049999999999999975,-0.4710679809775336,2.1212823520635537e-11,0.7166372615862181,0.516314800138517,0.04136684167596205,-0.27402097891273314,0.1753600194947489,0.1449997813495968,1.9472536028677723
A1,A2,A3,B1,B2,phiA1
3.817890448436519,0.09636735853727087,0.009769962617766428,-5.981548589594971,-0.10280665207723041,0.09013303992037881
