ans,J2,J3,Energy,Sigma,gap,L,A1,A3,B1,B2,B3,phiB1,phiB2,phiA3
3x3_1,0.07500000000000001,-0.15,-0.4587270341050299,2.039550746876205e-09,0.03488351014283539,0.6759641592678497,0.5096462518645125,0.16374254043467482,0.15677199810107414,0.2453286609814038,-0.09822622128045086,3.141372289477663,0.0005671692467464915,3.1441641889867875
ans,J2,J3,Energy,Sigma,gap,L,A1,A2,B1,B2,B3,phiB1,phiA2,phiB2
q0_1,0.07500000000000001,-0.15,-0.4803828421682512,1.3329198900432972e-09,0.001654572227712417,0.768131884726629,0.5214055025961353,0.29545933763494964,0.207360313910773,0.20926142464851233,-0.32800868386742793,3.141564891218331,3.154716869701571,3.14177884479269
ans,J2,J3,Energy,Sigma,gap,L,A1,A2,A3,B1,B2,phiA1,phiB1,phiA2,phiB2
cb1,0.07500000000000001,-0.15,-0.4553595085366222,4.301442644815179e-09,0.05021670827163578,0.6710996943232118,0.5070986976286865,0.0011331475958661907,-0.17003176958324578,0.15371460624506014,0.22115726527903776,1.9989863242850077,3.141448345981121,5.748585784171101,5.244542953110724
