ans,J2,J3,Energy,Sigma,gap,L,A1,A3,B1,B2,B3,phiB1,phiB2,phiA3
3x3_1,0.3,0.3,-0.44479002933576667,2.34028853321268e-09,0.10606212663602864,0.6426930576793078,0.5035521382127988,0.18756350426267465,0.1427169690351823,0.2281305090211103,-0.05547763280955717,3.1415868036748895,0.00016198212036094855,3.1387451787138754
