ans,J2,J3,Energy,Sigma,gap,L,A1,A3,B1,B2,B3,phiB1,phiB2,phiA3
3x3_1,-0.3,0.3,-0.5962608674723245,3.230745416558636e-09,0.0077918326767455895,1.020088247328551,0.5171638263499901,0.42641363466795673,0.21699273498242436,0.4315931506245801,-0.1896307266773488,3.1413343557272517,2.205799034033818e-05,3.1416031024405293
ans,J2,J3,Energy,Sigma,gap,L,A1,A2,A3,B1,B2,phiA1,phiB1,phiA2,phiB2
cb1,-0.3,0.3,-0.5019729057074799,0.00040662061306617146,0.002397403761798566,0.797228763966589,0.5118358170694214,0.11237273683103531,-0.40675480382443074,0.18124668519253387,0.05000004827549917,1.9361111898454004,3.138741471968076,4.101607216293401,3.8627982132418692
ans,J2,J3,Energy,Sigma,gap,L,A1,A2,B1,B2,B3,phiB1,phiA2,phiB2
q0_1,-0.3,0.3,-0.46510113489933896,4.511234701901966e-09,0.003413609953355042,0.6972151503803196,0.4977421742934524,0.08382703204024164,0.14011472299350142,0.1750969926999679,-0.13318277825830874,3.1415000615139577,3.2348592691065883,3.1409148240436924
