ans,J2,J3,Energy,Sigma,gap,L,A1,A3,B1,B2,B3,phiB1,phiB2,phiA3
3x3_1,-0.3,-0.15,-0.5450735198644121,3.578258561350663e-09,0.006873183650419567,0.9071040633723856,0.5251393072287879,0.34601192873775527,0.2158972533841433,0.4064884669342222,-0.19281638444805294,3.141528806542674,0.00020953942548936516,3.141364170957304
ans,J2,J3,Energy,Sigma,gap,L,A1,A2,A3,B1,B2,phiA1,phiB1,phiA2,phiB2
cb1,-0.3,-0.15,-0.460719860283644,7.868073662179746e-06,0.06989423658823411,0.6828413999315931,0.5071549643962001,0.055036583624529796,-0.18528828821824952,0.15294329581169083,0.010000074410081168,2.0333081030359716,3.1428899776864188,4.203874874026364,3.735032771225885
ans,J2,J3,Energy,Sigma,gap,L,A1,A2,B1,B2,B3,phiB1,phiA2,phiB2
q0_1,-0.3,-0.15,-0.47905098352761155,3.6685986453512147e-09,0.0020079643026647003,0.742529716606789,0.5076280194530127,0.14469170667751707,0.16510200648471035,0.19637290973034002,-0.22554004962586283,3.1420018226971482,3.224620661279406,3.1405462773745927
