ans,J2,J3,Energy,Sigma,L,A1,A2,A3,B1,B2,phiA1
cb1,-0.015,-0.035,-0.469691202229401,1.8268751522995254e-11,0.7121049660836974,0.5155924799042372,0.039259657327735314,0.26078511389837394,0.1734476805139287,0.1431281011187638,1.9617922677444453
A1,A2,A3,B1,B2,phiA1
3.745503907227085,-0.07288614156649557,-0.0875965966427497,-5.899225552648938,0.058952842609114146,0.08115085270452395
ans,J2,J3,Energy,Sigma,L,A1,A3,B1,B2,B3
3x3,-0.015,-0.035,-0.4717600060295084,1.702855773484218e-11,0.7199154829909267,0.5170093848065163,0.25076349299114764,0.1789112302454697,0.3106939744751375,0.11780180128620428
A1,A3,B1,B2,B3
3.8925529459822354,0.004996003611357829,-5.379696688262214,0.13722356584339485,0.06838973831677306
ans,J2,J3,Energy,Sigma,L,A1,A2,B1,B2,B3
q0,-0.015,-0.035,-0.4708121178425353,9.738825550561655e-12,0.7200229914833421,0.5172486749010969,0.22253922965116857,0.18191528638592747,0.19272921466373752,0.2550034096019442
A1,A2,B1,B2,B3
3.603561892721012,-0.029365399000461534,-5.56321655392866,0.10119682869718939,0.1447175712595997
