ans,J2,J3,Energy,Sigma,L,A1,A2,A3,B1,B2,phiA1
cb1,-0.015,-0.010000000000000002,-0.47147679300867856,2.351693169762138e-11,0.7177068428646083,0.5164588407291156,0.040398550883252816,0.2737118991882187,0.17583414030689515,0.14719117530573894,1.957670735510797
A1,A2,A3,B1,B2,phiA1
3.731237541359888,-0.06328271240350752,-0.026256774535247517,-5.71109826080433,0.04563016631073607,0.08899586068111326
ans,J2,J3,Energy,Sigma,L,A1,A3,B1,B2,B3
3x3,-0.015,-0.010000000000000002,-0.4730348330341346,4.7274033201034e-12,0.7234729242841679,0.5174229301591442,0.25916953413441995,0.1800984635999995,0.3153067019910432,0.11862850108726225
A1,A3,B1,B2,B3
3.731237540531387,-0.020317081350599717,-5.465849994975346,0.05728750807054344,0.01987299214075052
ans,J2,J3,Energy,Sigma,L,A1,A2,B1,B2,B3
q0,-0.015,-0.010000000000000002,-0.4692449690668762,6.153192119492083e-12,0.7147949725766044,0.5163376914748711,0.21463653852792322,0.179271541764286,0.19058467884253733,0.24577320311379794
A1,A2,B1,B2,B3
3.789302205550891,-0.08326672684903136,-6.177669486889169,0.05273559366812576,0.016542323067340912
