ans,J2,J3,Energy,Sigma,L,A1,A2,A3,B1,B2,phiA1
cb1,0.030000000000000002,-0.035,-0.4680562961273916,1.9190379508925766e-11,0.7075304339891627,0.5149027365725135,0.03930793897800926,0.25330128431350013,0.17161660264929918,0.13757129281432776,1.9475593934974056
A1,A2,A3,B1,B2,phiA1
3.7070901905729987,0.11485257189724281,-0.07621681064036456,-5.969724714383064,-0.12367884494642786,0.07847669181144502
ans,J2,J3,Energy,Sigma,L,A1,A3,B1,B2,B3
3x3,0.030000000000000002,-0.035,-0.4637485233609025,5.706976670891215e-12,0.6973369008548939,0.5137250301010335,0.2221579170590236,0.17003279159090223,0.2856882873434201,0.10260922838573878
A1,A3,B1,B2,B3
3.7071457017242335,-0.07521760991611603,-5.959788218312965,-0.13489209750666273,0.0682232048630794
ans,J2,J3,Energy,Sigma,L,A1,A2,B1,B2,B3
q0,0.030000000000000002,-0.035,-0.47229419035209697,5.43524945527933e-12,0.7271513507219314,0.5196442538069321,0.24332683610412562,0.1892934878272489,0.19594592709003575,0.2750500431892794
A1,A2,B1,B2,B3
5.240363697650023,1.0680345497169084,-3.976374785099874,0.14688250616169127,0.4912736884501915
