ans,J2,J3,Energy,Sigma,L,A1,A2,A3,B1,B2,phiA1
cb1,0.005000000000000001,-0.025,-0.46962355721732363,2.93409053885482e-11,0.7121531174859373,0.5156530942346469,0.039557738004570915,0.2626372504563392,0.1735832052507172,0.14232402123569368,1.9543894896660314
A1,A2,A3,B1,B2,phiA1
3.839595307716541,0.019872992140750945,-0.05290212712328286,-5.845435246779976,-0.020039525595000125,0.08312532329118909
ans,J2,J3,Energy,Sigma,L,A1,A3,B1,B2,B3
3x3,0.005000000000000001,-0.025,-0.468485260453492,2.2217339981703632e-11,0.7106805456215085,0.5158181485855501,0.24165898755534426,0.17549025689459527,0.30154882030152336,0.1115719938933868
A1,A3,B1,B2,B3
3.9396264030931816,-0.04007905118777542,-5.602185382402827,-0.021982415887534034,0.046573855882932155
ans,J2,J3,Energy,Sigma,L,A1,A2,B1,B2,B3
q0,0.005000000000000001,-0.025,-0.47069192313531705,7.301079344430499e-12,0.7206250724130572,0.5179806997481186,0.22837509390408342,0.1840566082340591,0.19321443243164058,0.2599261165381585
A1,A2,B1,B2,B3
5.1903481515515795,0.03747002708206408,-5.398514968530096,-0.02298161661033265,0.3837485884609179
