ans,J2,J3,Energy,Sigma,L,A1,A2,A3,B1,B2,phiA1
cb1,-0.02,0.0,-0.4724461982851534,2.6008758148189875e-11,0.7206679731301264,0.516852046522499,0.04093046998898365,0.0,0.17699426775798335,0.14946450088042856,1.9573760411446943
A1,A2,A3,B1,B2,phiA1
3.793132474143808,-0.08198997036840365,0.0,-5.734801522697717,0.07865930129235167,0.09239179421549962
ans,J2,J3,Energy,Sigma,L,A1,A3,B1,B2,B3
3x3,-0.02,0.0,-0.4745882104985274,4.349459468766335e-12,0.7278170631762003,0.5178754146185116,0.0,0.18151244205454273,0.31980171810457775,0.0
A1,A3,B1,B2,B3
3.985367590825256,-0.0,-5.94946314451452,0.05928590951486462,0.0
ans,J2,J3,Energy,Sigma,L,A1,A2,B1,B2,B3
q0,-0.02,0.0,-0.46856662158617035,7.944338263363436e-12,0.7122750682978793,0.5156904167960635,0.2094600773229842,0.17746326272967708,0.18943566989667315,0.0
A1,A2,B1,B2,B3
3.0714319977898508,-0.08565370635203683,-6.0331739605734125,0.0798250354681735,0.0
