ans,J2,J3,Energy,Sigma,L,A1,A2,A3,B1,B2,phiA1
cb1,0.02,0.0049999999999999975,-0.4712223966397353,2.498738396195067e-11,0.7173326507318752,0.5164524186159415,0.04142161178199249,0.2753408710680872,0.17581373438154946,0.14585784422901749,1.94757023665204
A1,A2,A3,B1,B2,phiA1
3.871014620167675,0.17286172493379112,0.009714451465450814,-5.65042457251037,0.013877787807401416,0.09117338550823688
ans,J2,J3,Energy,Sigma,L,A1,A3,B1,B2,B3
3x3,0.02,0.0049999999999999975,-0.467175998753844,1.0231910454941035e-11,0.706973659868619,0.5153044769695783,0.24267674901946576,0.17401112189311946,0.29913237089573297,0.10744659687770314
A1,A3,B1,B2,B3
3.7150837955258136,0.00982547376818578,-5.788758361374549,-0.08398837182204971,-0.009992007221606411
ans,J2,J3,Energy,Sigma,L,A1,A2,B1,B2,B3
q0,0.02,0.0049999999999999975,-0.469136063118386,2.1818731533768314e-11,0.7161659638960653,0.5177119370536474,0.22538612951175102,0.1832386894815975,0.19171628259185422,0.25503491919164833
A1,A2,B1,B2,B3
3.3036351426690733,0.09986456106206164,-5.934197577596117,-0.1494360191183948,-0.018429702210786846
