ans,J2,J3,Energy,Sigma,L,A1,A2,A3,B1,B2,phiA1
cb1,0.015000000000000003,-0.0049999999999999975,-0.47066896305598177,2.2853975523453144e-11,0.7155470135003756,0.5161943622579184,0.040819110423281214,0.2715245812829605,0.17507059450693563,0.14467781735505517,1.9495863893803922
A1,A2,A3,B1,B2,phiA1
3.736677633351134,0.058453242246397585,-0.010491607582686828,-5.86464210510542,-0.06261657859047191,0.08852737987101789
ans,J2,J3,Energy,Sigma,L,A1,A3,B1,B2,B3
3x3,0.015000000000000003,-0.0049999999999999975,-0.46760316093701676,1.1729721743449404e-11,0.7081828159502976,0.5154797545884986,0.24182598771916083,0.17450375448679137,0.2999319335353527,0.10863798988951268
A1,A3,B1,B2,B3
3.7995162565343272,-0.0102695629780473,-5.723976848207343,-0.062339022832577855,0.009714451465450663
ans,J2,J3,Energy,Sigma,L,A1,A2,B1,B2,B3
q0,0.015000000000000003,-0.0049999999999999975,-0.46964869874988646,2.8331458880706303e-11,0.7176337304021799,0.51780388315367,0.22630235335234317,0.18351137641912538,0.19220342128447057,0.25658527818002713
A1,A2,B1,B2,B3
4.963529586506397,0.6056266599150021,-4.173161816219752,0.2609024107936314,0.10436096431455599
