ans,J2,J3,Energy,Sigma,L,A1,A2,A3,B1,B2,phiA1
cb1,0.015000000000000003,0.010000000000000002,-0.47180450253012496,1.2037075061359797e-11,0.7190915027951477,0.5166858760859562,0.041622204851180115,0.2791927023511473,0.17650062868888233,0.14726615104026156,1.9483387957769442
A1,A2,A3,B1,B2,phiA1
3.7479463978813907,0.059008353758709185,0.019539925233363915,-5.847322625921783,-0.06372680161512528,0.0930193422286423
ans,J2,J3,Energy,Sigma,L,A1,A3,B1,B2,B3
3x3,0.015000000000000003,0.010000000000000002,-0.46832314544502024,1.1023185505643619e-11,0.7102030689794515,0.5157529322972957,0.24740047704890764,0.17524279876565424,0.30283288171908596,0.10929375747345418
A1,A3,B1,B2,B3
3.872180354343594,0.0196509475363714,-5.6128435231279274,-0.062005955932074926,-0.019984014443212926
ans,J2,J3,Energy,Sigma,L,A1,A2,B1,B2,B3
q0,0.015000000000000003,0.010000000000000002,-0.4686825075157415,1.9313280909038256e-11,0.7144015338334123,0.517251127627679,0.22149457660052402,0.18188718087506853,0.190934074405031,0.2510407100449028
A1,A2,B1,B2,B3
4.03099775712966,0.4670708264459057,-5.8834048745476215,0.29448665728940715,0.07999156893296319
