ans,J2,J3,Energy,Sigma,L,A1,A2,A3,B1,B2,phiA1
cb1,0.0,-0.0049999999999999975,-0.4712542162677332,4.5252691210210775e-12,0.7171987052187153,0.516412716080497,0.0,0.27385778705519226,0.1756939689176722,0.0,1.9533577885045235
A1,A2,A3,B1,B2,phiA1
3.8015146579783154,0.0,-0.009992007222715763,-5.679290371149766,0.0,0.08957065644765386
ans,J2,J3,Energy,Sigma,L,A1,A3,B1,B2,B3
3x3,0.0,-0.0049999999999999975,-0.47037713836560024,1.6970781725462653e-12,0.7159948342371135,0.5165271706047627,0.2515365362277273,0.17744424316927507,0.0,0.11389734090870758
A1,A3,B1,B2,B3
3.7842506899483035,-0.01004751837395307,-5.634048783210389,0.0,0.009936496070375275
ans,J2,J3,Energy,Sigma,L,A1,A2,B1,B2,B3
q0,0.0,-0.0049999999999999975,-0.4692590246425884,4.245202613130243e-12,0.71559330193255,0.5169808038420903,0.0,0.1810982038319121,0.0,0.2502491185715778
A1,A2,B1,B2,B3
4.666156350446761,-0.0,-5.11091169370983,0.0,-0.018374191057509575
