ans,J2,J3,Energy,Sigma,L,A1,A2,A3,B1,B2,phiA1
cb1,0.030000000000000002,0.0,-0.47046351251976126,5.4599132754257256e-12,0.7150743295038718,0.5161368752126321,0.041194847603541876,0.0,0.17491971013235508,0.14375916127503677,1.9453602355356174
A1,A2,A3,B1,B2,phiA1
3.8331560141747993,0.1147970607460116,0.0,-5.775602218533131,-0.12417844530752191,0.08892133696019022
ans,J2,J3,Energy,Sigma,L,A1,A3,B1,B2,B3
3x3,0.030000000000000002,0.0,-0.4651976205833909,2.9013583087487395e-12,0.7014042173494682,0.5144649320407891,0.0,0.17177981478015802,0.2925062911625479,0.0
A1,A3,B1,B2,B3
3.734512699282708,-0.0,-5.886735543294804,-0.12967404929035564,0.0
ans,J2,J3,Energy,Sigma,L,A1,A2,B1,B2,B3
q0,0.030000000000000002,0.0,-0.4697750597737547,2.669771969068748e-12,0.7187853807719197,0.5184369924595971,0.23170373609135242,0.18543097252780585,0.1928513112284173,0.0
A1,A2,B1,B2,B3
3.2658875598381796,-0.09425793478787108,-6.167011346195422,-0.12162493234406695,0.0
