ans,J2,J3,Energy,Sigma,L,A1,A2,A3,B1,B2,phiA1
cb1,-0.02,-0.0049999999999999975,-0.4720585341231992,7.048358142112363e-12,0.7194611069729187,0.5166921779729791,0.04065830122809893,0.27710115536583646,0.1765168896679421,0.14866618650417876,1.9581359470585533
A1,A2,A3,B1,B2,phiA1
3.8958836159206096,-0.08237854842702184,-0.010158540676427684,-5.717204487439586,0.07716050021343569,0.09083753194105669
ans,J2,J3,Energy,Sigma,L,A1,A3,B1,B2,B3
3x3,-0.02,-0.0049999999999999975,-0.47431071806278713,4.89575984512818e-12,0.7270490951689922,0.5178053285491446,0.26375893811025913,0.18128274188730972,0.3189237644315276,0.1205308337045577
A1,A3,B1,B2,B3
3.972822070649106,-0.010214051826531002,-5.509481759844238,0.07638334410253804,0.010103029524068736
ans,J2,J3,Energy,Sigma,L,A1,A2,B1,B2,B3
q0,-0.02,-0.0049999999999999975,-0.4688568380350143,9.228908077016602e-12,0.713243963855688,0.5158758304711054,0.21099065824261728,0.17797896020569592,0.18986221536628395,0.2416034049134341
A1,A2,B1,B2,B3
3.7828074008564867,0.0012212453271191297,-5.829892124435687,0.07976952431694395,0.009992007221883585
