ans,J2,J3,Energy,Sigma,L,A1,A2,A3,B1,B2,phiA1
cb1,0.02,-0.015,-0.4697603840954321,3.5961754664984654e-12,0.7127629103123911,0.5157764059147362,0.040363397042094594,0.2651709468934024,0.17391299153655557,0.14229145681266453,1.9491070781985422
A1,A2,A3,B1,B2,phiA1
3.7687075684429927,0.07777112287483662,-0.03119726699190449,-5.768441280344726,-0.08171241460998009,0.08517388461176284
ans,J2,J3,Energy,Sigma,L,A1,A3,B1,B2,B3
3x3,0.02,-0.015,-0.46626377165110616,9.825810543196965e-12,0.7044117183280401,0.5149172104871481,0.2355290261090748,0.17301769889310062,0.2951683949176013,0.1067704565591016
A1,A3,B1,B2,B3
3.7784775310602168,-0.030864200085374223,-5.8106297552815676,-0.08421041642699893,0.029642954757432387
ans,J2,J3,Energy,Sigma,L,A1,A2,B1,B2,B3
q0,0.02,-0.015,-0.47047655798936217,4.556955118062477e-12,0.720642011198415,0.5184342766562301,0.23196623004916891,0.18542360908408698,0.19341713673777522,0.2627335116573011
A1,A2,B1,B2,B3
3.960165529049845,0.03985700658506966,-6.072808922553551,-0.08482103907883796,0.019539925235533037
