ans,J2,J3,Energy,Sigma,L,A1,A2,A3,B1,B2,phiA1
cb1,0.0,-0.02,-0.47016167303178064,4.2131781640340636e-12,0.7137798210852044,0.515903449145567,0.0,0.2660284013167588,0.17426415672989437,0.0,1.9551750480407868
A1,A2,A3,B1,B2,phiA1
3.686162485739202,0.0,-0.042021941481978034,-5.836331417978321,0.0,0.08497214598595862
ans,J2,J3,Energy,Sigma,L,A1,A3,B1,B2,B3
3x3,0.0,-0.02,-0.4696407205869902,8.943981637657072e-12,0.7139323921880776,0.516262937425503,0.24650966989868361,0.1767162754089694,0.0,0.11339015046644513
A1,A3,B1,B2,B3
3.6892155990564075,-0.05123679258492638,-5.6437077232115875,0.0,0.03658184866132569
ans,J2,J3,Energy,Sigma,L,A1,A2,B1,B2,B3
q0,0.0,-0.02,-0.4702189875435009,2.6716274007327064e-13,0.7187995583369902,0.5175292486758957,0.0,0.18270661326699073,0.0,0.2558091619369297
A1,A2,B1,B2,B3
4.800770892189765,-0.0,-4.872879877237279,0.0,0.029920510516909953
