ans,J2,J3,Energy,Sigma,L,A1,A2,A3,B1,B2,phiA1
cb1,0.0,-0.035,-0.469130633577473,1.6412825218068065e-12,0.7105415175669774,0.5153710318404792,0.0,0.2583469364044564,0.17284092488762995,0.0,1.9572209736181265
A1,A2,A3,B1,B2,phiA1
3.741396081204995,0.0,-0.07610578834635172,-6.008582520577332,0.0,0.08032972065327894
ans,J2,J3,Energy,Sigma,L,A1,A3,B1,B2,B3
3x3,0.0,-0.035,-0.46894012793606016,1.7959979743206453e-12,0.7119697810041903,0.5159818977399687,0.24140412888457294,0.17598418290458848,0.0,0.11285276679485141
A1,A3,B1,B2,B3
3.7931324749860527,-0.0721644966024938,-5.671685343746152,0.0,0.0713318293320236
ans,J2,J3,Energy,Sigma,L,A1,A2,B1,B2,B3
q0,0.0,-0.035,-0.4712225534692538,6.89757545991046e-12,0.7221404111939946,0.5180643226894364,0.0,0.18432710905255867,0.0,0.2614558683067129
A1,A2,B1,B2,B3
4.53903581311251,-0.0,-3.9322989308028333,0.0,0.75028872004018
